{"type":"FeatureCollection","features":[{"type":"Feature","properties":{"alt":1001.0,"mestra":false},"geometry":{"type":"LineString","coordinates":[[-49.300516,-25.281754],[-49.300557,-25.281762],[-49.300587,-25.281752],[-49.300629,-25.281696],[-49.30068,-25.281677],[-49.300722,-25.281646],[-49.300752,-25.281651],[-49.300768,-25.281693],[-49.300765,-25.28173],[-49.300751,-25.281741],[-49.30071,-25.281742],[-49.30069,-25.281757],[-49.300716,-25.281776],[-49.300724,-25.281813],[-49.30077,-25.281829],[-49.300768,-25.281841],[-49.300685,-25.281859],[-49.300676,-25.281831],[-49.300638,-25.281804],[-49.300515,-25.281834]]}},{"type":"Feature","properties":{"alt":1002.0,"mestra":false},"geometry":{"type":"LineString","coordinates":[[-49.300516,-25.28175],[-49.300567,-25.281752],[-49.300591,-25.281737],[-49.300621,-25.281691],[-49.300606,-25.281663],[-49.300649,-25.281608],[-49.300659,-25.281562],[-49.30068,-25.281544],[-49.300662,-25.281516],[-49.300606,-25.281506],[-49.300618,-25.281478],[-49.300605,-25.281459],[-49.300663,-25.281456],[-49.300723,-25.281525],[-49.300784,-25.281539],[-49.30083,-25.281517],[-49.300839,-25.28149],[-49.300828,-25.281452],[-49.300898,-25.281431],[-49.301001,-25.281368],[-49.30105,-25.281372],[-49.301046,-25.28139],[-49.300981,-25.281426],[-49.300959,-25.281468],[-49.301051,-25.281458],[-49.301092,-25.281433],[-49.301133,-25.281437],[-49.301107,-25.281474],[-49.301101,-25.281511],[-49.301052,-25.281548],[-49.301049,-25.281568],[-49.300998,-25.281588],[-49.300878,-25.281676],[-49.300832,-25.28177],[-49.300822,-25.281775],[-49.300791,-25.281755],[-49.300754,-25.281776],[-49.300746,-25.281795],[-49.300756,-25.281804],[-49.300801,-25.281793],[-49.30081,-25.281805],[-49.30078,-25.281871],[-49.300698,-25.281879],[-49.300667,-25.281873],[-49.300657,-25.281868],[-49.300665,-25.281831],[-49.300638,-25.281811],[-49.300576,-25.281822],[-49.300514,-25.281867]]}},{"type":"Feature","properties":{"alt":1002.0,"mestra":false},"geometry":{"type":"LineString","coordinates":[[-49.300522,-25.282051],[-49.300563,-25.282039],[-49.300591,-25.281979],[-49.300605,-25.281976],[-49.300665,-25.28203],[-49.300696,-25.282007],[-49.300758,-25.281991],[-49.300828,-25.282034],[-49.30089,-25.282026],[-49.300923,-25.282057],[-49.300888,-25.28213],[-49.300868,-25.282146],[-49.300786,-25.282144],[-49.300745,-25.282167],[-49.300704,-25.282173],[-49.300674,-25.282158],[-49.300665,-25.282119],[-49.300613,-25.28208],[-49.300521,-25.282094]]}},{"type":"Feature","properties":{"alt":1002.0,"mestra":false},"geometry":{"type":"LineString","coordinates":[[-49.301234,-25.281456],[-49.301246,-25.281504],[-49.301223,-25.281519],[-49.301234,-25.281456]]}},{"type":"Feature","properties":{"alt":1002.0,"mestra":false},"geometry":{"type":"LineString","coordinates":[[-49.300722,-25.281596],[-49.300672,-25.281608],[-49.30067,-25.281627],[-49.300722,-25.281614],[-49.30073,-25.2816],[-49.300722,-25.281596]]}},{"type":"Feature","properties":{"alt":1002.0,"mestra":false},"geometry":{"type":"LineString","coordinates":[[-49.301085,-25.281936],[-49.301069,-25.281938],[-49.301085,-25.281936]]}},{"type":"Feature","properties":{"alt":1002.0,"mestra":false},"geometry":{"type":"LineString","coordinates":[[-49.300747,-25.282024],[-49.300685,-25.282063],[-49.300705,-25.282099],[-49.300746,-25.28212],[-49.300766,-25.28211],[-49.300722,-25.282073],[-49.300753,-25.282036],[-49.300747,-25.282024]]}},{"type":"Feature","properties":{"alt":1003.0,"mestra":false},"geometry":{"type":"LineString","coordinates":[[-49.300516,-25.281746],[-49.300577,-25.281743],[-49.300614,-25.281691],[-49.300582,-25.281663],[-49.300594,-25.281608],[-49.300584,-25.281552],[-49.300596,-25.281524],[-49.300578,-25.281487],[-49.300509,-25.281487],[-49.30051,-25.281476],[-49.300622,-25.281433],[-49.300661,-25.281432],[-49.300714,-25.281466],[-49.300752,-25.28147],[-49.300734,-25.28151],[-49.300795,-25.281528],[-49.300819,-25.281517],[-49.300829,-25.28148],[-49.300806,-25.281457],[-49.300768,-25.281452],[-49.300806,-25.281447],[-49.300878,-25.281416],[-49.300919,-25.281382],[-49.30096,-25.281383],[-49.301001,-25.281353],[-49.301113,-25.281344],[-49.301122,-25.281391],[-49.301194,-25.281414],[-49.301255,-25.281413],[-49.301327,-25.281388],[-49.301327,-25.281418],[-49.301266,-25.281448],[-49.301265,-25.281476],[-49.301286,-25.281504],[-49.301259,-25.281522],[-49.301243,-25.281554],[-49.301217,-25.28155],[-49.301172,-25.28152],[-49.301142,-25.281524],[-49.301064,-25.281585],[-49.300886,-25.281694],[-49.30083,-25.281814],[-49.300816,-25.281879],[-49.30085,-25.28196],[-49.300919,-25.282001],[-49.300916,-25.282029],[-49.300935,-25.282057],[-49.300897,-25.282149],[-49.300857,-25.282171],[-49.300786,-25.282176],[-49.300734,-25.282203],[-49.300711,-25.282258],[-49.300672,-25.282282],[-49.3006,-25.282307],[-49.300529,-25.282315]]}},{"type":"Feature","properties":{"alt":1003.0,"mestra":false},"geometry":{"type":"LineString","coordinates":[[-49.300514,-25.281915],[-49.300517,-25.281944]]}},{"type":"Feature","properties":{"alt":1003.0,"mestra":false},"geometry":{"type":"LineString","coordinates":[[-49.300523,-25.281963],[-49.300707,-25.281973],[-49.300729,-25.281962],[-49.300741,-25.281925],[-49.300718,-25.281898],[-49.300657,-25.281877],[-49.300658,-25.281831],[-49.300638,-25.281815],[-49.300576,-25.281827],[-49.300555,-25.281855],[-49.300514,-25.281877]]}},{"type":"Feature","properties":{"alt":1003.0,"mestra":false},"geometry":{"type":"LineString","coordinates":[[-49.300522,-25.282032],[-49.300546,-25.282024],[-49.300543,-25.282012],[-49.300523,-25.282013]]}},{"type":"Feature","properties":{"alt":1003.0,"mestra":false},"geometry":{"type":"LineString","coordinates":[[-49.300521,-25.282133],[-49.300612,-25.282167],[-49.300633,-25.282155],[-49.300644,-25.282128],[-49.300603,-25.282095],[-49.300521,-25.282112]]}},{"type":"Feature","properties":{"alt":1003.0,"mestra":false},"geometry":{"type":"LineString","coordinates":[[-49.300642,-25.281521],[-49.300612,-25.281533],[-49.300631,-25.281547],[-49.30065,-25.281543],[-49.30066,-25.281534],[-49.300642,-25.281521]]}},{"type":"Feature","properties":{"alt":1003.0,"mestra":false},"geometry":{"type":"LineString","coordinates":[[-49.301187,-25.28191],[-49.301187,-25.281926],[-49.301162,-25.28192],[-49.301167,-25.281909],[-49.301187,-25.28191]]}},{"type":"Feature","properties":{"alt":1003.0,"mestra":false},"geometry":{"type":"LineString","coordinates":[[-49.301126,-25.281916],[-49.301095,-25.281948],[-49.300972,-25.281983],[-49.301023,-25.281963],[-49.301065,-25.281919],[-49.301126,-25.281916]]}},{"type":"Feature","properties":{"alt":1003.0,"mestra":false},"geometry":{"type":"LineString","coordinates":[[-49.301677,-25.281944],[-49.301685,-25.281954],[-49.301676,-25.281972],[-49.301646,-25.281963],[-49.301656,-25.281945],[-49.301677,-25.281944]]}},{"type":"Feature","properties":{"alt":1004.0,"mestra":false},"geometry":{"type":"LineString","coordinates":[[-49.300516,-25.281744],[-49.300577,-25.281738],[-49.300609,-25.281691],[-49.300574,-25.281663],[-49.300579,-25.281524],[-49.300509,-25.281514],[-49.30051,-25.281463],[-49.300633,-25.281414],[-49.300724,-25.281446],[-49.300755,-25.281435],[-49.300806,-25.281436],[-49.300868,-25.281407],[-49.300909,-25.281371],[-49.30095,-25.281373],[-49.300991,-25.281348],[-49.301083,-25.281336],[-49.301124,-25.281338],[-49.30114,-25.281382],[-49.301205,-25.281406],[-49.301266,-25.281404],[-49.301317,-25.281378],[-49.301339,-25.281384],[-49.301336,-25.281421],[-49.301286,-25.28144],[-49.301271,-25.281458],[-49.301273,-25.281476],[-49.301301,-25.281504],[-49.301263,-25.281532],[-49.301253,-25.281561],[-49.301223,-25.281565],[-49.301172,-25.281543],[-49.301141,-25.281544],[-49.300908,-25.281685],[-49.300841,-25.281833],[-49.30084,-25.28187],[-49.300856,-25.281907],[-49.300891,-25.281949],[-49.300931,-25.281971],[-49.301013,-25.28195],[-49.301055,-25.281915],[-49.301137,-25.28188],[-49.3012,-25.281902],[-49.301211,-25.281921],[-49.301177,-25.281939],[-49.301136,-25.281936],[-49.301034,-25.281984],[-49.300941,-25.281997],[-49.300923,-25.282029],[-49.300946,-25.282057],[-49.300922,-25.282084],[-49.300909,-25.282159],[-49.300847,-25.282214],[-49.300825,-25.282278],[-49.300794,-25.282323],[-49.300691,-25.282381],[-49.300527,-25.282407]]}},{"type":"Feature","properties":{"alt":1004.0,"mestra":false},"geometry":{"type":"LineString","coordinates":[[-49.300514,-25.281897],[-49.300526,-25.281913],[-49.300521,-25.281948]]}},{"type":"Feature","properties":{"alt":1004.0,"mestra":false},"geometry":{"type":"LineString","coordinates":[[-49.300523,-25.281954],[-49.300574,-25.281965],[-49.300687,-25.281959],[-49.300713,-25.281943],[-49.300715,-25.281924],[-49.300705,-25.281906],[-49.300647,-25.281877],[-49.300656,-25.28184],[-49.300637,-25.281819],[-49.30058,-25.28183],[-49.300561,-25.281858],[-49.300514,-25.281888]]}},{"type":"Feature","properties":{"alt":1004.0,"mestra":false},"geometry":{"type":"LineString","coordinates":[[-49.301309,-25.281235],[-49.301349,-25.281256],[-49.301364,-25.281282],[-49.301354,-25.281301],[-49.301329,-25.281301],[-49.301295,-25.281282],[-49.301309,-25.281235]]}},{"type":"Feature","properties":{"alt":1004.0,"mestra":false},"geometry":{"type":"LineString","coordinates":[[-49.300806,-25.281465],[-49.300768,-25.28147],[-49.300752,-25.281498],[-49.300757,-25.281507],[-49.300795,-25.281523],[-49.300815,-25.281515],[-49.300826,-25.28149],[-49.300806,-25.281465]]}},{"type":"Feature","properties":{"alt":1004.0,"mestra":false},"geometry":{"type":"LineString","coordinates":[[-49.301689,-25.281786],[-49.301722,-25.281797],[-49.301737,-25.281825],[-49.301732,-25.28201],[-49.301716,-25.28204],[-49.301686,-25.282017],[-49.301607,-25.282009],[-49.301594,-25.28199],[-49.301593,-25.281962],[-49.301661,-25.281861],[-49.301658,-25.281798],[-49.301689,-25.281786]]}},{"type":"Feature","properties":{"alt":1004.0,"mestra":false},"geometry":{"type":"LineString","coordinates":[[-49.301158,-25.281833],[-49.301167,-25.281846],[-49.301147,-25.281861],[-49.301138,-25.281846],[-49.301158,-25.281833]]}},{"type":"Feature","properties":{"alt":1004.0,"mestra":false},"geometry":{"type":"LineString","coordinates":[[-49.301785,-25.282196],[-49.301797,-25.282262],[-49.301754,-25.282258],[-49.301713,-25.28227],[-49.301724,-25.282214],[-49.301745,-25.2822],[-49.301785,-25.282196]]}},{"type":"Feature","properties":{"alt":1004.0,"mestra":false},"geometry":{"type":"LineString","coordinates":[[-49.300795,-25.282203],[-49.300775,-25.282214],[-49.300795,-25.282215],[-49.300795,-25.282203]]}},{"type":"Feature","properties":{"alt":1005.0,"mestra":true},"geometry":{"type":"LineString","coordinates":[[-49.300516,-25.281742],[-49.300577,-25.281733],[-49.300604,-25.281691],[-49.300569,-25.281663],[-49.30057,-25.281533],[-49.300509,-25.281524],[-49.30051,-25.281456],[-49.300587,-25.281431],[-49.300613,-25.281401],[-49.300714,-25.281425],[-49.300796,-25.281428],[-49.300863,-25.281397],[-49.300909,-25.28136],[-49.300945,-25.281361],[-49.301012,-25.281339],[-49.301124,-25.281331],[-49.301136,-25.281335],[-49.301154,-25.281374],[-49.301205,-25.281398],[-49.301266,-25.281399],[-49.301327,-25.281371],[-49.301347,-25.281384],[-49.301343,-25.281421],[-49.301277,-25.281458],[-49.301279,-25.281476],[-49.301307,-25.281504],[-49.301269,-25.281532],[-49.301253,-25.281568],[-49.301223,-25.281574],[-49.301141,-25.28156],[-49.300925,-25.281686],[-49.3009,-25.281713],[-49.300859,-25.281824],[-49.300869,-25.281889],[-49.300932,-25.281945],[-49.301013,-25.281937],[-49.301106,-25.281882],[-49.301148,-25.281826],[-49.301173,-25.281837],[-49.301171,-25.281874],[-49.301215,-25.281902],[-49.301223,-25.281921],[-49.301187,-25.281941],[-49.301126,-25.281948],[-49.301043,-25.281987],[-49.300962,-25.281997],[-49.300934,-25.28201],[-49.300929,-25.282029],[-49.300954,-25.282057],[-49.300926,-25.282085],[-49.300924,-25.282159],[-49.300904,-25.282214],[-49.300914,-25.282316],[-49.300888,-25.282372],[-49.300843,-25.282417],[-49.300782,-25.282451],[-49.300536,-25.28249],[-49.300526,-25.282504]]}},{"type":"Feature","properties":{"alt":1005.0,"mestra":true},"geometry":{"type":"LineString","coordinates":[[-49.301463,-25.281199],[-49.301463,-25.281199]]}},{"type":"Feature","properties":{"alt":1005.0,"mestra":true},"geometry":{"type":"LineString","coordinates":[[-49.301329,-25.281235],[-49.301372,-25.281273],[-49.301369,-25.281294],[-49.301349,-25.281311],[-49.301284,-25.281281],[-49.301296,-25.281235],[-49.301309,-25.281228],[-49.301329,-25.281235]]}},{"type":"Feature","properties":{"alt":1005.0,"mestra":true},"geometry":{"type":"LineString","coordinates":[[-49.301492,-25.281301],[-49.301562,-25.281312],[-49.301511,-25.281353],[-49.301491,-25.281356],[-49.301464,-25.281321],[-49.301471,-25.281301],[-49.301492,-25.281301]]}},{"type":"Feature","properties":{"alt":1005.0,"mestra":true},"geometry":{"type":"LineString","coordinates":[[-49.300806,-25.281469],[-49.300778,-25.28147],[-49.300763,-25.281489],[-49.300764,-25.281501],[-49.300795,-25.281518],[-49.300821,-25.281499],[-49.300806,-25.281469]]}},{"type":"Feature","properties":{"alt":1005.0,"mestra":true},"geometry":{"type":"LineString","coordinates":[[-49.301834,-25.281666],[-49.301823,-25.281807],[-49.301831,-25.28182],[-49.301862,-25.281827],[-49.301868,-25.281854],[-49.301845,-25.281882],[-49.301839,-25.281979],[-49.301785,-25.282057],[-49.301772,-25.282141],[-49.301871,-25.282272],[-49.301799,-25.282289],[-49.301764,-25.282286],[-49.301712,-25.282309],[-49.301682,-25.282311],[-49.301638,-25.282288],[-49.301644,-25.282232],[-49.301734,-25.282168],[-49.301738,-25.282085],[-49.301716,-25.282074],[-49.301675,-25.282093],[-49.301634,-25.282089],[-49.301626,-25.282083],[-49.301655,-25.282068],[-49.301667,-25.282037],[-49.301645,-25.28203],[-49.301583,-25.282045],[-49.301559,-25.282027],[-49.301554,-25.281999],[-49.301571,-25.281962],[-49.301649,-25.28187],[-49.301648,-25.281794],[-49.301687,-25.281759],[-49.301721,-25.281682],[-49.301742,-25.28167],[-49.301834,-25.281666]]}},{"type":"Feature","properties":{"alt":1005.0,"mestra":true},"geometry":{"type":"LineString","coordinates":[[-49.300648,-25.281828],[-49.300586,-25.28183],[-49.300565,-25.28186],[-49.300524,-25.281885],[-49.300535,-25.281913],[-49.300529,-25.28195],[-49.300574,-25.28196],[-49.300676,-25.281954],[-49.300698,-25.281943],[-49.300704,-25.281924],[-49.300693,-25.281906],[-49.300641,-25.281877],[-49.300648,-25.281828]]}},{"type":"Feature","properties":{"alt":1005.0,"mestra":true},"geometry":{"type":"LineString","coordinates":[[-49.30133,-25.281921],[-49.30134,-25.281932],[-49.301309,-25.281942],[-49.301268,-25.281931],[-49.301289,-25.281919],[-49.30133,-25.281921]]}},{"type":"Feature","properties":{"alt":1006.0,"mestra":false},"geometry":{"type":"LineString","coordinates":[[-49.300516,-25.28174],[-49.300567,-25.281735],[-49.3006,-25.281691],[-49.300565,-25.281663],[-49.300564,-25.281542],[-49.30055,-25.281531],[-49.300509,-25.281529],[-49.30051,-25.28145],[-49.300582,-25.281426],[-49.300613,-25.281376],[-49.300704,-25.281413],[-49.300796,-25.281416],[-49.300858,-25.28139],[-49.300909,-25.28135],[-49.301124,-25.281326],[-49.301145,-25.281336],[-49.301174,-25.281376],[-49.301215,-25.281394],[-49.301256,-25.281397],[-49.301328,-25.281367],[-49.301352,-25.281375],[-49.301347,-25.281425],[-49.301282,-25.281458],[-49.301311,-25.281504],[-49.301275,-25.281532],[-49.301259,-25.281569],[-49.301222,-25.281583],[-49.301151,-25.281572],[-49.30111,-25.281588],[-49.300928,-25.281695],[-49.300883,-25.281778],[-49.300871,-25.281833],[-49.300877,-25.281871],[-49.300902,-25.281903],[-49.300942,-25.281929],[-49.300983,-25.281934],[-49.301014,-25.281924],[-49.301096,-25.281876],[-49.301127,-25.281832],[-49.301148,-25.281822],[-49.301171,-25.281828],[-49.301183,-25.281874],[-49.301235,-25.281912],[-49.301224,-25.28193],[-49.301187,-25.281946],[-49.301125,-25.281954],[-49.301045,-25.281993],[-49.300951,-25.282004],[-49.300934,-25.28202],[-49.300961,-25.282057],[-49.300934,-25.282075],[-49.300927,-25.282094],[-49.300944,-25.282205],[-49.301046,-25.28229],[-49.30109,-25.282345]]}},{"type":"Feature","properties":{"alt":1006.0,"mestra":false},"geometry":{"type":"LineString","coordinates":[[-49.301538,-25.282168],[-49.301522,-25.282138],[-49.301509,-25.282008],[-49.30153,-25.281971],[-49.301595,-25.281929],[-49.301643,-25.28187],[-49.301643,-25.281787],[-49.301673,-25.281759],[-49.301715,-25.281658],[-49.30168,-25.281611],[-49.301681,-25.281595],[-49.301733,-25.281584],[-49.301793,-25.28162],[-49.301838,-25.281585],[-49.301841,-25.281538],[-49.301876,-25.281535],[-49.301899,-25.281576],[-49.301877,-25.281678],[-49.301894,-25.281751],[-49.301965,-25.28174],[-49.302037,-25.281713],[-49.302074,-25.281736],[-49.302026,-25.28175],[-49.301886,-25.281826],[-49.30185,-25.281982],[-49.3018,-25.282057],[-49.301789,-25.28215],[-49.301846,-25.282228],[-49.301924,-25.282282],[-49.301753,-25.282303],[-49.301691,-25.282363],[-49.30163,-25.282346],[-49.301621,-25.282333]]}},{"type":"Feature","properties":{"alt":1006.0,"mestra":false},"geometry":{"type":"LineString","coordinates":[[-49.301566,-25.281107],[-49.301645,-25.281137],[-49.301575,-25.28117],[-49.301544,-25.281211],[-49.301493,-25.281214],[-49.301452,-25.281238],[-49.301442,-25.281184],[-49.301524,-25.281166],[-49.301544,-25.281145],[-49.301553,-25.281108],[-49.301566,-25.281107]]}},{"type":"Feature","properties":{"alt":1006.0,"mestra":false},"geometry":{"type":"LineString","coordinates":[[-49.301319,-25.281223],[-49.30136,-25.281246],[-49.301381,-25.281273],[-49.301359,-25.281316],[-49.301278,-25.281291],[-49.301289,-25.281235],[-49.301319,-25.281223]]}},{"type":"Feature","properties":{"alt":1006.0,"mestra":false},"geometry":{"type":"LineString","coordinates":[[-49.301512,-25.281281],[-49.301624,-25.281304],[-49.301511,-25.281374],[-49.30147,-25.281383],[-49.301453,-25.28133],[-49.301461,-25.281299],[-49.301472,-25.281279],[-49.301512,-25.281281]]}},{"type":"Feature","properties":{"alt":1006.0,"mestra":false},"geometry":{"type":"LineString","coordinates":[[-49.3025,-25.281415],[-49.3025,-25.281426],[-49.302482,-25.281425],[-49.3025,-25.281415]]}},{"type":"Feature","properties":{"alt":1006.0,"mestra":false},"geometry":{"type":"LineString","coordinates":[[-49.3015,-25.28141],[-49.301518,-25.281442],[-49.3015,-25.281449],[-49.301481,-25.281441],[-49.301472,-25.281413],[-49.30148,-25.281405],[-49.3015,-25.28141]]}},{"type":"Feature","properties":{"alt":1006.0,"mestra":false},"geometry":{"type":"LineString","coordinates":[[-49.302367,-25.281469],[-49.302404,-25.281498],[-49.302399,-25.281517],[-49.302356,-25.281552],[-49.302325,-25.281556],[-49.302284,-25.281544],[-49.30226,-25.281515],[-49.302275,-25.281499],[-49.302315,-25.281502],[-49.302347,-25.28147],[-49.302367,-25.281469]]}},{"type":"Feature","properties":{"alt":1006.0,"mestra":false},"geometry":{"type":"LineString","coordinates":[[-49.300795,-25.28147],[-49.300768,-25.281489],[-49.300795,-25.281515],[-49.300812,-25.281508],[-49.300819,-25.281489],[-49.300795,-25.28147]]}},{"type":"Feature","properties":{"alt":1006.0,"mestra":false},"geometry":{"type":"LineString","coordinates":[[-49.302243,-25.281579],[-49.302267,-25.281599],[-49.302265,-25.281627],[-49.302222,-25.281645],[-49.302211,-25.281673],[-49.302189,-25.281635],[-49.302243,-25.281579]]}},{"type":"Feature","properties":{"alt":1006.0,"mestra":false},"geometry":{"type":"LineString","coordinates":[[-49.300637,-25.281826],[-49.300586,-25.281834],[-49.300573,-25.281858],[-49.300542,-25.281876],[-49.300534,-25.281941],[-49.300544,-25.28195],[-49.300574,-25.281957],[-49.300666,-25.28195],[-49.300696,-25.281933],[-49.300686,-25.281905],[-49.300637,-25.281879],[-49.300649,-25.28184],[-49.300637,-25.281826]]}},{"type":"Feature","properties":{"alt":1006.0,"mestra":false},"geometry":{"type":"LineString","coordinates":[[-49.301381,-25.281911],[-49.301405,-25.281923],[-49.301401,-25.281939],[-49.301299,-25.281948],[-49.301255,-25.281931],[-49.301289,-25.281912],[-49.301381,-25.281911]]}},{"type":"Feature","properties":{"alt":1006.0,"mestra":false},"geometry":{"type":"LineString","coordinates":[[-49.301705,-25.282104],[-49.301642,-25.282121],[-49.301629,-25.282148],[-49.301643,-25.282172],[-49.301684,-25.282182],[-49.301714,-25.282169],[-49.301705,-25.282104]]}},{"type":"Feature","properties":{"alt":1006.0,"mestra":false},"geometry":{"type":"LineString","coordinates":[[-49.30255,-25.282223],[-49.302679,-25.282262],[-49.302759,-25.28231],[-49.302772,-25.282338],[-49.302722,-25.282347],[-49.30262,-25.28233],[-49.30256,-25.2823],[-49.302518,-25.282316],[-49.302345,-25.282293],[-49.302376,-25.282275],[-49.302468,-25.282272],[-49.30252,-25.282231],[-49.30255,-25.282223]]}},{"type":"Feature","properties":{"alt":1006.0,"mestra":false},"geometry":{"type":"LineString","coordinates":[[-49.302457,-25.282361],[-49.302486,-25.282413],[-49.302456,-25.282421],[-49.302405,-25.282416],[-49.302395,-25.282354],[-49.302457,-25.282361]]}},{"type":"Feature","properties":{"alt":1006.0,"mestra":false},"geometry":{"type":"LineString","coordinates":[[-49.302293,-25.282384],[-49.302297,-25.282416],[-49.302282,-25.282445],[-49.302269,-25.282397],[-49.302293,-25.282384]]}},{"type":"Feature","properties":{"alt":1006.0,"mestra":false},"geometry":{"type":"LineString","coordinates":[[-49.302578,-25.282406],[-49.302572,-25.28241],[-49.302578,-25.282406]]}},{"type":"Feature","properties":{"alt":1006.0,"mestra":false},"geometry":{"type":"LineString","coordinates":[[-49.302568,-25.282414],[-49.302558,-25.282434],[-49.302551,-25.282428],[-49.302568,-25.282414]]}},{"type":"Feature","properties":{"alt":1007.0,"mestra":false},"geometry":{"type":"LineString","coordinates":[[-49.300516,-25.281738],[-49.300567,-25.281732],[-49.300595,-25.281691],[-49.300562,-25.281663],[-49.30056,-25.281546],[-49.300509,-25.281534],[-49.30051,-25.281445],[-49.300576,-25.281422],[-49.300587,-25.281375],[-49.300624,-25.28132],[-49.30064,-25.28133],[-49.300647,-25.281376],[-49.300715,-25.281407],[-49.300807,-25.281403],[-49.300909,-25.281341],[-49.301012,-25.28133],[-49.301134,-25.281323],[-49.301195,-25.281379],[-49.301235,-25.281393],[-49.301266,-25.281391],[-49.301317,-25.281365],[-49.301353,-25.281366],[-49.301362,-25.281384],[-49.301356,-25.281421],[-49.301287,-25.281458],[-49.301315,-25.281504],[-49.301279,-25.281532],[-49.301263,-25.28157],[-49.301222,-25.281591],[-49.301131,-25.281589],[-49.300943,-25.281695],[-49.300907,-25.281741],[-49.300886,-25.281815],[-49.300886,-25.281852],[-49.300901,-25.28188],[-49.300963,-25.28192],[-49.301003,-25.281917],[-49.301075,-25.281879],[-49.301124,-25.281827],[-49.301148,-25.281818],[-49.301178,-25.28183],[-49.301193,-25.281874],[-49.301249,-25.281909],[-49.301371,-25.281899],[-49.301421,-25.281923],[-49.301421,-25.281942],[-49.301401,-25.281949],[-49.301299,-25.281952],[-49.301228,-25.281934],[-49.301125,-25.28196],[-49.301067,-25.281993],[-49.300992,-25.281998],[-49.300941,-25.282015],[-49.300937,-25.282029],[-49.300966,-25.282057],[-49.300938,-25.282075],[-49.300931,-25.282094],[-49.300949,-25.282168],[-49.300969,-25.282198],[-49.301101,-25.28224],[-49.301203,-25.282242],[-49.301285,-25.282221],[-49.301388,-25.282167],[-49.301426,-25.282118],[-49.301487,-25.28197],[-49.301595,-25.281918],[-49.301633,-25.281879],[-49.301641,-25.281852],[-49.301635,-25.281786],[-49.301669,-25.28175],[-49.301705,-25.281667],[-49.301701,-25.281648],[-49.301661,-25.281609],[-49.30165,-25.281573],[-49.301662,-25.281562],[-49.301768,-25.281538],[-49.301773,-25.2815],[-49.301743,-25.281454],[-49.301745,-25.281435],[-49.301775,-25.281462],[-49.301816,-25.281468],[-49.301862,-25.281446],[-49.301884,-25.2814],[-49.301929,-25.281404],[-49.301961,-25.281373],[-49.301991,-25.281369],[-49.302001,-25.281393],[-49.301946,-25.281502],[-49.30195,-25.28154],[-49.301968,-25.281556],[-49.302029,-25.281576],[-49.30208,-25.281569],[-49.30209,-25.281598],[-49.30212,-25.281612],[-49.302239,-25.281487],[-49.302275,-25.281473],[-49.302316,-25.28149],[-49.302357,-25.281456],[-49.302398,-25.281467],[-49.302421,-25.281499],[-49.302407,-25.281523],[-49.302354,-25.281563],[-49.302294,-25.281581],[-49.302273,-25.281637],[-49.302226,-25.281682],[-49.302201,-25.281682],[-49.30214,-25.281639],[-49.302075,-25.28168],[-49.302066,-25.281708],[-49.302118,-25.281762],[-49.302118,-25.281775],[-49.302077,-25.281756],[-49.302036,-25.281755],[-49.30189,-25.281836],[-49.301879,-25.281873],[-49.301891,-25.281901],[-49.301806,-25.282067],[-49.301794,-25.282132],[-49.301855,-25.282225],[-49.301953,-25.282282],[-49.301923,-25.282309],[-49.301929,-25.282356],[-49.301884,-25.282439],[-49.301853,-25.282456],[-49.301812,-25.282448],[-49.301783,-25.282344],[-49.301794,-25.282333],[-49.301886,-25.28233],[-49.301906,-25.282309],[-49.301763,-25.282314],[-49.301743,-25.282326],[-49.301716,-25.282381],[-49.301656,-25.282418],[-49.301578,-25.282492]]}},{"type":"Feature","properties":{"alt":1007.0,"mestra":false},"geometry":{"type":"LineString","coordinates":[[-49.302212,-25.282425],[-49.302229,-25.282406],[-49.302226,-25.28235],[-49.302253,-25.282318],[-49.302324,-25.282358],[-49.302344,-25.282355],[-49.302378,-25.282324],[-49.302304,-25.282299],[-49.302263,-25.28231],[-49.302223,-25.282286],[-49.302224,-25.282266],[-49.30226,-25.282267],[-49.302305,-25.282284],[-49.302387,-25.282265],[-49.302458,-25.282266],[-49.302551,-25.282209],[-49.302612,-25.282215],[-49.302753,-25.282273],[-49.302906,-25.282339],[-49.302956,-25.282377],[-49.302956,-25.282386],[-49.302925,-25.282401],[-49.302854,-25.282397],[-49.302813,-25.282412],[-49.302752,-25.28237],[-49.3026,-25.282343],[-49.302559,-25.282309],[-49.302518,-25.282327],[-49.302467,-25.282325],[-49.302452,-25.282334],[-49.302487,-25.282352],[-49.302527,-25.282402],[-49.302589,-25.28237],[-49.30265,-25.282379],[-49.30266,-25.282395],[-49.302609,-25.282412],[-49.302576,-25.282438],[-49.302556,-25.282523],[-49.302526,-25.282517],[-49.302495,-25.282527],[-49.302333,-25.282614]]}},{"type":"Feature","properties":{"alt":1007.0,"mestra":false},"geometry":{"type":"LineString","coordinates":[[-49.301548,-25.280921],[-49.301548,-25.280921]]}},{"type":"Feature","properties":{"alt":1007.0,"mestra":false},"geometry":{"type":"LineString","coordinates":[[-49.301566,-25.281099],[-49.301668,-25.281129],[-49.301729,-25.281118],[-49.301763,-25.281148],[-49.301718,-25.281164],[-49.301637,-25.281153],[-49.301584,-25.281183],[-49.301543,-25.281248],[-49.301543,-25.281272],[-49.301594,-25.281286],[-49.301645,-25.281281],[-49.301669,-25.281304],[-49.301562,-25.281352],[-49.301535,-25.281377],[-49.301538,-25.281414],[-49.301551,-25.281421],[-49.301582,-25.28141],[-49.30159,-25.281424],[-49.301582,-25.281431],[-49.30149,-25.281456],[-49.301405,-25.281422],[-49.30144,-25.281356],[-49.301461,-25.281274],[-49.301439,-25.281237],[-49.301432,-25.281181],[-49.301524,-25.281155],[-49.30154,-25.281136],[-49.301546,-25.281097],[-49.301566,-25.281099]]}},{"type":"Feature","properties":{"alt":1007.0,"mestra":false},"geometry":{"type":"LineString","coordinates":[[-49.302566,-25.281128],[-49.302578,-25.281148],[-49.302583,-25.281231],[-49.302574,-25.28125],[-49.302554,-25.281251],[-49.302501,-25.281203],[-49.302496,-25.281184],[-49.302529,-25.281138],[-49.302566,-25.281128]]}},{"type":"Feature","properties":{"alt":1007.0,"mestra":false},"geometry":{"type":"LineString","coordinates":[[-49.301329,-25.281224],[-49.301369,-25.281245],[-49.301388,-25.281273],[-49.301371,-25.28132],[-49.301359,-25.281324],[-49.301266,-25.281291],[-49.301289,-25.281227],[-49.301309,-25.281217],[-49.301329,-25.281224]]}},{"type":"Feature","properties":{"alt":1007.0,"mestra":false},"geometry":{"type":"LineString","coordinates":[[-49.301777,-25.281336],[-49.301788,-25.281352],[-49.301777,-25.281357],[-49.301777,-25.281336]]}},{"type":"Feature","properties":{"alt":1007.0,"mestra":false},"geometry":{"type":"LineString","coordinates":[[-49.302491,-25.281368],[-49.302514,-25.281425],[-49.302459,-25.281456],[-49.302457,-25.281434],[-49.302484,-25.281397],[-49.302474,-25.281379],[-49.302491,-25.281368]]}},{"type":"Feature","properties":{"alt":1007.0,"mestra":false},"geometry":{"type":"LineString","coordinates":[[-49.301735,-25.281399],[-49.301735,-25.281408],[-49.301735,-25.281399]]}},{"type":"Feature","properties":{"alt":1007.0,"mestra":false},"geometry":{"type":"LineString","coordinates":[[-49.300806,-25.281476],[-49.300785,-25.281475],[-49.300773,-25.281489],[-49.300795,-25.281511],[-49.300814,-25.281499],[-49.300806,-25.281476]]}},{"type":"Feature","properties":{"alt":1007.0,"mestra":false},"geometry":{"type":"LineString","coordinates":[[-49.301815,-25.281551],[-49.301794,-25.281549],[-49.301774,-25.281565],[-49.301771,-25.281584],[-49.301783,-25.2816],[-49.301804,-25.281601],[-49.301826,-25.281585],[-49.301815,-25.281551]]}},{"type":"Feature","properties":{"alt":1007.0,"mestra":false},"geometry":{"type":"LineString","coordinates":[[-49.301608,-25.28173],[-49.301617,-25.28174],[-49.301608,-25.28175],[-49.301598,-25.28174],[-49.301608,-25.28173]]}},{"type":"Feature","properties":{"alt":1007.0,"mestra":false},"geometry":{"type":"LineString","coordinates":[[-49.300637,-25.281829],[-49.300586,-25.281837],[-49.300576,-25.281862],[-49.300539,-25.281885],[-49.30054,-25.281941],[-49.300552,-25.28195],[-49.300666,-25.281947],[-49.300689,-25.281933],[-49.300669,-25.281896],[-49.300634,-25.281886],[-49.300645,-25.28184],[-49.300637,-25.281829]]}},{"type":"Feature","properties":{"alt":1007.0,"mestra":false},"geometry":{"type":"LineString","coordinates":[[-49.301695,-25.28212],[-49.30166,-25.28213],[-49.301663,-25.282162],[-49.301684,-25.282168],[-49.301704,-25.282158],[-49.301695,-25.28212]]}},{"type":"Feature","properties":{"alt":1007.0,"mestra":false},"geometry":{"type":"LineString","coordinates":[[-49.302121,-25.28231],[-49.302127,-25.282377],[-49.302078,-25.28241],[-49.302038,-25.282405],[-49.302049,-25.282329],[-49.302121,-25.28231]]}},{"type":"Feature","properties":{"alt":1007.0,"mestra":false},"geometry":{"type":"LineString","coordinates":[[-49.302427,-25.282321],[-49.302392,-25.282324],[-49.302428,-25.282334],[-49.302436,-25.282325],[-49.302427,-25.282321]]}},{"type":"Feature","properties":{"alt":1008.0,"mestra":false},"geometry":{"type":"LineString","coordinates":[[-49.300516,-25.281736],[-49.300567,-25.28173],[-49.30059,-25.281691],[-49.300559,-25.281663],[-49.300556,-25.281551],[-49.300509,-25.281538],[-49.30051,-25.281439],[-49.300572,-25.281412],[-49.300573,-25.281366],[-49.300611,-25.281311],[-49.300644,-25.281316],[-49.30066,-25.281376],[-49.300705,-25.281399],[-49.300807,-25.281395],[-49.30092,-25.281332],[-49.301134,-25.28132],[-49.301235,-25.281389],[-49.301266,-25.281387],[-49.301328,-25.281359],[-49.301368,-25.28136],[-49.301378,-25.281375],[-49.301362,-25.281412],[-49.301378,-25.281425],[-49.301392,-25.281413],[-49.301399,-25.281353],[-49.30143,-25.28134],[-49.30145,-25.281302],[-49.301452,-25.281265],[-49.301431,-25.281239],[-49.301425,-25.281181],[-49.301443,-25.281166],[-49.301524,-25.281147],[-49.301546,-25.281086],[-49.301668,-25.281124],[-49.301729,-25.281108],[-49.30178,-25.281136],[-49.301837,-25.281149],[-49.30184,-25.28117],[-49.301769,-25.281161],[-49.301718,-25.28118],[-49.301635,-25.281165],[-49.301607,-25.281192],[-49.301604,-25.281239],[-49.301587,-25.281266],[-49.30161,-25.281267],[-49.301613,-25.281239],[-49.301633,-25.28123],[-49.301697,-25.28124],[-49.301706,-25.281286],[-49.301777,-25.281315],[-49.301818,-25.281351],[-49.301838,-25.281334],[-49.301891,-25.281226],[-49.301911,-25.281269],[-49.301951,-25.281289],[-49.301966,-25.281326],[-49.302001,-25.281347],[-49.302041,-25.281411],[-49.301996,-25.281429],[-49.301953,-25.281512],[-49.30196,-25.28154],[-49.302039,-25.281571],[-49.302093,-25.28156],[-49.302096,-25.281588],[-49.30211,-25.281601],[-49.302133,-25.281588],[-49.302127,-25.281551],[-49.302152,-25.281508],[-49.30219,-25.281515],[-49.302214,-25.281481],[-49.302275,-25.281467],[-49.302316,-25.281483],[-49.302357,-25.281445],[-49.302388,-25.281449],[-49.302428,-25.281483],[-49.302448,-25.281483],[-49.302441,-25.281443],[-49.302471,-25.281397],[-49.302459,-25.281378],[-49.302501,-25.281363],[-49.302523,-25.281426],[-49.302481,-25.281453],[-49.302468,-25.281507],[-49.302428,-25.281515],[-49.302355,-25.281567],[-49.302304,-25.281586],[-49.302273,-25.281645],[-49.302221,-25.281692],[-49.302201,-25.28169],[-49.30214,-25.281647],[-49.302109,-25.281662],[-49.302074,-25.281699],[-49.302128,-25.281764],[-49.302118,-25.281783],[-49.302067,-25.281759],[-49.302036,-25.281759],[-49.301893,-25.281845],[-49.301886,-25.281873],[-49.301897,-25.28191],[-49.301871,-25.281938],[-49.30186,-25.281989],[-49.301813,-25.282067],[-49.301801,-25.282132],[-49.301867,-25.282226],[-49.301966,-25.282273],[-49.301964,-25.282291],[-49.301938,-25.282319],[-49.301923,-25.282402],[-49.301948,-25.282492]]}},{"type":"Feature","properties":{"alt":1008.0,"mestra":false},"geometry":{"type":"LineString","coordinates":[[-49.302034,-25.282462],[-49.302008,-25.282412],[-49.302049,-25.282313],[-49.302111,-25.282297],[-49.302141,-25.282301],[-49.30214,-25.282355],[-49.302181,-25.28238],[-49.302208,-25.282359],[-49.302226,-25.282322],[-49.302208,-25.282276],[-49.302213,-25.282264],[-49.302254,-25.282261],[-49.302315,-25.282274],[-49.302397,-25.282259],[-49.302458,-25.282261],[-49.30254,-25.282203],[-49.302592,-25.282198],[-49.302894,-25.282321],[-49.302997,-25.282391],[-49.303058,-25.282401],[-49.303076,-25.282434],[-49.303006,-25.282445],[-49.302966,-25.282425],[-49.302864,-25.282409],[-49.302803,-25.282431],[-49.302752,-25.282378],[-49.302681,-25.282367],[-49.30266,-25.282408],[-49.302609,-25.282419],[-49.302573,-25.282456],[-49.302576,-25.282563],[-49.302515,-25.282545],[-49.302474,-25.282555],[-49.302423,-25.282581],[-49.302366,-25.282653]]}},{"type":"Feature","properties":{"alt":1008.0,"mestra":false},"geometry":{"type":"LineString","coordinates":[[-49.301569,-25.280875],[-49.301571,-25.280941],[-49.301527,-25.280943],[-49.301487,-25.280873],[-49.301569,-25.280875]]}},{"type":"Feature","properties":{"alt":1008.0,"mestra":false},"geometry":{"type":"LineString","coordinates":[[-49.302566,-25.281098],[-49.302596,-25.281126],[-49.302592,-25.281232],[-49.302584,-25.281253],[-49.302543,-25.28126],[-49.302452,-25.281165],[-49.302482,-25.28111],[-49.302525,-25.281094],[-49.302566,-25.281098]]}},{"type":"Feature","properties":{"alt":1008.0,"mestra":false},"geometry":{"type":"LineString","coordinates":[[-49.301319,-25.281214],[-49.30138,-25.281245],[-49.301394,-25.281264],[-49.301383,-25.281301],[-49.301404,-25.281329],[-49.301399,-25.281345],[-49.301379,-25.281345],[-49.301298,-25.281304],[-49.301252,-25.2813],[-49.301285,-25.281226],[-49.301319,-25.281214]]}},{"type":"Feature","properties":{"alt":1008.0,"mestra":false},"geometry":{"type":"LineString","coordinates":[[-49.301747,-25.281309],[-49.301634,-25.281325],[-49.301562,-25.281365],[-49.301555,-25.281387],[-49.301602,-25.281415],[-49.301592,-25.281441],[-49.301489,-25.281461],[-49.301357,-25.281434],[-49.301296,-25.281454],[-49.301289,-25.281467],[-49.301317,-25.281504],[-49.301284,-25.281532],[-49.301253,-25.281582],[-49.301222,-25.281599],[-49.301161,-25.281595],[-49.30112,-25.281604],[-49.300936,-25.281713],[-49.300898,-25.281806],[-49.300911,-25.281871],[-49.300953,-25.281902],[-49.300993,-25.281908],[-49.301076,-25.28187],[-49.301117,-25.281826],[-49.301148,-25.281814],[-49.301178,-25.281825],[-49.301198,-25.281871],[-49.301249,-25.281899],[-49.301381,-25.281893],[-49.301422,-25.281908],[-49.301462,-25.281941],[-49.301595,-25.28191],[-49.301636,-25.281861],[-49.301625,-25.281777],[-49.301598,-25.281753],[-49.301594,-25.28173],[-49.301608,-25.281723],[-49.301649,-25.281755],[-49.301698,-25.281676],[-49.301693,-25.281648],[-49.301644,-25.281601],[-49.301637,-25.281564],[-49.301651,-25.281553],[-49.301746,-25.281537],[-49.301763,-25.281519],[-49.301757,-25.281491],[-49.301727,-25.281454],[-49.301717,-25.281407],[-49.301721,-25.281389],[-49.301757,-25.281361],[-49.301747,-25.281309]]}},{"type":"Feature","properties":{"alt":1008.0,"mestra":false},"geometry":{"type":"LineString","coordinates":[[-49.301828,-25.281357],[-49.301783,-25.281371],[-49.301752,-25.281407],[-49.301762,-25.281435],[-49.301796,-25.281458],[-49.301837,-25.28145],[-49.30186,-25.281427],[-49.301857,-25.28139],[-49.301828,-25.281357]]}},{"type":"Feature","properties":{"alt":1008.0,"mestra":false},"geometry":{"type":"LineString","coordinates":[[-49.301602,-25.281473],[-49.30161,-25.281499],[-49.301591,-25.281513],[-49.301581,-25.281507],[-49.301581,-25.281482],[-49.301602,-25.281473]]}},{"type":"Feature","properties":{"alt":1008.0,"mestra":false},"geometry":{"type":"LineString","coordinates":[[-49.300806,-25.281479],[-49.300783,-25.28148],[-49.300779,-25.281498],[-49.300805,-25.281505],[-49.300806,-25.281479]]}},{"type":"Feature","properties":{"alt":1008.0,"mestra":false},"geometry":{"type":"LineString","coordinates":[[-49.302427,-25.281563],[-49.302427,-25.281563]]}},{"type":"Feature","properties":{"alt":1008.0,"mestra":false},"geometry":{"type":"LineString","coordinates":[[-49.301815,-25.281562],[-49.301794,-25.281559],[-49.301784,-25.281586],[-49.301794,-25.281594],[-49.301814,-25.281587],[-49.301815,-25.281562]]}},{"type":"Feature","properties":{"alt":1008.0,"mestra":false},"geometry":{"type":"LineString","coordinates":[[-49.300637,-25.281834],[-49.300589,-25.281839],[-49.300579,-25.281867],[-49.300544,-25.281885],[-49.300542,-25.281932],[-49.300554,-25.281948],[-49.300656,-25.281944],[-49.300682,-25.281933],[-49.300667,-25.281899],[-49.300626,-25.281895],[-49.300637,-25.281834]]}},{"type":"Feature","properties":{"alt":1008.0,"mestra":false},"geometry":{"type":"LineString","coordinates":[[-49.301238,-25.281938],[-49.301136,-25.281962],[-49.301074,-25.281998],[-49.30095,-25.282011],[-49.30094,-25.282029],[-49.30097,-25.282057],[-49.300942,-25.282075],[-49.300934,-25.282094],[-49.300969,-25.282178],[-49.30103,-25.2822],[-49.301132,-25.282206],[-49.301183,-25.282197],[-49.301245,-25.282162],[-49.301307,-25.282095],[-49.301399,-25.282059],[-49.301436,-25.282025],[-49.301446,-25.281988],[-49.30144,-25.281961],[-49.301309,-25.281957],[-49.301238,-25.281938]]}},{"type":"Feature","properties":{"alt":1008.0,"mestra":false},"geometry":{"type":"LineString","coordinates":[[-49.301684,-25.282135],[-49.301684,-25.28215],[-49.301684,-25.282135]]}},{"type":"Feature","properties":{"alt":1008.0,"mestra":false},"geometry":{"type":"LineString","coordinates":[[-49.302019,-25.282272],[-49.302021,-25.282283],[-49.302009,-25.282287],[-49.301996,-25.282273],[-49.302019,-25.282272]]}},{"type":"Feature","properties":{"alt":1008.0,"mestra":false},"geometry":{"type":"LineString","coordinates":[[-49.302559,-25.282318],[-49.302502,-25.282344],[-49.302507,-25.282372],[-49.302528,-25.282392],[-49.302548,-25.282387],[-49.302579,-25.282354],[-49.302559,-25.282318]]}},{"type":"Feature","properties":{"alt":1008.0,"mestra":false},"geometry":{"type":"LineString","coordinates":[[-49.302324,-25.282323],[-49.302302,-25.282323],[-49.302314,-25.282336],[-49.302337,-25.282333],[-49.302324,-25.282323]]}},{"type":"Feature","properties":{"alt":1008.0,"mestra":false},"geometry":{"type":"LineString","coordinates":[[-49.301773,-25.28235],[-49.301748,-25.282354],[-49.301721,-25.282418],[-49.301727,-25.282446],[-49.301751,-25.282463],[-49.301772,-25.282457],[-49.301793,-25.282429],[-49.301773,-25.28235]]}},{"type":"Feature","properties":{"alt":1009.0,"mestra":false},"geometry":{"type":"LineString","coordinates":[[-49.300516,-25.281734],[-49.300565,-25.281728],[-49.300587,-25.2817],[-49.300557,-25.281663],[-49.300556,-25.281561],[-49.300539,-25.281544],[-49.300509,-25.281542],[-49.30051,-25.281433],[-49.300556,-25.281412],[-49.300554,-25.281366],[-49.300602,-25.281301],[-49.300645,-25.281302],[-49.300664,-25.281367],[-49.300715,-25.281394],[-49.300807,-25.281389],[-49.30091,-25.281328],[-49.301134,-25.281317],[-49.301187,-25.281336],[-49.301215,-25.281375],[-49.301256,-25.281386],[-49.301345,-25.281347],[-49.301336,-25.281328],[-49.301308,-25.281312],[-49.301239,-25.281299],[-49.301268,-25.281269],[-49.301288,-25.281217],[-49.301319,-25.28121],[-49.30138,-25.281237],[-49.301402,-25.281264],[-49.30139,-25.281305],[-49.30143,-25.281327],[-49.301448,-25.281274],[-49.301426,-25.281246],[-49.301422,-25.281175],[-49.301453,-25.281156],[-49.301516,-25.281145],[-49.30153,-25.281127],[-49.301532,-25.281089],[-49.301546,-25.281077],[-49.301586,-25.281101],[-49.301668,-25.281119],[-49.301729,-25.281102],[-49.30178,-25.281129],[-49.301831,-25.281135],[-49.301861,-25.281163],[-49.301902,-25.281179],[-49.301963,-25.281177],[-49.301982,-25.281187],[-49.302015,-25.281262],[-49.302022,-25.281373],[-49.302052,-25.281411],[-49.302041,-25.281424],[-49.302007,-25.281429],[-49.301959,-25.281521],[-49.301978,-25.281547],[-49.302009,-25.281549],[-49.302029,-25.281564],[-49.302121,-25.281546],[-49.302142,-25.281505],[-49.302181,-25.281487],[-49.302183,-25.281465],[-49.302204,-25.281446],[-49.302234,-25.28147],[-49.302265,-25.281462],[-49.302316,-25.281476],[-49.302347,-25.281439],[-49.302379,-25.281424],[-49.302352,-25.281387],[-49.302379,-25.28137],[-49.302389,-25.281348],[-49.302419,-25.281364],[-49.302501,-25.281357],[-49.302527,-25.281435],[-49.302488,-25.281453],[-49.302483,-25.281509],[-49.302435,-25.281527],[-49.302442,-25.281582],[-49.302423,-25.281582],[-49.302407,-25.281554],[-49.302386,-25.281548],[-49.302307,-25.28159],[-49.302277,-25.281645],[-49.302211,-25.281699],[-49.30215,-25.281658],[-49.30213,-25.281656],[-49.302082,-25.281699],[-49.302135,-25.281764],[-49.302126,-25.281783],[-49.302107,-25.281789],[-49.302077,-25.281768],[-49.302036,-25.281764],[-49.301903,-25.281842],[-49.301892,-25.281873],[-49.301904,-25.28191],[-49.301876,-25.281938],[-49.301863,-25.281993],[-49.301816,-25.282076],[-49.301807,-25.282122],[-49.301817,-25.282155],[-49.301887,-25.282234],[-49.301968,-25.28226],[-49.302009,-25.282257],[-49.302031,-25.282274],[-49.302029,-25.282296],[-49.301978,-25.282292],[-49.301946,-25.282319],[-49.30194,-25.282402],[-49.301966,-25.282429],[-49.301986,-25.28242],[-49.302024,-25.282366],[-49.302039,-25.282302],[-49.302111,-25.282287],[-49.302151,-25.282291],[-49.30216,-25.282303],[-49.302143,-25.28234],[-49.302161,-25.282359],[-49.302181,-25.282361],[-49.302209,-25.282341],[-49.302196,-25.282275],[-49.302213,-25.282257],[-49.302315,-25.282268],[-49.302458,-25.282256],[-49.302541,-25.282197],[-49.302602,-25.282189],[-49.302893,-25.282311],[-49.302997,-25.282381],[-49.303069,-25.282388],[-49.30317,-25.282454],[-49.303159,-25.282476],[-49.303057,-25.282474],[-49.303016,-25.28251],[-49.302975,-25.282442],[-49.302956,-25.28243],[-49.302864,-25.282417],[-49.302792,-25.282446],[-49.302784,-25.282412],[-49.302752,-25.282385],[-49.302691,-25.282372],[-49.302668,-25.282411],[-49.302619,-25.282418],[-49.302583,-25.282447],[-49.302574,-25.282484],[-49.302592,-25.28254],[-49.302591,-25.282586],[-49.302657,-25.282633],[-49.302718,-25.282615],[-49.302739,-25.282624],[-49.302748,-25.282644],[-49.302725,-25.282662],[-49.302758,-25.282666],[-49.302766,-25.28269],[-49.302727,-25.282712],[-49.302677,-25.282692],[-49.302554,-25.282688],[-49.302523,-25.282697],[-49.302498,-25.28272]]}},{"type":"Feature","properties":{"alt":1009.0,"mestra":false},"geometry":{"type":"LineString","coordinates":[[-49.302498,-25.280839],[-49.302479,-25.280841],[-49.302498,-25.280839]]}},{"type":"Feature","properties":{"alt":1009.0,"mestra":false},"geometry":{"type":"LineString","coordinates":[[-49.301539,-25.28083],[-49.301588,-25.28084],[-49.3016,-25.280858],[-49.301602,-25.280877],[-49.301574,-25.280914],[-49.3016,-25.280979],[-49.301588,-25.280998],[-49.301562,-25.280997],[-49.301567,-25.280969],[-49.301558,-25.28096],[-49.301527,-25.280959],[-49.301507,-25.280946],[-49.301469,-25.280875],[-49.301488,-25.280834],[-49.301539,-25.28083]]}},{"type":"Feature","properties":{"alt":1009.0,"mestra":false},"geometry":{"type":"LineString","coordinates":[[-49.302467,-25.280877],[-49.302507,-25.280938],[-49.302538,-25.28094],[-49.302546,-25.280953],[-49.302456,-25.280961],[-49.302449,-25.280989],[-49.302468,-25.281035],[-49.302404,-25.281035],[-49.302403,-25.281072],[-49.302444,-25.281081],[-49.302536,-25.281078],[-49.302593,-25.281102],[-49.302608,-25.281148],[-49.302595,-25.281245],[-49.302574,-25.281262],[-49.302533,-25.281261],[-49.302513,-25.281231],[-49.302441,-25.281174],[-49.302452,-25.281128],[-49.302413,-25.28109],[-49.302362,-25.281096],[-49.302344,-25.28108],[-49.302361,-25.281043],[-49.302332,-25.280987],[-49.302374,-25.28096],[-49.302415,-25.280954],[-49.302447,-25.280881],[-49.302467,-25.280877]]}},{"type":"Feature","properties":{"alt":1009.0,"mestra":false},"geometry":{"type":"LineString","coordinates":[[-49.301415,-25.280965],[-49.301414,-25.280983],[-49.301404,-25.280981],[-49.301403,-25.280967],[-49.301415,-25.280965]]}},{"type":"Feature","properties":{"alt":1009.0,"mestra":false},"geometry":{"type":"LineString","coordinates":[[-49.301802,-25.28099],[-49.301835,-25.281009],[-49.301832,-25.281028],[-49.301812,-25.281025],[-49.301779,-25.28099],[-49.301802,-25.28099]]}},{"type":"Feature","properties":{"alt":1009.0,"mestra":false},"geometry":{"type":"LineString","coordinates":[[-49.301789,-25.281173],[-49.301759,-25.281171],[-49.301739,-25.281185],[-49.301718,-25.281268],[-49.301818,-25.281331],[-49.301869,-25.281205],[-49.30185,-25.281188],[-49.301789,-25.281173]]}},{"type":"Feature","properties":{"alt":1009.0,"mestra":false},"geometry":{"type":"LineString","coordinates":[[-49.301657,-25.281183],[-49.301638,-25.281193],[-49.301687,-25.281203],[-49.301657,-25.281183]]}},{"type":"Feature","properties":{"alt":1009.0,"mestra":false},"geometry":{"type":"LineString","coordinates":[[-49.301736,-25.281328],[-49.301634,-25.281334],[-49.301578,-25.281368],[-49.301575,-25.281378],[-49.301618,-25.281415],[-49.301628,-25.281499],[-49.301611,-25.281523],[-49.301577,-25.281517],[-49.301582,-25.281461],[-49.301571,-25.281454],[-49.301489,-25.281464],[-49.301347,-25.28144],[-49.301296,-25.281458],[-49.30132,-25.281505],[-49.301243,-25.281597],[-49.301222,-25.281607],[-49.30112,-25.281615],[-49.301027,-25.281677],[-49.300947,-25.281714],[-49.30091,-25.281797],[-49.300909,-25.281834],[-49.300923,-25.281865],[-49.300963,-25.281893],[-49.301004,-25.281895],[-49.301076,-25.28186],[-49.301121,-25.281818],[-49.301148,-25.281811],[-49.301178,-25.281821],[-49.301201,-25.281865],[-49.301249,-25.281891],[-49.301382,-25.281885],[-49.301493,-25.281919],[-49.301606,-25.281898],[-49.301631,-25.281861],[-49.301616,-25.281786],[-49.301588,-25.28173],[-49.301608,-25.281717],[-49.301649,-25.281737],[-49.301683,-25.281704],[-49.301693,-25.281676],[-49.301686,-25.281648],[-49.301635,-25.28161],[-49.301623,-25.281554],[-49.301641,-25.281542],[-49.301733,-25.28153],[-49.301751,-25.281519],[-49.301749,-25.2815],[-49.301718,-25.281463],[-49.301701,-25.281398],[-49.301741,-25.281361],[-49.301736,-25.281328]]}},{"type":"Feature","properties":{"alt":1009.0,"mestra":false},"geometry":{"type":"LineString","coordinates":[[-49.301828,-25.281369],[-49.301797,-25.281371],[-49.301761,-25.281408],[-49.301772,-25.281435],[-49.301796,-25.281451],[-49.301826,-25.281447],[-49.301852,-25.281427],[-49.301853,-25.281399],[-49.301828,-25.281369]]}},{"type":"Feature","properties":{"alt":1009.0,"mestra":false},"geometry":{"type":"LineString","coordinates":[[-49.30245,-25.281388],[-49.302429,-25.281379],[-49.302416,-25.281387],[-49.302408,-25.281437],[-49.302418,-25.281441],[-49.302458,-25.281406],[-49.30245,-25.281388]]}},{"type":"Feature","properties":{"alt":1009.0,"mestra":false},"geometry":{"type":"LineString","coordinates":[[-49.300795,-25.281479],[-49.300781,-25.281489],[-49.300795,-25.281504],[-49.300809,-25.281489],[-49.300795,-25.281479]]}},{"type":"Feature","properties":{"alt":1009.0,"mestra":false},"geometry":{"type":"LineString","coordinates":[[-49.302121,-25.281578],[-49.302107,-25.281579],[-49.30211,-25.28159],[-49.302121,-25.281578]]}},{"type":"Feature","properties":{"alt":1009.0,"mestra":false},"geometry":{"type":"LineString","coordinates":[[-49.301804,-25.281567],[-49.301793,-25.281575],[-49.301804,-25.281584],[-49.301804,-25.281567]]}},{"type":"Feature","properties":{"alt":1009.0,"mestra":false},"geometry":{"type":"LineString","coordinates":[[-49.300637,-25.281839],[-49.300596,-25.281839],[-49.300586,-25.281867],[-49.300549,-25.281885],[-49.300554,-25.281944],[-49.300585,-25.281949],[-49.300676,-25.281933],[-49.300676,-25.281915],[-49.300657,-25.281898],[-49.300616,-25.281914],[-49.300598,-25.281904],[-49.30062,-25.281886],[-49.300637,-25.281839]]}},{"type":"Feature","properties":{"alt":1009.0,"mestra":false},"geometry":{"type":"LineString","coordinates":[[-49.301248,-25.281945],[-49.301135,-25.281967],[-49.301084,-25.282002],[-49.300992,-25.282003],[-49.300951,-25.282014],[-49.300945,-25.282029],[-49.300974,-25.282057],[-49.300945,-25.282075],[-49.300937,-25.282094],[-49.300969,-25.282163],[-49.30102,-25.282184],[-49.301163,-25.282172],[-49.301206,-25.282143],[-49.301253,-25.282079],[-49.30139,-25.282042],[-49.301426,-25.282007],[-49.301427,-25.281979],[-49.301411,-25.281966],[-49.301309,-25.281962],[-49.301248,-25.281945]]}},{"type":"Feature","properties":{"alt":1009.0,"mestra":false},"geometry":{"type":"LineString","coordinates":[[-49.301135,-25.282031],[-49.301146,-25.28205],[-49.301134,-25.28206],[-49.301118,-25.28204],[-49.301135,-25.282031]]}},{"type":"Feature","properties":{"alt":1009.0,"mestra":false},"geometry":{"type":"LineString","coordinates":[[-49.302559,-25.28233],[-49.302514,-25.282344],[-49.302511,-25.282363],[-49.302528,-25.282385],[-49.302564,-25.282363],[-49.302559,-25.28233]]}},{"type":"Feature","properties":{"alt":1009.0,"mestra":false},"geometry":{"type":"LineString","coordinates":[[-49.301773,-25.282362],[-49.301763,-25.282358],[-49.30175,-25.282372],[-49.301747,-25.282419],[-49.301762,-25.282435],[-49.301785,-25.282419],[-49.301773,-25.282362]]}},{"type":"Feature","properties":{"alt":1009.0,"mestra":false},"geometry":{"type":"LineString","coordinates":[[-49.303364,-25.282403],[-49.303374,-25.282419],[-49.303364,-25.282428],[-49.303353,-25.282419],[-49.303364,-25.282403]]}},{"type":"Feature","properties":{"alt":1009.0,"mestra":false},"geometry":{"type":"LineString","coordinates":[[-49.303292,-25.282435],[-49.303328,-25.282455],[-49.303292,-25.282491],[-49.303261,-25.282488],[-49.303218,-25.282463],[-49.303221,-25.28245],[-49.303292,-25.282435]]}},{"type":"Feature","properties":{"alt":1009.0,"mestra":false},"geometry":{"type":"LineString","coordinates":[[-49.302904,-25.282486],[-49.302925,-25.282506],[-49.302913,-25.28253],[-49.302903,-25.28253],[-49.302883,-25.282487],[-49.302904,-25.282486]]}},{"type":"Feature","properties":{"alt":1009.0,"mestra":false},"geometry":{"type":"LineString","coordinates":[[-49.302791,-25.282521],[-49.302786,-25.28257],[-49.302768,-25.282579],[-49.302757,-25.28257],[-49.30276,-25.282532],[-49.302781,-25.282515],[-49.302791,-25.282521]]}},{"type":"Feature","properties":{"alt":1009.0,"mestra":false},"geometry":{"type":"LineString","coordinates":[[-49.302484,-25.282573],[-49.302433,-25.2826],[-49.302433,-25.282625],[-49.302453,-25.282644],[-49.302473,-25.282645],[-49.302535,-25.282615],[-49.302495,-25.282594],[-49.302484,-25.282573]]}},{"type":"Feature","properties":{"alt":1010.0,"mestra":true},"geometry":{"type":"LineString","coordinates":[[-49.300516,-25.281733],[-49.300559,-25.281728],[-49.300584,-25.2817],[-49.300554,-25.281663],[-49.300552,-25.281561],[-49.300539,-25.281548],[-49.300509,-25.281545],[-49.30051,-25.281424],[-49.300533,-25.281412],[-49.300511,-25.281394],[-49.300511,-25.281364],[-49.300552,-25.281342],[-49.300598,-25.281292],[-49.300658,-25.281293],[-49.300673,-25.281367],[-49.300715,-25.281388],[-49.300807,-25.281382],[-49.30091,-25.281323],[-49.301134,-25.281314],[-49.301186,-25.281327],[-49.301223,-25.281374],[-49.301256,-25.281382],[-49.301336,-25.281338],[-49.301298,-25.281312],[-49.301236,-25.281309],[-49.301235,-25.28129],[-49.301266,-25.281263],[-49.301281,-25.281216],[-49.30132,-25.281205],[-49.30135,-25.281227],[-49.301391,-25.281231],[-49.301411,-25.281246],[-49.301422,-25.281164],[-49.301517,-25.281136],[-49.301521,-25.281089],[-49.301536,-25.281072],[-49.301556,-25.281074],[-49.301586,-25.281097],[-49.301668,-25.281115],[-49.301719,-25.281095],[-49.301739,-25.281099],[-49.30178,-25.281125],[-49.301831,-25.281129],[-49.301912,-25.281173],[-49.301994,-25.281129],[-49.302024,-25.281198],[-49.302044,-25.2812],[-49.302106,-25.281171],[-49.302117,-25.281198],[-49.302136,-25.281209],[-49.302167,-25.281192],[-49.30221,-25.281199],[-49.302217,-25.281209],[-49.302197,-25.281255],[-49.302227,-25.281271],[-49.30223,-25.281283],[-49.302226,-25.281297],[-49.302187,-25.281292],[-49.302178,-25.281255],[-49.302135,-25.281241],[-49.302085,-25.281232],[-49.302057,-25.281244],[-49.302028,-25.281364],[-49.302059,-25.281411],[-49.302042,-25.281429],[-49.302005,-25.281438],[-49.301963,-25.281512],[-49.301978,-25.281542],[-49.302009,-25.281545],[-49.302039,-25.281563],[-49.302111,-25.281545],[-49.302142,-25.281496],[-49.302204,-25.281436],[-49.302214,-25.281434],[-49.302234,-25.281464],[-49.302265,-25.281458],[-49.302316,-25.28147],[-49.302354,-25.281414],[-49.302327,-25.281385],[-49.302368,-25.281368],[-49.302389,-25.281341],[-49.30246,-25.281361],[-49.302511,-25.281357],[-49.302535,-25.281435],[-49.302531,-25.281445],[-49.302496,-25.281453],[-49.302491,-25.281509],[-49.302445,-25.281536],[-49.302455,-25.281583],[-49.302416,-25.281585],[-49.302396,-25.281554],[-49.302325,-25.281584],[-49.302304,-25.281599],[-49.302282,-25.281645],[-49.302211,-25.281705],[-49.30213,-25.281663],[-49.30209,-25.281699],[-49.302139,-25.281755],[-49.302132,-25.281783],[-49.302107,-25.281793],[-49.302077,-25.281773],[-49.302036,-25.281769],[-49.301909,-25.281845],[-49.301899,-25.281873],[-49.301908,-25.28191],[-49.301881,-25.28194],[-49.301814,-25.282113],[-49.301822,-25.28215],[-49.301877,-25.282218],[-49.301917,-25.28224],[-49.302019,-25.282254],[-49.30206,-25.282285],[-49.302162,-25.282277],[-49.302213,-25.282253],[-49.302315,-25.282263],[-49.302458,-25.282252],[-49.302541,-25.282191],[-49.302602,-25.282182],[-49.302653,-25.282212],[-49.302775,-25.28225],[-49.302835,-25.282287],[-49.302896,-25.282307],[-49.302997,-25.282375],[-49.303069,-25.282381],[-49.30319,-25.282448],[-49.303272,-25.282419],[-49.303314,-25.282418],[-49.303365,-25.282384],[-49.303385,-25.282391],[-49.303409,-25.282438],[-49.303445,-25.282454],[-49.303594,-25.282459],[-49.303604,-25.282477],[-49.303567,-25.282509],[-49.303536,-25.282493],[-49.303503,-25.282495],[-49.303514,-25.282523],[-49.30348,-25.282578],[-49.303485,-25.282605]]}},{"type":"Feature","properties":{"alt":1010.0,"mestra":true},"geometry":{"type":"LineString","coordinates":[[-49.303278,-25.282587],[-49.30325,-25.282559],[-49.303232,-25.282519],[-49.3032,-25.282498],[-49.303087,-25.282492],[-49.303015,-25.282553],[-49.302972,-25.282451],[-49.302956,-25.282436],[-49.302864,-25.282423],[-49.302782,-25.282459],[-49.302772,-25.282408],[-49.302732,-25.28238],[-49.302691,-25.282379],[-49.30267,-25.282415],[-49.302619,-25.282421],[-49.302582,-25.282456],[-49.30258,-25.282493],[-49.302601,-25.282577],[-49.302667,-25.282619],[-49.302729,-25.282605],[-49.302769,-25.282635],[-49.30279,-25.282637],[-49.302799,-25.282598],[-49.302756,-25.282588],[-49.302749,-25.282551],[-49.302768,-25.282514],[-49.302791,-25.282513],[-49.302805,-25.282589],[-49.302857,-25.282626],[-49.302826,-25.282691],[-49.302829,-25.282705],[-49.30286,-25.282707],[-49.302863,-25.282738],[-49.302645,-25.282737],[-49.302625,-25.282754]]}},{"type":"Feature","properties":{"alt":1010.0,"mestra":true},"geometry":{"type":"LineString","coordinates":[[-49.302462,-25.280496],[-49.302497,-25.280525],[-49.302472,-25.280556],[-49.302451,-25.280547],[-49.302437,-25.280525],[-49.302462,-25.280496]]}},{"type":"Feature","properties":{"alt":1010.0,"mestra":true},"geometry":{"type":"LineString","coordinates":[[-49.302573,-25.280581],[-49.302595,-25.280591],[-49.302592,-25.280601],[-49.302511,-25.280664],[-49.302492,-25.280702],[-49.302503,-25.280767],[-49.302579,-25.280805],[-49.302572,-25.280832],[-49.302518,-25.280856],[-49.302499,-25.280878],[-49.302508,-25.280906],[-49.302548,-25.280934],[-49.302557,-25.280962],[-49.302537,-25.280974],[-49.302486,-25.28097],[-49.302466,-25.280989],[-49.302485,-25.281026],[-49.302527,-25.281064],[-49.302587,-25.281088],[-49.302613,-25.28113],[-49.302594,-25.281254],[-49.302543,-25.281272],[-49.302431,-25.281174],[-49.302448,-25.281137],[-49.302435,-25.281118],[-49.302403,-25.2811],[-49.302362,-25.281108],[-49.302315,-25.281071],[-49.302337,-25.281043],[-49.302311,-25.280987],[-49.302313,-25.280976],[-49.302359,-25.280951],[-49.302354,-25.28093],[-49.302318,-25.280913],[-49.302349,-25.280867],[-49.302361,-25.280802],[-49.302407,-25.280783],[-49.30243,-25.280756],[-49.30244,-25.280645],[-49.302491,-25.280588],[-49.302522,-25.280595],[-49.302573,-25.280581]]}},{"type":"Feature","properties":{"alt":1010.0,"mestra":true},"geometry":{"type":"LineString","coordinates":[[-49.301611,-25.280802],[-49.301652,-25.280815],[-49.301663,-25.280831],[-49.30162,-25.280851],[-49.301581,-25.280904],[-49.301581,-25.280932],[-49.301608,-25.28097],[-49.301607,-25.280988],[-49.301588,-25.281003],[-49.301557,-25.281006],[-49.301473,-25.280931],[-49.301464,-25.280847],[-49.301488,-25.280814],[-49.30156,-25.280823],[-49.301611,-25.280802]]}},{"type":"Feature","properties":{"alt":1010.0,"mestra":true},"geometry":{"type":"LineString","coordinates":[[-49.301681,-25.280933],[-49.301656,-25.280933],[-49.301681,-25.280933]]}},{"type":"Feature","properties":{"alt":1010.0,"mestra":true},"geometry":{"type":"LineString","coordinates":[[-49.301844,-25.280954],[-49.301873,-25.280973],[-49.301853,-25.281028],[-49.301802,-25.281028],[-49.301762,-25.28099],[-49.301812,-25.280972],[-49.301833,-25.280949],[-49.301844,-25.280954]]}},{"type":"Feature","properties":{"alt":1010.0,"mestra":true},"geometry":{"type":"LineString","coordinates":[[-49.301425,-25.280958],[-49.301426,-25.280986],[-49.301404,-25.281],[-49.301393,-25.280967],[-49.301425,-25.280958]]}},{"type":"Feature","properties":{"alt":1010.0,"mestra":true},"geometry":{"type":"LineString","coordinates":[[-49.302281,-25.281068],[-49.30227,-25.28108],[-49.30226,-25.28107],[-49.302281,-25.281068]]}},{"type":"Feature","properties":{"alt":1010.0,"mestra":true},"geometry":{"type":"LineString","coordinates":[[-49.302391,-25.281182],[-49.302397,-25.281192],[-49.302381,-25.281199],[-49.302379,-25.281183],[-49.302391,-25.281182]]}},{"type":"Feature","properties":{"alt":1010.0,"mestra":true},"geometry":{"type":"LineString","coordinates":[[-49.301799,-25.281184],[-49.301753,-25.281185],[-49.301728,-25.281259],[-49.301744,-25.281277],[-49.301818,-25.281301],[-49.301857,-25.281214],[-49.30185,-25.2812],[-49.301799,-25.281184]]}},{"type":"Feature","properties":{"alt":1010.0,"mestra":true},"geometry":{"type":"LineString","coordinates":[[-49.301421,-25.281252],[-49.301395,-25.281301],[-49.30143,-25.281317],[-49.301444,-25.281274],[-49.301421,-25.281252]]}},{"type":"Feature","properties":{"alt":1010.0,"mestra":true},"geometry":{"type":"LineString","coordinates":[[-49.302318,-25.281315],[-49.302322,-25.28133],[-49.302308,-25.281336],[-49.302306,-25.281321],[-49.302318,-25.281315]]}},{"type":"Feature","properties":{"alt":1010.0,"mestra":true},"geometry":{"type":"LineString","coordinates":[[-49.301705,-25.28135],[-49.301634,-25.281349],[-49.301611,-25.281369],[-49.301644,-25.281381],[-49.301693,-25.28137],[-49.301705,-25.28135]]}},{"type":"Feature","properties":{"alt":1010.0,"mestra":true},"geometry":{"type":"LineString","coordinates":[[-49.301827,-25.281376],[-49.301797,-25.281378],[-49.301768,-25.281408],[-49.301773,-25.281426],[-49.301796,-25.281445],[-49.301844,-25.281427],[-49.301846,-25.281399],[-49.301827,-25.281376]]}},{"type":"Feature","properties":{"alt":1010.0,"mestra":true},"geometry":{"type":"LineString","coordinates":[[-49.302429,-25.281401],[-49.302438,-25.281406],[-49.302429,-25.281401]]}},{"type":"Feature","properties":{"alt":1010.0,"mestra":true},"geometry":{"type":"LineString","coordinates":[[-49.301684,-25.281434],[-49.301663,-25.281436],[-49.301652,-25.281453],[-49.30166,-25.281508],[-49.301672,-25.28152],[-49.30171,-25.281509],[-49.301684,-25.281434]]}},{"type":"Feature","properties":{"alt":1010.0,"mestra":true},"geometry":{"type":"LineString","coordinates":[[-49.301367,-25.281448],[-49.301347,-25.281443],[-49.301302,-25.281458],[-49.301322,-25.281495],[-49.301319,-25.281514],[-49.301284,-25.28154],[-49.301243,-25.281607],[-49.301127,-25.281623],[-49.301035,-25.281687],[-49.300957,-25.281714],[-49.300933,-25.281751],[-49.300919,-25.281806],[-49.300924,-25.281843],[-49.300943,-25.281869],[-49.300973,-25.281885],[-49.301014,-25.281882],[-49.30107,-25.281854],[-49.301117,-25.281815],[-49.301148,-25.281808],[-49.30118,-25.281818],[-49.301208,-25.281865],[-49.301249,-25.281885],[-49.301392,-25.281878],[-49.301534,-25.281908],[-49.301585,-25.281903],[-49.301612,-25.281888],[-49.301625,-25.281861],[-49.301613,-25.281805],[-49.301585,-25.281749],[-49.301586,-25.281721],[-49.301598,-25.281711],[-49.301639,-25.281726],[-49.301659,-25.281721],[-49.301683,-25.281694],[-49.301686,-25.281657],[-49.301618,-25.28161],[-49.30161,-25.281579],[-49.30158,-25.28159],[-49.301599,-25.281545],[-49.301572,-25.281526],[-49.301561,-25.281461],[-49.301428,-25.281464],[-49.301367,-25.281448]]}},{"type":"Feature","properties":{"alt":1010.0,"mestra":true},"geometry":{"type":"LineString","coordinates":[[-49.300805,-25.281489],[-49.300786,-25.281489],[-49.300795,-25.2815],[-49.300805,-25.281489]]}},{"type":"Feature","properties":{"alt":1010.0,"mestra":true},"geometry":{"type":"LineString","coordinates":[[-49.301477,-25.281599],[-49.301477,-25.281599]]}},{"type":"Feature","properties":{"alt":1010.0,"mestra":true},"geometry":{"type":"LineString","coordinates":[[-49.300627,-25.281839],[-49.300596,-25.281844],[-49.30059,-25.281877],[-49.300554,-25.281885],[-49.300555,-25.281941],[-49.300585,-25.281947],[-49.300668,-25.281933],[-49.300671,-25.281915],[-49.300657,-25.281902],[-49.300616,-25.281919],[-49.300591,-25.281904],[-49.300627,-25.281864],[-49.300627,-25.281839]]}},{"type":"Feature","properties":{"alt":1010.0,"mestra":true},"geometry":{"type":"LineString","coordinates":[[-49.301238,-25.281946],[-49.301135,-25.281973],[-49.301094,-25.282008],[-49.300992,-25.282004],[-49.300951,-25.282018],[-49.300949,-25.282029],[-49.300978,-25.282048],[-49.30094,-25.282094],[-49.30097,-25.28215],[-49.30102,-25.282172],[-49.301137,-25.282152],[-49.301166,-25.282134],[-49.30118,-25.282078],[-49.30138,-25.28203],[-49.301411,-25.282007],[-49.301414,-25.281988],[-49.301401,-25.281973],[-49.301319,-25.281969],[-49.301238,-25.281946]]}},{"type":"Feature","properties":{"alt":1010.0,"mestra":true},"geometry":{"type":"LineString","coordinates":[[-49.301125,-25.282021],[-49.301146,-25.282031],[-49.30115,-25.282069],[-49.301114,-25.282052],[-49.301112,-25.282031],[-49.301125,-25.282021]]}},{"type":"Feature","properties":{"alt":1010.0,"mestra":true},"geometry":{"type":"LineString","coordinates":[[-49.303531,-25.282122],[-49.303593,-25.282131],[-49.303651,-25.28219],[-49.303656,-25.282227],[-49.303634,-25.282264],[-49.303559,-25.282312],[-49.303437,-25.282305],[-49.303366,-25.282312],[-49.303509,-25.282207],[-49.303516,-25.28217],[-49.303491,-25.282123],[-49.303531,-25.282122]]}},{"type":"Feature","properties":{"alt":1010.0,"mestra":true},"geometry":{"type":"LineString","coordinates":[[-49.302787,-25.282115],[-49.302827,-25.282156],[-49.302888,-25.282183],[-49.302905,-25.282172],[-49.302919,-25.282135],[-49.303011,-25.282124],[-49.303041,-25.282154],[-49.303101,-25.282275],[-49.30305,-25.282283],[-49.303009,-25.282268],[-49.302948,-25.282263],[-49.302791,-25.282208],[-49.302648,-25.282132],[-49.302654,-25.282107],[-49.302705,-25.282128],[-49.302787,-25.282115]]}},{"type":"Feature","properties":{"alt":1010.0,"mestra":true},"geometry":{"type":"LineString","coordinates":[[-49.301988,-25.2823],[-49.301963,-25.28231],[-49.301951,-25.282328],[-49.301947,-25.282384],[-49.301966,-25.282409],[-49.302022,-25.282357],[-49.302019,-25.28231],[-49.301988,-25.2823]]}},{"type":"Feature","properties":{"alt":1010.0,"mestra":true},"geometry":{"type":"LineString","coordinates":[[-49.302182,-25.282313],[-49.302152,-25.282331],[-49.302161,-25.282349],[-49.302196,-25.28234],[-49.302182,-25.282313]]}},{"type":"Feature","properties":{"alt":1010.0,"mestra":true},"geometry":{"type":"LineString","coordinates":[[-49.302559,-25.282343],[-49.302524,-25.282344],[-49.302517,-25.282363],[-49.302528,-25.282377],[-49.302557,-25.282363],[-49.302559,-25.282343]]}},{"type":"Feature","properties":{"alt":1010.0,"mestra":true},"geometry":{"type":"LineString","coordinates":[[-49.301772,-25.28241],[-49.301772,-25.28241]]}},{"type":"Feature","properties":{"alt":1010.0,"mestra":true},"geometry":{"type":"LineString","coordinates":[[-49.302863,-25.282459],[-49.302924,-25.282486],[-49.302934,-25.282504],[-49.302902,-25.2826],[-49.302883,-25.28259],[-49.30289,-25.282534],[-49.302854,-25.282478],[-49.302863,-25.282459]]}},{"type":"Feature","properties":{"alt":1011.0,"mestra":false},"geometry":{"type":"LineString","coordinates":[[-49.300516,-25.281731],[-49.300557,-25.281726],[-49.300581,-25.2817],[-49.300554,-25.281672],[-49.300549,-25.281602],[-49.300539,-25.281591],[-49.300508,-25.281601],[-49.300508,-25.281585],[-49.300539,-25.281587],[-49.30055,-25.28157],[-49.300539,-25.281553],[-49.300509,-25.281549],[-49.300511,-25.281344],[-49.300553,-25.281323],[-49.300594,-25.281283],[-49.300665,-25.281279],[-49.300675,-25.281356],[-49.300715,-25.281381],[-49.3008,-25.281378],[-49.30091,-25.281318],[-49.301134,-25.281311],[-49.301203,-25.281327],[-49.301224,-25.281364],[-49.301256,-25.281378],[-49.301327,-25.281338],[-49.301298,-25.281316],[-49.301225,-25.281309],[-49.301228,-25.28129],[-49.30126,-25.281263],[-49.301275,-25.281216],[-49.30132,-25.281199],[-49.30136,-25.281227],[-49.301411,-25.281221],[-49.301415,-25.281162],[-49.301453,-25.281139],[-49.301511,-25.281126],[-49.3015,-25.281071],[-49.301507,-25.281061],[-49.301546,-25.281063],[-49.301586,-25.281094],[-49.301668,-25.281111],[-49.301688,-25.281109],[-49.301709,-25.281091],[-49.30175,-25.281094],[-49.30178,-25.28112],[-49.301821,-25.281122],[-49.301912,-25.281165],[-49.302003,-25.281104],[-49.301993,-25.281048],[-49.301957,-25.281011],[-49.301955,-25.280993],[-49.302016,-25.281006],[-49.302053,-25.281058],[-49.302016,-25.281132],[-49.302034,-25.281181],[-49.302065,-25.281174],[-49.302106,-25.281147],[-49.302197,-25.281188],[-49.302266,-25.281191],[-49.302235,-25.281209],[-49.302217,-25.281246],[-49.302234,-25.281274],[-49.302236,-25.281312],[-49.302177,-25.281301],[-49.302173,-25.281273],[-49.302156,-25.281257],[-49.302084,-25.281244],[-49.302065,-25.281253],[-49.302037,-25.281364],[-49.30207,-25.281402],[-49.30205,-25.281429],[-49.30201,-25.28144],[-49.301968,-25.281512],[-49.301978,-25.281538],[-49.302019,-25.281544],[-49.302039,-25.281559],[-49.302111,-25.281541],[-49.302173,-25.281449],[-49.302204,-25.281426],[-49.302221,-25.281431],[-49.302234,-25.281458],[-49.302316,-25.281462],[-49.302343,-25.281414],[-49.302314,-25.281368],[-49.302358,-25.281368],[-49.302389,-25.281337],[-49.30246,-25.281356],[-49.302511,-25.281351],[-49.302543,-25.281435],[-49.30253,-25.281459],[-49.302496,-25.281462],[-49.302496,-25.281509],[-49.302451,-25.281545],[-49.302467,-25.281583],[-49.302417,-25.281591],[-49.302386,-25.28156],[-49.302325,-25.281587],[-49.302283,-25.281649],[-49.302211,-25.28171],[-49.302129,-25.281672],[-49.302102,-25.281699],[-49.302152,-25.281755],[-49.302137,-25.281783],[-49.302107,-25.281797],[-49.302043,-25.281773],[-49.301913,-25.281854],[-49.301912,-25.28191],[-49.301882,-25.281947],[-49.30182,-25.282113],[-49.301827,-25.282145],[-49.301887,-25.282219],[-49.301928,-25.282236],[-49.302009,-25.282245],[-49.30206,-25.282273],[-49.302142,-25.282271],[-49.302213,-25.282249],[-49.302315,-25.282258],[-49.302458,-25.282248],[-49.302541,-25.282184],[-49.302602,-25.282174],[-49.302663,-25.282212],[-49.302785,-25.282246],[-49.302845,-25.282288],[-49.302897,-25.282302],[-49.302997,-25.28237],[-49.303076,-25.282378],[-49.30319,-25.282437],[-49.303313,-25.282404],[-49.303365,-25.282375],[-49.303388,-25.282382],[-49.303415,-25.282424],[-49.303445,-25.282441],[-49.303547,-25.282436],[-49.303568,-25.282429],[-49.303598,-25.282384],[-49.303589,-25.282356],[-49.303559,-25.282334],[-49.303518,-25.28232],[-49.303437,-25.282314],[-49.303376,-25.282328],[-49.303336,-25.282316],[-49.303465,-25.282234],[-49.303503,-25.282198],[-49.303504,-25.28217],[-49.30339,-25.281974],[-49.303524,-25.281908],[-49.303585,-25.281955],[-49.303567,-25.282004],[-49.303594,-25.282035],[-49.303635,-25.282046],[-49.303696,-25.28203],[-49.303716,-25.282037],[-49.303757,-25.282014],[-49.303775,-25.282034],[-49.303777,-25.282083],[-49.303752,-25.282108],[-49.303797,-25.282123],[-49.303846,-25.282211],[-49.30383,-25.282248],[-49.303846,-25.282285],[-49.303842,-25.282313],[-49.303825,-25.28235],[-49.30385,-25.282424],[-49.303846,-25.282471],[-49.303871,-25.282499],[-49.303821,-25.282582],[-49.303827,-25.282613]]}},{"type":"Feature","properties":{"alt":1011.0,"mestra":false},"geometry":{"type":"LineString","coordinates":[[-49.303219,-25.282621],[-49.303165,-25.282565],[-49.303202,-25.282528],[-49.303191,-25.28251],[-49.303148,-25.282514],[-49.303128,-25.282543],[-49.303115,-25.282537],[-49.303126,-25.282509],[-49.303118,-25.282502],[-49.303077,-25.282505],[-49.303015,-25.282591],[-49.302965,-25.282451],[-49.302935,-25.282435],[-49.302874,-25.282429],[-49.302854,-25.282441],[-49.302928,-25.282479],[-49.302941,-25.282516],[-49.302916,-25.282562],[-49.302923,-25.282609],[-49.302875,-25.282617],[-49.302862,-25.282663],[-49.302949,-25.282739],[-49.302655,-25.282738],[-49.302626,-25.282754]]}},{"type":"Feature","properties":{"alt":1011.0,"mestra":false},"geometry":{"type":"LineString","coordinates":[[-49.302483,-25.280488],[-49.302503,-25.280497],[-49.302518,-25.280535],[-49.30249,-25.280562],[-49.302502,-25.280579],[-49.302522,-25.280584],[-49.302553,-25.280562],[-49.302594,-25.280565],[-49.302655,-25.280588],[-49.302685,-25.280584],[-49.302701,-25.280611],[-49.302673,-25.280746],[-49.302622,-25.280716],[-49.302561,-25.280704],[-49.302529,-25.280758],[-49.30255,-25.280783],[-49.302588,-25.280795],[-49.302584,-25.280832],[-49.302508,-25.280878],[-49.302518,-25.280905],[-49.302548,-25.280923],[-49.302563,-25.280962],[-49.302537,-25.280985],[-49.302486,-25.280978],[-49.302476,-25.280998],[-49.302496,-25.281023],[-49.302537,-25.281008],[-49.302529,-25.281055],[-49.302597,-25.281091],[-49.30262,-25.281139],[-49.302595,-25.281259],[-49.302543,-25.281276],[-49.302458,-25.281193],[-49.30242,-25.281174],[-49.302442,-25.281137],[-49.302423,-25.281116],[-49.302392,-25.281105],[-49.302362,-25.281114],[-49.302321,-25.281084],[-49.302301,-25.281082],[-49.302239,-25.281126],[-49.302212,-25.28106],[-49.302196,-25.281051],[-49.302199,-25.281041],[-49.30225,-25.28104],[-49.302301,-25.281061],[-49.302325,-25.281052],[-49.302328,-25.281034],[-49.302303,-25.280996],[-49.302303,-25.280964],[-49.30234,-25.28096],[-49.302349,-25.280941],[-49.302334,-25.28093],[-49.302303,-25.280936],[-49.302299,-25.280913],[-49.302332,-25.280867],[-49.302351,-25.280793],[-49.302397,-25.280779],[-49.302416,-25.280756],[-49.302413,-25.280645],[-49.302399,-25.280613],[-49.30241,-25.280606],[-49.30244,-25.280621],[-49.302462,-25.280608],[-49.30247,-25.280581],[-49.302423,-25.280524],[-49.302452,-25.280487],[-49.302483,-25.280488]]}},{"type":"Feature","properties":{"alt":1011.0,"mestra":false},"geometry":{"type":"LineString","coordinates":[[-49.302664,-25.280627],[-49.30265,-25.280638],[-49.302654,-25.28065],[-49.302679,-25.280639],[-49.302664,-25.280627]]}},{"type":"Feature","properties":{"alt":1011.0,"mestra":false},"geometry":{"type":"LineString","coordinates":[[-49.301601,-25.280765],[-49.301672,-25.280797],[-49.301721,-25.280878],[-49.301712,-25.280888],[-49.301691,-25.280883],[-49.301672,-25.280845],[-49.301625,-25.280859],[-49.301581,-25.280914],[-49.301589,-25.280939],[-49.301616,-25.28097],[-49.301614,-25.280988],[-49.301588,-25.281008],[-49.301537,-25.281013],[-49.301455,-25.28094],[-49.301456,-25.280847],[-49.301488,-25.280802],[-49.30157,-25.280814],[-49.301601,-25.280765]]}},{"type":"Feature","properties":{"alt":1011.0,"mestra":false},"geometry":{"type":"LineString","coordinates":[[-49.302693,-25.280804],[-49.302702,-25.280827],[-49.302678,-25.280815],[-49.302682,-25.280801],[-49.302693,-25.280804]]}},{"type":"Feature","properties":{"alt":1011.0,"mestra":false},"geometry":{"type":"LineString","coordinates":[[-49.302713,-25.280832],[-49.302726,-25.280843],[-49.302722,-25.280863],[-49.302713,-25.280832]]}},{"type":"Feature","properties":{"alt":1011.0,"mestra":false},"geometry":{"type":"LineString","coordinates":[[-49.30167,-25.280924],[-49.301691,-25.280934],[-49.301685,-25.280943],[-49.301646,-25.280942],[-49.30165,-25.280924],[-49.30167,-25.280924]]}},{"type":"Feature","properties":{"alt":1011.0,"mestra":false},"geometry":{"type":"LineString","coordinates":[[-49.301854,-25.280935],[-49.301895,-25.280949],[-49.301887,-25.280982],[-49.301848,-25.281037],[-49.301802,-25.281034],[-49.301754,-25.28099],[-49.301809,-25.280963],[-49.301813,-25.280929],[-49.301854,-25.280935]]}},{"type":"Feature","properties":{"alt":1011.0,"mestra":false},"geometry":{"type":"LineString","coordinates":[[-49.301435,-25.280952],[-49.301442,-25.280968],[-49.301428,-25.280995],[-49.301398,-25.281004],[-49.301387,-25.280967],[-49.301405,-25.280954],[-49.301435,-25.280952]]}},{"type":"Feature","properties":{"alt":1011.0,"mestra":false},"geometry":{"type":"LineString","coordinates":[[-49.302381,-25.281173],[-49.302411,-25.281183],[-49.302381,-25.281207],[-49.302368,-25.281183],[-49.302381,-25.281173]]}},{"type":"Feature","properties":{"alt":1011.0,"mestra":false},"geometry":{"type":"LineString","coordinates":[[-49.301789,-25.281193],[-49.301768,-25.281194],[-49.301746,-25.281259],[-49.301819,-25.28128],[-49.301841,-25.281214],[-49.301789,-25.281193]]}},{"type":"Feature","properties":{"alt":1011.0,"mestra":false},"geometry":{"type":"LineString","coordinates":[[-49.301421,-25.281264],[-49.3014,-25.281292],[-49.30142,-25.28131],[-49.301436,-25.281302],[-49.30144,-25.281283],[-49.301421,-25.281264]]}},{"type":"Feature","properties":{"alt":1011.0,"mestra":false},"geometry":{"type":"LineString","coordinates":[[-49.302308,-25.281302],[-49.302336,-25.281321],[-49.302307,-25.28136],[-49.302286,-25.28133],[-49.302308,-25.281302]]}},{"type":"Feature","properties":{"alt":1011.0,"mestra":false},"geometry":{"type":"LineString","coordinates":[[-49.302257,-25.281327],[-49.302247,-25.28133],[-49.302257,-25.281327]]}},{"type":"Feature","properties":{"alt":1011.0,"mestra":false},"geometry":{"type":"LineString","coordinates":[[-49.301817,-25.28138],[-49.301776,-25.281408],[-49.301796,-25.281437],[-49.301827,-25.281434],[-49.301841,-25.281418],[-49.301837,-25.281397],[-49.301817,-25.28138]]}},{"type":"Feature","properties":{"alt":1011.0,"mestra":false},"geometry":{"type":"LineString","coordinates":[[-49.302143,-25.28141],[-49.302128,-25.281412],[-49.302143,-25.28141]]}},{"type":"Feature","properties":{"alt":1011.0,"mestra":false},"geometry":{"type":"LineString","coordinates":[[-49.301357,-25.281448],[-49.301308,-25.281458],[-49.301321,-25.281514],[-49.301286,-25.281541],[-49.301242,-25.281619],[-49.30112,-25.281637],[-49.301091,-25.28166],[-49.301064,-25.281696],[-49.301068,-25.281709],[-49.300996,-25.281703],[-49.300965,-25.281715],[-49.300942,-25.281751],[-49.300931,-25.281797],[-49.300934,-25.281834],[-49.300953,-25.281863],[-49.300984,-25.281876],[-49.301014,-25.281873],[-49.301117,-25.281809],[-49.301148,-25.281804],[-49.301185,-25.281818],[-49.301217,-25.281865],[-49.301249,-25.281879],[-49.301423,-25.281868],[-49.301545,-25.281903],[-49.301607,-25.281888],[-49.301618,-25.281861],[-49.301581,-25.281721],[-49.301598,-25.281705],[-49.301639,-25.281719],[-49.301659,-25.281714],[-49.301682,-25.281685],[-49.30168,-25.281657],[-49.30165,-25.281633],[-49.301579,-25.281603],[-49.301508,-25.281603],[-49.301457,-25.281627],[-49.301436,-25.281619],[-49.301467,-25.28159],[-49.301518,-25.281598],[-49.301569,-25.281572],[-49.301563,-25.28147],[-49.30153,-25.281461],[-49.301428,-25.281474],[-49.301408,-25.281457],[-49.301357,-25.281448]]}},{"type":"Feature","properties":{"alt":1011.0,"mestra":false},"geometry":{"type":"LineString","coordinates":[[-49.301428,-25.281488],[-49.301432,-25.281506],[-49.301417,-25.281518],[-49.301407,-25.281501],[-49.301428,-25.281488]]}},{"type":"Feature","properties":{"alt":1011.0,"mestra":false},"geometry":{"type":"LineString","coordinates":[[-49.300795,-25.281489],[-49.300795,-25.281489]]}},{"type":"Feature","properties":{"alt":1011.0,"mestra":false},"geometry":{"type":"LineString","coordinates":[[-49.300627,-25.281846],[-49.300596,-25.281849],[-49.300606,-25.28188],[-49.300627,-25.281846]]}},{"type":"Feature","properties":{"alt":1011.0,"mestra":false},"geometry":{"type":"LineString","coordinates":[[-49.300575,-25.281883],[-49.300556,-25.281895],[-49.300561,-25.281941],[-49.300625,-25.281933],[-49.30059,-25.281914],[-49.300575,-25.281883]]}},{"type":"Feature","properties":{"alt":1011.0,"mestra":false},"geometry":{"type":"LineString","coordinates":[[-49.300657,-25.281907],[-49.300636,-25.281913],[-49.300628,-25.281933],[-49.300667,-25.281924],[-49.300657,-25.281907]]}},{"type":"Feature","properties":{"alt":1011.0,"mestra":false},"geometry":{"type":"LineString","coordinates":[[-49.301268,-25.281958],[-49.301207,-25.281955],[-49.301143,-25.281976],[-49.30112,-25.282003],[-49.301175,-25.282057],[-49.301359,-25.282022],[-49.301397,-25.281997],[-49.301387,-25.281978],[-49.301319,-25.281977],[-49.301268,-25.281958]]}},{"type":"Feature","properties":{"alt":1011.0,"mestra":false},"geometry":{"type":"LineString","coordinates":[[-49.301023,-25.28201],[-49.300992,-25.282006],[-49.300954,-25.28202],[-49.300981,-25.282057],[-49.300944,-25.282094],[-49.30097,-25.28214],[-49.30101,-25.282162],[-49.301123,-25.282128],[-49.301141,-25.282096],[-49.3011,-25.282022],[-49.301023,-25.28201]]}},{"type":"Feature","properties":{"alt":1011.0,"mestra":false},"geometry":{"type":"LineString","coordinates":[[-49.302971,-25.282052],[-49.302981,-25.282071],[-49.302963,-25.282062],[-49.302971,-25.282052]]}},{"type":"Feature","properties":{"alt":1011.0,"mestra":false},"geometry":{"type":"LineString","coordinates":[[-49.30294,-25.282077],[-49.302991,-25.282085],[-49.303011,-25.282102],[-49.303121,-25.28228],[-49.303039,-25.28229],[-49.302999,-25.282273],[-49.302948,-25.28227],[-49.302795,-25.282221],[-49.302633,-25.282141],[-49.302643,-25.282095],[-49.302665,-25.282087],[-49.302726,-25.282101],[-49.302797,-25.282102],[-49.302837,-25.282137],[-49.302879,-25.282093],[-49.30294,-25.282077]]}},{"type":"Feature","properties":{"alt":1011.0,"mestra":false},"geometry":{"type":"LineString","coordinates":[[-49.301998,-25.282309],[-49.301978,-25.28231],[-49.301957,-25.282327],[-49.301953,-25.282375],[-49.301966,-25.282395],[-49.301997,-25.282381],[-49.302017,-25.282357],[-49.302014,-25.28232],[-49.301998,-25.282309]]}},{"type":"Feature","properties":{"alt":1011.0,"mestra":false},"geometry":{"type":"LineString","coordinates":[[-49.302171,-25.282329],[-49.302171,-25.282329]]}},{"type":"Feature","properties":{"alt":1011.0,"mestra":false},"geometry":{"type":"LineString","coordinates":[[-49.302538,-25.282344],[-49.302524,-25.282363],[-49.302538,-25.282371],[-49.302553,-25.282354],[-49.302538,-25.282344]]}},{"type":"Feature","properties":{"alt":1011.0,"mestra":false},"geometry":{"type":"LineString","coordinates":[[-49.302722,-25.282382],[-49.302697,-25.282383],[-49.30267,-25.282421],[-49.302619,-25.282424],[-49.302588,-25.282453],[-49.302582,-25.282484],[-49.302608,-25.282577],[-49.302667,-25.282611],[-49.302741,-25.282597],[-49.302747,-25.282532],[-49.302781,-25.282504],[-49.302801,-25.282519],[-49.302812,-25.282579],[-49.302841,-25.282602],[-49.302861,-25.282603],[-49.302882,-25.282534],[-49.302845,-25.282478],[-49.302842,-25.28245],[-49.302823,-25.282448],[-49.302792,-25.282468],[-49.302772,-25.282462],[-49.302777,-25.282421],[-49.302722,-25.282382]]}},{"type":"Feature","properties":{"alt":1011.0,"mestra":false},"geometry":{"type":"LineString","coordinates":[[-49.303649,-25.282504],[-49.303618,-25.282509],[-49.303609,-25.282533],[-49.303638,-25.282547],[-49.303689,-25.282543],[-49.303689,-25.282517],[-49.303649,-25.282504]]}},{"type":"Feature","properties":{"alt":1011.0,"mestra":false},"geometry":{"type":"LineString","coordinates":[[-49.30278,-25.282603],[-49.302767,-25.282607],[-49.30278,-25.282621],[-49.30278,-25.282603]]}},{"type":"Feature","properties":{"alt":1011.0,"mestra":false},"geometry":{"type":"LineString","coordinates":[[-49.302973,-25.282618],[-49.302984,-25.282628],[-49.302973,-25.282642],[-49.302958,-25.282627],[-49.302973,-25.282618]]}},{"type":"Feature","properties":{"alt":1012.0,"mestra":false},"geometry":{"type":"LineString","coordinates":[[-49.300516,-25.281729],[-49.300557,-25.281723],[-49.300578,-25.2817],[-49.300551,-25.281672],[-49.300546,-25.281607],[-49.300508,-25.281605],[-49.300508,-25.28158],[-49.300544,-25.28157],[-49.300539,-25.281558],[-49.300509,-25.281552],[-49.300512,-25.281322],[-49.300542,-25.281313],[-49.300594,-25.281273],[-49.300666,-25.281271],[-49.300679,-25.281284],[-49.300672,-25.281321],[-49.300685,-25.28136],[-49.300705,-25.281372],[-49.300766,-25.281377],[-49.300807,-25.281369],[-49.300869,-25.281327],[-49.30091,-25.281313],[-49.301206,-25.281315],[-49.301227,-25.281278],[-49.301258,-25.281255],[-49.301279,-25.281205],[-49.30133,-25.281189],[-49.30134,-25.281176],[-49.301354,-25.28118],[-49.301337,-25.281199],[-49.301348,-25.281217],[-49.301391,-25.281214],[-49.301412,-25.281153],[-49.301484,-25.28111],[-49.301465,-25.281079],[-49.3015,-25.281024],[-49.301493,-25.280996],[-49.301455,-25.280973],[-49.301427,-25.281005],[-49.301404,-25.281012],[-49.301384,-25.280995],[-49.301382,-25.280967],[-49.301435,-25.28094],[-49.301452,-25.280894],[-49.30145,-25.280847],[-49.301477,-25.280783],[-49.301509,-25.280805],[-49.30156,-25.280811],[-49.30158,-25.280793],[-49.301575,-25.280747],[-49.301627,-25.280729],[-49.30169,-25.280776],[-49.301739,-25.280869],[-49.301701,-25.280896],[-49.301671,-25.280855],[-49.301651,-25.280851],[-49.301589,-25.280905],[-49.301588,-25.280932],[-49.301625,-25.28097],[-49.30162,-25.280988],[-49.301536,-25.281034],[-49.301576,-25.281084],[-49.301678,-25.281107],[-49.301709,-25.281085],[-49.301753,-25.281083],[-49.301771,-25.28105],[-49.301781,-25.281055],[-49.301762,-25.281092],[-49.301772,-25.281111],[-49.301829,-25.281121],[-49.301912,-25.281159],[-49.301992,-25.281113],[-49.301999,-25.281095],[-49.301985,-25.281049],[-49.301934,-25.281001],[-49.301935,-25.280961],[-49.30191,-25.280964],[-49.301842,-25.281043],[-49.301789,-25.281037],[-49.301746,-25.28099],[-49.301803,-25.280959],[-49.301801,-25.280916],[-49.301814,-25.280909],[-49.301936,-25.280939],[-49.302038,-25.280931],[-49.302057,-25.280986],[-49.302112,-25.281013],[-49.302031,-25.281123],[-49.302034,-25.281164],[-49.302055,-25.281168],[-49.302096,-25.281139],[-49.302198,-25.28118],[-49.30229,-25.281169],[-49.302284,-25.281191],[-49.302234,-25.281227],[-49.302247,-25.281302],[-49.302277,-25.281317],[-49.302318,-25.281289],[-49.302344,-25.281321],[-49.302322,-25.281349],[-49.302338,-25.281367],[-49.302358,-25.281363],[-49.302389,-25.281333],[-49.30246,-25.281352],[-49.302512,-25.281346],[-49.30255,-25.281426],[-49.302536,-25.281463],[-49.302503,-25.281472],[-49.302497,-25.281518],[-49.302458,-25.281545],[-49.302482,-25.281583],[-49.302416,-25.281596],[-49.302386,-25.281566],[-49.302324,-25.281591],[-49.302283,-25.281653],[-49.302194,-25.281728],[-49.302194,-25.281774],[-49.302159,-25.281776],[-49.302107,-25.281801],[-49.302046,-25.281779],[-49.301923,-25.281857],[-49.301916,-25.28191],[-49.301887,-25.281947],[-49.301827,-25.282109],[-49.301834,-25.282141],[-49.301894,-25.282216],[-49.301928,-25.28223],[-49.302009,-25.282239],[-49.30207,-25.282265],[-49.302152,-25.282264],[-49.302213,-25.282246],[-49.302325,-25.282254],[-49.302458,-25.282244],[-49.302541,-25.282176],[-49.302612,-25.282165],[-49.302663,-25.282207],[-49.302775,-25.282233],[-49.30278,-25.282226],[-49.302757,-25.282208],[-49.302623,-25.282152],[-49.302634,-25.282096],[-49.302685,-25.282072],[-49.302736,-25.282088],[-49.302818,-25.282088],[-49.302859,-25.282056],[-49.302914,-25.282033],[-49.302902,-25.281968],[-49.302911,-25.281962],[-49.303051,-25.282148],[-49.303132,-25.282286],[-49.303039,-25.282295],[-49.302999,-25.282278],[-49.302944,-25.282275],[-49.302826,-25.282233],[-49.302791,-25.282236],[-49.302815,-25.282264],[-49.302906,-25.282302],[-49.302997,-25.282366],[-49.303079,-25.282375],[-49.30319,-25.28243],[-49.303375,-25.282368],[-49.303435,-25.282424],[-49.303476,-25.282436],[-49.303517,-25.282434],[-49.303558,-25.282422],[-49.303585,-25.282393],[-49.303585,-25.282366],[-49.303559,-25.282341],[-49.303518,-25.282325],[-49.303437,-25.28232],[-49.303375,-25.282337],[-49.303335,-25.282329],[-49.303327,-25.282316],[-49.303458,-25.282232],[-49.3035,-25.282188],[-49.303385,-25.281983],[-49.303389,-25.281964],[-49.30353,-25.281892],[-49.303604,-25.281874],[-49.30364,-25.281893],[-49.303639,-25.28193],[-49.303653,-25.281958],[-49.303646,-25.281977],[-49.303594,-25.281996],[-49.303604,-25.282022],[-49.303635,-25.282029],[-49.303661,-25.282023],[-49.303718,-25.281933],[-49.303758,-25.281949],[-49.303778,-25.281973],[-49.303801,-25.282099],[-49.303867,-25.28222],[-49.303846,-25.282251],[-49.303856,-25.282263],[-49.303887,-25.28226],[-49.30391,-25.282277],[-49.303909,-25.282397],[-49.30393,-25.282462],[-49.30391,-25.282555],[-49.303927,-25.28258]]}},{"type":"Feature","properties":{"alt":1012.0,"mestra":false},"geometry":{"type":"LineString","coordinates":[[-49.303173,-25.282661],[-49.303121,-25.282592],[-49.303104,-25.282536],[-49.30311,-25.282509],[-49.303098,-25.282505],[-49.303077,-25.282513],[-49.303043,-25.282554],[-49.303035,-25.282591],[-49.303004,-25.282619],[-49.303015,-25.282656],[-49.303002,-25.282702],[-49.303068,-25.28274],[-49.302655,-25.28274],[-49.302627,-25.282754]]}},{"type":"Feature","properties":{"alt":1012.0,"mestra":false},"geometry":{"type":"LineString","coordinates":[[-49.302473,-25.280477],[-49.302503,-25.280483],[-49.302533,-25.280538],[-49.302574,-25.280553],[-49.302635,-25.280546],[-49.302687,-25.280491],[-49.302708,-25.280518],[-49.302705,-25.280583],[-49.302736,-25.280615],[-49.302705,-25.280667],[-49.302699,-25.280713],[-49.302712,-25.28075],[-49.302707,-25.280806],[-49.302737,-25.280844],[-49.302722,-25.280874],[-49.302652,-25.280806],[-49.302667,-25.280768],[-49.302632,-25.280728],[-49.302571,-25.280712],[-49.302539,-25.280748],[-49.30255,-25.280776],[-49.302591,-25.280787],[-49.302596,-25.280823],[-49.302513,-25.280878],[-49.302518,-25.280897],[-49.302548,-25.280916],[-49.302568,-25.28096],[-49.302533,-25.281045],[-49.302547,-25.281064],[-49.302603,-25.281092],[-49.302624,-25.281139],[-49.302599,-25.281259],[-49.302543,-25.281281],[-49.302442,-25.281186],[-49.302422,-25.281184],[-49.302381,-25.281213],[-49.302367,-25.281201],[-49.302361,-25.281182],[-49.302371,-25.281166],[-49.302412,-25.28117],[-49.302436,-25.281146],[-49.302423,-25.281121],[-49.302392,-25.28111],[-49.302362,-25.281119],[-49.302321,-25.28109],[-49.302301,-25.281088],[-49.302239,-25.281141],[-49.302227,-25.281135],[-49.302209,-25.281069],[-49.302183,-25.281041],[-49.302189,-25.281033],[-49.302251,-25.281031],[-49.302301,-25.281056],[-49.302322,-25.281043],[-49.302295,-25.280996],[-49.302285,-25.280903],[-49.302319,-25.280867],[-49.302336,-25.280793],[-49.302356,-25.280777],[-49.302392,-25.280775],[-49.302407,-25.280756],[-49.302394,-25.280719],[-49.302402,-25.280682],[-49.30239,-25.280598],[-49.30244,-25.280609],[-49.302457,-25.280599],[-49.30246,-25.280581],[-49.302414,-25.280524],[-49.302452,-25.280481],[-49.302473,-25.280477]]}},{"type":"Feature","properties":{"alt":1012.0,"mestra":false},"geometry":{"type":"LineString","coordinates":[[-49.302523,-25.280551],[-49.302501,-25.280562],[-49.302512,-25.280575],[-49.302533,-25.280563],[-49.302523,-25.280551]]}},{"type":"Feature","properties":{"alt":1012.0,"mestra":false},"geometry":{"type":"LineString","coordinates":[[-49.30164,-25.280904],[-49.301646,-25.280914],[-49.301688,-25.280924],[-49.301694,-25.280943],[-49.301639,-25.280947],[-49.30164,-25.280904]]}},{"type":"Feature","properties":{"alt":1012.0,"mestra":false},"geometry":{"type":"LineString","coordinates":[[-49.302334,-25.280938],[-49.30232,-25.28095],[-49.302339,-25.28095],[-49.302334,-25.280938]]}},{"type":"Feature","properties":{"alt":1012.0,"mestra":false},"geometry":{"type":"LineString","coordinates":[[-49.302517,-25.280988],[-49.302486,-25.280987],[-49.302487,-25.281008],[-49.302506,-25.281016],[-49.302522,-25.280999],[-49.302517,-25.280988]]}},{"type":"Feature","properties":{"alt":1012.0,"mestra":false},"geometry":{"type":"LineString","coordinates":[[-49.302852,-25.281055],[-49.302831,-25.281114],[-49.302811,-25.281121],[-49.302785,-25.281113],[-49.302791,-25.281057],[-49.302852,-25.281055]]}},{"type":"Feature","properties":{"alt":1012.0,"mestra":false},"geometry":{"type":"LineString","coordinates":[[-49.301799,-25.281226],[-49.301787,-25.281241],[-49.301799,-25.281246],[-49.301799,-25.281226]]}},{"type":"Feature","properties":{"alt":1012.0,"mestra":false},"geometry":{"type":"LineString","coordinates":[[-49.302125,-25.281263],[-49.302077,-25.281263],[-49.302052,-25.281369],[-49.302093,-25.28139],[-49.302133,-25.281386],[-49.302154,-25.281344],[-49.302165,-25.281347],[-49.302188,-25.281375],[-49.302188,-25.281403],[-49.302239,-25.28145],[-49.302316,-25.281455],[-49.302337,-25.281414],[-49.302287,-25.281345],[-49.30224,-25.281339],[-49.30223,-25.28132],[-49.302206,-25.281309],[-49.302165,-25.281319],[-49.302155,-25.281273],[-49.302125,-25.281263]]}},{"type":"Feature","properties":{"alt":1012.0,"mestra":false},"geometry":{"type":"LineString","coordinates":[[-49.301431,-25.281273],[-49.301421,-25.281272],[-49.301407,-25.281292],[-49.30142,-25.281303],[-49.301433,-25.281292],[-49.301431,-25.281273]]}},{"type":"Feature","properties":{"alt":1012.0,"mestra":false},"geometry":{"type":"LineString","coordinates":[[-49.301287,-25.281318],[-49.301225,-25.281327],[-49.301234,-25.281364],[-49.301256,-25.281372],[-49.301309,-25.281347],[-49.301318,-25.281337],[-49.301287,-25.281318]]}},{"type":"Feature","properties":{"alt":1012.0,"mestra":false},"geometry":{"type":"LineString","coordinates":[[-49.301817,-25.28139],[-49.301788,-25.281408],[-49.301797,-25.281427],[-49.301816,-25.281429],[-49.301831,-25.281418],[-49.301817,-25.28139]]}},{"type":"Feature","properties":{"alt":1012.0,"mestra":false},"geometry":{"type":"LineString","coordinates":[[-49.302092,-25.281399],[-49.302057,-25.28143],[-49.30201,-25.281448],[-49.301972,-25.281512],[-49.301978,-25.281533],[-49.302049,-25.281556],[-49.302121,-25.281527],[-49.30213,-25.281495],[-49.302154,-25.281477],[-49.302182,-25.281422],[-49.302143,-25.28143],[-49.302092,-25.281399]]}},{"type":"Feature","properties":{"alt":1012.0,"mestra":false},"geometry":{"type":"LineString","coordinates":[[-49.301398,-25.281458],[-49.301347,-25.281449],[-49.301315,-25.281458],[-49.301308,-25.281467],[-49.301326,-25.281492],[-49.301324,-25.281514],[-49.301289,-25.281541],[-49.301252,-25.281628],[-49.30113,-25.281645],[-49.301103,-25.281669],[-49.301088,-25.281715],[-49.301067,-25.281726],[-49.300996,-25.28171],[-49.300967,-25.281723],[-49.30094,-25.281797],[-49.300959,-25.281853],[-49.300984,-25.281866],[-49.301014,-25.281863],[-49.301138,-25.2818],[-49.301178,-25.28181],[-49.301219,-25.281859],[-49.301249,-25.281873],[-49.30131,-25.281873],[-49.301433,-25.28185],[-49.301534,-25.281896],[-49.301606,-25.281885],[-49.301614,-25.28187],[-49.301598,-25.281842],[-49.301577,-25.281712],[-49.301598,-25.281697],[-49.301639,-25.281712],[-49.30166,-25.281707],[-49.301676,-25.281685],[-49.301673,-25.281657],[-49.301569,-25.281609],[-49.301508,-25.281613],[-49.301456,-25.281638],[-49.301416,-25.281628],[-49.301419,-25.281608],[-49.301455,-25.28159],[-49.301518,-25.28159],[-49.301562,-25.281572],[-49.301561,-25.281479],[-49.30153,-25.281463],[-49.301448,-25.281472],[-49.301427,-25.28154],[-49.301406,-25.281563],[-49.301414,-25.281533],[-49.3014,-25.281505],[-49.301418,-25.281478],[-49.301398,-25.281458]]}},{"type":"Feature","properties":{"alt":1012.0,"mestra":false},"geometry":{"type":"LineString","coordinates":[[-49.301324,-25.281648],[-49.301313,-25.281657],[-49.301324,-25.281648]]}},{"type":"Feature","properties":{"alt":1012.0,"mestra":false},"geometry":{"type":"LineString","coordinates":[[-49.300617,-25.281848],[-49.300606,-25.28185],[-49.300606,-25.281868],[-49.300616,-25.281865],[-49.300617,-25.281848]]}},{"type":"Feature","properties":{"alt":1012.0,"mestra":false},"geometry":{"type":"LineString","coordinates":[[-49.300575,-25.281891],[-49.300562,-25.281895],[-49.300558,-25.281932],[-49.30059,-25.281941],[-49.300609,-25.281932],[-49.300583,-25.281914],[-49.300575,-25.281891]]}},{"type":"Feature","properties":{"alt":1012.0,"mestra":false},"geometry":{"type":"LineString","coordinates":[[-49.300657,-25.281914],[-49.30064,-25.281923],[-49.300656,-25.281925],[-49.300657,-25.281914]]}},{"type":"Feature","properties":{"alt":1012.0,"mestra":false},"geometry":{"type":"LineString","coordinates":[[-49.301258,-25.281958],[-49.301227,-25.281954],[-49.301158,-25.281976],[-49.301133,-25.282003],[-49.301185,-25.282046],[-49.301313,-25.282024],[-49.301368,-25.281997],[-49.301309,-25.281986],[-49.301258,-25.281958]]}},{"type":"Feature","properties":{"alt":1012.0,"mestra":false},"geometry":{"type":"LineString","coordinates":[[-49.301012,-25.28201],[-49.300958,-25.28202],[-49.300985,-25.282057],[-49.300947,-25.282094],[-49.30097,-25.282132],[-49.30101,-25.282152],[-49.301103,-25.282118],[-49.301122,-25.282087],[-49.301094,-25.282028],[-49.301012,-25.28201]]}},{"type":"Feature","properties":{"alt":1012.0,"mestra":false},"geometry":{"type":"LineString","coordinates":[[-49.301998,-25.282317],[-49.301964,-25.282328],[-49.301967,-25.28238],[-49.301987,-25.282379],[-49.302008,-25.282362],[-49.302008,-25.282329],[-49.301998,-25.282317]]}},{"type":"Feature","properties":{"alt":1012.0,"mestra":false},"geometry":{"type":"LineString","coordinates":[[-49.302732,-25.282389],[-49.302701,-25.282388],[-49.30267,-25.282425],[-49.302629,-25.282424],[-49.302595,-25.282447],[-49.302585,-25.282484],[-49.302614,-25.282577],[-49.302678,-25.282607],[-49.302729,-25.282594],[-49.302743,-25.282579],[-49.302746,-25.282523],[-49.302781,-25.282499],[-49.302804,-25.282514],[-49.302821,-25.28258],[-49.302841,-25.282594],[-49.302862,-25.282591],[-49.302876,-25.282534],[-49.302864,-25.282506],[-49.302823,-25.282461],[-49.302792,-25.282473],[-49.302766,-25.282468],[-49.302772,-25.282421],[-49.302732,-25.282389]]}},{"type":"Feature","properties":{"alt":1012.0,"mestra":false},"geometry":{"type":"LineString","coordinates":[[-49.302935,-25.282439],[-49.302872,-25.282441],[-49.302941,-25.282479],[-49.302945,-25.282525],[-49.302922,-25.282571],[-49.302933,-25.282592],[-49.302953,-25.2826],[-49.302984,-25.282584],[-49.302992,-25.282554],[-49.302957,-25.282451],[-49.302935,-25.282439]]}},{"type":"Feature","properties":{"alt":1012.0,"mestra":false},"geometry":{"type":"LineString","coordinates":[[-49.302912,-25.282615],[-49.302876,-25.282627],[-49.302872,-25.282664],[-49.302911,-25.282687],[-49.302952,-25.282688],[-49.302964,-25.282674],[-49.302957,-25.282655],[-49.302912,-25.282615]]}},{"type":"Feature","properties":{"alt":1013.0,"mestra":false},"geometry":{"type":"LineString","coordinates":[[-49.300516,-25.281728],[-49.300557,-25.281721],[-49.300575,-25.2817],[-49.300548,-25.281672],[-49.300539,-25.281607],[-49.300508,-25.28161],[-49.300508,-25.281575],[-49.300538,-25.28157],[-49.300508,-25.281557],[-49.300512,-25.281305],[-49.300604,-25.281257],[-49.300666,-25.281264],[-49.300683,-25.281275],[-49.300676,-25.281321],[-49.300694,-25.281358],[-49.300766,-25.281371],[-49.300807,-25.281363],[-49.300859,-25.281324],[-49.3009,-25.28131],[-49.301196,-25.281307],[-49.301218,-25.281271],[-49.30125,-25.281253],[-49.301277,-25.281198],[-49.301351,-25.281169],[-49.301364,-25.28119],[-49.301348,-25.281208],[-49.30137,-25.281216],[-49.301395,-25.281199],[-49.301396,-25.281153],[-49.301447,-25.281116],[-49.301457,-25.28107],[-49.301481,-25.281033],[-49.301479,-25.281005],[-49.301455,-25.280989],[-49.301404,-25.281017],[-49.301384,-25.281004],[-49.301375,-25.280976],[-49.301383,-25.280958],[-49.301425,-25.28094],[-49.301444,-25.280903],[-49.301444,-25.280847],[-49.301465,-25.28081],[-49.301463,-25.280773],[-49.301489,-25.280773],[-49.301509,-25.280801],[-49.30155,-25.280808],[-49.301567,-25.280802],[-49.301576,-25.280784],[-49.301561,-25.280746],[-49.301612,-25.280699],[-49.301714,-25.280736],[-49.301775,-25.280715],[-49.301785,-25.280737],[-49.301745,-25.280832],[-49.301753,-25.280856],[-49.301804,-25.280884],[-49.301905,-25.280901],[-49.301922,-25.28089],[-49.301969,-25.280715],[-49.301979,-25.280716],[-49.302052,-25.280734],[-49.302091,-25.280786],[-49.302142,-25.28078],[-49.302223,-25.280807],[-49.302273,-25.28081],[-49.302259,-25.280866],[-49.302273,-25.280879],[-49.302294,-25.280877],[-49.302314,-25.280848],[-49.302298,-25.280811],[-49.302305,-25.280801],[-49.302346,-25.280765],[-49.302377,-25.280772],[-49.302399,-25.280756],[-49.302387,-25.280739],[-49.302364,-25.280737],[-49.302389,-25.280691],[-49.302375,-25.280645],[-49.302382,-25.280598],[-49.302389,-25.280586],[-49.30244,-25.280598],[-49.302451,-25.28059],[-49.302405,-25.280524],[-49.30245,-25.280478],[-49.302513,-25.280477],[-49.302533,-25.280528],[-49.302584,-25.280547],[-49.302628,-25.280527],[-49.302677,-25.280465],[-49.302738,-25.280451],[-49.302748,-25.280463],[-49.302737,-25.280528],[-49.30271,-25.280574],[-49.302726,-25.280591],[-49.302757,-25.280592],[-49.30276,-25.280612],[-49.302713,-25.280667],[-49.302706,-25.280713],[-49.30272,-25.280751],[-49.302711,-25.280797],[-49.302742,-25.280844],[-49.302732,-25.280873],[-49.302712,-25.280876],[-49.302649,-25.280815],[-49.302644,-25.280796],[-49.302657,-25.280768],[-49.302639,-25.28074],[-49.302571,-25.280717],[-49.302542,-25.280758],[-49.30256,-25.280778],[-49.302605,-25.280786],[-49.302603,-25.280823],[-49.302519,-25.280878],[-49.302571,-25.280953],[-49.302542,-25.281055],[-49.302597,-25.281082],[-49.302627,-25.28113],[-49.302612,-25.281232],[-49.302594,-25.281269],[-49.302543,-25.281286],[-49.302523,-25.28128],[-49.302507,-25.281249],[-49.302442,-25.281188],[-49.302422,-25.281187],[-49.302391,-25.281216],[-49.302371,-25.281213],[-49.302356,-25.281192],[-49.302361,-25.281161],[-49.302406,-25.281164],[-49.30243,-25.281146],[-49.302425,-25.281128],[-49.302402,-25.281116],[-49.302362,-25.281125],[-49.302321,-25.281094],[-49.302301,-25.281093],[-49.302259,-25.281146],[-49.302229,-25.281153],[-49.302209,-25.281079],[-49.30218,-25.281051],[-49.302176,-25.281032],[-49.302261,-25.281023],[-49.302291,-25.281047],[-49.302312,-25.281046],[-49.302312,-25.281025],[-49.302284,-25.280996],[-49.302283,-25.280922],[-49.302263,-25.280906],[-49.302191,-25.280889],[-49.302144,-25.280902],[-49.302131,-25.281013],[-49.302081,-25.281059],[-49.302074,-25.281105],[-49.302066,-25.281123],[-49.30204,-25.281132],[-49.302039,-25.281151],[-49.302055,-25.281154],[-49.302076,-25.281126],[-49.302198,-25.281171],[-49.302259,-25.281167],[-49.302279,-25.281156],[-49.302299,-25.281163],[-49.302301,-25.281182],[-49.302241,-25.281227],[-49.302255,-25.281302],[-49.302277,-25.281307],[-49.302319,-25.281276],[-49.302351,-25.281322],[-49.302329,-25.281349],[-49.302338,-25.281362],[-49.302356,-25.281359],[-49.302379,-25.28133],[-49.302461,-25.281347],[-49.302512,-25.28134],[-49.302557,-25.281426],[-49.302541,-25.281465],[-49.30251,-25.281478],[-49.302501,-25.281518],[-49.302464,-25.281546],[-49.302488,-25.281588],[-49.302416,-25.2816],[-49.302386,-25.281572],[-49.302324,-25.281595],[-49.302293,-25.281646],[-49.302209,-25.281728],[-49.302218,-25.281775],[-49.30221,-25.281781],[-49.302148,-25.281787],[-49.302107,-25.281806],[-49.302046,-25.281791],[-49.30195,-25.281846],[-49.301922,-25.281876],[-49.30192,-25.28191],[-49.301892,-25.281947],[-49.301838,-25.282095],[-49.301844,-25.282141],[-49.301908,-25.282217],[-49.302009,-25.282234],[-49.30207,-25.282258],[-49.302152,-25.282259],[-49.302203,-25.282243],[-49.302325,-25.28225],[-49.302449,-25.282241],[-49.30254,-25.282168],[-49.302613,-25.282151],[-49.302628,-25.282095],[-49.302655,-25.282073],[-49.302696,-25.282058],[-49.302746,-25.282072],[-49.302784,-25.28206],[-49.302829,-25.282024],[-49.302887,-25.282005],[-49.302891,-25.281959],[-49.302911,-25.281953],[-49.302992,-25.282053],[-49.303139,-25.282286],[-49.303039,-25.282299],[-49.302815,-25.282241],[-49.302824,-25.282264],[-49.302907,-25.282297],[-49.302997,-25.282362],[-49.303079,-25.282372],[-49.303191,-25.282422],[-49.303375,-25.282357],[-49.303461,-25.28242],[-49.303517,-25.282427],[-49.303558,-25.282413],[-49.303581,-25.282384],[-49.303571,-25.282356],[-49.303539,-25.282335],[-49.303437,-25.282324],[-49.303375,-25.282348],[-49.30332,-25.282325],[-49.303335,-25.282298],[-49.303459,-25.282226],[-49.303495,-25.282188],[-49.303378,-25.281974],[-49.303412,-25.281946],[-49.303616,-25.281846],[-49.303638,-25.281809],[-49.303709,-25.281835],[-49.303759,-25.281875],[-49.303802,-25.282016],[-49.303809,-25.282099],[-49.303884,-25.282239],[-49.303925,-25.282277],[-49.303911,-25.282314],[-49.303918,-25.282397],[-49.30394,-25.282462],[-49.30394,-25.282537],[-49.303958,-25.282565]]}},{"type":"Feature","properties":{"alt":1013.0,"mestra":false},"geometry":{"type":"LineString","coordinates":[[-49.303084,-25.28274],[-49.302655,-25.282742],[-49.302628,-25.282754]]}},{"type":"Feature","properties":{"alt":1013.0,"mestra":false},"geometry":{"type":"LineString","coordinates":[[-49.301661,-25.280855],[-49.301641,-25.280859],[-49.301627,-25.280886],[-49.301593,-25.280905],[-49.301589,-25.280926],[-49.301619,-25.280947],[-49.30164,-25.280893],[-49.301698,-25.280924],[-49.301701,-25.280943],[-49.301638,-25.280961],[-49.301619,-25.280998],[-49.301564,-25.281025],[-49.301551,-25.281043],[-49.301587,-25.281087],[-49.301668,-25.281101],[-49.301699,-25.281079],[-49.30174,-25.281084],[-49.30175,-25.281074],[-49.301775,-25.281027],[-49.301739,-25.28099],[-49.301792,-25.28096],[-49.3018,-25.280944],[-49.301783,-25.280896],[-49.301753,-25.280883],[-49.301701,-25.280902],[-49.301661,-25.280855]]}},{"type":"Feature","properties":{"alt":1013.0,"mestra":false},"geometry":{"type":"LineString","coordinates":[[-49.301925,-25.280973],[-49.301852,-25.281043],[-49.301791,-25.281046],[-49.301768,-25.281092],[-49.301778,-25.281111],[-49.301892,-25.281136],[-49.301912,-25.281152],[-49.301985,-25.281113],[-49.30199,-25.281067],[-49.301922,-25.281001],[-49.301925,-25.280973]]}},{"type":"Feature","properties":{"alt":1013.0,"mestra":false},"geometry":{"type":"LineString","coordinates":[[-49.302506,-25.280994],[-49.302496,-25.280992],[-49.302496,-25.281006],[-49.302506,-25.281006],[-49.302506,-25.280994]]}},{"type":"Feature","properties":{"alt":1013.0,"mestra":false},"geometry":{"type":"LineString","coordinates":[[-49.302873,-25.281029],[-49.302901,-25.28104],[-49.302893,-25.281077],[-49.302841,-25.281164],[-49.30282,-25.281168],[-49.302799,-25.281132],[-49.302772,-25.281113],[-49.302781,-25.281062],[-49.302802,-25.281042],[-49.302832,-25.281047],[-49.302873,-25.281029]]}},{"type":"Feature","properties":{"alt":1013.0,"mestra":false},"geometry":{"type":"LineString","coordinates":[[-49.302125,-25.281287],[-49.302104,-25.281283],[-49.302094,-25.281292],[-49.302079,-25.281346],[-49.302093,-25.281362],[-49.302113,-25.28136],[-49.302122,-25.281347],[-49.302125,-25.281287]]}},{"type":"Feature","properties":{"alt":1013.0,"mestra":false},"geometry":{"type":"LineString","coordinates":[[-49.30142,-25.281288],[-49.30142,-25.281288]]}},{"type":"Feature","properties":{"alt":1013.0,"mestra":false},"geometry":{"type":"LineString","coordinates":[[-49.302216,-25.281318],[-49.302196,-25.281316],[-49.302179,-25.281329],[-49.3022,-25.281366],[-49.302205,-25.281403],[-49.302245,-25.281447],[-49.302314,-25.281451],[-49.302332,-25.281414],[-49.302294,-25.281358],[-49.302277,-25.281345],[-49.302236,-25.281344],[-49.302216,-25.281318]]}},{"type":"Feature","properties":{"alt":1013.0,"mestra":false},"geometry":{"type":"LineString","coordinates":[[-49.301287,-25.281326],[-49.301246,-25.28133],[-49.301241,-25.281355],[-49.301256,-25.281364],[-49.301288,-25.281346],[-49.3013,-25.281337],[-49.301287,-25.281326]]}},{"type":"Feature","properties":{"alt":1013.0,"mestra":false},"geometry":{"type":"LineString","coordinates":[[-49.302102,-25.28142],[-49.302082,-25.281419],[-49.302016,-25.281448],[-49.301975,-25.281512],[-49.301983,-25.281531],[-49.302049,-25.281552],[-49.302111,-25.281532],[-49.302125,-25.281495],[-49.302152,-25.281468],[-49.302153,-25.281449],[-49.302102,-25.28142]]}},{"type":"Feature","properties":{"alt":1013.0,"mestra":false},"geometry":{"type":"LineString","coordinates":[[-49.301367,-25.281457],[-49.301337,-25.281454],[-49.301314,-25.281467],[-49.301327,-25.281514],[-49.301292,-25.281541],[-49.301269,-25.281597],[-49.301283,-25.281632],[-49.301343,-25.281644],[-49.301334,-25.281663],[-49.301313,-25.281671],[-49.301273,-25.281646],[-49.301171,-25.281645],[-49.301119,-25.281668],[-49.30109,-25.281725],[-49.301057,-25.281735],[-49.300986,-25.281719],[-49.300953,-25.281769],[-49.300951,-25.281816],[-49.300965,-25.281844],[-49.300984,-25.281854],[-49.301015,-25.281853],[-49.301107,-25.281801],[-49.301138,-25.281795],[-49.301182,-25.281809],[-49.301219,-25.281852],[-49.301249,-25.281866],[-49.301341,-25.28186],[-49.301433,-25.281819],[-49.301535,-25.28189],[-49.301586,-25.281891],[-49.301606,-25.281879],[-49.30157,-25.281712],[-49.301578,-25.281697],[-49.301609,-25.281686],[-49.301649,-25.281704],[-49.301669,-25.281685],[-49.301669,-25.281666],[-49.30165,-25.281649],[-49.301569,-25.281616],[-49.301508,-25.28162],[-49.301466,-25.281647],[-49.301406,-25.281663],[-49.301395,-25.281626],[-49.301416,-25.281598],[-49.301467,-25.281581],[-49.301518,-25.281587],[-49.301556,-25.281572],[-49.301558,-25.281479],[-49.30153,-25.281465],[-49.301448,-25.281478],[-49.301436,-25.281534],[-49.301406,-25.281573],[-49.301395,-25.281561],[-49.301407,-25.281533],[-49.301396,-25.281505],[-49.301408,-25.281468],[-49.301367,-25.281457]]}},{"type":"Feature","properties":{"alt":1013.0,"mestra":false},"geometry":{"type":"LineString","coordinates":[[-49.301262,-25.281661],[-49.301277,-25.281671],[-49.301262,-25.28169],[-49.301249,-25.281671],[-49.301262,-25.281661]]}},{"type":"Feature","properties":{"alt":1013.0,"mestra":false},"geometry":{"type":"LineString","coordinates":[[-49.303708,-25.281882],[-49.303698,-25.281894],[-49.303708,-25.281882]]}},{"type":"Feature","properties":{"alt":1013.0,"mestra":false},"geometry":{"type":"LineString","coordinates":[[-49.300585,-25.281921],[-49.300565,-25.281918],[-49.300563,-25.281932],[-49.300599,-25.281932],[-49.300585,-25.281921]]}},{"type":"Feature","properties":{"alt":1013.0,"mestra":false},"geometry":{"type":"LineString","coordinates":[[-49.301238,-25.281957],[-49.301156,-25.281984],[-49.301144,-25.282004],[-49.301186,-25.282038],[-49.301247,-25.282033],[-49.301297,-25.282015],[-49.30129,-25.281977],[-49.301238,-25.281957]]}},{"type":"Feature","properties":{"alt":1013.0,"mestra":false},"geometry":{"type":"LineString","coordinates":[[-49.301002,-25.28201],[-49.300964,-25.28202],[-49.300989,-25.282057],[-49.30095,-25.282094],[-49.30098,-25.282133],[-49.301021,-25.282143],[-49.301098,-25.282105],[-49.301109,-25.282077],[-49.301084,-25.282027],[-49.301002,-25.28201]]}},{"type":"Feature","properties":{"alt":1013.0,"mestra":false},"geometry":{"type":"LineString","coordinates":[[-49.302653,-25.282167],[-49.302635,-25.282169],[-49.302633,-25.282178],[-49.302653,-25.282197],[-49.302758,-25.282226],[-49.302757,-25.282217],[-49.302653,-25.282167]]}},{"type":"Feature","properties":{"alt":1013.0,"mestra":false},"geometry":{"type":"LineString","coordinates":[[-49.301988,-25.282327],[-49.30197,-25.282338],[-49.301977,-25.282369],[-49.302,-25.282357],[-49.301988,-25.282327]]}},{"type":"Feature","properties":{"alt":1013.0,"mestra":false},"geometry":{"type":"LineString","coordinates":[[-49.302722,-25.282392],[-49.302691,-25.282402],[-49.30267,-25.282429],[-49.302619,-25.28243],[-49.302593,-25.282456],[-49.30259,-25.282493],[-49.302621,-25.282577],[-49.302678,-25.282603],[-49.302729,-25.282589],[-49.302739,-25.282579],[-49.302741,-25.282523],[-49.302771,-25.282492],[-49.302802,-25.282506],[-49.302824,-25.28257],[-49.302851,-25.282587],[-49.302871,-25.282534],[-49.302858,-25.282506],[-49.302822,-25.282474],[-49.302771,-25.282481],[-49.302761,-25.282473],[-49.302767,-25.282421],[-49.302722,-25.282392]]}},{"type":"Feature","properties":{"alt":1013.0,"mestra":false},"geometry":{"type":"LineString","coordinates":[[-49.302915,-25.282441],[-49.302899,-25.282451],[-49.302935,-25.282465],[-49.30295,-25.28246],[-49.302915,-25.282441]]}},{"type":"Feature","properties":{"alt":1013.0,"mestra":false},"geometry":{"type":"LineString","coordinates":[[-49.302965,-25.282489],[-49.302955,-25.282489],[-49.30295,-25.282525],[-49.302926,-25.282562],[-49.302943,-25.282589],[-49.302964,-25.282585],[-49.302983,-25.282563],[-49.302965,-25.282489]]}},{"type":"Feature","properties":{"alt":1013.0,"mestra":false},"geometry":{"type":"LineString","coordinates":[[-49.303097,-25.282517],[-49.303083,-25.282518],[-49.303046,-25.282564],[-49.303045,-25.282601],[-49.303027,-25.282619],[-49.303055,-25.282642],[-49.303072,-25.282638],[-49.303074,-25.282601],[-49.3031,-25.282564],[-49.303097,-25.282517]]}},{"type":"Feature","properties":{"alt":1013.0,"mestra":false},"geometry":{"type":"LineString","coordinates":[[-49.302922,-25.282625],[-49.302892,-25.282621],[-49.302876,-25.282645],[-49.302891,-25.282671],[-49.302922,-25.28268],[-49.302948,-25.282664],[-49.302922,-25.282625]]}},{"type":"Feature","properties":{"alt":1014.0,"mestra":false},"geometry":{"type":"LineString","coordinates":[[-49.300516,-25.281726],[-49.300557,-25.281719],[-49.300572,-25.2817],[-49.300545,-25.281672],[-49.300538,-25.281614],[-49.300508,-25.281617],[-49.300508,-25.28157],[-49.300522,-25.28157],[-49.300508,-25.281564],[-49.300506,-25.281532],[-49.300512,-25.281286],[-49.300594,-25.281245],[-49.300625,-25.28124],[-49.300686,-25.28127],[-49.300681,-25.281321],[-49.300695,-25.28135],[-49.300776,-25.281364],[-49.30089,-25.281305],[-49.301094,-25.281311],[-49.301193,-25.281299],[-49.301215,-25.281262],[-49.30125,-25.281244],[-49.301269,-25.281191],[-49.301341,-25.281163],[-49.30137,-25.281171],[-49.301381,-25.281195],[-49.301388,-25.28119],[-49.301383,-25.281153],[-49.301429,-25.281116],[-49.30147,-25.281024],[-49.301455,-25.281004],[-49.301414,-25.281022],[-49.301394,-25.281018],[-49.301378,-25.281004],[-49.301371,-25.280967],[-49.301418,-25.28094],[-49.301439,-25.280903],[-49.301439,-25.280847],[-49.301462,-25.280801],[-49.301454,-25.280773],[-49.301489,-25.280767],[-49.301519,-25.280802],[-49.30156,-25.2808],[-49.30157,-25.280784],[-49.301554,-25.280746],[-49.301602,-25.280685],[-49.301633,-25.280688],[-49.301673,-25.280719],[-49.301714,-25.280726],[-49.301734,-25.280721],[-49.301776,-25.280685],[-49.301796,-25.280688],[-49.301805,-25.280721],[-49.301758,-25.280842],[-49.301794,-25.280866],[-49.301875,-25.280887],[-49.301895,-25.280885],[-49.301908,-25.280871],[-49.301959,-25.280701],[-49.302213,-25.280778],[-49.302295,-25.280789],[-49.302326,-25.280774],[-49.302379,-25.280691],[-49.302378,-25.280672],[-49.302355,-25.280644],[-49.302378,-25.280617],[-49.302373,-25.280589],[-49.302421,-25.28058],[-49.302425,-25.280571],[-49.302401,-25.280517],[-49.302463,-25.280467],[-49.302493,-25.280474],[-49.302522,-25.280461],[-49.302525,-25.280424],[-49.302484,-25.280409],[-49.302484,-25.280401],[-49.302525,-25.280395],[-49.302562,-25.280443],[-49.302563,-25.280452],[-49.302524,-25.280479],[-49.302521,-25.280498],[-49.302543,-25.280531],[-49.302584,-25.280541],[-49.30261,-25.280527],[-49.302655,-25.280462],[-49.302706,-25.280435],[-49.302734,-25.280398],[-49.30277,-25.280378],[-49.302783,-25.280427],[-49.302759,-25.280491],[-49.302757,-25.280544],[-49.302716,-25.280565],[-49.302725,-25.280584],[-49.302736,-25.280583],[-49.302757,-25.28055],[-49.302774,-25.280566],[-49.302785,-25.280612],[-49.302746,-25.280635],[-49.302715,-25.280676],[-49.30271,-25.280713],[-49.302725,-25.280751],[-49.302715,-25.280797],[-49.302746,-25.280844],[-49.302732,-25.28088],[-49.302712,-25.280882],[-49.302642,-25.280815],[-49.302635,-25.280787],[-49.302648,-25.280768],[-49.302633,-25.28074],[-49.302581,-25.280722],[-49.302561,-25.280728],[-49.302547,-25.280758],[-49.30257,-25.280778],[-49.302611,-25.280779],[-49.302609,-25.280823],[-49.302524,-25.280878],[-49.302576,-25.280962],[-49.302543,-25.281045],[-49.302597,-25.281078],[-49.302631,-25.28113],[-49.302605,-25.281261],[-49.302594,-25.281273],[-49.302523,-25.281291],[-49.302501,-25.281249],[-49.302442,-25.281191],[-49.302422,-25.28119],[-49.302391,-25.281221],[-49.30237,-25.28122],[-49.302351,-25.281192],[-49.30235,-25.281164],[-49.302371,-25.281148],[-49.302412,-25.281156],[-49.302424,-25.281137],[-49.302392,-25.281121],[-49.302361,-25.281132],[-49.302311,-25.281096],[-49.302289,-25.281107],[-49.302276,-25.281135],[-49.302308,-25.281163],[-49.302309,-25.281182],[-49.302242,-25.281237],[-49.302257,-25.281297],[-49.302277,-25.281299],[-49.302319,-25.281267],[-49.302336,-25.281303],[-49.302369,-25.281327],[-49.302471,-25.281343],[-49.302502,-25.281332],[-49.302522,-25.281341],[-49.302565,-25.281417],[-49.30254,-25.281472],[-49.302518,-25.281481],[-49.302505,-25.281518],[-49.30247,-25.281546],[-49.302498,-25.281592],[-49.302416,-25.281605],[-49.302386,-25.281579],[-49.302324,-25.281598],[-49.302296,-25.281646],[-49.302218,-25.281728],[-49.30222,-25.281749],[-49.302261,-25.281764],[-49.302261,-25.281777],[-49.302199,-25.281793],[-49.302148,-25.281793],[-49.302097,-25.281812],[-49.302046,-25.281802],[-49.301962,-25.281846],[-49.30193,-25.281883],[-49.301921,-25.28192],[-49.301894,-25.281956],[-49.301847,-25.282095],[-49.301856,-25.282142],[-49.301918,-25.282214],[-49.301999,-25.282225],[-49.30207,-25.282252],[-49.302152,-25.282255],[-49.302203,-25.282239],[-49.302264,-25.282236],[-49.302326,-25.282247],[-49.302448,-25.282236],[-49.302497,-25.282205],[-49.302531,-25.282165],[-49.302602,-25.28215],[-49.302623,-25.282095],[-49.302696,-25.282034],[-49.302788,-25.28199],[-49.30286,-25.281971],[-49.302901,-25.281943],[-49.302932,-25.281964],[-49.302995,-25.282053],[-49.303144,-25.282296],[-49.303039,-25.282304],[-49.302846,-25.28225],[-49.302828,-25.282255],[-49.302849,-25.282274],[-49.302907,-25.28229],[-49.302998,-25.282358],[-49.303079,-25.282368],[-49.30313,-25.282397],[-49.303201,-25.282411],[-49.303242,-25.282387],[-49.303303,-25.282378],[-49.303328,-25.282363],[-49.303339,-25.282354],[-49.303313,-25.282325],[-49.303318,-25.282307],[-49.303452,-25.282225],[-49.303489,-25.282188],[-49.303373,-25.281974],[-49.303391,-25.281954],[-49.303613,-25.281837],[-49.303623,-25.281809],[-49.30361,-25.281772],[-49.303618,-25.281769],[-49.303658,-25.281802],[-49.30375,-25.2818],[-49.30377,-25.28182],[-49.303785,-25.281941],[-49.303811,-25.282016],[-49.303809,-25.282081],[-49.303859,-25.282183],[-49.303931,-25.282268],[-49.303917,-25.282314],[-49.303924,-25.282397],[-49.303959,-25.282528],[-49.303985,-25.282556]]}},{"type":"Feature","properties":{"alt":1014.0,"mestra":false},"geometry":{"type":"LineString","coordinates":[[-49.303085,-25.282741],[-49.302961,-25.282749],[-49.302655,-25.282744],[-49.30263,-25.282754]]}},{"type":"Feature","properties":{"alt":1014.0,"mestra":false},"geometry":{"type":"LineString","coordinates":[[-49.302497,-25.280191],[-49.302547,-25.280243],[-49.302516,-25.280295],[-49.302496,-25.280287],[-49.302504,-25.280228],[-49.302488,-25.2802],[-49.302497,-25.280191]]}},{"type":"Feature","properties":{"alt":1014.0,"mestra":false},"geometry":{"type":"LineString","coordinates":[[-49.302317,-25.280633],[-49.302297,-25.280671],[-49.302271,-25.280662],[-49.302297,-25.280636],[-49.302317,-25.280633]]}},{"type":"Feature","properties":{"alt":1014.0,"mestra":false},"geometry":{"type":"LineString","coordinates":[[-49.301521,-25.280651],[-49.301521,-25.280651]]}},{"type":"Feature","properties":{"alt":1014.0,"mestra":false},"geometry":{"type":"LineString","coordinates":[[-49.302387,-25.280755],[-49.302375,-25.280756],[-49.302387,-25.280755]]}},{"type":"Feature","properties":{"alt":1014.0,"mestra":false},"geometry":{"type":"LineString","coordinates":[[-49.302294,-25.280833],[-49.302272,-25.280847],[-49.302283,-25.280868],[-49.302304,-25.280857],[-49.302294,-25.280833]]}},{"type":"Feature","properties":{"alt":1014.0,"mestra":false},"geometry":{"type":"LineString","coordinates":[[-49.301661,-25.280861],[-49.301641,-25.280865],[-49.301634,-25.280877],[-49.301671,-25.280909],[-49.301688,-25.280906],[-49.301661,-25.280861]]}},{"type":"Feature","properties":{"alt":1014.0,"mestra":false},"geometry":{"type":"LineString","coordinates":[[-49.302191,-25.280901],[-49.302157,-25.280911],[-49.302142,-25.281013],[-49.302081,-25.281068],[-49.302092,-25.281124],[-49.302147,-25.281153],[-49.302198,-25.281143],[-49.302211,-25.281125],[-49.302205,-25.281079],[-49.302176,-25.28105],[-49.302169,-25.281025],[-49.30223,-25.281021],[-49.302264,-25.281005],[-49.302263,-25.280968],[-49.302278,-25.28094],[-49.302262,-25.280916],[-49.302191,-25.280901]]}},{"type":"Feature","properties":{"alt":1014.0,"mestra":false},"geometry":{"type":"LineString","coordinates":[[-49.301763,-25.280895],[-49.301742,-25.280892],[-49.301711,-25.280906],[-49.3017,-25.280915],[-49.301708,-25.280934],[-49.301701,-25.280947],[-49.301655,-25.280961],[-49.301625,-25.280998],[-49.301565,-25.281034],[-49.301563,-25.281053],[-49.301583,-25.281081],[-49.301668,-25.281092],[-49.301689,-25.281071],[-49.301729,-25.28108],[-49.301744,-25.281073],[-49.301767,-25.281027],[-49.301733,-25.28099],[-49.301794,-25.280944],[-49.301783,-25.280912],[-49.301763,-25.280895]]}},{"type":"Feature","properties":{"alt":1014.0,"mestra":false},"geometry":{"type":"LineString","coordinates":[[-49.30162,-25.280896],[-49.301591,-25.280914],[-49.301609,-25.28094],[-49.301625,-25.280924],[-49.30162,-25.280896]]}},{"type":"Feature","properties":{"alt":1014.0,"mestra":false},"geometry":{"type":"LineString","coordinates":[[-49.302873,-25.281021],[-49.302924,-25.281041],[-49.302908,-25.281087],[-49.302863,-25.281133],[-49.302858,-25.281188],[-49.30284,-25.281194],[-49.30281,-25.281174],[-49.302765,-25.281113],[-49.302783,-25.281048],[-49.302802,-25.281033],[-49.302832,-25.281041],[-49.302873,-25.281021]]}},{"type":"Feature","properties":{"alt":1014.0,"mestra":false},"geometry":{"type":"LineString","coordinates":[[-49.301924,-25.28101],[-49.301894,-25.281003],[-49.301852,-25.281047],[-49.301801,-25.281047],[-49.301775,-25.281083],[-49.301774,-25.281102],[-49.301861,-25.281133],[-49.301892,-25.281129],[-49.301912,-25.281146],[-49.301935,-25.28114],[-49.301984,-25.281109],[-49.30199,-25.281085],[-49.301975,-25.281049],[-49.301924,-25.28101]]}},{"type":"Feature","properties":{"alt":1014.0,"mestra":false},"geometry":{"type":"LineString","coordinates":[[-49.302302,-25.281023],[-49.302281,-25.281017],[-49.302279,-25.281024],[-49.302301,-25.281043],[-49.302302,-25.281023]]}},{"type":"Feature","properties":{"alt":1014.0,"mestra":false},"geometry":{"type":"LineString","coordinates":[[-49.302216,-25.281327],[-49.302195,-25.281325],[-49.302192,-25.281338],[-49.302216,-25.281345],[-49.302216,-25.281327]]}},{"type":"Feature","properties":{"alt":1014.0,"mestra":false},"geometry":{"type":"LineString","coordinates":[[-49.302348,-25.281342],[-49.302338,-25.281354],[-49.302355,-25.281349],[-49.302348,-25.281342]]}},{"type":"Feature","properties":{"alt":1014.0,"mestra":false},"geometry":{"type":"LineString","coordinates":[[-49.302267,-25.281348],[-49.302216,-25.281354],[-49.302207,-25.281394],[-49.302245,-25.281441],[-49.302306,-25.281452],[-49.302326,-25.281433],[-49.302327,-25.281414],[-49.302289,-25.281358],[-49.302267,-25.281348]]}},{"type":"Feature","properties":{"alt":1014.0,"mestra":false},"geometry":{"type":"LineString","coordinates":[[-49.302092,-25.281429],[-49.30202,-25.281448],[-49.301979,-25.281512],[-49.301989,-25.28153],[-49.30205,-25.281548],[-49.302111,-25.281527],[-49.302119,-25.281495],[-49.302147,-25.281458],[-49.302133,-25.28144],[-49.302092,-25.281429]]}},{"type":"Feature","properties":{"alt":1014.0,"mestra":false},"geometry":{"type":"LineString","coordinates":[[-49.301357,-25.281457],[-49.301319,-25.281467],[-49.301329,-25.281514],[-49.301294,-25.281541],[-49.301274,-25.281597],[-49.301293,-25.281622],[-49.301354,-25.281635],[-49.301333,-25.281672],[-49.301293,-25.281677],[-49.301262,-25.281695],[-49.301232,-25.281658],[-49.301191,-25.281654],[-49.301136,-25.281669],[-49.301098,-25.281733],[-49.301057,-25.281742],[-49.300986,-25.281729],[-49.30096,-25.281779],[-49.300974,-25.281836],[-49.301015,-25.28184],[-49.301128,-25.281784],[-49.301188,-25.281809],[-49.301239,-25.281857],[-49.3013,-25.28186],[-49.301369,-25.281839],[-49.301415,-25.281793],[-49.301465,-25.281776],[-49.301471,-25.281822],[-49.30151,-25.281869],[-49.301545,-25.281888],[-49.3016,-25.281879],[-49.301562,-25.281711],[-49.301601,-25.281665],[-49.301602,-25.281638],[-49.301569,-25.281623],[-49.301508,-25.281627],[-49.301466,-25.28166],[-49.301405,-25.281682],[-49.301377,-25.281635],[-49.301408,-25.281589],[-49.30139,-25.281561],[-49.301402,-25.281533],[-49.301394,-25.281496],[-49.301405,-25.281478],[-49.301398,-25.281466],[-49.301357,-25.281457]]}},{"type":"Feature","properties":{"alt":1014.0,"mestra":false},"geometry":{"type":"LineString","coordinates":[[-49.30154,-25.281469],[-49.301459,-25.28148],[-49.301419,-25.28158],[-49.301508,-25.281584],[-49.301551,-25.281572],[-49.301556,-25.281489],[-49.30154,-25.281469]]}},{"type":"Feature","properties":{"alt":1014.0,"mestra":false},"geometry":{"type":"LineString","coordinates":[[-49.30165,-25.28167],[-49.301639,-25.281685],[-49.301652,-25.281685],[-49.30165,-25.28167]]}},{"type":"Feature","properties":{"alt":1014.0,"mestra":false},"geometry":{"type":"LineString","coordinates":[[-49.303608,-25.28176],[-49.303608,-25.281768],[-49.303608,-25.28176]]}},{"type":"Feature","properties":{"alt":1014.0,"mestra":false},"geometry":{"type":"LineString","coordinates":[[-49.301118,-25.281745],[-49.301118,-25.281766],[-49.30111,-25.281753],[-49.301118,-25.281745]]}},{"type":"Feature","properties":{"alt":1014.0,"mestra":false},"geometry":{"type":"LineString","coordinates":[[-49.300575,-25.281922],[-49.300573,-25.281932],[-49.300585,-25.281932],[-49.300575,-25.281922]]}},{"type":"Feature","properties":{"alt":1014.0,"mestra":false},"geometry":{"type":"LineString","coordinates":[[-49.301268,-25.281968],[-49.301213,-25.281967],[-49.301166,-25.281987],[-49.301155,-25.282004],[-49.301186,-25.28203],[-49.301257,-25.282024],[-49.301281,-25.282005],[-49.301282,-25.281977],[-49.301268,-25.281968]]}},{"type":"Feature","properties":{"alt":1014.0,"mestra":false},"geometry":{"type":"LineString","coordinates":[[-49.301022,-25.28202],[-49.30097,-25.28202],[-49.300997,-25.282048],[-49.300956,-25.282094],[-49.30098,-25.282125],[-49.301011,-25.282135],[-49.301083,-25.282103],[-49.3011,-25.282077],[-49.301081,-25.282031],[-49.301022,-25.28202]]}},{"type":"Feature","properties":{"alt":1014.0,"mestra":false},"geometry":{"type":"LineString","coordinates":[[-49.302663,-25.282178],[-49.302647,-25.282179],[-49.302652,-25.282188],[-49.302685,-25.282198],[-49.302663,-25.282178]]}},{"type":"Feature","properties":{"alt":1014.0,"mestra":false},"geometry":{"type":"LineString","coordinates":[[-49.303528,-25.282335],[-49.303427,-25.282329],[-49.303392,-25.282354],[-49.303426,-25.282391],[-49.303487,-25.282418],[-49.303517,-25.282421],[-49.303548,-25.282411],[-49.303575,-25.282384],[-49.303569,-25.282362],[-49.303528,-25.282335]]}},{"type":"Feature","properties":{"alt":1014.0,"mestra":false},"geometry":{"type":"LineString","coordinates":[[-49.302732,-25.2824],[-49.302701,-25.282399],[-49.30267,-25.282432],[-49.302629,-25.282429],[-49.302593,-25.282466],[-49.302621,-25.282568],[-49.302678,-25.282599],[-49.302735,-25.282579],[-49.302736,-25.282523],[-49.302761,-25.282486],[-49.302751,-25.282458],[-49.302766,-25.28243],[-49.302732,-25.2824]]}},{"type":"Feature","properties":{"alt":1014.0,"mestra":false},"geometry":{"type":"LineString","coordinates":[[-49.302822,-25.282482],[-49.302791,-25.282486],[-49.302831,-25.282568],[-49.302852,-25.282577],[-49.302863,-25.282524],[-49.302822,-25.282482]]}},{"type":"Feature","properties":{"alt":1014.0,"mestra":false},"geometry":{"type":"LineString","coordinates":[[-49.302965,-25.282503],[-49.302931,-25.282562],[-49.302943,-25.282582],[-49.302964,-25.282575],[-49.302979,-25.282553],[-49.302965,-25.282503]]}},{"type":"Feature","properties":{"alt":1014.0,"mestra":false},"geometry":{"type":"LineString","coordinates":[[-49.303076,-25.282549],[-49.303056,-25.282561],[-49.303056,-25.282576],[-49.303077,-25.282573],[-49.303084,-25.282555],[-49.303076,-25.282549]]}},{"type":"Feature","properties":{"alt":1014.0,"mestra":false},"geometry":{"type":"LineString","coordinates":[[-49.302912,-25.282626],[-49.302892,-25.282627],[-49.302882,-25.282645],[-49.302891,-25.282662],[-49.302922,-25.282672],[-49.302938,-25.282655],[-49.302912,-25.282626]]}},{"type":"Feature","properties":{"alt":1015.0,"mestra":true},"geometry":{"type":"LineString","coordinates":[[-49.300516,-25.281724],[-49.300552,-25.281718],[-49.300569,-25.2817],[-49.300543,-25.281672],[-49.300536,-25.281625],[-49.300508,-25.281621],[-49.300513,-25.281264],[-49.300605,-25.281224],[-49.300666,-25.28121],[-49.300679,-25.281219],[-49.300657,-25.281237],[-49.300692,-25.281275],[-49.300684,-25.281312],[-49.300694,-25.28134],[-49.300777,-25.281357],[-49.300879,-25.281299],[-49.300992,-25.281297],[-49.301094,-25.281309],[-49.301186,-25.281294],[-49.301207,-25.281261],[-49.301248,-25.281237],[-49.301258,-25.281179],[-49.301371,-25.281154],[-49.301387,-25.281125],[-49.301439,-25.281079],[-49.301458,-25.281024],[-49.301383,-25.281018],[-49.301366,-25.280967],[-49.301415,-25.280937],[-49.301435,-25.280903],[-49.301434,-25.280847],[-49.301456,-25.28081],[-49.301448,-25.280773],[-49.301458,-25.280763],[-49.301489,-25.280763],[-49.301519,-25.280798],[-49.301559,-25.280793],[-49.301548,-25.280746],[-49.301582,-25.280679],[-49.301623,-25.280675],[-49.301673,-25.280714],[-49.301714,-25.280719],[-49.301738,-25.280711],[-49.30177,-25.280675],[-49.30182,-25.280675],[-49.301819,-25.280722],[-49.301771,-25.280842],[-49.301875,-25.280877],[-49.3019,-25.280862],[-49.301938,-25.280714],[-49.301929,-25.280698],[-49.301888,-25.280681],[-49.301844,-25.280676],[-49.301859,-25.280657],[-49.301899,-25.280657],[-49.301949,-25.280689],[-49.302183,-25.280759],[-49.302295,-25.28078],[-49.302326,-25.28076],[-49.302367,-25.280691],[-49.302366,-25.280672],[-49.302338,-25.280654],[-49.302307,-25.280681],[-49.302276,-25.280681],[-49.302161,-25.280642],[-49.302154,-25.280633],[-49.302165,-25.280617],[-49.302266,-25.280633],[-49.302295,-25.280606],[-49.302303,-25.28056],[-49.302319,-25.280548],[-49.302354,-25.280579],[-49.302324,-25.280598],[-49.302326,-25.280616],[-49.302358,-25.280629],[-49.302371,-25.280617],[-49.302365,-25.280579],[-49.302414,-25.280561],[-49.302381,-25.280515],[-49.302421,-25.280504],[-49.302463,-25.280464],[-49.302503,-25.280469],[-49.30252,-25.280451],[-49.302514,-25.280422],[-49.302471,-25.280414],[-49.302481,-25.280395],[-49.302535,-25.280369],[-49.302626,-25.280456],[-49.302688,-25.280429],[-49.30276,-25.280345],[-49.302781,-25.280343],[-49.302803,-25.28038],[-49.302777,-25.280501],[-49.302812,-25.280575],[-49.302876,-25.280632],[-49.302838,-25.280645],[-49.302766,-25.28063],[-49.302723,-25.280667],[-49.302714,-25.280713],[-49.302729,-25.280741],[-49.302716,-25.280788],[-49.302749,-25.280844],[-49.302732,-25.280884],[-49.302712,-25.280886],[-49.302621,-25.280795],[-49.302611,-25.280833],[-49.302531,-25.280878],[-49.30258,-25.280962],[-49.302547,-25.281045],[-49.302597,-25.281074],[-49.302635,-25.28113],[-49.302623,-25.281223],[-49.302604,-25.281268],[-49.302522,-25.281312],[-49.302494,-25.281249],[-49.302442,-25.281193],[-49.302422,-25.281193],[-49.302391,-25.281225],[-49.302362,-25.28122],[-49.302334,-25.281173],[-49.302356,-25.281136],[-49.302311,-25.281101],[-49.302283,-25.281135],[-49.302327,-25.281173],[-49.302246,-25.281237],[-49.302252,-25.281283],[-49.302267,-25.281296],[-49.302319,-25.28126],[-49.302339,-25.281301],[-49.302369,-25.28132],[-49.302471,-25.281336],[-49.302512,-25.281316],[-49.302552,-25.281385],[-49.302578,-25.281398],[-49.302545,-25.281472],[-49.30252,-25.281487],[-49.302508,-25.281518],[-49.302476,-25.281546],[-49.302509,-25.281592],[-49.302416,-25.281609],[-49.302376,-25.281587],[-49.302324,-25.281603],[-49.30223,-25.281728],[-49.30227,-25.281766],[-49.30225,-25.281795],[-49.302148,-25.281799],[-49.302104,-25.28182],[-49.302097,-25.281834],[-49.302076,-25.281812],[-49.302056,-25.28181],[-49.301974,-25.281847],[-49.301901,-25.281954],[-49.301856,-25.282086],[-49.301862,-25.282132],[-49.301918,-25.282205],[-49.301999,-25.282219],[-49.30207,-25.282246],[-49.302142,-25.282251],[-49.302203,-25.282234],[-49.302275,-25.28223],[-49.302326,-25.282243],[-49.302448,-25.28223],[-49.30249,-25.282205],[-49.30253,-25.282159],[-49.302598,-25.282141],[-49.302617,-25.282095],[-49.30267,-25.282049],[-49.302717,-25.281978],[-49.302766,-25.281939],[-49.302871,-25.281902],[-49.302932,-25.281959],[-49.303154,-25.282296],[-49.303151,-25.282303],[-49.30309,-25.282298],[-49.303039,-25.282308],[-49.302998,-25.28229],[-49.302925,-25.282293],[-49.302998,-25.282353],[-49.303079,-25.282365],[-49.30314,-25.282396],[-49.303201,-25.2824],[-49.303242,-25.282377],[-49.303314,-25.282364],[-49.303321,-25.282353],[-49.303307,-25.282316],[-49.303319,-25.282298],[-49.303448,-25.282221],[-49.303483,-25.282188],[-49.303369,-25.281973],[-49.303391,-25.28195],[-49.303613,-25.281828],[-49.303612,-25.2818],[-49.303555,-25.281697],[-49.303568,-25.281686],[-49.303599,-25.281687],[-49.303627,-25.281763],[-49.303648,-25.281787],[-49.303689,-25.281797],[-49.303761,-25.281781],[-49.303782,-25.28182],[-49.303792,-25.28195],[-49.303819,-25.282016],[-49.303813,-25.282081],[-49.303866,-25.282183],[-49.303938,-25.282266],[-49.30392,-25.282314],[-49.30393,-25.282397],[-49.303965,-25.282501],[-49.303999,-25.282543]]}},{"type":"Feature","properties":{"alt":1015.0,"mestra":true},"geometry":{"type":"LineString","coordinates":[[-49.303085,-25.282741],[-49.302961,-25.282751],[-49.302655,-25.282745],[-49.302631,-25.282754]]}},{"type":"Feature","properties":{"alt":1015.0,"mestra":true},"geometry":{"type":"LineString","coordinates":[[-49.302518,-25.280181],[-49.302538,-25.280212],[-49.302568,-25.280205],[-49.302584,-25.28022],[-49.302566,-25.280266],[-49.302526,-25.280311],[-49.302485,-25.280293],[-49.302498,-25.280238],[-49.302478,-25.2802],[-49.302518,-25.280181]]}},{"type":"Feature","properties":{"alt":1015.0,"mestra":true},"geometry":{"type":"LineString","coordinates":[[-49.302575,-25.280465],[-49.302534,-25.280475],[-49.302525,-25.280498],[-49.302543,-25.280526],[-49.302574,-25.280537],[-49.302594,-25.280532],[-49.302611,-25.280508],[-49.302575,-25.280465]]}},{"type":"Feature","properties":{"alt":1015.0,"mestra":true},"geometry":{"type":"LineString","coordinates":[[-49.302737,-25.280562],[-49.302723,-25.280565],[-49.302726,-25.280578],[-49.302737,-25.280562]]}},{"type":"Feature","properties":{"alt":1015.0,"mestra":true},"geometry":{"type":"LineString","coordinates":[[-49.301552,-25.28063],[-49.301546,-25.280663],[-49.301511,-25.280662],[-49.301521,-25.280635],[-49.301552,-25.28063]]}},{"type":"Feature","properties":{"alt":1015.0,"mestra":true},"geometry":{"type":"LineString","coordinates":[[-49.302592,-25.28073],[-49.302561,-25.280735],[-49.302558,-25.280767],[-49.302581,-25.280776],[-49.302638,-25.280768],[-49.302625,-25.28074],[-49.302592,-25.28073]]}},{"type":"Feature","properties":{"alt":1015.0,"mestra":true},"geometry":{"type":"LineString","coordinates":[[-49.302846,-25.280759],[-49.302826,-25.280761],[-49.302846,-25.280759]]}},{"type":"Feature","properties":{"alt":1015.0,"mestra":true},"geometry":{"type":"LineString","coordinates":[[-49.302938,-25.280771],[-49.302927,-25.280771],[-49.302938,-25.280771]]}},{"type":"Feature","properties":{"alt":1015.0,"mestra":true},"geometry":{"type":"LineString","coordinates":[[-49.301651,-25.280866],[-49.301651,-25.280879],[-49.301651,-25.280866]]}},{"type":"Feature","properties":{"alt":1015.0,"mestra":true},"geometry":{"type":"LineString","coordinates":[[-49.302211,-25.280911],[-49.302181,-25.28091],[-49.302165,-25.28092],[-49.302148,-25.280994],[-49.302159,-25.281015],[-49.30222,-25.281015],[-49.302243,-25.281005],[-49.302247,-25.280968],[-49.30227,-25.280931],[-49.302211,-25.280911]]}},{"type":"Feature","properties":{"alt":1015.0,"mestra":true},"geometry":{"type":"LineString","coordinates":[[-49.301763,-25.280902],[-49.301722,-25.280906],[-49.301701,-25.280952],[-49.30166,-25.280965],[-49.301632,-25.280998],[-49.301575,-25.281034],[-49.30157,-25.281053],[-49.301587,-25.281079],[-49.301658,-25.281076],[-49.301689,-25.281043],[-49.301699,-25.281042],[-49.301702,-25.281064],[-49.301718,-25.281073],[-49.30174,-25.281072],[-49.301758,-25.281036],[-49.301751,-25.28102],[-49.30173,-25.281014],[-49.301727,-25.28099],[-49.301788,-25.280944],[-49.301763,-25.280902]]}},{"type":"Feature","properties":{"alt":1015.0,"mestra":true},"geometry":{"type":"LineString","coordinates":[[-49.30162,-25.280904],[-49.301599,-25.280906],[-49.301599,-25.28093],[-49.301609,-25.280934],[-49.301619,-25.280923],[-49.30162,-25.280904]]}},{"type":"Feature","properties":{"alt":1015.0,"mestra":true},"geometry":{"type":"LineString","coordinates":[[-49.302976,-25.280999],[-49.302979,-25.281013],[-49.302935,-25.281041],[-49.302917,-25.281087],[-49.30287,-25.281133],[-49.302875,-25.281198],[-49.30286,-25.281206],[-49.30283,-25.281199],[-49.302759,-25.281122],[-49.302778,-25.281048],[-49.302802,-25.281025],[-49.302832,-25.281038],[-49.302873,-25.281016],[-49.302914,-25.281026],[-49.302976,-25.280999]]}},{"type":"Feature","properties":{"alt":1015.0,"mestra":true},"geometry":{"type":"LineString","coordinates":[[-49.301914,-25.28101],[-49.301894,-25.28101],[-49.301852,-25.281049],[-49.301801,-25.281051],[-49.301778,-25.281083],[-49.301778,-25.281102],[-49.301831,-25.281111],[-49.301861,-25.281129],[-49.301892,-25.281122],[-49.301912,-25.281141],[-49.301974,-25.281112],[-49.301988,-25.281095],[-49.301979,-25.281057],[-49.301914,-25.28101]]}},{"type":"Feature","properties":{"alt":1015.0,"mestra":true},"geometry":{"type":"LineString","coordinates":[[-49.302159,-25.281031],[-49.302118,-25.281033],[-49.302083,-25.281077],[-49.302099,-25.281124],[-49.302147,-25.28115],[-49.302198,-25.281134],[-49.302208,-25.281116],[-49.302202,-25.281079],[-49.302159,-25.281031]]}},{"type":"Feature","properties":{"alt":1015.0,"mestra":true},"geometry":{"type":"LineString","coordinates":[[-49.302412,-25.281136],[-49.302392,-25.281128],[-49.302384,-25.281136],[-49.302402,-25.281149],[-49.302412,-25.281136]]}},{"type":"Feature","properties":{"alt":1015.0,"mestra":true},"geometry":{"type":"LineString","coordinates":[[-49.302277,-25.281353],[-49.302226,-25.281357],[-49.302209,-25.281385],[-49.302245,-25.281436],[-49.302296,-25.281451],[-49.302325,-25.281423],[-49.302277,-25.281353]]}},{"type":"Feature","properties":{"alt":1015.0,"mestra":true},"geometry":{"type":"LineString","coordinates":[[-49.302756,-25.281401],[-49.302755,-25.281439],[-49.302724,-25.28146],[-49.302728,-25.281419],[-49.302756,-25.281401]]}},{"type":"Feature","properties":{"alt":1015.0,"mestra":true},"geometry":{"type":"LineString","coordinates":[[-49.302082,-25.281438],[-49.30202,-25.281454],[-49.301988,-25.281503],[-49.301989,-25.281524],[-49.30205,-25.281543],[-49.302108,-25.281523],[-49.302113,-25.281495],[-49.302139,-25.281458],[-49.302122,-25.281442],[-49.302082,-25.281438]]}},{"type":"Feature","properties":{"alt":1015.0,"mestra":true},"geometry":{"type":"LineString","coordinates":[[-49.302714,-25.281462],[-49.302703,-25.281503],[-49.302683,-25.281511],[-49.302693,-25.281478],[-49.302714,-25.281462]]}},{"type":"Feature","properties":{"alt":1015.0,"mestra":true},"geometry":{"type":"LineString","coordinates":[[-49.301347,-25.281458],[-49.301325,-25.281467],[-49.301332,-25.281514],[-49.301294,-25.281546],[-49.301279,-25.281597],[-49.301304,-25.281617],[-49.301365,-25.281622],[-49.301394,-25.281598],[-49.301385,-25.281561],[-49.301399,-25.281478],[-49.301347,-25.281458]]}},{"type":"Feature","properties":{"alt":1015.0,"mestra":true},"geometry":{"type":"LineString","coordinates":[[-49.30153,-25.281469],[-49.301457,-25.281488],[-49.301428,-25.281561],[-49.301436,-25.28158],[-49.301518,-25.281581],[-49.301549,-25.281569],[-49.301554,-25.281489],[-49.30153,-25.281469]]}},{"type":"Feature","properties":{"alt":1015.0,"mestra":true},"geometry":{"type":"LineString","coordinates":[[-49.301589,-25.281637],[-49.301518,-25.281638],[-49.301487,-25.281668],[-49.301405,-25.28169],[-49.301375,-25.28165],[-49.301333,-25.281681],[-49.301272,-25.281699],[-49.301201,-25.281664],[-49.301139,-25.281681],[-49.30112,-25.281725],[-49.301141,-25.281781],[-49.301189,-25.281805],[-49.301229,-25.281844],[-49.301259,-25.281855],[-49.301341,-25.281842],[-49.301403,-25.281777],[-49.301485,-25.281757],[-49.301478,-25.281803],[-49.301494,-25.28184],[-49.301535,-25.281878],[-49.301586,-25.281881],[-49.301595,-25.28187],[-49.30158,-25.281851],[-49.301578,-25.281786],[-49.301551,-25.28173],[-49.30156,-25.281693],[-49.301593,-25.281656],[-49.301589,-25.281637]]}},{"type":"Feature","properties":{"alt":1015.0,"mestra":true},"geometry":{"type":"LineString","coordinates":[[-49.301353,-25.281709],[-49.301367,-25.281718],[-49.301363,-25.281736],[-49.301352,-25.281728],[-49.301353,-25.281709]]}},{"type":"Feature","properties":{"alt":1015.0,"mestra":true},"geometry":{"type":"LineString","coordinates":[[-49.301537,-25.28173],[-49.301537,-25.281739],[-49.301537,-25.28173]]}},{"type":"Feature","properties":{"alt":1015.0,"mestra":true},"geometry":{"type":"LineString","coordinates":[[-49.301026,-25.281738],[-49.300996,-25.281738],[-49.300975,-25.281756],[-49.30097,-25.281797],[-49.300986,-25.281825],[-49.301046,-25.281816],[-49.301094,-25.28178],[-49.301088,-25.281743],[-49.301057,-25.281749],[-49.301026,-25.281738]]}},{"type":"Feature","properties":{"alt":1015.0,"mestra":true},"geometry":{"type":"LineString","coordinates":[[-49.302086,-25.281834],[-49.302096,-25.281838],[-49.302086,-25.281843],[-49.302086,-25.281834]]}},{"type":"Feature","properties":{"alt":1015.0,"mestra":true},"geometry":{"type":"LineString","coordinates":[[-49.301248,-25.281967],[-49.301172,-25.281995],[-49.301172,-25.282013],[-49.301196,-25.282025],[-49.301262,-25.282014],[-49.301272,-25.281977],[-49.301248,-25.281967]]}},{"type":"Feature","properties":{"alt":1015.0,"mestra":true},"geometry":{"type":"LineString","coordinates":[[-49.301012,-25.282019],[-49.300978,-25.28202],[-49.301007,-25.282048],[-49.300961,-25.282094],[-49.30098,-25.282116],[-49.301011,-25.282126],[-49.301083,-25.282091],[-49.301092,-25.282068],[-49.301073,-25.282031],[-49.301012,-25.282019]]}},{"type":"Feature","properties":{"alt":1015.0,"mestra":true},"geometry":{"type":"LineString","coordinates":[[-49.303518,-25.282336],[-49.303477,-25.282343],[-49.303437,-25.282331],[-49.303401,-25.282354],[-49.303436,-25.282389],[-49.303527,-25.282412],[-49.303558,-25.282396],[-49.30357,-25.282375],[-49.303518,-25.282336]]}},{"type":"Feature","properties":{"alt":1015.0,"mestra":true},"geometry":{"type":"LineString","coordinates":[[-49.302742,-25.28241],[-49.302711,-25.282403],[-49.30268,-25.282434],[-49.302629,-25.282431],[-49.302596,-25.282466],[-49.302626,-25.282568],[-49.302678,-25.282595],[-49.302732,-25.282578],[-49.302731,-25.282523],[-49.302751,-25.282486],[-49.302747,-25.282458],[-49.302762,-25.28243],[-49.302742,-25.28241]]}},{"type":"Feature","properties":{"alt":1015.0,"mestra":true},"geometry":{"type":"LineString","coordinates":[[-49.302832,-25.282495],[-49.302812,-25.282487],[-49.302805,-25.282496],[-49.302842,-25.282561],[-49.302858,-25.282524],[-49.302832,-25.282495]]}},{"type":"Feature","properties":{"alt":1015.0,"mestra":true},"geometry":{"type":"LineString","coordinates":[[-49.302965,-25.282528],[-49.30294,-25.282553],[-49.302943,-25.282574],[-49.302972,-25.282553],[-49.302965,-25.282528]]}},{"type":"Feature","properties":{"alt":1015.0,"mestra":true},"geometry":{"type":"LineString","coordinates":[[-49.302912,-25.282633],[-49.302892,-25.282635],[-49.302889,-25.282645],[-49.302922,-25.282662],[-49.302925,-25.282646],[-49.302912,-25.282633]]}},{"type":"Feature","properties":{"alt":1016.0,"mestra":false},"geometry":{"type":"LineString","coordinates":[[-49.300507,-25.281625],[-49.300513,-25.281228],[-49.300564,-25.281225],[-49.300646,-25.281193],[-49.300707,-25.281195],[-49.30071,-25.28121],[-49.300681,-25.281247],[-49.300696,-25.281275],[-49.300694,-25.28133],[-49.300705,-25.28134],[-49.300777,-25.281348],[-49.300797,-25.281345],[-49.300828,-25.281308],[-49.300869,-25.281291],[-49.300992,-25.281291],[-49.301094,-25.281306],[-49.301179,-25.281289],[-49.301207,-25.281253],[-49.301241,-25.281235],[-49.301233,-25.28116],[-49.30129,-25.281143],[-49.301331,-25.281106],[-49.301362,-25.281114],[-49.301403,-25.281103],[-49.301438,-25.28107],[-49.301444,-25.281028],[-49.301377,-25.281023],[-49.301352,-25.280976],[-49.301415,-25.280933],[-49.301432,-25.280903],[-49.30143,-25.280847],[-49.301452,-25.28081],[-49.30145,-25.280764],[-49.301499,-25.280763],[-49.301529,-25.280798],[-49.301558,-25.280784],[-49.301543,-25.280746],[-49.301553,-25.280691],[-49.301511,-25.280671],[-49.301501,-25.280653],[-49.301514,-25.280635],[-49.301552,-25.280618],[-49.301578,-25.280626],[-49.301574,-25.280654],[-49.301633,-25.280672],[-49.301673,-25.280709],[-49.301714,-25.280715],[-49.301735,-25.280708],[-49.301766,-25.280669],[-49.301829,-25.280657],[-49.301848,-25.280624],[-49.301879,-25.280632],[-49.301971,-25.280602],[-49.301981,-25.28061],[-49.301978,-25.280631],[-49.301931,-25.280658],[-49.301962,-25.280686],[-49.302237,-25.280764],[-49.302275,-25.280772],[-49.302305,-25.280766],[-49.302347,-25.280675],[-49.302337,-25.28067],[-49.302296,-25.280694],[-49.302134,-25.280647],[-49.302135,-25.280566],[-49.302145,-25.280564],[-49.302155,-25.280591],[-49.302256,-25.280626],[-49.302284,-25.280606],[-49.302292,-25.28056],[-49.302309,-25.280536],[-49.302359,-25.280572],[-49.302403,-25.280561],[-49.302401,-25.280543],[-49.30237,-25.280509],[-49.302421,-25.280501],[-49.302463,-25.28046],[-49.302503,-25.280466],[-49.302518,-25.280442],[-49.302504,-25.280419],[-49.302465,-25.280414],[-49.302516,-25.280359],[-49.302512,-25.280321],[-49.302476,-25.280293],[-49.302493,-25.280238],[-49.302469,-25.280191],[-49.302518,-25.280171],[-49.302548,-25.280187],[-49.302579,-25.280183],[-49.30261,-25.280239],[-49.302564,-25.280313],[-49.302564,-25.28035],[-49.302613,-25.280397],[-49.302667,-25.280416],[-49.302723,-25.28037],[-49.302754,-25.280324],[-49.302781,-25.280321],[-49.3028,-25.280334],[-49.302817,-25.280371],[-49.3028,-25.280492],[-49.302813,-25.280529],[-49.302869,-25.280557],[-49.302942,-25.280642],[-49.302909,-25.280658],[-49.302827,-25.280654],[-49.302787,-25.280635],[-49.302742,-25.280649],[-49.302722,-25.280676],[-49.302717,-25.280713],[-49.302734,-25.280741],[-49.302721,-25.280797],[-49.302752,-25.280844],[-49.302732,-25.280889],[-49.30271,-25.28089],[-49.302682,-25.280857],[-49.302631,-25.280825],[-49.302538,-25.280878],[-49.302584,-25.280962],[-49.302552,-25.281046],[-49.302607,-25.281078],[-49.302642,-25.281139],[-49.302626,-25.281195],[-49.302631,-25.281223],[-49.302604,-25.281274],[-49.302563,-25.281296],[-49.302535,-25.281333],[-49.302542,-25.281358],[-49.302583,-25.281379],[-49.302589,-25.281399],[-49.302549,-25.281472],[-49.302481,-25.281546],[-49.302508,-25.281587],[-49.302537,-25.281602],[-49.302467,-25.281598],[-49.302416,-25.281613],[-49.302375,-25.281595],[-49.302335,-25.281602],[-49.302244,-25.281719],[-49.302275,-25.281766],[-49.30225,-25.281807],[-49.302158,-25.281804],[-49.302086,-25.281854],[-49.30207,-25.281847],[-49.302066,-25.281819],[-49.302056,-25.281821],[-49.301977,-25.281855],[-49.301907,-25.281957],[-49.301863,-25.282086],[-49.301873,-25.282133],[-49.301926,-25.282198],[-49.302081,-25.282241],[-49.302152,-25.282246],[-49.302203,-25.282229],[-49.302244,-25.282231],[-49.302265,-25.282218],[-49.302326,-25.282239],[-49.302448,-25.282221],[-49.302521,-25.282159],[-49.302582,-25.282139],[-49.302661,-25.282049],[-49.302733,-25.281938],[-49.302782,-25.281911],[-49.30281,-25.281879],[-49.302851,-25.281865],[-49.303002,-25.282053],[-49.303163,-25.282305],[-49.303151,-25.282312],[-49.30309,-25.282301],[-49.303039,-25.282312],[-49.302988,-25.282293],[-49.302949,-25.282303],[-49.302998,-25.282349],[-49.303079,-25.282362],[-49.30314,-25.282392],[-49.303191,-25.282393],[-49.303242,-25.282368],[-49.303293,-25.282368],[-49.303311,-25.282353],[-49.303298,-25.282316],[-49.303309,-25.282298],[-49.303475,-25.282188],[-49.303365,-25.281973],[-49.303381,-25.281952],[-49.303607,-25.281828],[-49.30361,-25.281809],[-49.303547,-25.281688],[-49.303609,-25.281674],[-49.303634,-25.281763],[-49.303659,-25.281786],[-49.303699,-25.281791],[-49.30374,-25.281786],[-49.303754,-25.281774],[-49.30375,-25.281709],[-49.303732,-25.281681],[-49.303762,-25.281669],[-49.303779,-25.281737],[-49.303775,-25.281793],[-49.303794,-25.281839],[-49.303798,-25.281951],[-49.303824,-25.282007],[-49.303818,-25.282081],[-49.303872,-25.282183],[-49.303911,-25.282212],[-49.303938,-25.282251],[-49.303941,-25.282277],[-49.303922,-25.282323],[-49.303935,-25.282397],[-49.303975,-25.282494],[-49.304011,-25.282532]]}},{"type":"Feature","properties":{"alt":1016.0,"mestra":false},"geometry":{"type":"LineString","coordinates":[[-49.300516,-25.281722],[-49.300547,-25.281718],[-49.300565,-25.2817],[-49.30054,-25.281672],[-49.300524,-25.281625],[-49.300511,-25.281628]]}},{"type":"Feature","properties":{"alt":1016.0,"mestra":false},"geometry":{"type":"LineString","coordinates":[[-49.303085,-25.282741],[-49.302961,-25.282753],[-49.302655,-25.282746],[-49.302632,-25.282754]]}},{"type":"Feature","properties":{"alt":1016.0,"mestra":false},"geometry":{"type":"LineString","coordinates":[[-49.302575,-25.280475],[-49.302544,-25.280474],[-49.302529,-25.280498],[-49.302543,-25.28052],[-49.302574,-25.280532],[-49.302593,-25.280526],[-49.302602,-25.280508],[-49.302575,-25.280475]]}},{"type":"Feature","properties":{"alt":1016.0,"mestra":false},"geometry":{"type":"LineString","coordinates":[[-49.302359,-25.280602],[-49.302338,-25.280606],[-49.302343,-25.280616],[-49.302361,-25.280617],[-49.302359,-25.280602]]}},{"type":"Feature","properties":{"alt":1016.0,"mestra":false},"geometry":{"type":"LineString","coordinates":[[-49.301888,-25.280703],[-49.301867,-25.280697],[-49.301842,-25.280713],[-49.301795,-25.280833],[-49.301819,-25.280852],[-49.301865,-25.280862],[-49.301886,-25.280857],[-49.301921,-25.280732],[-49.301918,-25.280718],[-49.301888,-25.280703]]}},{"type":"Feature","properties":{"alt":1016.0,"mestra":false},"geometry":{"type":"LineString","coordinates":[[-49.302898,-25.280742],[-49.302942,-25.280762],[-49.302938,-25.280794],[-49.302908,-25.280759],[-49.302884,-25.280752],[-49.302898,-25.280742]]}},{"type":"Feature","properties":{"alt":1016.0,"mestra":false},"geometry":{"type":"LineString","coordinates":[[-49.302612,-25.28074],[-49.302571,-25.280733],[-49.302557,-25.280758],[-49.302581,-25.280772],[-49.302622,-25.280765],[-49.302628,-25.280749],[-49.302612,-25.28074]]}},{"type":"Feature","properties":{"alt":1016.0,"mestra":false},"geometry":{"type":"LineString","coordinates":[[-49.302867,-25.280752],[-49.302836,-25.280771],[-49.30282,-25.280761],[-49.302867,-25.280752]]}},{"type":"Feature","properties":{"alt":1016.0,"mestra":false},"geometry":{"type":"LineString","coordinates":[[-49.301752,-25.280904],[-49.301732,-25.280907],[-49.301706,-25.280952],[-49.301661,-25.28097],[-49.301643,-25.280998],[-49.301584,-25.281034],[-49.301577,-25.281053],[-49.301587,-25.281073],[-49.301638,-25.28107],[-49.301672,-25.281035],[-49.30171,-25.281027],[-49.301728,-25.28098],[-49.301782,-25.280944],[-49.301772,-25.280916],[-49.301752,-25.280904]]}},{"type":"Feature","properties":{"alt":1016.0,"mestra":false},"geometry":{"type":"LineString","coordinates":[[-49.302211,-25.280921],[-49.302178,-25.28093],[-49.302163,-25.280995],[-49.302175,-25.281004],[-49.302221,-25.281005],[-49.302235,-25.280958],[-49.302253,-25.28094],[-49.302211,-25.280921]]}},{"type":"Feature","properties":{"alt":1016.0,"mestra":false},"geometry":{"type":"LineString","coordinates":[[-49.301609,-25.280905],[-49.301598,-25.280914],[-49.301609,-25.280928],[-49.301609,-25.280905]]}},{"type":"Feature","properties":{"alt":1016.0,"mestra":false},"geometry":{"type":"LineString","coordinates":[[-49.302997,-25.280937],[-49.303009,-25.280949],[-49.302991,-25.280995],[-49.303001,-25.281023],[-49.302944,-25.281041],[-49.302923,-25.281088],[-49.302872,-25.281141],[-49.302891,-25.281209],[-49.302881,-25.281217],[-49.30284,-25.28121],[-49.302797,-25.281178],[-49.302754,-25.281122],[-49.302773,-25.281048],[-49.302802,-25.281019],[-49.302832,-25.281035],[-49.302863,-25.281011],[-49.302914,-25.281021],[-49.302979,-25.280976],[-49.302997,-25.280937]]}},{"type":"Feature","properties":{"alt":1016.0,"mestra":false},"geometry":{"type":"LineString","coordinates":[[-49.301333,-25.280941],[-49.301343,-25.280957],[-49.301323,-25.280964],[-49.30132,-25.280948],[-49.301333,-25.280941]]}},{"type":"Feature","properties":{"alt":1016.0,"mestra":false},"geometry":{"type":"LineString","coordinates":[[-49.301914,-25.281015],[-49.301894,-25.281016],[-49.301852,-25.281052],[-49.301801,-25.281055],[-49.301782,-25.281083],[-49.301783,-25.281102],[-49.301831,-25.281108],[-49.301862,-25.281126],[-49.301892,-25.281115],[-49.301923,-25.281139],[-49.301974,-25.281109],[-49.301985,-25.281095],[-49.301976,-25.281057],[-49.301914,-25.281015]]}},{"type":"Feature","properties":{"alt":1016.0,"mestra":false},"geometry":{"type":"LineString","coordinates":[[-49.302149,-25.28103],[-49.302118,-25.281037],[-49.302087,-25.281077],[-49.302104,-25.281124],[-49.302147,-25.281148],[-49.302198,-25.281128],[-49.302205,-25.281116],[-49.302199,-25.281079],[-49.302149,-25.28103]]}},{"type":"Feature","properties":{"alt":1016.0,"mestra":false},"geometry":{"type":"LineString","coordinates":[[-49.30174,-25.28103],[-49.301718,-25.281036],[-49.30171,-25.281054],[-49.301719,-25.281068],[-49.301747,-25.281055],[-49.30174,-25.28103]]}},{"type":"Feature","properties":{"alt":1016.0,"mestra":false},"geometry":{"type":"LineString","coordinates":[[-49.302311,-25.281107],[-49.302292,-25.281135],[-49.302331,-25.281157],[-49.302347,-25.281136],[-49.302311,-25.281107]]}},{"type":"Feature","properties":{"alt":1016.0,"mestra":false},"geometry":{"type":"LineString","coordinates":[[-49.301361,-25.281134],[-49.301343,-25.281143],[-49.301361,-25.281145],[-49.301361,-25.281134]]}},{"type":"Feature","properties":{"alt":1016.0,"mestra":false},"geometry":{"type":"LineString","coordinates":[[-49.30233,-25.28119],[-49.302255,-25.281228],[-49.302257,-25.281285],[-49.302278,-25.281289],[-49.302319,-25.281253],[-49.302339,-25.281296],[-49.302369,-25.281315],[-49.302461,-25.281328],[-49.302499,-25.281314],[-49.302493,-25.281258],[-49.302452,-25.281202],[-49.302422,-25.281196],[-49.30238,-25.281232],[-49.30236,-25.281225],[-49.30233,-25.28119]]}},{"type":"Feature","properties":{"alt":1016.0,"mestra":false},"geometry":{"type":"LineString","coordinates":[[-49.302819,-25.28128],[-49.302818,-25.281321],[-49.302808,-25.281315],[-49.302806,-25.28129],[-49.302819,-25.28128]]}},{"type":"Feature","properties":{"alt":1016.0,"mestra":false},"geometry":{"type":"LineString","coordinates":[[-49.302277,-25.281357],[-49.302226,-25.281362],[-49.302213,-25.281385],[-49.302245,-25.281431],[-49.302296,-25.281447],[-49.302321,-25.281423],[-49.302277,-25.281357]]}},{"type":"Feature","properties":{"alt":1016.0,"mestra":false},"geometry":{"type":"LineString","coordinates":[[-49.302766,-25.281369],[-49.302772,-25.281401],[-49.302759,-25.281447],[-49.302731,-25.281465],[-49.302693,-25.281541],[-49.302682,-25.281541],[-49.302674,-25.28152],[-49.302684,-25.281483],[-49.302714,-25.281446],[-49.302722,-25.281409],[-49.302766,-25.281369]]}},{"type":"Feature","properties":{"alt":1016.0,"mestra":false},"geometry":{"type":"LineString","coordinates":[[-49.302082,-25.281445],[-49.302024,-25.281457],[-49.301989,-25.281512],[-49.301994,-25.281522],[-49.30205,-25.281537],[-49.302101,-25.28152],[-49.302129,-25.281458],[-49.302082,-25.281445]]}},{"type":"Feature","properties":{"alt":1016.0,"mestra":false},"geometry":{"type":"LineString","coordinates":[[-49.301377,-25.281468],[-49.301332,-25.281468],[-49.301331,-25.281523],[-49.301294,-25.281551],[-49.301285,-25.281588],[-49.301294,-25.281607],[-49.301355,-25.281614],[-49.301385,-25.281598],[-49.301393,-25.281478],[-49.301377,-25.281468]]}},{"type":"Feature","properties":{"alt":1016.0,"mestra":false},"geometry":{"type":"LineString","coordinates":[[-49.30154,-25.281475],[-49.301467,-25.281488],[-49.301431,-25.281561],[-49.301437,-25.281575],[-49.301518,-25.281578],[-49.301549,-25.281565],[-49.301551,-25.281489],[-49.30154,-25.281475]]}},{"type":"Feature","properties":{"alt":1016.0,"mestra":false},"geometry":{"type":"LineString","coordinates":[[-49.302589,-25.281618],[-49.302589,-25.281618]]}},{"type":"Feature","properties":{"alt":1016.0,"mestra":false},"geometry":{"type":"LineString","coordinates":[[-49.301579,-25.281645],[-49.301557,-25.281646],[-49.301497,-25.281681],[-49.301405,-25.281696],[-49.301364,-25.281658],[-49.301342,-25.28169],[-49.301377,-25.281719],[-49.301373,-25.281758],[-49.30135,-25.281737],[-49.301333,-25.281694],[-49.301262,-25.281703],[-49.301211,-25.281675],[-49.301147,-25.281688],[-49.301128,-25.281725],[-49.301152,-25.281781],[-49.301232,-25.281838],[-49.30127,-25.281848],[-49.301343,-25.28183],[-49.301383,-25.281758],[-49.301434,-25.281761],[-49.301486,-25.281744],[-49.301502,-25.281757],[-49.301488,-25.281794],[-49.301492,-25.281822],[-49.301538,-25.281869],[-49.301565,-25.281878],[-49.301584,-25.281869],[-49.301571,-25.281851],[-49.301571,-25.281776],[-49.301557,-25.281751],[-49.301521,-25.281748],[-49.301521,-25.28173],[-49.301579,-25.281645]]}},{"type":"Feature","properties":{"alt":1016.0,"mestra":false},"geometry":{"type":"LineString","coordinates":[[-49.301026,-25.281748],[-49.300987,-25.28176],[-49.300983,-25.281788],[-49.300995,-25.281806],[-49.301046,-25.281803],[-49.301076,-25.28178],[-49.301077,-25.281757],[-49.301026,-25.281748]]}},{"type":"Feature","properties":{"alt":1016.0,"mestra":false},"geometry":{"type":"LineString","coordinates":[[-49.301258,-25.281977],[-49.301217,-25.282003],[-49.301188,-25.282004],[-49.301193,-25.282013],[-49.301247,-25.282013],[-49.30126,-25.281996],[-49.301258,-25.281977]]}},{"type":"Feature","properties":{"alt":1016.0,"mestra":false},"geometry":{"type":"LineString","coordinates":[[-49.301002,-25.28202],[-49.300988,-25.28202],[-49.300988,-25.28203],[-49.30101,-25.28203],[-49.301002,-25.28202]]}},{"type":"Feature","properties":{"alt":1016.0,"mestra":false},"geometry":{"type":"LineString","coordinates":[[-49.301053,-25.282029],[-49.301022,-25.282037],[-49.300978,-25.282085],[-49.300972,-25.282094],[-49.300991,-25.282112],[-49.301021,-25.282115],[-49.301083,-25.282078],[-49.301078,-25.28204],[-49.301053,-25.282029]]}},{"type":"Feature","properties":{"alt":1016.0,"mestra":false},"geometry":{"type":"LineString","coordinates":[[-49.304549,-25.28234],[-49.30459,-25.282355],[-49.304579,-25.282394],[-49.304558,-25.282394],[-49.304532,-25.282367],[-49.304549,-25.28234]]}},{"type":"Feature","properties":{"alt":1016.0,"mestra":false},"geometry":{"type":"LineString","coordinates":[[-49.303437,-25.282335],[-49.303409,-25.282354],[-49.303436,-25.282383],[-49.303487,-25.282389],[-49.303517,-25.282404],[-49.303559,-25.282384],[-49.303557,-25.282365],[-49.303528,-25.282343],[-49.303477,-25.282348],[-49.303437,-25.282335]]}},{"type":"Feature","properties":{"alt":1016.0,"mestra":false},"geometry":{"type":"LineString","coordinates":[[-49.302731,-25.282411],[-49.302701,-25.282411],[-49.30268,-25.282439],[-49.302629,-25.282434],[-49.3026,-25.282466],[-49.302632,-25.282568],[-49.302678,-25.28259],[-49.302719,-25.282585],[-49.302732,-25.282569],[-49.302726,-25.282523],[-49.302756,-25.28243],[-49.302731,-25.282411]]}},{"type":"Feature","properties":{"alt":1016.0,"mestra":false},"geometry":{"type":"LineString","coordinates":[[-49.302832,-25.282502],[-49.302819,-25.282505],[-49.302842,-25.282546],[-49.302853,-25.282524],[-49.302832,-25.282502]]}},{"type":"Feature","properties":{"alt":1016.0,"mestra":false},"geometry":{"type":"LineString","coordinates":[[-49.302954,-25.282548],[-49.302946,-25.282562],[-49.302961,-25.282553],[-49.302954,-25.282548]]}},{"type":"Feature","properties":{"alt":1016.0,"mestra":false},"geometry":{"type":"LineString","coordinates":[[-49.302912,-25.282645],[-49.302902,-25.282645],[-49.302912,-25.282645]]}},{"type":"Feature","properties":{"alt":1017.0,"mestra":false},"geometry":{"type":"LineString","coordinates":[[-49.300507,-25.281626],[-49.300513,-25.281204],[-49.300564,-25.281207],[-49.300677,-25.281162],[-49.300725,-25.281173],[-49.300734,-25.281201],[-49.300691,-25.281247],[-49.3007,-25.281275],[-49.300695,-25.281321],[-49.300716,-25.281336],[-49.300787,-25.281338],[-49.300829,-25.281291],[-49.300859,-25.28128],[-49.300992,-25.281284],[-49.301094,-25.281303],[-49.301176,-25.281284],[-49.301234,-25.281225],[-49.301228,-25.281212],[-49.301187,-25.281195],[-49.301179,-25.281169],[-49.30129,-25.281108],[-49.301282,-25.281059],[-49.30129,-25.28105],[-49.301346,-25.281041],[-49.301338,-25.281078],[-49.301372,-25.281096],[-49.301403,-25.281093],[-49.301431,-25.28107],[-49.301434,-25.28104],[-49.301353,-25.281032],[-49.301351,-25.281004],[-49.301313,-25.280956],[-49.301334,-25.280937],[-49.301364,-25.280956],[-49.301413,-25.28093],[-49.301432,-25.280893],[-49.301425,-25.280847],[-49.301448,-25.28081],[-49.30144,-25.280773],[-49.301448,-25.280761],[-49.301499,-25.280759],[-49.301529,-25.280794],[-49.301551,-25.280783],[-49.301539,-25.2807],[-49.3015,-25.28067],[-49.301497,-25.280653],[-49.301511,-25.280632],[-49.301552,-25.280613],[-49.301585,-25.280617],[-49.301598,-25.280645],[-49.301673,-25.280704],[-49.301714,-25.280711],[-49.301736,-25.280702],[-49.301762,-25.280665],[-49.301816,-25.280647],[-49.301807,-25.280619],[-49.301787,-25.280603],[-49.301757,-25.280603],[-49.301757,-25.280586],[-49.30193,-25.280594],[-49.301992,-25.280574],[-49.301994,-25.280622],[-49.301953,-25.280658],[-49.30196,-25.280678],[-49.302202,-25.280745],[-49.302285,-25.280757],[-49.302294,-25.280709],[-49.302143,-25.280665],[-49.302105,-25.280669],[-49.302125,-25.280526],[-49.302145,-25.28053],[-49.302195,-25.280598],[-49.302246,-25.280618],[-49.302277,-25.280606],[-49.302282,-25.28056],[-49.302309,-25.28053],[-49.302359,-25.280566],[-49.302391,-25.280561],[-49.302394,-25.280543],[-49.30236,-25.280515],[-49.302363,-25.280505],[-49.302411,-25.280503],[-49.302463,-25.280456],[-49.302503,-25.280463],[-49.302514,-25.280442],[-49.302504,-25.280423],[-49.302463,-25.28042],[-49.302463,-25.280401],[-49.302509,-25.280368],[-49.30251,-25.28034],[-49.302498,-25.280312],[-49.302458,-25.280302],[-49.302486,-25.28027],[-49.302486,-25.280228],[-49.302466,-25.280204],[-49.302431,-25.280191],[-49.302426,-25.280176],[-49.302466,-25.280187],[-49.302518,-25.280165],[-49.302548,-25.280177],[-49.302589,-25.280168],[-49.302606,-25.280211],[-49.302635,-25.280239],[-49.302601,-25.280304],[-49.302627,-25.28037],[-49.302647,-25.280385],[-49.302678,-25.280388],[-49.302709,-25.280368],[-49.302751,-25.280306],[-49.302781,-25.280298],[-49.302816,-25.280316],[-49.302828,-25.280334],[-49.302841,-25.28044],[-49.302975,-25.280614],[-49.302987,-25.280652],[-49.30297,-25.280664],[-49.302909,-25.280665],[-49.302827,-25.280659],[-49.302787,-25.280639],[-49.302756,-25.280642],[-49.30273,-25.280667],[-49.30272,-25.280704],[-49.302737,-25.280741],[-49.302721,-25.280788],[-49.302754,-25.280844],[-49.302735,-25.28089],[-49.302702,-25.28089],[-49.302631,-25.280832],[-49.302544,-25.280888],[-49.302588,-25.280962],[-49.302558,-25.281046],[-49.302597,-25.281062],[-49.30264,-25.281111],[-49.302648,-25.281149],[-49.302636,-25.281195],[-49.302657,-25.281214],[-49.302625,-25.281236],[-49.302604,-25.281283],[-49.302579,-25.281296],[-49.302542,-25.281342],[-49.302552,-25.281359],[-49.302603,-25.281377],[-49.302624,-25.281347],[-49.302649,-25.281371],[-49.302634,-25.281382],[-49.302608,-25.28138],[-49.302551,-25.281477],[-49.302485,-25.281555],[-49.302509,-25.281583],[-49.302559,-25.281611],[-49.3026,-25.281609],[-49.302605,-25.281631],[-49.302569,-25.281613],[-49.302477,-25.2816],[-49.302406,-25.28162],[-49.302365,-25.281602],[-49.302334,-25.281607],[-49.302255,-25.28171],[-49.302255,-25.281729],[-49.30228,-25.281766],[-49.30226,-25.281832],[-49.302179,-25.281808],[-49.302086,-25.28186],[-49.302045,-25.281839],[-49.301984,-25.28186],[-49.3019,-25.281997],[-49.301871,-25.282086],[-49.30188,-25.282123],[-49.301928,-25.282186],[-49.302071,-25.282234],[-49.302162,-25.282241],[-49.302203,-25.282221],[-49.302234,-25.282224],[-49.302224,-25.282211],[-49.302255,-25.282203],[-49.302326,-25.282234],[-49.302403,-25.282222],[-49.302576,-25.282131],[-49.302654,-25.282049],[-49.302721,-25.281929],[-49.302783,-25.281902],[-49.302809,-25.281837],[-49.302831,-25.281832],[-49.302852,-25.281841],[-49.302939,-25.281959],[-49.303169,-25.282296],[-49.303161,-25.282321],[-49.3031,-25.282304],[-49.303029,-25.282318],[-49.302998,-25.2823],[-49.302969,-25.282303],[-49.302988,-25.282333],[-49.30315,-25.282389],[-49.303201,-25.282384],[-49.303253,-25.282357],[-49.303293,-25.282363],[-49.303303,-25.282344],[-49.303278,-25.282306],[-49.303438,-25.282205],[-49.303464,-25.282179],[-49.303367,-25.281992],[-49.303363,-25.281964],[-49.303589,-25.281837],[-49.303605,-25.281818],[-49.303541,-25.281688],[-49.303568,-25.28167],[-49.303619,-25.281668],[-49.303635,-25.281754],[-49.303648,-25.281773],[-49.303679,-25.281787],[-49.30373,-25.281784],[-49.303751,-25.281764],[-49.303745,-25.281718],[-49.303713,-25.281681],[-49.303706,-25.281653],[-49.303732,-25.281629],[-49.303773,-25.281625],[-49.303784,-25.281635],[-49.303779,-25.281783],[-49.303801,-25.281839],[-49.303802,-25.281941],[-49.303829,-25.282002],[-49.30382,-25.282071],[-49.303855,-25.282118],[-49.303877,-25.282183],[-49.303935,-25.282221],[-49.303946,-25.282268],[-49.303926,-25.282323],[-49.303936,-25.282384],[-49.303976,-25.282472],[-49.304022,-25.282523]]}},{"type":"Feature","properties":{"alt":1017.0,"mestra":false},"geometry":{"type":"LineString","coordinates":[[-49.300516,-25.28172],[-49.300547,-25.281715],[-49.300561,-25.2817],[-49.300517,-25.281645]]}},{"type":"Feature","properties":{"alt":1017.0,"mestra":false},"geometry":{"type":"LineString","coordinates":[[-49.304451,-25.282512],[-49.304526,-25.282321],[-49.304525,-25.282247],[-49.30449,-25.28219],[-49.3045,-25.282169],[-49.304531,-25.282176],[-49.304574,-25.28221],[-49.304599,-25.282257],[-49.304562,-25.282275],[-49.30457,-25.282293],[-49.30461,-25.282322],[-49.304671,-25.28234],[-49.304703,-25.282332],[-49.304695,-25.282258],[-49.304735,-25.282192],[-49.304762,-25.282194],[-49.304796,-25.282214],[-49.304847,-25.282198],[-49.30487,-25.282306],[-49.304836,-25.282373]]}},{"type":"Feature","properties":{"alt":1017.0,"mestra":false},"geometry":{"type":"LineString","coordinates":[[-49.303085,-25.282741],[-49.302961,-25.282755],[-49.302633,-25.282754]]}},{"type":"Feature","properties":{"alt":1017.0,"mestra":false},"geometry":{"type":"LineString","coordinates":[[-49.302449,-25.279994],[-49.302438,-25.280024],[-49.302398,-25.280032],[-49.302418,-25.280002],[-49.302449,-25.279994]]}},{"type":"Feature","properties":{"alt":1017.0,"mestra":false},"geometry":{"type":"LineString","coordinates":[[-49.302564,-25.280477],[-49.302544,-25.280479],[-49.302534,-25.280498],[-49.302554,-25.280522],[-49.302583,-25.280526],[-49.302594,-25.280508],[-49.302564,-25.280477]]}},{"type":"Feature","properties":{"alt":1017.0,"mestra":false},"geometry":{"type":"LineString","coordinates":[[-49.302054,-25.28052],[-49.302054,-25.28052]]}},{"type":"Feature","properties":{"alt":1017.0,"mestra":false},"geometry":{"type":"LineString","coordinates":[[-49.302908,-25.280741],[-49.302948,-25.280759],[-49.302938,-25.280802],[-49.302927,-25.280804],[-49.302897,-25.280759],[-49.302877,-25.280756],[-49.302836,-25.280773],[-49.302814,-25.280761],[-49.302826,-25.280751],[-49.302908,-25.280741]]}},{"type":"Feature","properties":{"alt":1017.0,"mestra":false},"geometry":{"type":"LineString","coordinates":[[-49.302581,-25.280737],[-49.302564,-25.280749],[-49.302571,-25.280766],[-49.302608,-25.280759],[-49.302614,-25.280749],[-49.302581,-25.280737]]}},{"type":"Feature","properties":{"alt":1017.0,"mestra":false},"geometry":{"type":"LineString","coordinates":[[-49.301887,-25.280739],[-49.301867,-25.280738],[-49.301856,-25.280757],[-49.301837,-25.280815],[-49.301845,-25.280832],[-49.301871,-25.280824],[-49.301887,-25.280739]]}},{"type":"Feature","properties":{"alt":1017.0,"mestra":false},"geometry":{"type":"LineString","coordinates":[[-49.303007,-25.280929],[-49.303028,-25.280949],[-49.303001,-25.281004],[-49.303016,-25.281017],[-49.303047,-25.281016],[-49.303044,-25.281042],[-49.303036,-25.281052],[-49.302975,-25.281037],[-49.302944,-25.281049],[-49.302923,-25.281096],[-49.302877,-25.281142],[-49.302905,-25.281226],[-49.302891,-25.281232],[-49.30284,-25.281217],[-49.302751,-25.281131],[-49.302767,-25.281048],[-49.302802,-25.281014],[-49.302832,-25.281032],[-49.302863,-25.281006],[-49.302914,-25.281017],[-49.302978,-25.280967],[-49.302987,-25.280921],[-49.303007,-25.280929]]}},{"type":"Feature","properties":{"alt":1017.0,"mestra":false},"geometry":{"type":"LineString","coordinates":[[-49.301762,-25.280915],[-49.301734,-25.280915],[-49.301711,-25.280953],[-49.301669,-25.28097],[-49.301659,-25.281],[-49.301601,-25.281025],[-49.301586,-25.281044],[-49.301588,-25.281062],[-49.301597,-25.281071],[-49.301628,-25.281065],[-49.301669,-25.281021],[-49.3017,-25.281015],[-49.301722,-25.28098],[-49.301775,-25.280944],[-49.301762,-25.280915]]}},{"type":"Feature","properties":{"alt":1017.0,"mestra":false},"geometry":{"type":"LineString","coordinates":[[-49.301609,-25.280913],[-49.301609,-25.280913]]}},{"type":"Feature","properties":{"alt":1017.0,"mestra":false},"geometry":{"type":"LineString","coordinates":[[-49.301914,-25.281019],[-49.301894,-25.281021],[-49.301852,-25.281055],[-49.301801,-25.28106],[-49.301785,-25.281083],[-49.301789,-25.281102],[-49.301831,-25.281105],[-49.301862,-25.281122],[-49.301892,-25.28111],[-49.301923,-25.281136],[-49.301974,-25.281106],[-49.301982,-25.281085],[-49.301975,-25.28106],[-49.301914,-25.281019]]}},{"type":"Feature","properties":{"alt":1017.0,"mestra":false},"geometry":{"type":"LineString","coordinates":[[-49.302159,-25.28104],[-49.302128,-25.281034],[-49.30209,-25.281077],[-49.302108,-25.281124],[-49.302147,-25.281146],[-49.302202,-25.281116],[-49.302197,-25.281079],[-49.302159,-25.28104]]}},{"type":"Feature","properties":{"alt":1017.0,"mestra":false},"geometry":{"type":"LineString","coordinates":[[-49.30174,-25.281042],[-49.30172,-25.281053],[-49.301729,-25.281064],[-49.30174,-25.281042]]}},{"type":"Feature","properties":{"alt":1017.0,"mestra":false},"geometry":{"type":"LineString","coordinates":[[-49.302331,-25.281125],[-49.302311,-25.281117],[-49.302304,-25.281135],[-49.302331,-25.281145],[-49.302331,-25.281125]]}},{"type":"Feature","properties":{"alt":1017.0,"mestra":false},"geometry":{"type":"LineString","coordinates":[[-49.302442,-25.281197],[-49.302422,-25.281198],[-49.30238,-25.281236],[-49.302351,-25.281229],[-49.30233,-25.281203],[-49.302273,-25.281219],[-49.302253,-25.281237],[-49.302257,-25.281278],[-49.302278,-25.281284],[-49.302319,-25.281242],[-49.302329,-25.281244],[-49.302349,-25.281301],[-49.302379,-25.281313],[-49.302481,-25.281318],[-49.302498,-25.281305],[-49.302495,-25.281277],[-49.302442,-25.281197]]}},{"type":"Feature","properties":{"alt":1017.0,"mestra":false},"geometry":{"type":"LineString","coordinates":[[-49.300799,-25.281218],[-49.300809,-25.28123],[-49.300799,-25.281238],[-49.300786,-25.281229],[-49.300799,-25.281218]]}},{"type":"Feature","properties":{"alt":1017.0,"mestra":false},"geometry":{"type":"LineString","coordinates":[[-49.302819,-25.28127],[-49.302835,-25.281327],[-49.302808,-25.281337],[-49.302799,-25.28129],[-49.302819,-25.28127]]}},{"type":"Feature","properties":{"alt":1017.0,"mestra":false},"geometry":{"type":"LineString","coordinates":[[-49.302797,-25.281352],[-49.302764,-25.281447],[-49.302718,-25.281493],[-49.302703,-25.281556],[-49.302692,-25.281557],[-49.302672,-25.281545],[-49.30267,-25.281511],[-49.302683,-25.28147],[-49.302711,-25.281437],[-49.302714,-25.281409],[-49.302759,-25.281363],[-49.302797,-25.281352]]}},{"type":"Feature","properties":{"alt":1017.0,"mestra":false},"geometry":{"type":"LineString","coordinates":[[-49.302256,-25.281358],[-49.302225,-25.281366],[-49.302219,-25.281394],[-49.302255,-25.281433],[-49.302303,-25.281442],[-49.302317,-25.281422],[-49.302283,-25.281367],[-49.302256,-25.281358]]}},{"type":"Feature","properties":{"alt":1017.0,"mestra":false},"geometry":{"type":"LineString","coordinates":[[-49.302071,-25.281447],[-49.30203,-25.281458],[-49.301999,-25.281516],[-49.30205,-25.281531],[-49.302092,-25.281513],[-49.302106,-25.281467],[-49.302071,-25.281447]]}},{"type":"Feature","properties":{"alt":1017.0,"mestra":false},"geometry":{"type":"LineString","coordinates":[[-49.301357,-25.281467],[-49.301336,-25.281474],[-49.301334,-25.281523],[-49.301297,-25.281551],[-49.301289,-25.281588],[-49.301304,-25.281605],[-49.301355,-25.281607],[-49.30138,-25.281589],[-49.301386,-25.281477],[-49.301357,-25.281467]]}},{"type":"Feature","properties":{"alt":1017.0,"mestra":false},"geometry":{"type":"LineString","coordinates":[[-49.30154,-25.281478],[-49.301469,-25.281493],[-49.301439,-25.281571],[-49.301518,-25.281576],[-49.301547,-25.281563],[-49.30154,-25.281478]]}},{"type":"Feature","properties":{"alt":1017.0,"mestra":false},"geometry":{"type":"LineString","coordinates":[[-49.301364,-25.281669],[-49.301358,-25.281681],[-49.301374,-25.281692],[-49.301364,-25.281669]]}},{"type":"Feature","properties":{"alt":1017.0,"mestra":false},"geometry":{"type":"LineString","coordinates":[[-49.301221,-25.281686],[-49.30116,-25.281692],[-49.301139,-25.281706],[-49.301134,-25.281725],[-49.301158,-25.281779],[-49.30125,-25.281837],[-49.301331,-25.281825],[-49.301361,-25.281774],[-49.301329,-25.281709],[-49.301313,-25.2817],[-49.301262,-25.281706],[-49.301221,-25.281686]]}},{"type":"Feature","properties":{"alt":1017.0,"mestra":false},"geometry":{"type":"LineString","coordinates":[[-49.301466,-25.281699],[-49.301435,-25.281692],[-49.301386,-25.281709],[-49.301394,-25.281744],[-49.301424,-25.281755],[-49.301459,-25.281747],[-49.30149,-25.28172],[-49.301466,-25.281699]]}},{"type":"Feature","properties":{"alt":1017.0,"mestra":false},"geometry":{"type":"LineString","coordinates":[[-49.301547,-25.281757],[-49.301506,-25.281775],[-49.301494,-25.281803],[-49.301505,-25.281828],[-49.301545,-25.281855],[-49.301568,-25.281832],[-49.301566,-25.281776],[-49.301547,-25.281757]]}},{"type":"Feature","properties":{"alt":1017.0,"mestra":false},"geometry":{"type":"LineString","coordinates":[[-49.301036,-25.28177],[-49.301014,-25.28177],[-49.301036,-25.281781],[-49.301036,-25.28177]]}},{"type":"Feature","properties":{"alt":1017.0,"mestra":false},"geometry":{"type":"LineString","coordinates":[[-49.301063,-25.282035],[-49.301032,-25.282037],[-49.301001,-25.282067],[-49.30099,-25.282085],[-49.300999,-25.282104],[-49.301021,-25.282105],[-49.301074,-25.282077],[-49.301079,-25.282049],[-49.301063,-25.282035]]}},{"type":"Feature","properties":{"alt":1017.0,"mestra":false},"geometry":{"type":"LineString","coordinates":[[-49.303518,-25.282345],[-49.303477,-25.282355],[-49.303437,-25.282339],[-49.303416,-25.282354],[-49.303436,-25.282377],[-49.303487,-25.282376],[-49.303528,-25.282394],[-49.303549,-25.282374],[-49.303518,-25.282345]]}},{"type":"Feature","properties":{"alt":1017.0,"mestra":false},"geometry":{"type":"LineString","coordinates":[[-49.302731,-25.282416],[-49.302701,-25.282417],[-49.30268,-25.282444],[-49.302629,-25.282437],[-49.302604,-25.282466],[-49.302637,-25.282566],[-49.302678,-25.282586],[-49.302719,-25.282582],[-49.302729,-25.282569],[-49.302723,-25.282513],[-49.30275,-25.28243],[-49.302731,-25.282416]]}},{"type":"Feature","properties":{"alt":1017.0,"mestra":false},"geometry":{"type":"LineString","coordinates":[[-49.302832,-25.282513],[-49.302832,-25.282527],[-49.302842,-25.282529],[-49.302832,-25.282513]]}},{"type":"Feature","properties":{"alt":1018.0,"mestra":false},"geometry":{"type":"LineString","coordinates":[[-49.300506,-25.281626],[-49.300514,-25.281131],[-49.300575,-25.281169],[-49.300678,-25.281139],[-49.300729,-25.281154],[-49.30075,-25.281201],[-49.300699,-25.281247],[-49.300697,-25.281312],[-49.300716,-25.28133],[-49.300786,-25.281322],[-49.300819,-25.281274],[-49.300839,-25.281265],[-49.300992,-25.281277],[-49.301094,-25.2813],[-49.301169,-25.28128],[-49.301207,-25.281225],[-49.30118,-25.281206],[-49.301168,-25.281169],[-49.301262,-25.281105],[-49.301268,-25.28104],[-49.301323,-25.281013],[-49.301313,-25.280945],[-49.301334,-25.280933],[-49.301364,-25.280952],[-49.301409,-25.28093],[-49.30143,-25.280893],[-49.301421,-25.280847],[-49.301443,-25.28081],[-49.301441,-25.280764],[-49.301489,-25.280753],[-49.301516,-25.280765],[-49.301529,-25.280789],[-49.301543,-25.280783],[-49.301528,-25.2807],[-49.301493,-25.280662],[-49.301511,-25.280628],[-49.301552,-25.280609],[-49.301583,-25.280609],[-49.301674,-25.2807],[-49.301714,-25.280707],[-49.301735,-25.280698],[-49.301756,-25.280663],[-49.301797,-25.280651],[-49.301807,-25.280638],[-49.301787,-25.280617],[-49.301756,-25.280614],[-49.301738,-25.2806],[-49.301734,-25.280581],[-49.301746,-25.280572],[-49.301808,-25.280562],[-49.301839,-25.280579],[-49.301869,-25.280581],[-49.30191,-25.280552],[-49.301941,-25.280572],[-49.301972,-25.280543],[-49.302002,-25.280557],[-49.302014,-25.280575],[-49.302002,-25.28064],[-49.301962,-25.280668],[-49.30198,-25.280681],[-49.302062,-25.280687],[-49.302072,-25.280686],[-49.3021,-25.280623],[-49.302113,-25.280512],[-49.302146,-25.280514],[-49.302205,-25.280596],[-49.302246,-25.28061],[-49.302275,-25.280597],[-49.302277,-25.280572],[-49.302267,-25.280557],[-49.302206,-25.280535],[-49.302207,-25.280512],[-49.302237,-25.28054],[-49.302278,-25.280548],[-49.302309,-25.280525],[-49.302359,-25.28056],[-49.30238,-25.28056],[-49.302387,-25.280543],[-49.302359,-25.280524],[-49.30236,-25.280501],[-49.302411,-25.280501],[-49.302463,-25.280452],[-49.302493,-25.280464],[-49.302512,-25.280442],[-49.302504,-25.280427],[-49.302473,-25.28043],[-49.302459,-25.280414],[-49.302464,-25.280395],[-49.302503,-25.280368],[-49.3025,-25.280321],[-49.302442,-25.280302],[-49.302479,-25.280275],[-49.302482,-25.280228],[-49.302466,-25.28021],[-49.302421,-25.28019],[-49.302403,-25.280162],[-49.302467,-25.280182],[-49.302518,-25.280159],[-49.302559,-25.28017],[-49.3026,-25.280147],[-49.302614,-25.280156],[-49.302602,-25.280183],[-49.302613,-25.280211],[-49.302639,-25.280224],[-49.302673,-25.280221],[-49.302621,-25.280313],[-49.302631,-25.28036],[-49.302658,-25.280378],[-49.302688,-25.280373],[-49.302709,-25.280351],[-49.302726,-25.280305],[-49.302802,-25.28026],[-49.302836,-25.28026],[-49.302854,-25.280297],[-49.302842,-25.280353],[-49.302851,-25.280389],[-49.302883,-25.280409],[-49.302953,-25.280521],[-49.303028,-25.280615],[-49.30297,-25.280672],[-49.302827,-25.280663],[-49.302787,-25.280643],[-49.302756,-25.280646],[-49.302728,-25.280676],[-49.302723,-25.280704],[-49.30274,-25.280741],[-49.302726,-25.280797],[-49.302757,-25.280834],[-49.302738,-25.28089],[-49.302702,-25.280895],[-49.302631,-25.28084],[-49.302553,-25.280888],[-49.302604,-25.281],[-49.302577,-25.281009],[-49.302565,-25.281046],[-49.302597,-25.281052],[-49.302646,-25.281102],[-49.302657,-25.28113],[-49.302652,-25.281186],[-49.302681,-25.281223],[-49.302676,-25.281234],[-49.302625,-25.281242],[-49.302604,-25.281306],[-49.302553,-25.281342],[-49.302562,-25.281354],[-49.302593,-25.281355],[-49.302614,-25.281326],[-49.302661,-25.281362],[-49.302658,-25.281381],[-49.302613,-25.281397],[-49.302582,-25.281426],[-49.302552,-25.281482],[-49.30249,-25.281555],[-49.302518,-25.281588],[-49.302569,-25.281605],[-49.3026,-25.281603],[-49.302618,-25.28164],[-49.302609,-25.281649],[-49.302559,-25.281617],[-49.302488,-25.281603],[-49.302457,-25.281603],[-49.302395,-25.281629],[-49.302365,-25.281609],[-49.302343,-25.281609],[-49.302265,-25.281701],[-49.302262,-25.281729],[-49.302285,-25.281766],[-49.302268,-25.28184],[-49.302239,-25.281844],[-49.302215,-25.281821],[-49.302179,-25.281813],[-49.302147,-25.281842],[-49.302086,-25.281866],[-49.302045,-25.281845],[-49.30199,-25.281865],[-49.301973,-25.281914],[-49.301939,-25.281938],[-49.301907,-25.282003],[-49.301904,-25.28204],[-49.301879,-25.282086],[-49.301892,-25.282123],[-49.301943,-25.28218],[-49.30204,-25.282221],[-49.302111,-25.282236],[-49.302162,-25.282236],[-49.302224,-25.282197],[-49.302275,-25.282197],[-49.302326,-25.282228],[-49.302397,-25.282217],[-49.302566,-25.282131],[-49.302642,-25.282058],[-49.302691,-25.281984],[-49.302706,-25.281919],[-49.302749,-25.281915],[-49.302785,-25.281893],[-49.302793,-25.281809],[-49.302773,-25.281762],[-49.302812,-25.281739],[-49.302853,-25.281782],[-49.302854,-25.281828],[-49.302871,-25.281866],[-49.303132,-25.282232],[-49.303182,-25.28228],[-49.303409,-25.282122],[-49.30341,-25.282085],[-49.303357,-25.281983],[-49.303357,-25.281964],[-49.303593,-25.281828],[-49.303597,-25.281809],[-49.303534,-25.281688],[-49.303558,-25.281665],[-49.30363,-25.281654],[-49.303651,-25.281601],[-49.30368,-25.281569],[-49.303723,-25.281556],[-49.303784,-25.281581],[-49.303804,-25.281607],[-49.303783,-25.281681],[-49.303793,-25.281746],[-49.303785,-25.281783],[-49.303806,-25.28183],[-49.303809,-25.281951],[-49.303833,-25.281988],[-49.303828,-25.282081],[-49.303861,-25.282109],[-49.303878,-25.282177],[-49.30394,-25.282212],[-49.30395,-25.282268],[-49.303928,-25.282323],[-49.303939,-25.282379],[-49.303986,-25.282468],[-49.304042,-25.282514]]}},{"type":"Feature","properties":{"alt":1018.0,"mestra":false},"geometry":{"type":"LineString","coordinates":[[-49.300516,-25.281717],[-49.300557,-25.2817],[-49.300517,-25.281652]]}},{"type":"Feature","properties":{"alt":1018.0,"mestra":false},"geometry":{"type":"LineString","coordinates":[[-49.30437,-25.282502],[-49.304508,-25.282339],[-49.304517,-25.282311],[-49.304515,-25.282246],[-49.304476,-25.282181],[-49.304481,-25.282125],[-49.304463,-25.282079],[-49.304466,-25.282042],[-49.304449,-25.282014],[-49.304462,-25.281977],[-49.304453,-25.281847],[-49.304464,-25.281843],[-49.304497,-25.281875],[-49.304491,-25.281912],[-49.304514,-25.28194],[-49.30449,-25.281968],[-49.304489,-25.281996],[-49.304513,-25.282052],[-49.304549,-25.282071],[-49.304555,-25.282117],[-49.30459,-25.282145],[-49.304604,-25.282201],[-49.304598,-25.282229],[-49.304637,-25.282257],[-49.304611,-25.282285],[-49.304616,-25.282303],[-49.304641,-25.28231],[-49.304662,-25.282302],[-49.304672,-25.28223],[-49.304708,-25.282193],[-49.304705,-25.282152],[-49.304715,-25.282139],[-49.304735,-25.282139],[-49.304754,-25.282166],[-49.304806,-25.282198],[-49.30482,-25.282185],[-49.304827,-25.282136],[-49.304862,-25.282185],[-49.304914,-25.282223],[-49.304985,-25.282347]]}},{"type":"Feature","properties":{"alt":1018.0,"mestra":false},"geometry":{"type":"LineString","coordinates":[[-49.303086,-25.282742],[-49.302961,-25.282757],[-49.302634,-25.282754]]}},{"type":"Feature","properties":{"alt":1018.0,"mestra":false},"geometry":{"type":"LineString","coordinates":[[-49.302459,-25.279987],[-49.302448,-25.280023],[-49.302387,-25.280065],[-49.302384,-25.280042],[-49.302404,-25.280005],[-49.302428,-25.279988],[-49.302459,-25.279987]]}},{"type":"Feature","properties":{"alt":1018.0,"mestra":false},"geometry":{"type":"LineString","coordinates":[[-49.302564,-25.280484],[-49.302544,-25.280486],[-49.302539,-25.280498],[-49.302553,-25.280517],[-49.302574,-25.280522],[-49.302586,-25.280508],[-49.302564,-25.280484]]}},{"type":"Feature","properties":{"alt":1018.0,"mestra":false},"geometry":{"type":"LineString","coordinates":[[-49.302085,-25.280501],[-49.302092,-25.280511],[-49.302074,-25.280535],[-49.302043,-25.280533],[-49.302038,-25.280511],[-49.302085,-25.280501]]}},{"type":"Feature","properties":{"alt":1018.0,"mestra":false},"geometry":{"type":"LineString","coordinates":[[-49.301308,-25.280538],[-49.301308,-25.280538]]}},{"type":"Feature","properties":{"alt":1018.0,"mestra":false},"geometry":{"type":"LineString","coordinates":[[-49.302153,-25.280695],[-49.30213,-25.280697],[-49.302174,-25.280707],[-49.302153,-25.280695]]}},{"type":"Feature","properties":{"alt":1018.0,"mestra":false},"geometry":{"type":"LineString","coordinates":[[-49.30299,-25.280725],[-49.302991,-25.280735],[-49.302974,-25.280735],[-49.30299,-25.280725]]}},{"type":"Feature","properties":{"alt":1018.0,"mestra":false},"geometry":{"type":"LineString","coordinates":[[-49.302918,-25.280743],[-49.302954,-25.280753],[-49.302948,-25.280794],[-49.302917,-25.280822],[-49.302911,-25.280781],[-49.302897,-25.280763],[-49.302877,-25.28076],[-49.302836,-25.280776],[-49.302811,-25.280761],[-49.302814,-25.280752],[-49.302887,-25.280735],[-49.302918,-25.280743]]}},{"type":"Feature","properties":{"alt":1018.0,"mestra":false},"geometry":{"type":"LineString","coordinates":[[-49.302581,-25.280745],[-49.302571,-25.280758],[-49.302588,-25.280758],[-49.302581,-25.280745]]}},{"type":"Feature","properties":{"alt":1018.0,"mestra":false},"geometry":{"type":"LineString","coordinates":[[-49.302997,-25.280902],[-49.303007,-25.280921],[-49.303063,-25.28094],[-49.303027,-25.280961],[-49.303007,-25.280995],[-49.303016,-25.281007],[-49.303047,-25.281002],[-49.303074,-25.281014],[-49.303069,-25.281051],[-49.303046,-25.281085],[-49.303006,-25.28105],[-49.302975,-25.281042],[-49.302952,-25.28105],[-49.302928,-25.281096],[-49.30288,-25.281151],[-49.302926,-25.281226],[-49.302901,-25.281241],[-49.30288,-25.28124],[-49.30283,-25.281217],[-49.302749,-25.281144],[-49.302743,-25.281122],[-49.302757,-25.281057],[-49.302802,-25.28101],[-49.302832,-25.281029],[-49.302863,-25.281002],[-49.302915,-25.281013],[-49.302973,-25.280967],[-49.302968,-25.280902],[-49.302977,-25.280894],[-49.302997,-25.280902]]}},{"type":"Feature","properties":{"alt":1018.0,"mestra":false},"geometry":{"type":"LineString","coordinates":[[-49.301762,-25.280925],[-49.301742,-25.280922],[-49.301711,-25.280958],[-49.301682,-25.280971],[-49.30168,-25.280994],[-49.301762,-25.280953],[-49.301762,-25.280925]]}},{"type":"Feature","properties":{"alt":1018.0,"mestra":false},"geometry":{"type":"LineString","coordinates":[[-49.301649,-25.281015],[-49.301608,-25.281025],[-49.301597,-25.281057],[-49.301638,-25.28105],[-49.301654,-25.281026],[-49.301649,-25.281015]]}},{"type":"Feature","properties":{"alt":1018.0,"mestra":false},"geometry":{"type":"LineString","coordinates":[[-49.301924,-25.281029],[-49.301904,-25.281022],[-49.301852,-25.281057],[-49.301811,-25.281059],[-49.301787,-25.281092],[-49.301862,-25.281116],[-49.301892,-25.281105],[-49.301912,-25.281131],[-49.301933,-25.28113],[-49.301974,-25.281103],[-49.30198,-25.281085],[-49.301969,-25.281057],[-49.301924,-25.281029]]}},{"type":"Feature","properties":{"alt":1018.0,"mestra":false},"geometry":{"type":"LineString","coordinates":[[-49.302148,-25.281036],[-49.302118,-25.281043],[-49.302093,-25.281077],[-49.302111,-25.281124],[-49.302147,-25.281144],[-49.302191,-25.281125],[-49.3022,-25.281106],[-49.302195,-25.281079],[-49.302148,-25.281036]]}},{"type":"Feature","properties":{"alt":1018.0,"mestra":false},"geometry":{"type":"LineString","coordinates":[[-49.301424,-25.281049],[-49.301383,-25.281044],[-49.301366,-25.281069],[-49.301403,-25.281082],[-49.301424,-25.281066],[-49.301424,-25.281049]]}},{"type":"Feature","properties":{"alt":1018.0,"mestra":false},"geometry":{"type":"LineString","coordinates":[[-49.302442,-25.2812],[-49.302422,-25.281201],[-49.302391,-25.281237],[-49.30234,-25.281247],[-49.302349,-25.281297],[-49.302441,-25.281317],[-49.302492,-25.281305],[-49.302484,-25.281258],[-49.302442,-25.2812]]}},{"type":"Feature","properties":{"alt":1018.0,"mestra":false},"geometry":{"type":"LineString","coordinates":[[-49.302299,-25.281218],[-49.302257,-25.281237],[-49.302268,-25.281281],[-49.302302,-25.281256],[-49.302312,-25.281228],[-49.302299,-25.281218]]}},{"type":"Feature","properties":{"alt":1018.0,"mestra":false},"geometry":{"type":"LineString","coordinates":[[-49.300799,-25.281208],[-49.300822,-25.28123],[-49.300809,-25.281254],[-49.30077,-25.28122],[-49.300799,-25.281208]]}},{"type":"Feature","properties":{"alt":1018.0,"mestra":false},"geometry":{"type":"LineString","coordinates":[[-49.302829,-25.281266],[-49.302843,-25.281318],[-49.302877,-25.281346],[-49.302795,-25.281382],[-49.302765,-25.28145],[-49.30271,-25.281511],[-49.302707,-25.281558],[-49.302692,-25.281568],[-49.302665,-25.281548],[-49.302679,-25.281464],[-49.302705,-25.281437],[-49.302711,-25.2814],[-49.302787,-25.281336],[-49.302798,-25.281277],[-49.302829,-25.281266]]}},{"type":"Feature","properties":{"alt":1018.0,"mestra":false},"geometry":{"type":"LineString","coordinates":[[-49.302277,-25.281366],[-49.302236,-25.281364],[-49.30222,-25.281385],[-49.302245,-25.281423],[-49.302296,-25.281441],[-49.302311,-25.281423],[-49.302277,-25.281366]]}},{"type":"Feature","properties":{"alt":1018.0,"mestra":false},"geometry":{"type":"LineString","coordinates":[[-49.304531,-25.281446],[-49.30451,-25.28148],[-49.304501,-25.281476],[-49.30451,-25.281448],[-49.304531,-25.281446]]}},{"type":"Feature","properties":{"alt":1018.0,"mestra":false},"geometry":{"type":"LineString","coordinates":[[-49.302071,-25.281454],[-49.30203,-25.281466],[-49.302008,-25.281512],[-49.30205,-25.281524],[-49.302077,-25.281513],[-49.302087,-25.281467],[-49.302071,-25.281454]]}},{"type":"Feature","properties":{"alt":1018.0,"mestra":false},"geometry":{"type":"LineString","coordinates":[[-49.30153,-25.281477],[-49.301469,-25.281499],[-49.301439,-25.281562],[-49.301447,-25.281569],[-49.301519,-25.281574],[-49.301544,-25.281563],[-49.301544,-25.281489],[-49.30153,-25.281477]]}},{"type":"Feature","properties":{"alt":1018.0,"mestra":false},"geometry":{"type":"LineString","coordinates":[[-49.301367,-25.281474],[-49.301342,-25.281477],[-49.301339,-25.281523],[-49.3013,-25.281551],[-49.301294,-25.281588],[-49.301304,-25.281599],[-49.301355,-25.281599],[-49.30137,-25.281589],[-49.30137,-25.281551],[-49.301384,-25.281524],[-49.301381,-25.281487],[-49.301367,-25.281474]]}},{"type":"Feature","properties":{"alt":1018.0,"mestra":false},"geometry":{"type":"LineString","coordinates":[[-49.304458,-25.281531],[-49.304472,-25.281541],[-49.304483,-25.281597],[-49.304475,-25.281652],[-49.304485,-25.281689],[-49.304476,-25.281692],[-49.304442,-25.28168],[-49.304434,-25.281652],[-49.304395,-25.281623],[-49.304395,-25.28154],[-49.304458,-25.281531]]}},{"type":"Feature","properties":{"alt":1018.0,"mestra":false},"geometry":{"type":"LineString","coordinates":[[-49.30366,-25.28167],[-49.303636,-25.28168],[-49.303644,-25.281763],[-49.303679,-25.281784],[-49.30374,-25.281775],[-49.303747,-25.281755],[-49.303735,-25.281709],[-49.303701,-25.281681],[-49.30366,-25.28167]]}},{"type":"Feature","properties":{"alt":1018.0,"mestra":false},"geometry":{"type":"LineString","coordinates":[[-49.304455,-25.281719],[-49.304473,-25.281791],[-49.304464,-25.281807],[-49.304448,-25.281763],[-49.304455,-25.281719]]}},{"type":"Feature","properties":{"alt":1018.0,"mestra":false},"geometry":{"type":"LineString","coordinates":[[-49.301435,-25.281698],[-49.301396,-25.281719],[-49.301414,-25.281747],[-49.30146,-25.281738],[-49.301459,-25.28171],[-49.301435,-25.281698]]}},{"type":"Feature","properties":{"alt":1018.0,"mestra":false},"geometry":{"type":"LineString","coordinates":[[-49.301231,-25.281695],[-49.301147,-25.281707],[-49.301141,-25.281725],[-49.30116,-25.281772],[-49.30125,-25.281829],[-49.30129,-25.281827],[-49.301332,-25.28181],[-49.30135,-25.281774],[-49.301323,-25.281714],[-49.301261,-25.28171],[-49.301231,-25.281695]]}},{"type":"Feature","properties":{"alt":1018.0,"mestra":false},"geometry":{"type":"LineString","coordinates":[[-49.301546,-25.281764],[-49.301514,-25.281776],[-49.3015,-25.281803],[-49.301515,-25.281828],[-49.301545,-25.281843],[-49.301561,-25.281832],[-49.301563,-25.281786],[-49.301546,-25.281764]]}},{"type":"Feature","properties":{"alt":1018.0,"mestra":false},"geometry":{"type":"LineString","coordinates":[[-49.301063,-25.282039],[-49.301037,-25.282039],[-49.301009,-25.282067],[-49.301002,-25.282085],[-49.301011,-25.282094],[-49.301073,-25.282069],[-49.301063,-25.282039]]}},{"type":"Feature","properties":{"alt":1018.0,"mestra":false},"geometry":{"type":"LineString","coordinates":[[-49.303192,-25.282296],[-49.303161,-25.282328],[-49.3031,-25.282307],[-49.303059,-25.282312],[-49.303028,-25.282331],[-49.303007,-25.282313],[-49.302986,-25.282312],[-49.302998,-25.282333],[-49.303028,-25.282333],[-49.303048,-25.28235],[-49.30313,-25.28238],[-49.303171,-25.282383],[-49.303212,-25.282374],[-49.30324,-25.282343],[-49.303223,-25.28231],[-49.303192,-25.282296]]}},{"type":"Feature","properties":{"alt":1018.0,"mestra":false},"geometry":{"type":"LineString","coordinates":[[-49.303284,-25.282331],[-49.303267,-25.282334],[-49.303263,-25.282353],[-49.303296,-25.282353],[-49.303284,-25.282331]]}},{"type":"Feature","properties":{"alt":1018.0,"mestra":false},"geometry":{"type":"LineString","coordinates":[[-49.303447,-25.282345],[-49.303424,-25.282354],[-49.303446,-25.282374],[-49.303465,-25.282364],[-49.303447,-25.282345]]}},{"type":"Feature","properties":{"alt":1018.0,"mestra":false},"geometry":{"type":"LineString","coordinates":[[-49.303528,-25.282355],[-49.303508,-25.282351],[-49.303494,-25.282365],[-49.303528,-25.282379],[-49.303528,-25.282355]]}},{"type":"Feature","properties":{"alt":1018.0,"mestra":false},"geometry":{"type":"LineString","coordinates":[[-49.302721,-25.28242],[-49.302708,-25.28242],[-49.30268,-25.28245],[-49.302629,-25.282441],[-49.302606,-25.282475],[-49.302633,-25.282522],[-49.30264,-25.282559],[-49.302688,-25.282584],[-49.302727,-25.282569],[-49.302718,-25.282513],[-49.302742,-25.28243],[-49.302721,-25.28242]]}},{"type":"Feature","properties":{"alt":1019.0,"mestra":false},"geometry":{"type":"LineString","coordinates":[[-49.300505,-25.281627],[-49.300515,-25.281123],[-49.300586,-25.281152],[-49.300657,-25.281123],[-49.300698,-25.281119],[-49.300729,-25.281135],[-49.300769,-25.281188],[-49.300819,-25.281208],[-49.30085,-25.281243],[-49.301084,-25.281294],[-49.301155,-25.28128],[-49.301176,-25.281265],[-49.30119,-25.281234],[-49.301163,-25.281187],[-49.301164,-25.281159],[-49.301255,-25.281096],[-49.301255,-25.281031],[-49.301302,-25.280989],[-49.301308,-25.280948],[-49.301334,-25.28093],[-49.301364,-25.280948],[-49.301405,-25.28093],[-49.301427,-25.280893],[-49.301417,-25.280847],[-49.301438,-25.28081],[-49.301437,-25.280764],[-49.301469,-25.28075],[-49.301522,-25.280755],[-49.301524,-25.280709],[-49.301489,-25.280662],[-49.30151,-25.280625],[-49.301552,-25.280605],[-49.301592,-25.280608],[-49.30162,-25.280627],[-49.301674,-25.280695],[-49.301714,-25.280704],[-49.301734,-25.280693],[-49.301756,-25.280656],[-49.301798,-25.280638],[-49.301787,-25.280625],[-49.301735,-25.280609],[-49.301722,-25.280581],[-49.301746,-25.280563],[-49.301808,-25.280547],[-49.301859,-25.280575],[-49.301905,-25.280537],[-49.301972,-25.280523],[-49.302043,-25.280571],[-49.302055,-25.280557],[-49.302033,-25.280541],[-49.302024,-25.280511],[-49.302033,-25.280502],[-49.302085,-25.280487],[-49.302146,-25.280497],[-49.302177,-25.280485],[-49.302237,-25.28053],[-49.302278,-25.280541],[-49.302319,-25.280522],[-49.302359,-25.280553],[-49.302379,-25.280552],[-49.30235,-25.280515],[-49.30236,-25.280496],[-49.302411,-25.280499],[-49.302463,-25.280444],[-49.302493,-25.280461],[-49.302509,-25.280442],[-49.302494,-25.280426],[-49.302463,-25.280435],[-49.302456,-25.280413],[-49.302459,-25.280395],[-49.3025,-25.280368],[-49.302495,-25.280321],[-49.302475,-25.28031],[-49.302432,-25.280311],[-49.302475,-25.280273],[-49.302477,-25.280228],[-49.302411,-25.28019],[-49.302393,-25.280162],[-49.302416,-25.280153],[-49.302467,-25.280179],[-49.302518,-25.280154],[-49.302559,-25.280165],[-49.30261,-25.280132],[-49.302632,-25.280156],[-49.302607,-25.280183],[-49.302611,-25.280202],[-49.30264,-25.280217],[-49.30267,-25.280196],[-49.302691,-25.280201],[-49.302687,-25.280258],[-49.30271,-25.280281],[-49.302751,-25.280275],[-49.302864,-25.280208],[-49.302895,-25.280213],[-49.302901,-25.280224],[-49.302867,-25.280279],[-49.302852,-25.280362],[-49.30293,-25.28041],[-49.303043,-25.280568],[-49.303057,-25.280606],[-49.30297,-25.280677],[-49.302827,-25.280666],[-49.302787,-25.280646],[-49.302746,-25.280657],[-49.302725,-25.280704],[-49.302743,-25.280742],[-49.302728,-25.280797],[-49.30276,-25.280835],[-49.302742,-25.28089],[-49.302691,-25.280906],[-49.302621,-25.280848],[-49.302562,-25.280888],[-49.302643,-25.281028],[-49.302617,-25.281066],[-49.302638,-25.281079],[-49.302658,-25.28107],[-49.302677,-25.281155],[-49.302728,-25.28114],[-49.30275,-25.281091],[-49.302749,-25.281057],[-49.302792,-25.281011],[-49.302802,-25.281007],[-49.302832,-25.281026],[-49.302863,-25.280999],[-49.302914,-25.28101],[-49.302968,-25.280967],[-49.302962,-25.280902],[-49.302977,-25.280889],[-49.303028,-25.280927],[-49.303109,-25.280941],[-49.303109,-25.280961],[-49.303048,-25.280956],[-49.303022,-25.280986],[-49.303108,-25.281005],[-49.303108,-25.281015],[-49.303086,-25.28107],[-49.303045,-25.281117],[-49.303014,-25.28106],[-49.302975,-25.281048],[-49.302951,-25.281059],[-49.302885,-25.281151],[-49.302912,-25.281193],[-49.302958,-25.281208],[-49.302942,-25.281234],[-49.30292,-25.281245],[-49.30289,-25.28125],[-49.30284,-25.281233],[-49.302749,-25.281169],[-49.302708,-25.281184],[-49.302677,-25.28117],[-49.302671,-25.281195],[-49.302709,-25.281224],[-49.302686,-25.281242],[-49.302636,-25.281238],[-49.302619,-25.281269],[-49.302631,-25.281325],[-49.302674,-25.281362],[-49.302672,-25.281381],[-49.302589,-25.281426],[-49.302494,-25.281555],[-49.302518,-25.281585],[-49.302612,-25.281603],[-49.302625,-25.281649],[-49.302609,-25.281654],[-49.302569,-25.281625],[-49.302488,-25.281605],[-49.302457,-25.281606],[-49.302395,-25.28164],[-49.302365,-25.281617],[-49.302345,-25.281616],[-49.302271,-25.281701],[-49.302269,-25.281729],[-49.30229,-25.281766],[-49.302277,-25.28184],[-49.30226,-25.281851],[-49.302229,-25.28185],[-49.302189,-25.281819],[-49.302176,-25.281821],[-49.302158,-25.281853],[-49.302086,-25.281872],[-49.302045,-25.281851],[-49.302004,-25.281859],[-49.301987,-25.28192],[-49.301951,-25.281939],[-49.301953,-25.281966],[-49.301917,-25.282003],[-49.301914,-25.28204],[-49.30189,-25.282086],[-49.3019,-25.282114],[-49.301963,-25.28218],[-49.30204,-25.282215],[-49.302111,-25.28223],[-49.302166,-25.282229],[-49.302224,-25.282192],[-49.302285,-25.282191],[-49.302326,-25.282221],[-49.302397,-25.28221],[-49.302562,-25.282127],[-49.302639,-25.282058],[-49.302689,-25.281975],[-49.302695,-25.281938],[-49.302674,-25.28191],[-49.302678,-25.281882],[-49.302728,-25.281914],[-49.30278,-25.281892],[-49.302788,-25.281865],[-49.302781,-25.281809],[-49.302756,-25.281762],[-49.30277,-25.281744],[-49.302823,-25.281729],[-49.302863,-25.281784],[-49.30286,-25.281828],[-49.302876,-25.281866],[-49.303092,-25.282163],[-49.303132,-25.282206],[-49.303143,-25.282203],[-49.303359,-25.282038],[-49.303348,-25.281973],[-49.30336,-25.281949],[-49.303587,-25.281821],[-49.303531,-25.281706],[-49.303533,-25.281678],[-49.303558,-25.281656],[-49.30362,-25.281636],[-49.303622,-25.281605],[-49.303603,-25.281586],[-49.303631,-25.281531],[-49.303734,-25.28153],[-49.303795,-25.281549],[-49.303812,-25.281607],[-49.303788,-25.281681],[-49.303797,-25.281746],[-49.30379,-25.281783],[-49.303815,-25.281839],[-49.303815,-25.281941],[-49.30384,-25.281977],[-49.30383,-25.282072],[-49.303868,-25.282108],[-49.303881,-25.282174],[-49.303939,-25.282201],[-49.303953,-25.282221],[-49.303951,-25.282277],[-49.303931,-25.282323],[-49.303956,-25.282404],[-49.303986,-25.28245],[-49.304054,-25.282503]]}},{"type":"Feature","properties":{"alt":1019.0,"mestra":false},"geometry":{"type":"LineString","coordinates":[[-49.300517,-25.281712],[-49.30055,-25.2817],[-49.300517,-25.281658]]}},{"type":"Feature","properties":{"alt":1019.0,"mestra":false},"geometry":{"type":"LineString","coordinates":[[-49.304314,-25.282487],[-49.304488,-25.282349],[-49.304512,-25.282302],[-49.304505,-25.282237],[-49.304465,-25.282172],[-49.304475,-25.282125],[-49.304439,-25.282023],[-49.304455,-25.281893],[-49.304432,-25.281847],[-49.304441,-25.281791],[-49.304431,-25.281726],[-49.304377,-25.281632],[-49.304374,-25.28153],[-49.304407,-25.281504],[-49.304448,-25.281503],[-49.304459,-25.281466],[-49.3045,-25.281429],[-49.304552,-25.281412],[-49.304572,-25.281388],[-49.304592,-25.281435],[-49.304528,-25.281476],[-49.304511,-25.281532],[-49.304488,-25.28156],[-49.304508,-25.281606],[-49.304489,-25.281643],[-49.304505,-25.28169],[-49.304488,-25.281717],[-49.304491,-25.281754],[-49.304496,-25.281766],[-49.304534,-25.281783],[-49.30455,-25.281866],[-49.304569,-25.281904],[-49.304507,-25.281987],[-49.30457,-25.282006],[-49.304585,-25.282043],[-49.304576,-25.282108],[-49.304605,-25.282136],[-49.304632,-25.282199],[-49.304684,-25.282199],[-49.304697,-25.282184],[-49.304687,-25.282146],[-49.304725,-25.282116],[-49.304777,-25.282117],[-49.304787,-25.282093],[-49.304837,-25.28212],[-49.304875,-25.282176],[-49.304908,-25.282177],[-49.304979,-25.282215]]}},{"type":"Feature","properties":{"alt":1019.0,"mestra":false},"geometry":{"type":"LineString","coordinates":[[-49.303086,-25.282742],[-49.302968,-25.282757]]}},{"type":"Feature","properties":{"alt":1019.0,"mestra":false},"geometry":{"type":"LineString","coordinates":[[-49.302946,-25.282757],[-49.302635,-25.282754]]}},{"type":"Feature","properties":{"alt":1019.0,"mestra":false},"geometry":{"type":"LineString","coordinates":[[-49.302469,-25.279984],[-49.302459,-25.28002],[-49.302386,-25.28008],[-49.302377,-25.280041],[-49.302398,-25.280002],[-49.302428,-25.279983],[-49.302469,-25.279984]]}},{"type":"Feature","properties":{"alt":1019.0,"mestra":false},"geometry":{"type":"LineString","coordinates":[[-49.302679,-25.280294],[-49.302638,-25.280302],[-49.302626,-25.280323],[-49.302632,-25.280351],[-49.302658,-25.280372],[-49.302688,-25.280367],[-49.302705,-25.280342],[-49.302699,-25.280308],[-49.302679,-25.280294]]}},{"type":"Feature","properties":{"alt":1019.0,"mestra":false},"geometry":{"type":"LineString","coordinates":[[-49.302554,-25.280489],[-49.302552,-25.280507],[-49.302574,-25.28051],[-49.302554,-25.280489]]}},{"type":"Feature","properties":{"alt":1019.0,"mestra":false},"geometry":{"type":"LineString","coordinates":[[-49.302186,-25.280529],[-49.302176,-25.280534],[-49.302208,-25.280587],[-49.302246,-25.280601],[-49.302267,-25.280596],[-49.302267,-25.280572],[-49.302198,-25.28055],[-49.302186,-25.280529]]}},{"type":"Feature","properties":{"alt":1019.0,"mestra":false},"geometry":{"type":"LineString","coordinates":[[-49.301319,-25.280533],[-49.301318,-25.28055],[-49.301298,-25.280549],[-49.301298,-25.280536],[-49.301319,-25.280533]]}},{"type":"Feature","properties":{"alt":1019.0,"mestra":false},"geometry":{"type":"LineString","coordinates":[[-49.30198,-25.280667],[-49.30198,-25.280667]]}},{"type":"Feature","properties":{"alt":1019.0,"mestra":false},"geometry":{"type":"LineString","coordinates":[[-49.30299,-25.280718],[-49.302998,-25.280735],[-49.302964,-25.280744],[-49.30298,-25.280718],[-49.30299,-25.280718]]}},{"type":"Feature","properties":{"alt":1019.0,"mestra":false},"geometry":{"type":"LineString","coordinates":[[-49.302898,-25.280731],[-49.302959,-25.280746],[-49.302952,-25.28079],[-49.302927,-25.280832],[-49.302908,-25.280827],[-49.302911,-25.28079],[-49.302897,-25.280767],[-49.302877,-25.280763],[-49.302836,-25.280778],[-49.302807,-25.280761],[-49.302806,-25.280752],[-49.302898,-25.280731]]}},{"type":"Feature","properties":{"alt":1019.0,"mestra":false},"geometry":{"type":"LineString","coordinates":[[-49.30153,-25.280773],[-49.30153,-25.280773]]}},{"type":"Feature","properties":{"alt":1019.0,"mestra":false},"geometry":{"type":"LineString","coordinates":[[-49.30307,-25.280801],[-49.30307,-25.280811],[-49.30307,-25.280801]]}},{"type":"Feature","properties":{"alt":1019.0,"mestra":false},"geometry":{"type":"LineString","coordinates":[[-49.302691,-25.280918],[-49.302701,-25.280936],[-49.302693,-25.280945],[-49.302663,-25.280935],[-49.302671,-25.280922],[-49.302691,-25.280918]]}},{"type":"Feature","properties":{"alt":1019.0,"mestra":false},"geometry":{"type":"LineString","coordinates":[[-49.301752,-25.280936],[-49.301731,-25.280945],[-49.301721,-25.280966],[-49.301753,-25.280953],[-49.301752,-25.280936]]}},{"type":"Feature","properties":{"alt":1019.0,"mestra":false},"geometry":{"type":"LineString","coordinates":[[-49.302751,-25.280992],[-49.302751,-25.280992]]}},{"type":"Feature","properties":{"alt":1019.0,"mestra":false},"geometry":{"type":"LineString","coordinates":[[-49.302587,-25.281025],[-49.302577,-25.281037],[-49.302587,-25.281037],[-49.302587,-25.281025]]}},{"type":"Feature","properties":{"alt":1019.0,"mestra":false},"geometry":{"type":"LineString","coordinates":[[-49.301914,-25.281027],[-49.301852,-25.28106],[-49.301811,-25.281063],[-49.301793,-25.281092],[-49.301862,-25.281111],[-49.301892,-25.281101],[-49.301913,-25.281127],[-49.301933,-25.281127],[-49.301974,-25.281098],[-49.301977,-25.281076],[-49.301965,-25.281057],[-49.301914,-25.281027]]}},{"type":"Feature","properties":{"alt":1019.0,"mestra":false},"geometry":{"type":"LineString","coordinates":[[-49.301638,-25.281021],[-49.301608,-25.281033],[-49.301607,-25.281049],[-49.301634,-25.281044],[-49.301638,-25.281021]]}},{"type":"Feature","properties":{"alt":1019.0,"mestra":false},"geometry":{"type":"LineString","coordinates":[[-49.302148,-25.281039],[-49.302125,-25.281041],[-49.302096,-25.281077],[-49.302114,-25.281124],[-49.302147,-25.281142],[-49.302188,-25.281124],[-49.302198,-25.281106],[-49.302192,-25.281078],[-49.302148,-25.281039]]}},{"type":"Feature","properties":{"alt":1019.0,"mestra":false},"geometry":{"type":"LineString","coordinates":[[-49.302432,-25.281199],[-49.302391,-25.28124],[-49.302349,-25.281247],[-49.302351,-25.281294],[-49.302441,-25.281313],[-49.302486,-25.281305],[-49.302481,-25.281258],[-49.302432,-25.281199]]}},{"type":"Feature","properties":{"alt":1019.0,"mestra":false},"geometry":{"type":"LineString","coordinates":[[-49.302289,-25.281223],[-49.30226,-25.281237],[-49.302268,-25.281276],[-49.302297,-25.281256],[-49.302301,-25.281237],[-49.302289,-25.281223]]}},{"type":"Feature","properties":{"alt":1019.0,"mestra":false},"geometry":{"type":"LineString","coordinates":[[-49.300748,-25.281226],[-49.300707,-25.281252],[-49.300703,-25.281312],[-49.300716,-25.281324],[-49.300774,-25.281313],[-49.300789,-25.281285],[-49.300782,-25.281257],[-49.300748,-25.281226]]}},{"type":"Feature","properties":{"alt":1019.0,"mestra":false},"geometry":{"type":"LineString","coordinates":[[-49.302829,-25.281254],[-49.302849,-25.281315],[-49.3029,-25.281332],[-49.302906,-25.281346],[-49.302889,-25.281367],[-49.302828,-25.281375],[-49.302794,-25.281392],[-49.302765,-25.281454],[-49.302713,-25.281511],[-49.302702,-25.281586],[-49.302658,-25.281548],[-49.302671,-25.281464],[-49.302696,-25.281437],[-49.302699,-25.2814],[-49.302779,-25.281336],[-49.302798,-25.281271],[-49.302829,-25.281254]]}},{"type":"Feature","properties":{"alt":1019.0,"mestra":false},"geometry":{"type":"LineString","coordinates":[[-49.302266,-25.281365],[-49.302236,-25.281367],[-49.302226,-25.281394],[-49.302255,-25.281426],[-49.302296,-25.281435],[-49.302303,-25.281423],[-49.302266,-25.281365]]}},{"type":"Feature","properties":{"alt":1019.0,"mestra":false},"geometry":{"type":"LineString","coordinates":[[-49.302071,-25.281463],[-49.30204,-25.281466],[-49.302019,-25.281503],[-49.302028,-25.281513],[-49.302062,-25.281513],[-49.302071,-25.281463]]}},{"type":"Feature","properties":{"alt":1019.0,"mestra":false},"geometry":{"type":"LineString","coordinates":[[-49.301357,-25.281476],[-49.301346,-25.281483],[-49.301338,-25.281533],[-49.3013,-25.28156],[-49.301302,-25.281588],[-49.301314,-25.281595],[-49.301355,-25.281589],[-49.301362,-25.281579],[-49.301363,-25.281551],[-49.30138,-25.281524],[-49.301375,-25.281487],[-49.301357,-25.281476]]}},{"type":"Feature","properties":{"alt":1019.0,"mestra":false},"geometry":{"type":"LineString","coordinates":[[-49.30154,-25.281487],[-49.30152,-25.281479],[-49.301476,-25.281497],[-49.301445,-25.281562],[-49.301508,-25.281571],[-49.301539,-25.281564],[-49.30154,-25.281487]]}},{"type":"Feature","properties":{"alt":1019.0,"mestra":false},"geometry":{"type":"LineString","coordinates":[[-49.30366,-25.28168],[-49.303639,-25.281702],[-49.303649,-25.281763],[-49.303689,-25.281781],[-49.303736,-25.281774],[-49.303743,-25.281755],[-49.303729,-25.281709],[-49.303691,-25.281684],[-49.30366,-25.28168]]}},{"type":"Feature","properties":{"alt":1019.0,"mestra":false},"geometry":{"type":"LineString","coordinates":[[-49.301435,-25.281706],[-49.301406,-25.281719],[-49.301414,-25.281738],[-49.301448,-25.281738],[-49.301452,-25.281719],[-49.301435,-25.281706]]}},{"type":"Feature","properties":{"alt":1019.0,"mestra":false},"geometry":{"type":"LineString","coordinates":[[-49.301241,-25.281705],[-49.301157,-25.281707],[-49.301147,-25.281725],[-49.301167,-25.281772],[-49.30125,-25.28182],[-49.301321,-25.281802],[-49.301341,-25.281774],[-49.301323,-25.281725],[-49.301241,-25.281705]]}},{"type":"Feature","properties":{"alt":1019.0,"mestra":false},"geometry":{"type":"LineString","coordinates":[[-49.301546,-25.281772],[-49.301516,-25.281781],[-49.301506,-25.281804],[-49.301515,-25.281819],[-49.301546,-25.281833],[-49.301557,-25.281786],[-49.301546,-25.281772]]}},{"type":"Feature","properties":{"alt":1019.0,"mestra":false},"geometry":{"type":"LineString","coordinates":[[-49.304514,-25.281903],[-49.304513,-25.281912],[-49.304525,-25.281913],[-49.304514,-25.281903]]}},{"type":"Feature","properties":{"alt":1019.0,"mestra":false},"geometry":{"type":"LineString","coordinates":[[-49.302034,-25.281938],[-49.302032,-25.281958],[-49.302013,-25.28197],[-49.302003,-25.281958],[-49.302009,-25.281939],[-49.302034,-25.281938]]}},{"type":"Feature","properties":{"alt":1019.0,"mestra":false},"geometry":{"type":"LineString","coordinates":[[-49.301063,-25.282044],[-49.301043,-25.282042],[-49.301014,-25.282076],[-49.301032,-25.282084],[-49.301063,-25.282071],[-49.301063,-25.282044]]}},{"type":"Feature","properties":{"alt":1019.0,"mestra":false},"geometry":{"type":"LineString","coordinates":[[-49.304796,-25.282153],[-49.304783,-25.282166],[-49.304796,-25.282185],[-49.304807,-25.282176],[-49.304796,-25.282153]]}},{"type":"Feature","properties":{"alt":1019.0,"mestra":false},"geometry":{"type":"LineString","coordinates":[[-49.303202,-25.282311],[-49.303161,-25.282334],[-49.303126,-25.282314],[-49.30309,-25.28231],[-49.303042,-25.282332],[-49.303049,-25.282344],[-49.30313,-25.282374],[-49.303191,-25.282375],[-49.303221,-25.282361],[-49.303231,-25.282343],[-49.303202,-25.282311]]}},{"type":"Feature","properties":{"alt":1019.0,"mestra":false},"geometry":{"type":"LineString","coordinates":[[-49.303283,-25.282342],[-49.303274,-25.282343],[-49.303283,-25.282349],[-49.303283,-25.282342]]}},{"type":"Feature","properties":{"alt":1019.0,"mestra":false},"geometry":{"type":"LineString","coordinates":[[-49.303447,-25.282354],[-49.303436,-25.282355],[-49.303446,-25.282363],[-49.303447,-25.282354]]}},{"type":"Feature","properties":{"alt":1019.0,"mestra":false},"geometry":{"type":"LineString","coordinates":[[-49.302721,-25.282429],[-49.30269,-25.282455],[-49.302639,-25.282441],[-49.302611,-25.282475],[-49.30264,-25.282522],[-49.302648,-25.282559],[-49.302688,-25.28258],[-49.302724,-25.282569],[-49.302713,-25.282523],[-49.30273,-25.282439],[-49.302721,-25.282429]]}},{"type":"Feature","properties":{"alt":1020.0,"mestra":true},"geometry":{"type":"LineString","coordinates":[[-49.300505,-25.281627],[-49.300515,-25.281118],[-49.300576,-25.281132],[-49.300627,-25.281102],[-49.300699,-25.281098],[-49.300736,-25.281117],[-49.300784,-25.281174],[-49.300875,-25.28123],[-49.301084,-25.281289],[-49.30114,-25.28128],[-49.301179,-25.281243],[-49.301155,-25.281159],[-49.301214,-25.281123],[-49.301248,-25.281086],[-49.301242,-25.281021],[-49.301292,-25.280984],[-49.301323,-25.28093],[-49.301344,-25.280928],[-49.301364,-25.280944],[-49.301405,-25.280926],[-49.301424,-25.280893],[-49.301413,-25.280847],[-49.30143,-25.280819],[-49.301438,-25.280758],[-49.30152,-25.280745],[-49.301517,-25.280709],[-49.301485,-25.280662],[-49.301487,-25.280644],[-49.301511,-25.280621],[-49.301563,-25.2806],[-49.301614,-25.280607],[-49.301675,-25.280597],[-49.301645,-25.280645],[-49.301676,-25.280692],[-49.301714,-25.2807],[-49.301735,-25.280686],[-49.301749,-25.280656],[-49.301788,-25.280638],[-49.301726,-25.280612],[-49.30171,-25.280581],[-49.301737,-25.28056],[-49.301808,-25.280537],[-49.301859,-25.280568],[-49.301911,-25.280526],[-49.302003,-25.280496],[-49.302054,-25.280493],[-49.302105,-25.280464],[-49.302191,-25.280485],[-49.302217,-25.280498],[-49.302237,-25.280526],[-49.302258,-25.280522],[-49.302278,-25.280536],[-49.302319,-25.280517],[-49.302345,-25.280533],[-49.302346,-25.280505],[-49.30236,-25.280491],[-49.302411,-25.280496],[-49.302456,-25.280451],[-49.302455,-25.280395],[-49.302499,-25.280358],[-49.302485,-25.280316],[-49.302422,-25.28032],[-49.302434,-25.280296],[-49.302469,-25.280274],[-49.302475,-25.280237],[-49.302463,-25.280219],[-49.302402,-25.28019],[-49.302387,-25.280153],[-49.302416,-25.280149],[-49.302456,-25.280174],[-49.302477,-25.280175],[-49.302518,-25.280149],[-49.302559,-25.28016],[-49.302621,-25.280114],[-49.302673,-25.280165],[-49.302722,-25.280182],[-49.302715,-25.280231],[-49.302751,-25.28025],[-49.302782,-25.280238],[-49.302875,-25.280163],[-49.302916,-25.28015],[-49.302929,-25.280168],[-49.302929,-25.280224],[-49.302877,-25.280279],[-49.302859,-25.280362],[-49.302984,-25.280428],[-49.303061,-25.280532],[-49.303082,-25.280597],[-49.30306,-25.280625],[-49.303021,-25.280636],[-49.30297,-25.280683],[-49.302939,-25.280671],[-49.302909,-25.280678],[-49.302827,-25.280669],[-49.302787,-25.28065],[-49.302756,-25.280652],[-49.302731,-25.280686],[-49.302729,-25.280714],[-49.302746,-25.280742],[-49.302728,-25.280788],[-49.302762,-25.280844],[-49.302742,-25.280892],[-49.302708,-25.280908],[-49.30271,-25.280945],[-49.30267,-25.28096],[-49.302643,-25.280954],[-49.302655,-25.280898],[-49.30262,-25.280857],[-49.302587,-25.28087],[-49.302572,-25.280897],[-49.302634,-25.281],[-49.302677,-25.281038],[-49.302675,-25.281103],[-49.302698,-25.281134],[-49.302719,-25.281129],[-49.302741,-25.281094],[-49.302717,-25.281038],[-49.302761,-25.28104],[-49.302802,-25.281005],[-49.302832,-25.281024],[-49.302863,-25.280996],[-49.302914,-25.281007],[-49.302963,-25.280967],[-49.302971,-25.280948],[-49.302956,-25.280911],[-49.302967,-25.280885],[-49.303,-25.280893],[-49.303038,-25.280927],[-49.303119,-25.280933],[-49.303138,-25.280997],[-49.30311,-25.28107],[-49.303076,-25.281118],[-49.303024,-25.281156],[-49.30301,-25.281134],[-49.303028,-25.281107],[-49.303017,-25.281069],[-49.302995,-25.281056],[-49.302965,-25.281056],[-49.302894,-25.281142],[-49.302892,-25.281161],[-49.302912,-25.281186],[-49.302957,-25.281189],[-49.302983,-25.281208],[-49.302941,-25.281257],[-49.30286,-25.281254],[-49.302846,-25.281299],[-49.302879,-25.281322],[-49.30292,-25.281304],[-49.302934,-25.281319],[-49.302935,-25.281347],[-49.30291,-25.281384],[-49.302858,-25.281372],[-49.302807,-25.281385],[-49.302786,-25.281405],[-49.302766,-25.281456],[-49.302712,-25.281521],[-49.302721,-25.281604],[-49.302692,-25.281595],[-49.302653,-25.281557],[-49.302666,-25.281455],[-49.302688,-25.281427],[-49.302684,-25.281411],[-49.302602,-25.281425],[-49.302498,-25.281555],[-49.302529,-25.281586],[-49.30262,-25.281602],[-49.30263,-25.281653],[-49.302608,-25.281659],[-49.302569,-25.281628],[-49.302488,-25.281607],[-49.30245,-25.28161],[-49.302385,-25.281651],[-49.302365,-25.281627],[-49.302344,-25.281626],[-49.302278,-25.281701],[-49.302276,-25.281729],[-49.302296,-25.281766],[-49.302279,-25.28185],[-49.302208,-25.281859],[-49.302188,-25.281834],[-49.302178,-25.28186],[-49.302127,-25.281863],[-49.302086,-25.281878],[-49.302045,-25.281855],[-49.302015,-25.281858],[-49.301999,-25.281874],[-49.301996,-25.281902],[-49.302004,-25.281919],[-49.302047,-25.28193],[-49.302039,-25.281967],[-49.302023,-25.281983],[-49.301982,-25.281971],[-49.301932,-25.281994],[-49.301903,-25.282096],[-49.301963,-25.282171],[-49.30205,-25.282213],[-49.302142,-25.282226],[-49.302214,-25.28219],[-49.302275,-25.282184],[-49.302326,-25.282211],[-49.302398,-25.282199],[-49.302552,-25.282128],[-49.302635,-25.282058],[-49.30268,-25.281993],[-49.302689,-25.281947],[-49.302645,-25.281863],[-49.302668,-25.281854],[-49.302718,-25.281908],[-49.302769,-25.281898],[-49.302784,-25.281865],[-49.302751,-25.281755],[-49.302761,-25.281742],[-49.302823,-25.281722],[-49.302871,-25.281791],[-49.302865,-25.281828],[-49.30288,-25.281866],[-49.303052,-25.282098],[-49.303093,-25.282129],[-49.30333,-25.281947],[-49.303454,-25.281837],[-49.303546,-25.281785],[-49.30352,-25.281688],[-49.303548,-25.281639],[-49.303596,-25.281614],[-49.303591,-25.281586],[-49.303621,-25.281529],[-49.303815,-25.281518],[-49.303806,-25.28157],[-49.303816,-25.281626],[-49.303792,-25.281691],[-49.303797,-25.281784],[-49.303823,-25.28184],[-49.303823,-25.281942],[-49.303848,-25.28197],[-49.303835,-25.282062],[-49.303873,-25.2821],[-49.303887,-25.282174],[-49.303939,-25.282194],[-49.303964,-25.282231],[-49.303935,-25.282314],[-49.303946,-25.282373],[-49.303996,-25.282442],[-49.304077,-25.282492]]}},{"type":"Feature","properties":{"alt":1020.0,"mestra":true},"geometry":{"type":"LineString","coordinates":[[-49.300517,-25.281701],[-49.300528,-25.2817],[-49.300517,-25.281666]]}},{"type":"Feature","properties":{"alt":1020.0,"mestra":true},"geometry":{"type":"LineString","coordinates":[[-49.304292,-25.282457],[-49.304376,-25.282393],[-49.304477,-25.282347],[-49.304505,-25.282311],[-49.304504,-25.282246],[-49.304458,-25.282181],[-49.304469,-25.282125],[-49.304431,-25.282023],[-49.304446,-25.281977],[-49.30445,-25.281893],[-49.304423,-25.281846],[-49.304435,-25.281809],[-49.304425,-25.281735],[-49.304365,-25.281632],[-49.304355,-25.281521],[-49.304381,-25.281503],[-49.304398,-25.281472],[-49.30447,-25.281444],[-49.30449,-25.281414],[-49.304521,-25.281416],[-49.304541,-25.281405],[-49.304552,-25.281369],[-49.304584,-25.281384],[-49.304601,-25.281431],[-49.304592,-25.281446],[-49.304536,-25.281477],[-49.30452,-25.281504],[-49.30452,-25.281532],[-49.304495,-25.28156],[-49.304516,-25.281606],[-49.304497,-25.281643],[-49.304514,-25.28169],[-49.304497,-25.281727],[-49.304544,-25.281774],[-49.304577,-25.281867],[-49.304586,-25.281904],[-49.304549,-25.281941],[-49.304542,-25.281968],[-49.304594,-25.282025],[-49.304594,-25.282099],[-49.304627,-25.282136],[-49.304633,-25.28217],[-49.304653,-25.282178],[-49.304664,-25.282143],[-49.304777,-25.282073],[-49.304939,-25.282168],[-49.304984,-25.28221]]}},{"type":"Feature","properties":{"alt":1020.0,"mestra":true},"geometry":{"type":"LineString","coordinates":[[-49.303086,-25.282742],[-49.302978,-25.282758]]}},{"type":"Feature","properties":{"alt":1020.0,"mestra":true},"geometry":{"type":"LineString","coordinates":[[-49.302937,-25.282757],[-49.302639,-25.282754]]}},{"type":"Feature","properties":{"alt":1020.0,"mestra":true},"geometry":{"type":"LineString","coordinates":[[-49.30249,-25.27994],[-49.30249,-25.279957],[-49.30249,-25.27994]]}},{"type":"Feature","properties":{"alt":1020.0,"mestra":true},"geometry":{"type":"LineString","coordinates":[[-49.302469,-25.279974],[-49.302479,-25.279978],[-49.302469,-25.280015],[-49.302386,-25.280087],[-49.302371,-25.280041],[-49.302395,-25.279995],[-49.302418,-25.27998],[-49.302469,-25.279974]]}},{"type":"Feature","properties":{"alt":1020.0,"mestra":true},"geometry":{"type":"LineString","coordinates":[[-49.302661,-25.280167],[-49.30262,-25.280176],[-49.302619,-25.280205],[-49.30264,-25.280211],[-49.302653,-25.280202],[-49.302661,-25.280167]]}},{"type":"Feature","properties":{"alt":1020.0,"mestra":true},"geometry":{"type":"LineString","coordinates":[[-49.302679,-25.280303],[-49.302649,-25.280304],[-49.302631,-25.280323],[-49.302637,-25.280351],[-49.302658,-25.280367],[-49.302697,-25.280351],[-49.302698,-25.280323],[-49.302679,-25.280303]]}},{"type":"Feature","properties":{"alt":1020.0,"mestra":true},"geometry":{"type":"LineString","coordinates":[[-49.302494,-25.280429],[-49.302475,-25.280442],[-49.302493,-25.280459],[-49.302507,-25.280442],[-49.302494,-25.280429]]}},{"type":"Feature","properties":{"alt":1020.0,"mestra":true},"geometry":{"type":"LineString","coordinates":[[-49.302013,-25.280517],[-49.301994,-25.28052],[-49.302002,-25.280533],[-49.302018,-25.280529],[-49.302013,-25.280517]]}},{"type":"Feature","properties":{"alt":1020.0,"mestra":true},"geometry":{"type":"LineString","coordinates":[[-49.301319,-25.280527],[-49.301325,-25.280549],[-49.301298,-25.280554],[-49.301297,-25.28053],[-49.301319,-25.280527]]}},{"type":"Feature","properties":{"alt":1020.0,"mestra":true},"geometry":{"type":"LineString","coordinates":[[-49.302247,-25.280578],[-49.302224,-25.280578],[-49.302247,-25.280578]]}},{"type":"Feature","properties":{"alt":1020.0,"mestra":true},"geometry":{"type":"LineString","coordinates":[[-49.30299,-25.280714],[-49.303002,-25.280735],[-49.302965,-25.280753],[-49.302927,-25.280841],[-49.302902,-25.280827],[-49.302908,-25.280799],[-49.302897,-25.28077],[-49.302877,-25.280765],[-49.302826,-25.280779],[-49.302801,-25.280751],[-49.302898,-25.280728],[-49.302949,-25.280744],[-49.30298,-25.280711],[-49.30299,-25.280714]]}},{"type":"Feature","properties":{"alt":1020.0,"mestra":true},"geometry":{"type":"LineString","coordinates":[[-49.30308,-25.280795],[-49.303082,-25.28081],[-49.30306,-25.280816],[-49.30306,-25.280799],[-49.30308,-25.280795]]}},{"type":"Feature","properties":{"alt":1020.0,"mestra":true},"geometry":{"type":"LineString","coordinates":[[-49.303068,-25.280965],[-49.303037,-25.280966],[-49.303037,-25.280986],[-49.303098,-25.280987],[-49.303098,-25.280978],[-49.303068,-25.280965]]}},{"type":"Feature","properties":{"alt":1020.0,"mestra":true},"geometry":{"type":"LineString","coordinates":[[-49.302751,-25.280987],[-49.302751,-25.280999],[-49.302741,-25.280992],[-49.302751,-25.280987]]}},{"type":"Feature","properties":{"alt":1020.0,"mestra":true},"geometry":{"type":"LineString","coordinates":[[-49.302138,-25.281039],[-49.302118,-25.281048],[-49.302099,-25.281077],[-49.302117,-25.281123],[-49.302147,-25.28114],[-49.302188,-25.281121],[-49.302195,-25.281097],[-49.302189,-25.281077],[-49.302138,-25.281039]]}},{"type":"Feature","properties":{"alt":1020.0,"mestra":true},"geometry":{"type":"LineString","coordinates":[[-49.301924,-25.281038],[-49.301904,-25.281031],[-49.301852,-25.281063],[-49.301811,-25.281068],[-49.301801,-25.281092],[-49.301862,-25.281104],[-49.301893,-25.281097],[-49.301913,-25.281123],[-49.301933,-25.281124],[-49.301973,-25.281095],[-49.301975,-25.281076],[-49.301924,-25.281038]]}},{"type":"Feature","properties":{"alt":1020.0,"mestra":true},"geometry":{"type":"LineString","coordinates":[[-49.301628,-25.281032],[-49.301618,-25.281037],[-49.301628,-25.281032]]}},{"type":"Feature","properties":{"alt":1020.0,"mestra":true},"geometry":{"type":"LineString","coordinates":[[-49.302759,-25.281186],[-49.302738,-25.281193],[-49.302728,-25.281219],[-49.302686,-25.28125],[-49.302646,-25.281241],[-49.302624,-25.28126],[-49.302641,-25.281325],[-49.30268,-25.281353],[-49.302695,-25.281381],[-49.302725,-25.281374],[-49.302772,-25.281336],[-49.302788,-25.28128],[-49.302823,-25.281243],[-49.302809,-25.28121],[-49.302759,-25.281186]]}},{"type":"Feature","properties":{"alt":1020.0,"mestra":true},"geometry":{"type":"LineString","coordinates":[[-49.302432,-25.281202],[-49.302399,-25.281239],[-49.30235,-25.281257],[-49.302348,-25.281284],[-49.302359,-25.281294],[-49.302441,-25.28131],[-49.302482,-25.281303],[-49.302477,-25.281258],[-49.302432,-25.281202]]}},{"type":"Feature","properties":{"alt":1020.0,"mestra":true},"geometry":{"type":"LineString","coordinates":[[-49.302278,-25.281227],[-49.302262,-25.281246],[-49.302268,-25.28127],[-49.302278,-25.281271],[-49.302294,-25.281247],[-49.302278,-25.281227]]}},{"type":"Feature","properties":{"alt":1020.0,"mestra":true},"geometry":{"type":"LineString","coordinates":[[-49.300748,-25.281246],[-49.300716,-25.281256],[-49.300716,-25.281316],[-49.300751,-25.281312],[-49.300771,-25.281294],[-49.30077,-25.281276],[-49.300748,-25.281246]]}},{"type":"Feature","properties":{"alt":1020.0,"mestra":true},"geometry":{"type":"LineString","coordinates":[[-49.30444,-25.281397],[-49.304439,-25.281422],[-49.304419,-25.281426],[-49.304419,-25.281401],[-49.30444,-25.281397]]}},{"type":"Feature","properties":{"alt":1020.0,"mestra":true},"geometry":{"type":"LineString","coordinates":[[-49.302266,-25.28137],[-49.302246,-25.281367],[-49.302227,-25.281385],[-49.302245,-25.281414],[-49.302287,-25.281432],[-49.302266,-25.28137]]}},{"type":"Feature","properties":{"alt":1020.0,"mestra":true},"geometry":{"type":"LineString","coordinates":[[-49.30205,-25.281482],[-49.30205,-25.281495],[-49.30205,-25.281482]]}},{"type":"Feature","properties":{"alt":1020.0,"mestra":true},"geometry":{"type":"LineString","coordinates":[[-49.30153,-25.281484],[-49.301471,-25.281506],[-49.301451,-25.281552],[-49.301457,-25.281562],[-49.301536,-25.281563],[-49.30154,-25.281507],[-49.30153,-25.281484]]}},{"type":"Feature","properties":{"alt":1020.0,"mestra":true},"geometry":{"type":"LineString","coordinates":[[-49.301356,-25.281484],[-49.301346,-25.281539],[-49.301304,-25.281556],[-49.301314,-25.281587],[-49.301347,-25.281579],[-49.301353,-25.281542],[-49.301376,-25.281524],[-49.301367,-25.281487],[-49.301356,-25.281484]]}},{"type":"Feature","properties":{"alt":1020.0,"mestra":true},"geometry":{"type":"LineString","coordinates":[[-49.30368,-25.281688],[-49.303647,-25.281698],[-49.303647,-25.281754],[-49.303679,-25.281776],[-49.30373,-25.281772],[-49.303739,-25.281755],[-49.303723,-25.281708],[-49.30368,-25.281688]]}},{"type":"Feature","properties":{"alt":1020.0,"mestra":true},"geometry":{"type":"LineString","coordinates":[[-49.301231,-25.281706],[-49.301157,-25.281716],[-49.301176,-25.281772],[-49.30125,-25.281812],[-49.301322,-25.281787],[-49.301332,-25.281764],[-49.301312,-25.281728],[-49.301231,-25.281706]]}},{"type":"Feature","properties":{"alt":1020.0,"mestra":true},"geometry":{"type":"LineString","coordinates":[[-49.301435,-25.281719],[-49.301422,-25.281719],[-49.301424,-25.281728],[-49.301436,-25.281729],[-49.301435,-25.281719]]}},{"type":"Feature","properties":{"alt":1020.0,"mestra":true},"geometry":{"type":"LineString","coordinates":[[-49.301546,-25.28178],[-49.301513,-25.281794],[-49.301525,-25.281817],[-49.301546,-25.281812],[-49.301546,-25.28178]]}},{"type":"Feature","properties":{"alt":1020.0,"mestra":true},"geometry":{"type":"LineString","coordinates":[[-49.301053,-25.282046],[-49.301033,-25.282058],[-49.301032,-25.282073],[-49.301063,-25.282061],[-49.301053,-25.282046]]}},{"type":"Feature","properties":{"alt":1020.0,"mestra":true},"geometry":{"type":"LineString","coordinates":[[-49.30309,-25.282314],[-49.303056,-25.282322],[-49.303055,-25.282341],[-49.30313,-25.282366],[-49.303191,-25.282369],[-49.303221,-25.282352],[-49.30322,-25.282334],[-49.303202,-25.282319],[-49.303161,-25.282341],[-49.303131,-25.28232],[-49.30309,-25.282314]]}},{"type":"Feature","properties":{"alt":1020.0,"mestra":true},"geometry":{"type":"LineString","coordinates":[[-49.302649,-25.282446],[-49.302625,-25.282457],[-49.302619,-25.282484],[-49.302644,-25.282513],[-49.302658,-25.282556],[-49.302709,-25.282577],[-49.302723,-25.28256],[-49.302704,-25.282476],[-49.302649,-25.282446]]}},{"type":"Feature","properties":{"alt":1021.0,"mestra":false},"geometry":{"type":"LineString","coordinates":[[-49.300504,-25.281628],[-49.300515,-25.281113],[-49.300566,-25.28112],[-49.300689,-25.281068],[-49.300752,-25.281099],[-49.3008,-25.281153],[-49.300911,-25.281221],[-49.301084,-25.281282],[-49.30114,-25.28127],[-49.301168,-25.281243],[-49.301139,-25.281159],[-49.301206,-25.281123],[-49.301238,-25.281086],[-49.30123,-25.281014],[-49.301292,-25.280975],[-49.301323,-25.280927],[-49.301344,-25.280925],[-49.301364,-25.28094],[-49.301397,-25.28093],[-49.301421,-25.280893],[-49.301408,-25.280856],[-49.301431,-25.280764],[-49.301448,-25.280749],[-49.301516,-25.280737],[-49.30148,-25.280653],[-49.301511,-25.280617],[-49.301563,-25.280597],[-49.301685,-25.280585],[-49.301737,-25.280551],[-49.301809,-25.280529],[-49.301859,-25.280559],[-49.301875,-25.280537],[-49.301911,-25.280518],[-49.301983,-25.280488],[-49.302054,-25.280488],[-49.302106,-25.280448],[-49.302136,-25.280469],[-49.302218,-25.280485],[-49.302237,-25.280522],[-49.302258,-25.280515],[-49.302278,-25.280532],[-49.302309,-25.280515],[-49.302329,-25.28052],[-49.30237,-25.280483],[-49.302411,-25.280493],[-49.302457,-25.280441],[-49.30245,-25.280395],[-49.302492,-25.280368],[-49.302496,-25.280349],[-49.302475,-25.280316],[-49.30241,-25.280329],[-49.30243,-25.280293],[-49.302465,-25.28027],[-49.302469,-25.280237],[-49.302395,-25.28019],[-49.302375,-25.280153],[-49.302416,-25.280145],[-49.302467,-25.280174],[-49.302508,-25.280146],[-49.302559,-25.280155],[-49.302593,-25.280127],[-49.302592,-25.280072],[-49.302601,-25.28007],[-49.302672,-25.280104],[-49.302721,-25.28011],[-49.302773,-25.280179],[-49.302793,-25.280188],[-49.302906,-25.280122],[-49.302937,-25.280116],[-49.302971,-25.280141],[-49.302949,-25.280196],[-49.302953,-25.280215],[-49.302884,-25.280279],[-49.30286,-25.280353],[-49.302882,-25.280375],[-49.302984,-25.280415],[-49.303014,-25.280443],[-49.303055,-25.280458],[-49.303105,-25.280597],[-49.303062,-25.280628],[-49.303021,-25.28064],[-49.30297,-25.280688],[-49.302939,-25.280673],[-49.302898,-25.280681],[-49.302868,-25.28067],[-49.302827,-25.280671],[-49.302787,-25.280652],[-49.302746,-25.280664],[-49.30273,-25.280704],[-49.302749,-25.280742],[-49.302729,-25.280788],[-49.302764,-25.280844],[-49.302747,-25.28089],[-49.30271,-25.280917],[-49.302711,-25.280951],[-49.302658,-25.280991],[-49.302658,-25.281],[-49.302679,-25.281019],[-49.30271,-25.281009],[-49.302751,-25.281038],[-49.302771,-25.281033],[-49.302802,-25.281002],[-49.302832,-25.281021],[-49.302863,-25.280993],[-49.302894,-25.281007],[-49.302914,-25.281004],[-49.302967,-25.280958],[-49.302951,-25.280911],[-49.302967,-25.280881],[-49.303005,-25.280893],[-49.303038,-25.280923],[-49.303132,-25.280932],[-49.303151,-25.281015],[-49.303125,-25.281071],[-49.302967,-25.281273],[-49.302963,-25.281347],[-49.302936,-25.281384],[-49.302909,-25.281391],[-49.302848,-25.281376],[-49.302807,-25.281388],[-49.302785,-25.28141],[-49.302768,-25.281456],[-49.302714,-25.281521],[-49.302716,-25.281576],[-49.302735,-25.281614],[-49.302732,-25.281651],[-49.302712,-25.281643],[-49.302705,-25.281613],[-49.302645,-25.281557],[-49.302659,-25.281492],[-49.302654,-25.281436],[-49.302633,-25.281429],[-49.302602,-25.281435],[-49.302502,-25.281555],[-49.302529,-25.281584],[-49.302569,-25.281595],[-49.30263,-25.281594],[-49.302635,-25.281659],[-49.302599,-25.281659],[-49.302565,-25.28163],[-49.302477,-25.281608],[-49.30244,-25.281619],[-49.302385,-25.281661],[-49.302354,-25.281635],[-49.302344,-25.281639],[-49.302286,-25.281701],[-49.302284,-25.281729],[-49.302304,-25.281766],[-49.30228,-25.281861],[-49.302229,-25.281868],[-49.302188,-25.281886],[-49.302137,-25.281869],[-49.302075,-25.281886],[-49.302045,-25.28186],[-49.302015,-25.281863],[-49.302004,-25.281902],[-49.302055,-25.281921],[-49.302046,-25.281977],[-49.302023,-25.281996],[-49.301982,-25.281985],[-49.301941,-25.281997],[-49.30191,-25.282077],[-49.301913,-25.282096],[-49.30198,-25.282174],[-49.30204,-25.282205],[-49.302122,-25.282219],[-49.302173,-25.282208],[-49.302214,-25.282186],[-49.302286,-25.282178],[-49.302336,-25.2822],[-49.302378,-25.282175],[-49.302398,-25.28218],[-49.302459,-25.282166],[-49.302562,-25.282117],[-49.302631,-25.282058],[-49.302677,-25.281993],[-49.30268,-25.281938],[-49.302662,-25.281919],[-49.302657,-25.281891],[-49.302632,-25.281872],[-49.302636,-25.281863],[-49.302668,-25.281846],[-49.302688,-25.281857],[-49.302718,-25.281904],[-49.302749,-25.281905],[-49.30277,-25.281892],[-49.30278,-25.281865],[-49.302758,-25.281837],[-49.302744,-25.281762],[-49.302761,-25.281737],[-49.302813,-25.281716],[-49.302833,-25.281725],[-49.302872,-25.281782],[-49.302868,-25.281829],[-49.302884,-25.281866],[-49.302994,-25.282016],[-49.303043,-25.282056],[-49.303249,-25.2819],[-49.303388,-25.28177],[-49.303496,-25.281705],[-49.303532,-25.281632],[-49.303578,-25.281605],[-49.303621,-25.281523],[-49.303775,-25.281514],[-49.303826,-25.281483],[-49.303835,-25.281496],[-49.303811,-25.28157],[-49.30382,-25.281626],[-49.303797,-25.2817],[-49.303805,-25.281784],[-49.30383,-25.28183],[-49.303827,-25.281877],[-49.303842,-25.281905],[-49.30383,-25.281932],[-49.303855,-25.28196],[-49.303843,-25.282062],[-49.303881,-25.2821],[-49.303888,-25.282168],[-49.303946,-25.282193],[-49.303973,-25.282231],[-49.303937,-25.282323],[-49.303951,-25.28237],[-49.304017,-25.28244],[-49.30411,-25.282481]]}},{"type":"Feature","properties":{"alt":1021.0,"mestra":false},"geometry":{"type":"LineString","coordinates":[[-49.304259,-25.282448],[-49.304261,-25.282411],[-49.304325,-25.282324],[-49.304365,-25.28236],[-49.304395,-25.282365],[-49.304477,-25.282338],[-49.304502,-25.282302],[-49.304499,-25.282246],[-49.304449,-25.282181],[-49.304464,-25.282125],[-49.304424,-25.282023],[-49.30444,-25.281976],[-49.304446,-25.281893],[-49.304415,-25.281846],[-49.304429,-25.2818],[-49.304418,-25.281735],[-49.304392,-25.281707],[-49.304357,-25.281632],[-49.30436,-25.281586],[-49.304336,-25.281474],[-49.304337,-25.281454],[-49.30438,-25.281419],[-49.30442,-25.281365],[-49.30446,-25.28138],[-49.304491,-25.281374],[-49.304511,-25.281409],[-49.304531,-25.281402],[-49.304541,-25.281365],[-49.304563,-25.281359],[-49.30459,-25.281384],[-49.304606,-25.281431],[-49.304598,-25.281449],[-49.30454,-25.281478],[-49.304524,-25.281504],[-49.304526,-25.281532],[-49.3045,-25.28156],[-49.304521,-25.281606],[-49.304502,-25.281643],[-49.30452,-25.28169],[-49.304503,-25.281727],[-49.304547,-25.281766],[-49.304574,-25.281839],[-49.304611,-25.281867],[-49.304597,-25.281913],[-49.304564,-25.281932],[-49.30455,-25.281959],[-49.304604,-25.282025],[-49.304594,-25.282071],[-49.304608,-25.282108],[-49.304644,-25.282129],[-49.304698,-25.282119],[-49.304745,-25.282054],[-49.304737,-25.28199],[-49.304758,-25.28201],[-49.30475,-25.282045],[-49.304759,-25.282054],[-49.304808,-25.282088],[-49.304961,-25.282159],[-49.304988,-25.282206]]}},{"type":"Feature","properties":{"alt":1021.0,"mestra":false},"geometry":{"type":"LineString","coordinates":[[-49.303086,-25.282742],[-49.302987,-25.282758]]}},{"type":"Feature","properties":{"alt":1021.0,"mestra":false},"geometry":{"type":"LineString","coordinates":[[-49.302929,-25.282757],[-49.302644,-25.282754]]}},{"type":"Feature","properties":{"alt":1021.0,"mestra":false},"geometry":{"type":"LineString","coordinates":[[-49.30249,-25.279931],[-49.302499,-25.27995],[-49.302475,-25.280015],[-49.302397,-25.280088],[-49.302376,-25.280088],[-49.302365,-25.280041],[-49.302391,-25.279986],[-49.302408,-25.279974],[-49.30247,-25.279966],[-49.30248,-25.279932],[-49.30249,-25.279931]]}},{"type":"Feature","properties":{"alt":1021.0,"mestra":false},"geometry":{"type":"LineString","coordinates":[[-49.30265,-25.280181],[-49.30263,-25.280177],[-49.302619,-25.280196],[-49.30264,-25.280205],[-49.30265,-25.280181]]}},{"type":"Feature","properties":{"alt":1021.0,"mestra":false},"geometry":{"type":"LineString","coordinates":[[-49.302679,-25.280309],[-49.302648,-25.280309],[-49.302635,-25.280323],[-49.302636,-25.280341],[-49.302658,-25.280363],[-49.302693,-25.280351],[-49.302693,-25.280323],[-49.302679,-25.280309]]}},{"type":"Feature","properties":{"alt":1021.0,"mestra":false},"geometry":{"type":"LineString","coordinates":[[-49.302494,-25.280432],[-49.302479,-25.280442],[-49.302493,-25.280455],[-49.302504,-25.280442],[-49.302494,-25.280432]]}},{"type":"Feature","properties":{"alt":1021.0,"mestra":false},"geometry":{"type":"LineString","coordinates":[[-49.301329,-25.280527],[-49.30133,-25.280549],[-49.301318,-25.28056],[-49.301288,-25.28055],[-49.301298,-25.280524],[-49.301329,-25.280527]]}},{"type":"Feature","properties":{"alt":1021.0,"mestra":false},"geometry":{"type":"LineString","coordinates":[[-49.301705,-25.280614],[-49.301664,-25.280639],[-49.301659,-25.280655],[-49.301674,-25.280685],[-49.301704,-25.280698],[-49.301732,-25.280684],[-49.301754,-25.280637],[-49.301705,-25.280614]]}},{"type":"Feature","properties":{"alt":1021.0,"mestra":false},"geometry":{"type":"LineString","coordinates":[[-49.301398,-25.280669],[-49.301381,-25.280679],[-49.30138,-25.28067],[-49.301398,-25.280669]]}},{"type":"Feature","properties":{"alt":1021.0,"mestra":false},"geometry":{"type":"LineString","coordinates":[[-49.30298,-25.280704],[-49.30301,-25.280726],[-49.302961,-25.280763],[-49.302937,-25.280852],[-49.302898,-25.280827],[-49.302904,-25.28079],[-49.302893,-25.280771],[-49.302826,-25.280781],[-49.302796,-25.280751],[-49.302898,-25.280725],[-49.302949,-25.280742],[-49.30298,-25.280704]]}},{"type":"Feature","properties":{"alt":1021.0,"mestra":false},"geometry":{"type":"LineString","coordinates":[[-49.303081,-25.28079],[-49.303087,-25.28081],[-49.30306,-25.280822],[-49.30306,-25.280792],[-49.303081,-25.28079]]}},{"type":"Feature","properties":{"alt":1021.0,"mestra":false},"geometry":{"type":"LineString","coordinates":[[-49.30262,-25.280878],[-49.30259,-25.280877],[-49.30258,-25.280897],[-49.302589,-25.280926],[-49.302609,-25.280941],[-49.30263,-25.280932],[-49.302642,-25.280907],[-49.30262,-25.280878]]}},{"type":"Feature","properties":{"alt":1021.0,"mestra":false},"geometry":{"type":"LineString","coordinates":[[-49.303058,-25.280968],[-49.303042,-25.280977],[-49.303057,-25.280986],[-49.303071,-25.280977],[-49.303058,-25.280968]]}},{"type":"Feature","properties":{"alt":1021.0,"mestra":false},"geometry":{"type":"LineString","coordinates":[[-49.302751,-25.280982],[-49.302761,-25.280992],[-49.302741,-25.281006],[-49.302736,-25.280992],[-49.302751,-25.280982]]}},{"type":"Feature","properties":{"alt":1021.0,"mestra":false},"geometry":{"type":"LineString","coordinates":[[-49.301914,-25.281037],[-49.301811,-25.281074],[-49.301808,-25.281083],[-49.301862,-25.281099],[-49.301903,-25.281097],[-49.301917,-25.281122],[-49.301931,-25.281122],[-49.301968,-25.281094],[-49.301972,-25.281076],[-49.301914,-25.281037]]}},{"type":"Feature","properties":{"alt":1021.0,"mestra":false},"geometry":{"type":"LineString","coordinates":[[-49.302985,-25.281059],[-49.302964,-25.281065],[-49.3029,-25.281142],[-49.302897,-25.281161],[-49.302912,-25.28118],[-49.302983,-25.281187],[-49.30301,-25.281171],[-49.302996,-25.281134],[-49.303021,-25.281107],[-49.30302,-25.281088],[-49.303005,-25.281065],[-49.302985,-25.281059]]}},{"type":"Feature","properties":{"alt":1021.0,"mestra":false},"geometry":{"type":"LineString","coordinates":[[-49.302148,-25.281043],[-49.302128,-25.281043],[-49.302102,-25.281077],[-49.302113,-25.281115],[-49.302147,-25.281138],[-49.302188,-25.281118],[-49.302194,-25.281097],[-49.302148,-25.281043]]}},{"type":"Feature","properties":{"alt":1021.0,"mestra":false},"geometry":{"type":"LineString","coordinates":[[-49.302709,-25.281075],[-49.302686,-25.281093],[-49.302698,-25.281115],[-49.302714,-25.281112],[-49.302724,-25.281094],[-49.302709,-25.281075]]}},{"type":"Feature","properties":{"alt":1021.0,"mestra":false},"geometry":{"type":"LineString","coordinates":[[-49.302769,-25.281195],[-49.302748,-25.2812],[-49.302686,-25.281258],[-49.302646,-25.281246],[-49.302628,-25.28126],[-49.302651,-25.281325],[-49.302705,-25.281366],[-49.302767,-25.281333],[-49.302784,-25.28128],[-49.302814,-25.281243],[-49.30281,-25.281215],[-49.302769,-25.281195]]}},{"type":"Feature","properties":{"alt":1021.0,"mestra":false},"geometry":{"type":"LineString","coordinates":[[-49.302442,-25.281209],[-49.302422,-25.28121],[-49.302401,-25.281241],[-49.30236,-25.281255],[-49.302356,-25.281284],[-49.302441,-25.281307],[-49.302482,-25.281296],[-49.302479,-25.281267],[-49.302442,-25.281209]]}},{"type":"Feature","properties":{"alt":1021.0,"mestra":false},"geometry":{"type":"LineString","coordinates":[[-49.302278,-25.281233],[-49.302266,-25.281246],[-49.302278,-25.281266],[-49.302288,-25.281247],[-49.302278,-25.281233]]}},{"type":"Feature","properties":{"alt":1021.0,"mestra":false},"geometry":{"type":"LineString","coordinates":[[-49.30288,-25.281262],[-49.30286,-25.281267],[-49.302851,-25.28129],[-49.302859,-25.28131],[-49.302879,-25.281316],[-49.302904,-25.2813],[-49.302911,-25.281282],[-49.30288,-25.281262]]}},{"type":"Feature","properties":{"alt":1021.0,"mestra":false},"geometry":{"type":"LineString","coordinates":[[-49.300737,-25.281265],[-49.300724,-25.281275],[-49.300726,-25.281306],[-49.300753,-25.281294],[-49.300737,-25.281265]]}},{"type":"Feature","properties":{"alt":1021.0,"mestra":false},"geometry":{"type":"LineString","coordinates":[[-49.30441,-25.281343],[-49.30441,-25.281353],[-49.30441,-25.281343]]}},{"type":"Feature","properties":{"alt":1021.0,"mestra":false},"geometry":{"type":"LineString","coordinates":[[-49.302256,-25.281373],[-49.302231,-25.281385],[-49.302266,-25.28142],[-49.302275,-25.281404],[-49.302256,-25.281373]]}},{"type":"Feature","properties":{"alt":1021.0,"mestra":false},"geometry":{"type":"LineString","coordinates":[[-49.30153,-25.281488],[-49.301477,-25.281506],[-49.301458,-25.281555],[-49.30153,-25.281563],[-49.301539,-25.281544],[-49.30153,-25.281488]]}},{"type":"Feature","properties":{"alt":1021.0,"mestra":false},"geometry":{"type":"LineString","coordinates":[[-49.301366,-25.281504],[-49.301356,-25.281497],[-49.301366,-25.281524],[-49.301366,-25.281504]]}},{"type":"Feature","properties":{"alt":1021.0,"mestra":false},"geometry":{"type":"LineString","coordinates":[[-49.301325,-25.28155],[-49.301308,-25.28156],[-49.301314,-25.281577],[-49.301335,-25.281565],[-49.301325,-25.28155]]}},{"type":"Feature","properties":{"alt":1021.0,"mestra":false},"geometry":{"type":"LineString","coordinates":[[-49.303701,-25.281698],[-49.30366,-25.281696],[-49.303647,-25.281717],[-49.303652,-25.281754],[-49.303689,-25.281773],[-49.303733,-25.281764],[-49.303723,-25.281718],[-49.303701,-25.281698]]}},{"type":"Feature","properties":{"alt":1021.0,"mestra":false},"geometry":{"type":"LineString","coordinates":[[-49.30268,-25.281702],[-49.30268,-25.281722],[-49.30268,-25.281702]]}},{"type":"Feature","properties":{"alt":1021.0,"mestra":false},"geometry":{"type":"LineString","coordinates":[[-49.301241,-25.281716],[-49.30117,-25.281716],[-49.301179,-25.281764],[-49.30126,-25.281802],[-49.301312,-25.281782],[-49.301323,-25.281764],[-49.301312,-25.28174],[-49.301241,-25.281716]]}},{"type":"Feature","properties":{"alt":1021.0,"mestra":false},"geometry":{"type":"LineString","coordinates":[[-49.30121,-25.281727],[-49.30121,-25.281745],[-49.301197,-25.281735],[-49.30121,-25.281727]]}},{"type":"Feature","properties":{"alt":1021.0,"mestra":false},"geometry":{"type":"LineString","coordinates":[[-49.301536,-25.281785],[-49.301521,-25.281794],[-49.301525,-25.281807],[-49.301539,-25.281804],[-49.301536,-25.281785]]}},{"type":"Feature","properties":{"alt":1021.0,"mestra":false},"geometry":{"type":"LineString","coordinates":[[-49.304638,-25.281838],[-49.304718,-25.281924],[-49.304707,-25.281945],[-49.304634,-25.281867],[-49.304638,-25.281838]]}},{"type":"Feature","properties":{"alt":1021.0,"mestra":false},"geometry":{"type":"LineString","coordinates":[[-49.301053,-25.282058],[-49.301042,-25.282058],[-49.301053,-25.282058]]}},{"type":"Feature","properties":{"alt":1021.0,"mestra":false},"geometry":{"type":"LineString","coordinates":[[-49.303192,-25.282324],[-49.303168,-25.282352],[-49.303181,-25.282362],[-49.303214,-25.282352],[-49.303212,-25.282333],[-49.303192,-25.282324]]}},{"type":"Feature","properties":{"alt":1021.0,"mestra":false},"geometry":{"type":"LineString","coordinates":[[-49.30312,-25.282323],[-49.30308,-25.28232],[-49.303059,-25.282332],[-49.30312,-25.282355],[-49.30314,-25.282352],[-49.30312,-25.282323]]}},{"type":"Feature","properties":{"alt":1021.0,"mestra":false},"geometry":{"type":"LineString","coordinates":[[-49.302649,-25.282453],[-49.302634,-25.282457],[-49.302628,-25.282481],[-49.302666,-25.28255],[-49.302709,-25.282574],[-49.30272,-25.28256],[-49.302705,-25.282532],[-49.302701,-25.282485],[-49.302649,-25.282453]]}},{"type":"Feature","properties":{"alt":1022.0,"mestra":false},"geometry":{"type":"LineString","coordinates":[[-49.300504,-25.281629],[-49.300515,-25.281108],[-49.300566,-25.28111],[-49.300679,-25.281047],[-49.300709,-25.28105],[-49.300801,-25.281081],[-49.300831,-25.281119],[-49.300928,-25.281194],[-49.301023,-25.281242],[-49.301064,-25.281247],[-49.301076,-25.28127],[-49.301135,-25.281259],[-49.301155,-25.281243],[-49.301153,-25.281215],[-49.301106,-25.281145],[-49.301167,-25.281137],[-49.30121,-25.281114],[-49.301233,-25.281067],[-49.301215,-25.281012],[-49.301241,-25.280986],[-49.301282,-25.280975],[-49.301313,-25.28093],[-49.301344,-25.280922],[-49.301374,-25.280937],[-49.301395,-25.280928],[-49.301418,-25.280893],[-49.301402,-25.280856],[-49.301419,-25.280819],[-49.301413,-25.280791],[-49.301422,-25.280773],[-49.301448,-25.280747],[-49.301508,-25.280737],[-49.301505,-25.280709],[-49.30147,-25.280647],[-49.301454,-25.280643],[-49.301553,-25.280596],[-49.301686,-25.280574],[-49.301737,-25.280533],[-49.301778,-25.280536],[-49.301819,-25.280515],[-49.30186,-25.280533],[-49.301973,-25.280475],[-49.302044,-25.280488],[-49.302106,-25.280441],[-49.302146,-25.280466],[-49.302228,-25.280485],[-49.302237,-25.280517],[-49.302268,-25.280511],[-49.302278,-25.280526],[-49.302329,-25.280509],[-49.302371,-25.280479],[-49.302411,-25.28049],[-49.302454,-25.280441],[-49.302446,-25.280395],[-49.302488,-25.280367],[-49.302493,-25.280349],[-49.302475,-25.280318],[-49.302413,-25.280344],[-49.302397,-25.280339],[-49.302429,-25.280283],[-49.30246,-25.280265],[-49.302464,-25.280247],[-49.302395,-25.280195],[-49.302367,-25.280153],[-49.302416,-25.280141],[-49.302467,-25.280171],[-49.302508,-25.28014],[-49.302569,-25.280148],[-49.302595,-25.280109],[-49.302578,-25.280062],[-49.302621,-25.28006],[-49.302652,-25.280021],[-49.302693,-25.280012],[-49.302773,-25.280124],[-49.302804,-25.28015],[-49.302927,-25.280095],[-49.302968,-25.280087],[-49.302991,-25.280104],[-49.302989,-25.280206],[-49.30301,-25.280244],[-49.302975,-25.280281],[-49.302956,-25.280239],[-49.302908,-25.280261],[-49.302884,-25.280289],[-49.302865,-25.280353],[-49.302892,-25.280376],[-49.302984,-25.280409],[-49.303014,-25.280435],[-49.303075,-25.280438],[-49.303076,-25.280495],[-49.303124,-25.280597],[-49.303062,-25.280632],[-49.303032,-25.280636],[-49.302988,-25.280679],[-49.302981,-25.280698],[-49.303013,-25.280726],[-49.302963,-25.280763],[-49.302947,-25.280867],[-49.302893,-25.280827],[-49.302897,-25.280778],[-49.302877,-25.28077],[-49.302826,-25.280784],[-49.302792,-25.280751],[-49.302898,-25.280721],[-49.302949,-25.280739],[-49.302968,-25.280716],[-49.302966,-25.280688],[-49.302939,-25.280676],[-49.302898,-25.280687],[-49.302868,-25.280672],[-49.302827,-25.280674],[-49.302787,-25.280654],[-49.302746,-25.280667],[-49.302733,-25.280704],[-49.302752,-25.280742],[-49.302731,-25.280788],[-49.30277,-25.280835],[-49.302749,-25.28089],[-49.302714,-25.280917],[-49.302719,-25.280945],[-49.302695,-25.280982],[-49.30272,-25.281002],[-49.302741,-25.280982],[-49.302759,-25.280983],[-49.302761,-25.280998],[-49.302737,-25.28102],[-49.302751,-25.281033],[-49.302771,-25.28103],[-49.302802,-25.281],[-49.302832,-25.281018],[-49.302863,-25.280991],[-49.302894,-25.281004],[-49.302914,-25.281],[-49.302963,-25.280957],[-49.302947,-25.280911],[-49.302957,-25.280873],[-49.303011,-25.280893],[-49.303048,-25.280921],[-49.30317,-25.280926],[-49.303186,-25.280914],[-49.303182,-25.280895],[-49.303202,-25.280891],[-49.303213,-25.280905],[-49.303213,-25.280942],[-49.30319,-25.280958],[-49.30315,-25.280942],[-49.30314,-25.28095],[-49.303166,-25.281034],[-49.30314,-25.281071],[-49.303103,-25.281098],[-49.303088,-25.281154],[-49.303055,-25.281181],[-49.302998,-25.281273],[-49.302984,-25.28131],[-49.302983,-25.281366],[-49.30295,-25.281412],[-49.302868,-25.281378],[-49.302817,-25.281387],[-49.302788,-25.28141],[-49.30277,-25.281456],[-49.30272,-25.281511],[-49.302719,-25.281576],[-49.302739,-25.281604],[-49.302742,-25.281655],[-49.302701,-25.281654],[-49.30268,-25.281675],[-49.30265,-25.281663],[-49.302609,-25.281665],[-49.302557,-25.28163],[-49.302487,-25.281611],[-49.302457,-25.281613],[-49.302385,-25.281671],[-49.302374,-25.281676],[-49.302344,-25.28166],[-49.302303,-25.281695],[-49.302296,-25.281729],[-49.302314,-25.281766],[-49.30228,-25.281876],[-49.302239,-25.281877],[-49.302198,-25.281897],[-49.302127,-25.281875],[-49.302075,-25.281897],[-49.302045,-25.281865],[-49.302014,-25.28187],[-49.302014,-25.281903],[-49.302063,-25.281912],[-49.302054,-25.282033],[-49.302025,-25.282032],[-49.301992,-25.281997],[-49.301962,-25.281998],[-49.301949,-25.282004],[-49.301917,-25.282077],[-49.30198,-25.282167],[-49.302051,-25.2822],[-49.302092,-25.282181],[-49.302122,-25.282206],[-49.302276,-25.282172],[-49.302326,-25.282191],[-49.302378,-25.28216],[-49.302459,-25.282161],[-49.30249,-25.282136],[-49.302552,-25.282119],[-49.302627,-25.282058],[-49.302678,-25.281984],[-49.302678,-25.281947],[-49.302657,-25.281919],[-49.302652,-25.281891],[-49.302622,-25.281872],[-49.302709,-25.281819],[-49.302751,-25.281738],[-49.302813,-25.281711],[-49.302833,-25.281719],[-49.302876,-25.281782],[-49.302871,-25.281829],[-49.302888,-25.281866],[-49.302932,-25.281927],[-49.302993,-25.281974],[-49.303264,-25.281777],[-49.303564,-25.281605],[-49.303617,-25.281522],[-49.303775,-25.281505],[-49.303827,-25.281448],[-49.303847,-25.281487],[-49.303817,-25.281561],[-49.303824,-25.28163],[-49.303801,-25.2817],[-49.303815,-25.281784],[-49.303838,-25.28183],[-49.303838,-25.281877],[-49.303861,-25.281905],[-49.303839,-25.281932],[-49.303863,-25.281961],[-49.303847,-25.282053],[-49.303887,-25.282091],[-49.303893,-25.282165],[-49.303949,-25.282188],[-49.303982,-25.282231],[-49.303942,-25.282314],[-49.303957,-25.282369],[-49.304047,-25.282438],[-49.304109,-25.282445],[-49.30417,-25.282434],[-49.304193,-25.2824],[-49.304193,-25.282252],[-49.304296,-25.28219],[-49.304372,-25.282254],[-49.304354,-25.28231],[-49.304366,-25.282337],[-49.304396,-25.282352],[-49.304457,-25.282338],[-49.304493,-25.282311],[-49.304496,-25.282255],[-49.304449,-25.282193],[-49.304418,-25.282204],[-49.304403,-25.282199],[-49.304439,-25.28217],[-49.304459,-25.282125],[-49.304418,-25.282023],[-49.304441,-25.281902],[-49.304433,-25.281874],[-49.304406,-25.281846],[-49.304424,-25.281791],[-49.304411,-25.281735],[-49.304382,-25.281707],[-49.30438,-25.281679],[-49.304349,-25.281632],[-49.304352,-25.281577],[-49.304313,-25.281446],[-49.304317,-25.281425],[-49.304346,-25.281409],[-49.304327,-25.281411],[-49.304313,-25.281391],[-49.304317,-25.281372],[-49.304339,-25.281382],[-49.304324,-25.281344],[-49.304328,-25.281316],[-49.304339,-25.281313],[-49.30445,-25.281327],[-49.304463,-25.281355],[-49.304511,-25.281369],[-49.304563,-25.281353],[-49.304593,-25.28138],[-49.304607,-25.28145],[-49.30454,-25.281485],[-49.304529,-25.281504],[-49.30453,-25.281541],[-49.304506,-25.28156],[-49.304526,-25.281606],[-49.304507,-25.281643],[-49.304526,-25.28169],[-49.304508,-25.281727],[-49.304552,-25.281764],[-49.304587,-25.281834],[-49.304668,-25.281822],[-49.304744,-25.281896],[-49.304725,-25.281961],[-49.304763,-25.282008],[-49.304767,-25.282045],[-49.304797,-25.282075],[-49.305011,-25.282157]]}},{"type":"Feature","properties":{"alt":1022.0,"mestra":false},"geometry":{"type":"LineString","coordinates":[[-49.30048,-25.282107],[-49.300491,-25.282108]]}},{"type":"Feature","properties":{"alt":1022.0,"mestra":false},"geometry":{"type":"LineString","coordinates":[[-49.303087,-25.282743],[-49.302997,-25.282758]]}},{"type":"Feature","properties":{"alt":1022.0,"mestra":false},"geometry":{"type":"LineString","coordinates":[[-49.302921,-25.282757],[-49.302648,-25.282754]]}},{"type":"Feature","properties":{"alt":1022.0,"mestra":false},"geometry":{"type":"LineString","coordinates":[[-49.304808,-25.279852],[-49.30481,-25.279865],[-49.304798,-25.279866],[-49.304795,-25.279856],[-49.304808,-25.279852]]}},{"type":"Feature","properties":{"alt":1022.0,"mestra":false},"geometry":{"type":"LineString","coordinates":[[-49.30249,-25.279926],[-49.302502,-25.279959],[-49.302482,-25.280015],[-49.302448,-25.280064],[-49.302396,-25.280093],[-49.302376,-25.280093],[-49.302359,-25.280041],[-49.302386,-25.279958],[-49.302459,-25.279965],[-49.302474,-25.279931],[-49.30249,-25.279926]]}},{"type":"Feature","properties":{"alt":1022.0,"mestra":false},"geometry":{"type":"LineString","coordinates":[[-49.30264,-25.280189],[-49.302626,-25.280193],[-49.30264,-25.280189]]}},{"type":"Feature","properties":{"alt":1022.0,"mestra":false},"geometry":{"type":"LineString","coordinates":[[-49.302679,-25.280314],[-49.302659,-25.28031],[-49.30264,-25.280323],[-49.30264,-25.280341],[-49.302658,-25.280359],[-49.302689,-25.28035],[-49.302692,-25.280333],[-49.302679,-25.280314]]}},{"type":"Feature","properties":{"alt":1022.0,"mestra":false},"geometry":{"type":"LineString","coordinates":[[-49.302494,-25.280437],[-49.302483,-25.280442],[-49.302493,-25.280452],[-49.302494,-25.280437]]}},{"type":"Feature","properties":{"alt":1022.0,"mestra":false},"geometry":{"type":"LineString","coordinates":[[-49.301329,-25.28052],[-49.301328,-25.280558],[-49.301308,-25.280565],[-49.301288,-25.280558],[-49.301288,-25.280527],[-49.301309,-25.280517],[-49.301329,-25.28052]]}},{"type":"Feature","properties":{"alt":1022.0,"mestra":false},"geometry":{"type":"LineString","coordinates":[[-49.301736,-25.280645],[-49.301715,-25.280639],[-49.301674,-25.280651],[-49.301678,-25.280683],[-49.301716,-25.280693],[-49.301732,-25.280674],[-49.301736,-25.280645]]}},{"type":"Feature","properties":{"alt":1022.0,"mestra":false},"geometry":{"type":"LineString","coordinates":[[-49.301399,-25.280664],[-49.301407,-25.28067],[-49.301398,-25.28068],[-49.301374,-25.280679],[-49.301378,-25.280667],[-49.301399,-25.280664]]}},{"type":"Feature","properties":{"alt":1022.0,"mestra":false},"geometry":{"type":"LineString","coordinates":[[-49.303081,-25.280787],[-49.30309,-25.280812],[-49.30306,-25.280825],[-49.303056,-25.280792],[-49.303081,-25.280787]]}},{"type":"Feature","properties":{"alt":1022.0,"mestra":false},"geometry":{"type":"LineString","coordinates":[[-49.301111,-25.280776],[-49.301125,-25.280788],[-49.301121,-25.280825],[-49.30109,-25.280836],[-49.301044,-25.280787],[-49.30107,-25.280774],[-49.301111,-25.280776]]}},{"type":"Feature","properties":{"alt":1022.0,"mestra":false},"geometry":{"type":"LineString","coordinates":[[-49.303151,-25.280853],[-49.303161,-25.280869],[-49.303151,-25.280853]]}},{"type":"Feature","properties":{"alt":1022.0,"mestra":false},"geometry":{"type":"LineString","coordinates":[[-49.30261,-25.280903],[-49.302599,-25.280911],[-49.302609,-25.280915],[-49.30261,-25.280903]]}},{"type":"Feature","properties":{"alt":1022.0,"mestra":false},"geometry":{"type":"LineString","coordinates":[[-49.300945,-25.280988],[-49.300935,-25.281003],[-49.300922,-25.280999],[-49.300945,-25.280988]]}},{"type":"Feature","properties":{"alt":1022.0,"mestra":false},"geometry":{"type":"LineString","coordinates":[[-49.302148,-25.281045],[-49.302128,-25.281045],[-49.302106,-25.281077],[-49.302115,-25.281115],[-49.302147,-25.281136],[-49.302187,-25.281116],[-49.302192,-25.281097],[-49.302148,-25.281045]]}},{"type":"Feature","properties":{"alt":1022.0,"mestra":false},"geometry":{"type":"LineString","coordinates":[[-49.301924,-25.281047],[-49.301883,-25.281046],[-49.301832,-25.281074],[-49.301835,-25.281084],[-49.301862,-25.281095],[-49.301903,-25.281092],[-49.301923,-25.281121],[-49.301969,-25.281085],[-49.301964,-25.281066],[-49.301924,-25.281047]]}},{"type":"Feature","properties":{"alt":1022.0,"mestra":false},"geometry":{"type":"LineString","coordinates":[[-49.302995,-25.281066],[-49.302964,-25.281075],[-49.302948,-25.281106],[-49.302907,-25.281142],[-49.302912,-25.281172],[-49.302994,-25.281171],[-49.302977,-25.281125],[-49.303005,-25.281115],[-49.303017,-25.281097],[-49.302995,-25.281066]]}},{"type":"Feature","properties":{"alt":1022.0,"mestra":false},"geometry":{"type":"LineString","coordinates":[[-49.302779,-25.281202],[-49.302758,-25.281202],[-49.302686,-25.281269],[-49.302646,-25.281252],[-49.302635,-25.281258],[-49.302665,-25.281328],[-49.302726,-25.281347],[-49.302765,-25.281326],[-49.302779,-25.28128],[-49.302811,-25.281234],[-49.302803,-25.281215],[-49.302779,-25.281202]]}},{"type":"Feature","properties":{"alt":1022.0,"mestra":false},"geometry":{"type":"LineString","coordinates":[[-49.302432,-25.281208],[-49.302361,-25.281275],[-49.302431,-25.281302],[-49.302471,-25.281298],[-49.302476,-25.281267],[-49.302432,-25.281208]]}},{"type":"Feature","properties":{"alt":1022.0,"mestra":false},"geometry":{"type":"LineString","coordinates":[[-49.302278,-25.281244],[-49.302278,-25.281257],[-49.302278,-25.281244]]}},{"type":"Feature","properties":{"alt":1022.0,"mestra":false},"geometry":{"type":"LineString","coordinates":[[-49.30288,-25.281271],[-49.302859,-25.281281],[-49.302869,-25.281309],[-49.302897,-25.281291],[-49.30288,-25.281271]]}},{"type":"Feature","properties":{"alt":1022.0,"mestra":false},"geometry":{"type":"LineString","coordinates":[[-49.304521,-25.281385],[-49.304511,-25.281394],[-49.304521,-25.281395],[-49.304521,-25.281385]]}},{"type":"Feature","properties":{"alt":1022.0,"mestra":false},"geometry":{"type":"LineString","coordinates":[[-49.304348,-25.281398],[-49.304348,-25.281406],[-49.304348,-25.281398]]}},{"type":"Feature","properties":{"alt":1022.0,"mestra":false},"geometry":{"type":"LineString","coordinates":[[-49.302256,-25.28138],[-49.302237,-25.281385],[-49.302247,-25.281404],[-49.302266,-25.281408],[-49.302256,-25.28138]]}},{"type":"Feature","properties":{"alt":1022.0,"mestra":false},"geometry":{"type":"LineString","coordinates":[[-49.302633,-25.281451],[-49.302602,-25.281448],[-49.302581,-25.281459],[-49.302509,-25.281546],[-49.302519,-25.281576],[-49.30258,-25.281593],[-49.302639,-25.281575],[-49.302655,-25.281492],[-49.302633,-25.281451]]}},{"type":"Feature","properties":{"alt":1022.0,"mestra":false},"geometry":{"type":"LineString","coordinates":[[-49.30152,-25.28149],[-49.301479,-25.281512],[-49.301465,-25.281553],[-49.301519,-25.281561],[-49.301534,-25.281553],[-49.301532,-25.281507],[-49.30152,-25.28149]]}},{"type":"Feature","properties":{"alt":1022.0,"mestra":false},"geometry":{"type":"LineString","coordinates":[[-49.302661,-25.281585],[-49.302649,-25.281585],[-49.302641,-25.281631],[-49.30265,-25.281643],[-49.302691,-25.281644],[-49.3027,-25.281622],[-49.302661,-25.281585]]}},{"type":"Feature","properties":{"alt":1022.0,"mestra":false},"geometry":{"type":"LineString","coordinates":[[-49.30461,-25.281625],[-49.304609,-25.281662],[-49.304602,-25.281644],[-49.30461,-25.281625]]}},{"type":"Feature","properties":{"alt":1022.0,"mestra":false},"geometry":{"type":"LineString","coordinates":[[-49.30368,-25.281698],[-49.303652,-25.281717],[-49.303657,-25.281754],[-49.303689,-25.281768],[-49.303726,-25.281764],[-49.303718,-25.281718],[-49.30368,-25.281698]]}},{"type":"Feature","properties":{"alt":1022.0,"mestra":false},"geometry":{"type":"LineString","coordinates":[[-49.30268,-25.281682],[-49.302696,-25.281706],[-49.30268,-25.281731],[-49.302667,-25.281706],[-49.30268,-25.281682]]}},{"type":"Feature","properties":{"alt":1022.0,"mestra":false},"geometry":{"type":"LineString","coordinates":[[-49.301271,-25.281733],[-49.301241,-25.281728],[-49.301215,-25.281763],[-49.301222,-25.281772],[-49.301271,-25.281763],[-49.301281,-25.281784],[-49.301305,-25.281773],[-49.301309,-25.281755],[-49.301271,-25.281733]]}},{"type":"Feature","properties":{"alt":1022.0,"mestra":false},"geometry":{"type":"LineString","coordinates":[[-49.30275,-25.281842],[-49.302709,-25.281856],[-49.302707,-25.281882],[-49.302721,-25.281901],[-49.302749,-25.281901],[-49.302773,-25.281883],[-49.302772,-25.281855],[-49.30275,-25.281842]]}},{"type":"Feature","properties":{"alt":1022.0,"mestra":false},"geometry":{"type":"LineString","coordinates":[[-49.304637,-25.281894],[-49.304627,-25.281891],[-49.304612,-25.281914],[-49.304572,-25.281932],[-49.304557,-25.281959],[-49.304612,-25.282025],[-49.3046,-25.282071],[-49.304608,-25.282099],[-49.304634,-25.282119],[-49.304674,-25.28212],[-49.304697,-25.282109],[-49.304733,-25.282036],[-49.304712,-25.281989],[-49.304637,-25.281894]]}},{"type":"Feature","properties":{"alt":1022.0,"mestra":false},"geometry":{"type":"LineString","coordinates":[[-49.302227,-25.281987],[-49.30219,-25.281997],[-49.302197,-25.281981],[-49.302227,-25.281987]]}},{"type":"Feature","properties":{"alt":1022.0,"mestra":false},"geometry":{"type":"LineString","coordinates":[[-49.30243,-25.282092],[-49.30243,-25.282101],[-49.30243,-25.282092]]}},{"type":"Feature","properties":{"alt":1022.0,"mestra":false},"geometry":{"type":"LineString","coordinates":[[-49.303192,-25.282332],[-49.303183,-25.282342],[-49.303191,-25.282355],[-49.303207,-25.282343],[-49.303192,-25.282332]]}},{"type":"Feature","properties":{"alt":1022.0,"mestra":false},"geometry":{"type":"LineString","coordinates":[[-49.3031,-25.282331],[-49.303078,-25.282332],[-49.3031,-25.282331]]}},{"type":"Feature","properties":{"alt":1022.0,"mestra":false},"geometry":{"type":"LineString","coordinates":[[-49.302669,-25.282475],[-49.302653,-25.282476],[-49.302661,-25.282522],[-49.302689,-25.282561],[-49.302709,-25.28257],[-49.302716,-25.28256],[-49.302699,-25.282532],[-49.302698,-25.282495],[-49.302669,-25.282475]]}},{"type":"Feature","properties":{"alt":1023.0,"mestra":false},"geometry":{"type":"LineString","coordinates":[[-49.300503,-25.281629],[-49.300506,-25.281152],[-49.300515,-25.281104],[-49.300566,-25.281102],[-49.300679,-25.281027],[-49.300791,-25.281036],[-49.300923,-25.281114],[-49.301045,-25.281145],[-49.301188,-25.281126],[-49.30121,-25.281104],[-49.301224,-25.281067],[-49.301203,-25.281021],[-49.301206,-25.280974],[-49.301231,-25.280962],[-49.301282,-25.280969],[-49.301303,-25.280935],[-49.301334,-25.280918],[-49.301385,-25.280931],[-49.301415,-25.280893],[-49.301395,-25.280856],[-49.301414,-25.280819],[-49.30141,-25.280782],[-49.301438,-25.280748],[-49.301503,-25.280727],[-49.30147,-25.280658],[-49.301444,-25.280652],[-49.301455,-25.280634],[-49.301675,-25.280553],[-49.301727,-25.280511],[-49.301778,-25.280527],[-49.301819,-25.280499],[-49.30185,-25.280516],[-49.30188,-25.280518],[-49.301963,-25.280462],[-49.302044,-25.280484],[-49.302075,-25.280449],[-49.302106,-25.280436],[-49.302146,-25.28046],[-49.302228,-25.280479],[-49.302237,-25.280513],[-49.302268,-25.280504],[-49.302278,-25.28052],[-49.302371,-25.280475],[-49.302411,-25.280486],[-49.302451,-25.280441],[-49.302444,-25.280386],[-49.302484,-25.280368],[-49.302491,-25.280349],[-49.302485,-25.280328],[-49.302465,-25.280321],[-49.302413,-25.280352],[-49.302392,-25.280348],[-49.302412,-25.280283],[-49.302445,-25.280262],[-49.302451,-25.280246],[-49.302415,-25.280226],[-49.302363,-25.280162],[-49.302365,-25.280147],[-49.302416,-25.280138],[-49.302467,-25.280167],[-49.302508,-25.280134],[-49.302549,-25.280148],[-49.302569,-25.280144],[-49.302586,-25.280127],[-49.30259,-25.2801],[-49.302557,-25.280062],[-49.302621,-25.280051],[-49.302642,-25.280017],[-49.302724,-25.279986],[-49.302785,-25.280004],[-49.302785,-25.280023],[-49.302734,-25.280022],[-49.302732,-25.280036],[-49.302757,-25.280074],[-49.302794,-25.280096],[-49.302886,-25.280096],[-49.302989,-25.280054],[-49.303038,-25.280086],[-49.303019,-25.280132],[-49.303048,-25.280253],[-49.303017,-25.280257],[-49.302975,-25.280291],[-49.302953,-25.280252],[-49.302925,-25.280254],[-49.302889,-25.280289],[-49.30287,-25.280353],[-49.302903,-25.280378],[-49.302984,-25.280405],[-49.303014,-25.28043],[-49.30308,-25.28043],[-49.303081,-25.280495],[-49.303131,-25.280598],[-49.303067,-25.280634],[-49.303032,-25.280639],[-49.302985,-25.280689],[-49.303015,-25.280726],[-49.303002,-25.280745],[-49.302966,-25.280763],[-49.302955,-25.280855],[-49.302968,-25.280874],[-49.303017,-25.280893],[-49.303038,-25.280914],[-49.303099,-25.280918],[-49.303163,-25.280913],[-49.303165,-25.280895],[-49.303141,-25.280857],[-49.303155,-25.280848],[-49.303181,-25.280874],[-49.303231,-25.280896],[-49.303222,-25.280951],[-49.303201,-25.280969],[-49.303159,-25.280969],[-49.303179,-25.281053],[-49.303158,-25.281082],[-49.303107,-25.281103],[-49.303103,-25.281154],[-49.30307,-25.281181],[-49.303015,-25.281301],[-49.303009,-25.281357],[-49.302977,-25.281403],[-49.302939,-25.281422],[-49.302919,-25.281403],[-49.302858,-25.28138],[-49.302807,-25.281394],[-49.302783,-25.281419],[-49.302772,-25.281456],[-49.302717,-25.281521],[-49.302748,-25.28166],[-49.3027,-25.281669],[-49.302703,-25.281706],[-49.30269,-25.281729],[-49.302669,-25.281736],[-49.302666,-25.281687],[-49.30265,-25.281671],[-49.302599,-25.281665],[-49.302559,-25.281634],[-49.302498,-25.281616],[-49.302451,-25.28162],[-49.302378,-25.281693],[-49.302354,-25.281692],[-49.302315,-25.281711],[-49.302325,-25.281757],[-49.30228,-25.281887],[-49.302218,-25.281914],[-49.302137,-25.281879],[-49.302081,-25.281903],[-49.302065,-25.281968],[-49.302079,-25.282005],[-49.302063,-25.282048],[-49.302012,-25.282045],[-49.301982,-25.282006],[-49.30196,-25.282013],[-49.301924,-25.282077],[-49.301983,-25.282162],[-49.302051,-25.282192],[-49.302092,-25.282161],[-49.302173,-25.282191],[-49.302276,-25.282164],[-49.302337,-25.28218],[-49.302407,-25.28212],[-49.302409,-25.282092],[-49.30243,-25.282079],[-49.302501,-25.282123],[-49.302542,-25.282119],[-49.302624,-25.282056],[-49.302671,-25.281993],[-49.302674,-25.281947],[-49.302656,-25.281928],[-49.302647,-25.281891],[-49.302614,-25.281872],[-49.302695,-25.281817],[-49.302751,-25.281731],[-49.302813,-25.281706],[-49.302833,-25.281714],[-49.30288,-25.281782],[-49.302874,-25.281829],[-49.302892,-25.281866],[-49.302932,-25.281922],[-49.302963,-25.281932],[-49.303549,-25.281603],[-49.303597,-25.281559],[-49.303611,-25.281521],[-49.303775,-25.281496],[-49.303791,-25.281477],[-49.3038,-25.28144],[-49.303827,-25.281419],[-49.303854,-25.281487],[-49.30382,-25.281561],[-49.303825,-25.281654],[-49.303805,-25.281709],[-49.303827,-25.281793],[-49.303848,-25.281831],[-49.303847,-25.281868],[-49.303874,-25.281905],[-49.30385,-25.282044],[-49.303897,-25.282091],[-49.303898,-25.282162],[-49.303949,-25.282178],[-49.303993,-25.282222],[-49.303946,-25.282314],[-49.303957,-25.282358],[-49.304048,-25.282424],[-49.30414,-25.282421],[-49.304168,-25.2824],[-49.304185,-25.282308],[-49.304177,-25.282261],[-49.304133,-25.282223],[-49.304133,-25.282147],[-49.30416,-25.282112],[-49.304267,-25.282069],[-49.304284,-25.282105],[-49.30434,-25.282161],[-49.304388,-25.282186],[-49.304429,-25.282166],[-49.304453,-25.282134],[-49.304411,-25.282013],[-49.304428,-25.281976],[-49.304437,-25.281893],[-49.304387,-25.281837],[-49.304413,-25.281816],[-49.304418,-25.281791],[-49.304405,-25.281735],[-49.304374,-25.281709],[-49.304371,-25.281679],[-49.304341,-25.281632],[-49.304347,-25.281576],[-49.304303,-25.281437],[-49.304319,-25.28129],[-49.304451,-25.281316],[-49.304493,-25.281355],[-49.304563,-25.281347],[-49.304593,-25.281371],[-49.304615,-25.28145],[-49.30454,-25.281491],[-49.304531,-25.281514],[-49.304537,-25.281542],[-49.304511,-25.28156],[-49.304531,-25.281606],[-49.304512,-25.281643],[-49.304532,-25.28169],[-49.304514,-25.281727],[-49.304557,-25.281761],[-49.304587,-25.281823],[-49.304607,-25.281827],[-49.304689,-25.281791],[-49.304742,-25.281859],[-49.304782,-25.281878],[-49.304782,-25.281897],[-49.304736,-25.281952],[-49.304768,-25.282006],[-49.304773,-25.282045],[-49.304801,-25.282073],[-49.304899,-25.282107],[-49.305011,-25.282125]]}},{"type":"Feature","properties":{"alt":1023.0,"mestra":false},"geometry":{"type":"LineString","coordinates":[[-49.303087,-25.282743],[-49.30301,-25.282758]]}},{"type":"Feature","properties":{"alt":1023.0,"mestra":false},"geometry":{"type":"LineString","coordinates":[[-49.302898,-25.282757],[-49.302653,-25.282754]]}},{"type":"Feature","properties":{"alt":1023.0,"mestra":false},"geometry":{"type":"LineString","coordinates":[[-49.304808,-25.279843],[-49.304821,-25.279865],[-49.304797,-25.279876],[-49.304786,-25.279856],[-49.304808,-25.279843]]}},{"type":"Feature","properties":{"alt":1023.0,"mestra":false},"geometry":{"type":"LineString","coordinates":[[-49.302491,-25.279922],[-49.302506,-25.279941],[-49.302505,-25.279969],[-49.302463,-25.28007],[-49.302376,-25.280097],[-49.302353,-25.280041],[-49.302369,-25.280014],[-49.302378,-25.279949],[-49.302398,-25.279945],[-49.302449,-25.279962],[-49.30247,-25.279929],[-49.302491,-25.279922]]}},{"type":"Feature","properties":{"alt":1023.0,"mestra":false},"geometry":{"type":"LineString","coordinates":[[-49.302679,-25.280318],[-49.302645,-25.280323],[-49.302644,-25.280341],[-49.302658,-25.280356],[-49.302678,-25.280354],[-49.302689,-25.280342],[-49.302679,-25.280318]]}},{"type":"Feature","properties":{"alt":1023.0,"mestra":false},"geometry":{"type":"LineString","coordinates":[[-49.302494,-25.280441],[-49.302494,-25.280441]]}},{"type":"Feature","properties":{"alt":1023.0,"mestra":false},"geometry":{"type":"LineString","coordinates":[[-49.301329,-25.280515],[-49.30134,-25.280531],[-49.301329,-25.280563],[-49.301288,-25.280562],[-49.301279,-25.280539],[-49.301288,-25.280521],[-49.301329,-25.280515]]}},{"type":"Feature","properties":{"alt":1023.0,"mestra":false},"geometry":{"type":"LineString","coordinates":[[-49.302786,-25.280656],[-49.302756,-25.280661],[-49.302738,-25.280686],[-49.302735,-25.280704],[-49.302756,-25.280732],[-49.302733,-25.280788],[-49.302773,-25.280835],[-49.302752,-25.28089],[-49.302719,-25.280918],[-49.302723,-25.280945],[-49.302703,-25.280973],[-49.302721,-25.280993],[-49.302741,-25.28098],[-49.302762,-25.280981],[-49.302763,-25.281002],[-49.302744,-25.28102],[-49.302761,-25.281031],[-49.302802,-25.280998],[-49.302833,-25.281015],[-49.302863,-25.280989],[-49.302904,-25.281001],[-49.302962,-25.280948],[-49.302944,-25.280911],[-49.302947,-25.280875],[-49.30289,-25.280827],[-49.302896,-25.28078],[-49.302877,-25.280772],[-49.302825,-25.280786],[-49.302788,-25.280751],[-49.302898,-25.280716],[-49.302928,-25.280736],[-49.302949,-25.280737],[-49.302966,-25.280716],[-49.302962,-25.280688],[-49.302929,-25.280679],[-49.302898,-25.280696],[-49.302882,-25.280678],[-49.302827,-25.280676],[-49.302786,-25.280656]]}},{"type":"Feature","properties":{"alt":1023.0,"mestra":false},"geometry":{"type":"LineString","coordinates":[[-49.301725,-25.280655],[-49.301684,-25.280657],[-49.301683,-25.280683],[-49.301704,-25.28069],[-49.301721,-25.280683],[-49.301725,-25.280655]]}},{"type":"Feature","properties":{"alt":1023.0,"mestra":false},"geometry":{"type":"LineString","coordinates":[[-49.301399,-25.28066],[-49.301413,-25.280671],[-49.301398,-25.280683],[-49.301369,-25.280679],[-49.301378,-25.280663],[-49.301399,-25.28066]]}},{"type":"Feature","properties":{"alt":1023.0,"mestra":false},"geometry":{"type":"LineString","coordinates":[[-49.301122,-25.28076],[-49.301153,-25.280779],[-49.30116,-25.280798],[-49.30111,-25.280847],[-49.30107,-25.28084],[-49.301021,-25.280796],[-49.301025,-25.280777],[-49.30105,-25.280765],[-49.301122,-25.28076]]}},{"type":"Feature","properties":{"alt":1023.0,"mestra":false},"geometry":{"type":"LineString","coordinates":[[-49.303091,-25.28079],[-49.30309,-25.280818],[-49.30306,-25.280828],[-49.303052,-25.280791],[-49.303091,-25.28079]]}},{"type":"Feature","properties":{"alt":1023.0,"mestra":false},"geometry":{"type":"LineString","coordinates":[[-49.300955,-25.280968],[-49.300963,-25.280981],[-49.300955,-25.281004],[-49.300934,-25.281023],[-49.300914,-25.281021],[-49.3009,-25.280989],[-49.300955,-25.280968]]}},{"type":"Feature","properties":{"alt":1023.0,"mestra":false},"geometry":{"type":"LineString","coordinates":[[-49.300598,-25.280988],[-49.300607,-25.280995],[-49.300583,-25.281032],[-49.300544,-25.281032],[-49.300578,-25.280992],[-49.300598,-25.280988]]}},{"type":"Feature","properties":{"alt":1023.0,"mestra":false},"geometry":{"type":"LineString","coordinates":[[-49.302148,-25.281047],[-49.302125,-25.28105],[-49.302108,-25.281087],[-49.302117,-25.281115],[-49.302147,-25.281135],[-49.302184,-25.281115],[-49.30219,-25.281097],[-49.302148,-25.281047]]}},{"type":"Feature","properties":{"alt":1023.0,"mestra":false},"geometry":{"type":"LineString","coordinates":[[-49.301924,-25.281055],[-49.301883,-25.281051],[-49.301852,-25.281084],[-49.301903,-25.281088],[-49.301923,-25.281115],[-49.301964,-25.281087],[-49.301966,-25.281076],[-49.301924,-25.281055]]}},{"type":"Feature","properties":{"alt":1023.0,"mestra":false},"geometry":{"type":"LineString","coordinates":[[-49.304607,-25.281095],[-49.304627,-25.281105],[-49.304627,-25.281116],[-49.304596,-25.28113],[-49.304575,-25.281124],[-49.304576,-25.2811],[-49.304607,-25.281095]]}},{"type":"Feature","properties":{"alt":1023.0,"mestra":false},"geometry":{"type":"LineString","coordinates":[[-49.302995,-25.281073],[-49.302972,-25.281078],[-49.302964,-25.281105],[-49.303005,-25.281105],[-49.303008,-25.281088],[-49.302995,-25.281073]]}},{"type":"Feature","properties":{"alt":1023.0,"mestra":false},"geometry":{"type":"LineString","coordinates":[[-49.302953,-25.281124],[-49.302923,-25.281135],[-49.302912,-25.281162],[-49.302984,-25.281163],[-49.302978,-25.281143],[-49.302953,-25.281124]]}},{"type":"Feature","properties":{"alt":1023.0,"mestra":false},"geometry":{"type":"LineString","coordinates":[[-49.301085,-25.281165],[-49.301042,-25.281195],[-49.301034,-25.281214],[-49.301044,-25.281227],[-49.301074,-25.281233],[-49.301094,-25.281259],[-49.301135,-25.281239],[-49.301142,-25.281215],[-49.301085,-25.281165]]}},{"type":"Feature","properties":{"alt":1023.0,"mestra":false},"geometry":{"type":"LineString","coordinates":[[-49.302769,-25.281206],[-49.302686,-25.281287],[-49.302645,-25.281262],[-49.302655,-25.281305],[-49.302672,-25.281325],[-49.302736,-25.281329],[-49.302757,-25.281319],[-49.302806,-25.281234],[-49.302797,-25.281215],[-49.302769,-25.281206]]}},{"type":"Feature","properties":{"alt":1023.0,"mestra":false},"geometry":{"type":"LineString","coordinates":[[-49.302432,-25.281212],[-49.302382,-25.281276],[-49.302431,-25.281299],[-49.302469,-25.281295],[-49.302473,-25.281267],[-49.302439,-25.281239],[-49.302432,-25.281212]]}},{"type":"Feature","properties":{"alt":1023.0,"mestra":false},"geometry":{"type":"LineString","coordinates":[[-49.30288,-25.281285],[-49.30287,-25.281285],[-49.302869,-25.281297],[-49.30288,-25.281297],[-49.30288,-25.281285]]}},{"type":"Feature","properties":{"alt":1023.0,"mestra":false},"geometry":{"type":"LineString","coordinates":[[-49.302622,-25.281461],[-49.302581,-25.281466],[-49.302514,-25.281546],[-49.302519,-25.281572],[-49.30258,-25.28159],[-49.302622,-25.281575],[-49.302647,-25.281529],[-49.30265,-25.281492],[-49.302622,-25.281461]]}},{"type":"Feature","properties":{"alt":1023.0,"mestra":false},"geometry":{"type":"LineString","coordinates":[[-49.304672,-25.28153],[-49.304692,-25.281564],[-49.304672,-25.281558],[-49.304652,-25.281534],[-49.304672,-25.28153]]}},{"type":"Feature","properties":{"alt":1023.0,"mestra":false},"geometry":{"type":"LineString","coordinates":[[-49.30152,-25.281497],[-49.301492,-25.281507],[-49.301468,-25.281544],[-49.301529,-25.281554],[-49.30152,-25.281497]]}},{"type":"Feature","properties":{"alt":1023.0,"mestra":false},"geometry":{"type":"LineString","coordinates":[[-49.30461,-25.281615],[-49.304623,-25.281626],[-49.304609,-25.28168],[-49.304594,-25.281654],[-49.30461,-25.281615]]}},{"type":"Feature","properties":{"alt":1023.0,"mestra":false},"geometry":{"type":"LineString","coordinates":[[-49.302681,-25.281612],[-49.302661,-25.281609],[-49.302657,-25.281631],[-49.302685,-25.281632],[-49.302681,-25.281612]]}},{"type":"Feature","properties":{"alt":1023.0,"mestra":false},"geometry":{"type":"LineString","coordinates":[[-49.304619,-25.281698],[-49.304639,-25.28172],[-49.304619,-25.281715],[-49.304619,-25.281698]]}},{"type":"Feature","properties":{"alt":1023.0,"mestra":false},"geometry":{"type":"LineString","coordinates":[[-49.3037,-25.281708],[-49.30368,-25.281703],[-49.30366,-25.281714],[-49.303657,-25.281745],[-49.303669,-25.281757],[-49.30372,-25.281757],[-49.3037,-25.281708]]}},{"type":"Feature","properties":{"alt":1023.0,"mestra":false},"geometry":{"type":"LineString","coordinates":[[-49.304362,-25.281836],[-49.304362,-25.281836]]}},{"type":"Feature","properties":{"alt":1023.0,"mestra":false},"geometry":{"type":"LineString","coordinates":[[-49.30276,-25.281852],[-49.302715,-25.281864],[-49.302718,-25.281895],[-49.302739,-25.281901],[-49.302769,-25.281883],[-49.302772,-25.281865],[-49.30276,-25.281852]]}},{"type":"Feature","properties":{"alt":1023.0,"mestra":false},"geometry":{"type":"LineString","coordinates":[[-49.302045,-25.281871],[-49.302018,-25.281874],[-49.302024,-25.281901],[-49.302052,-25.281893],[-49.302045,-25.281871]]}},{"type":"Feature","properties":{"alt":1023.0,"mestra":false},"geometry":{"type":"LineString","coordinates":[[-49.304636,-25.281922],[-49.304575,-25.281935],[-49.304563,-25.281959],[-49.30462,-25.282016],[-49.304605,-25.282071],[-49.304613,-25.282099],[-49.304634,-25.282114],[-49.304675,-25.282113],[-49.304694,-25.2821],[-49.30472,-25.282035],[-49.304698,-25.281989],[-49.304636,-25.281922]]}},{"type":"Feature","properties":{"alt":1023.0,"mestra":false},"geometry":{"type":"LineString","coordinates":[[-49.302268,-25.281953],[-49.302274,-25.28197],[-49.302227,-25.282001],[-49.302186,-25.282009],[-49.30218,-25.281988],[-49.302197,-25.281971],[-49.302268,-25.281953]]}},{"type":"Feature","properties":{"alt":1023.0,"mestra":false},"geometry":{"type":"LineString","coordinates":[[-49.302135,-25.282033],[-49.302148,-25.282043],[-49.302134,-25.282057],[-49.30212,-25.282043],[-49.302135,-25.282033]]}},{"type":"Feature","properties":{"alt":1023.0,"mestra":false},"geometry":{"type":"LineString","coordinates":[[-49.30246,-25.282118],[-49.302429,-25.282117],[-49.302409,-25.282129],[-49.302426,-25.282148],[-49.302459,-25.282155],[-49.302477,-25.282139],[-49.30246,-25.282118]]}},{"type":"Feature","properties":{"alt":1023.0,"mestra":false},"geometry":{"type":"LineString","coordinates":[[-49.304377,-25.282195],[-49.304356,-25.282217],[-49.304388,-25.282254],[-49.304364,-25.2823],[-49.30437,-25.282328],[-49.304396,-25.282342],[-49.304478,-25.28232],[-49.304491,-25.282293],[-49.304484,-25.282237],[-49.304449,-25.282204],[-49.304398,-25.282214],[-49.304377,-25.282195]]}},{"type":"Feature","properties":{"alt":1023.0,"mestra":false},"geometry":{"type":"LineString","coordinates":[[-49.302689,-25.282492],[-49.302679,-25.282485],[-49.302665,-25.282494],[-49.302679,-25.282531],[-49.302689,-25.282529],[-49.302689,-25.282492]]}},{"type":"Feature","properties":{"alt":1023.0,"mestra":false},"geometry":{"type":"LineString","coordinates":[[-49.302699,-25.282549],[-49.302696,-25.28256],[-49.302709,-25.282562],[-49.302699,-25.282549]]}},{"type":"Feature","properties":{"alt":1024.0,"mestra":false},"geometry":{"type":"LineString","coordinates":[[-49.300502,-25.28163],[-49.300507,-25.281124],[-49.300515,-25.281099],[-49.300576,-25.28109],[-49.30062,-25.28106],[-49.300634,-25.281033],[-49.300618,-25.281018],[-49.300577,-25.281047],[-49.300516,-25.281043],[-49.300516,-25.280999],[-49.300588,-25.280968],[-49.30072,-25.281018],[-49.300802,-25.280995],[-49.300835,-25.281007],[-49.300843,-25.281044],[-49.300873,-25.28105],[-49.300889,-25.281045],[-49.300894,-25.281026],[-49.300864,-25.280989],[-49.300935,-25.280949],[-49.300956,-25.280948],[-49.30098,-25.280962],[-49.300949,-25.281046],[-49.300962,-25.281074],[-49.301055,-25.281127],[-49.301185,-25.281123],[-49.301205,-25.281104],[-49.301216,-25.281067],[-49.301187,-25.280993],[-49.301199,-25.280965],[-49.301231,-25.280953],[-49.301282,-25.280963],[-49.301313,-25.280922],[-49.301344,-25.280914],[-49.301376,-25.28093],[-49.30141,-25.280893],[-49.301406,-25.280875],[-49.301385,-25.280865],[-49.301408,-25.280819],[-49.301402,-25.280782],[-49.301438,-25.280744],[-49.301493,-25.280727],[-49.30147,-25.280669],[-49.301435,-25.280662],[-49.30145,-25.280632],[-49.301594,-25.280578],[-49.301646,-25.280515],[-49.301696,-25.280519],[-49.301738,-25.280499],[-49.301778,-25.280513],[-49.301819,-25.280485],[-49.30188,-25.280509],[-49.301913,-25.280472],[-49.301973,-25.280448],[-49.302034,-25.280482],[-49.302054,-25.280474],[-49.302071,-25.280446],[-49.302106,-25.280432],[-49.302157,-25.280459],[-49.30223,-25.280476],[-49.302237,-25.280508],[-49.302268,-25.2805],[-49.302288,-25.280518],[-49.302371,-25.280471],[-49.302411,-25.280483],[-49.302448,-25.280441],[-49.302436,-25.280385],[-49.30248,-25.280367],[-49.302488,-25.280349],[-49.302483,-25.28033],[-49.302465,-25.280324],[-49.302413,-25.28036],[-49.302384,-25.280348],[-49.302387,-25.280311],[-49.302372,-25.280273],[-49.302406,-25.280227],[-49.302357,-25.280162],[-49.302363,-25.280143],[-49.302416,-25.280134],[-49.302467,-25.280164],[-49.302508,-25.280128],[-49.302549,-25.280145],[-49.302569,-25.280141],[-49.302587,-25.2801],[-49.30254,-25.280062],[-49.30255,-25.280054],[-49.30262,-25.280044],[-49.302642,-25.280008],[-49.302696,-25.27998],[-49.302796,-25.279962],[-49.302822,-25.279991],[-49.30282,-25.280056],[-49.302866,-25.280072],[-49.302938,-25.280057],[-49.302967,-25.280039],[-49.303101,-25.280019],[-49.30309,-25.280092],[-49.303049,-25.280111],[-49.303041,-25.280133],[-49.303067,-25.280198],[-49.303064,-25.280263],[-49.303016,-25.280264],[-49.302975,-25.280297],[-49.302945,-25.280255],[-49.302925,-25.280258],[-49.302898,-25.280279],[-49.302872,-25.280344],[-49.302897,-25.280372],[-49.302984,-25.280401],[-49.303014,-25.280427],[-49.303075,-25.280422],[-49.303088,-25.28043],[-49.303082,-25.280486],[-49.303134,-25.280607],[-49.303032,-25.280642],[-49.302994,-25.280679],[-49.302988,-25.280698],[-49.303018,-25.280726],[-49.303006,-25.280745],[-49.302968,-25.280763],[-49.302959,-25.280855],[-49.302972,-25.280874],[-49.303018,-25.28089],[-49.303048,-25.280914],[-49.303109,-25.280914],[-49.30314,-25.280904],[-49.303148,-25.280895],[-49.303138,-25.280857],[-49.303151,-25.280844],[-49.303192,-25.280872],[-49.303243,-25.280886],[-49.303221,-25.280966],[-49.30319,-25.280986],[-49.303169,-25.280978],[-49.303193,-25.281062],[-49.303168,-25.281098],[-49.303127,-25.281092],[-49.303109,-25.281108],[-49.30312,-25.281154],[-49.30308,-25.281181],[-49.303022,-25.281358],[-49.302982,-25.281412],[-49.302939,-25.281426],[-49.302919,-25.281407],[-49.302858,-25.281382],[-49.302807,-25.281396],[-49.302786,-25.281418],[-49.302775,-25.281456],[-49.302719,-25.281521],[-49.302724,-25.281576],[-49.302746,-25.281604],[-49.302755,-25.28166],[-49.302742,-25.281674],[-49.302711,-25.281677],[-49.30271,-25.281706],[-49.30269,-25.281735],[-49.302669,-25.281743],[-49.30265,-25.281678],[-49.302599,-25.281669],[-49.302559,-25.281638],[-49.302498,-25.281618],[-49.302456,-25.28162],[-49.302402,-25.281665],[-49.302391,-25.281702],[-49.302349,-25.28172],[-49.302297,-25.281878],[-49.30226,-25.281914],[-49.302288,-25.28197],[-49.302206,-25.282018],[-49.302185,-25.282052],[-49.302134,-25.282074],[-49.302063,-25.282061],[-49.302022,-25.282068],[-49.301971,-25.282039],[-49.301938,-25.282059],[-49.301934,-25.282087],[-49.30199,-25.282159],[-49.302041,-25.282182],[-49.302102,-25.28215],[-49.302153,-25.282159],[-49.302184,-25.282183],[-49.302245,-25.282169],[-49.302266,-25.282153],[-49.302337,-25.282171],[-49.30235,-25.282157],[-49.302331,-25.282119],[-49.302348,-25.28211],[-49.302378,-25.28212],[-49.30243,-25.282071],[-49.302511,-25.282119],[-49.302542,-25.282115],[-49.302624,-25.282051],[-49.302672,-25.281984],[-49.302669,-25.281947],[-49.30265,-25.281928],[-49.302647,-25.281897],[-49.302606,-25.281883],[-49.302608,-25.281872],[-49.302686,-25.281817],[-49.302751,-25.281724],[-49.302813,-25.2817],[-49.302833,-25.281708],[-49.302884,-25.281782],[-49.302876,-25.281819],[-49.302892,-25.281859],[-49.302932,-25.281914],[-49.302953,-25.281922],[-49.303559,-25.281585],[-49.303593,-25.281559],[-49.303611,-25.281516],[-49.303765,-25.281493],[-49.303817,-25.281388],[-49.303827,-25.28139],[-49.303859,-25.281487],[-49.303822,-25.28157],[-49.30383,-25.281654],[-49.30381,-25.281719],[-49.303835,-25.281793],[-49.30386,-25.281821],[-49.303858,-25.281868],[-49.303893,-25.281933],[-49.303857,-25.281998],[-49.303855,-25.282044],[-49.303903,-25.282082],[-49.303898,-25.282147],[-49.303909,-25.282159],[-49.303959,-25.282163],[-49.303995,-25.282129],[-49.304001,-25.282091],[-49.304006,-25.282129],[-49.304029,-25.282157],[-49.304021,-25.282171],[-49.303978,-25.282185],[-49.304011,-25.282231],[-49.303979,-25.28226],[-49.303956,-25.282305],[-49.303957,-25.282343],[-49.303997,-25.282386],[-49.304038,-25.282407],[-49.304078,-25.282415],[-49.30413,-25.282406],[-49.304151,-25.282391],[-49.304179,-25.282298],[-49.30417,-25.282261],[-49.304124,-25.282223],[-49.304106,-25.28213],[-49.304117,-25.282084],[-49.304089,-25.282047],[-49.304125,-25.281982],[-49.304176,-25.281969],[-49.304228,-25.281935],[-49.304273,-25.281965],[-49.304279,-25.282002],[-49.304303,-25.28204],[-49.304292,-25.282095],[-49.304347,-25.282157],[-49.304398,-25.282168],[-49.304445,-25.282134],[-49.304404,-25.282013],[-49.304422,-25.281976],[-49.304433,-25.281891],[-49.304403,-25.281859],[-49.304341,-25.281846],[-49.304337,-25.281836],[-49.304362,-25.281821],[-49.304403,-25.281816],[-49.304412,-25.281791],[-49.304397,-25.281735],[-49.304364,-25.281716],[-49.304334,-25.281641],[-49.304341,-25.281576],[-49.304296,-25.281437],[-49.304298,-25.281372],[-49.304315,-25.281326],[-49.304298,-25.281279],[-49.304319,-25.281231],[-49.304388,-25.281261],[-49.30441,-25.281299],[-49.304461,-25.281309],[-49.304491,-25.281344],[-49.304553,-25.281341],[-49.3046,-25.281366],[-49.304622,-25.28145],[-49.304542,-25.281495],[-49.304535,-25.281514],[-49.304545,-25.281542],[-49.304516,-25.281569],[-49.304536,-25.281606],[-49.304516,-25.281653],[-49.304539,-25.281681],[-49.304519,-25.281727],[-49.30456,-25.281755],[-49.304587,-25.281813],[-49.304628,-25.281813],[-49.304679,-25.281771],[-49.304741,-25.281761],[-49.304758,-25.281776],[-49.30472,-25.281803],[-49.304725,-25.281831],[-49.30476,-25.281864],[-49.3048,-25.281865],[-49.304807,-25.281879],[-49.30475,-25.281952],[-49.30478,-25.282045],[-49.304818,-25.28208],[-49.304899,-25.282096],[-49.30494,-25.282087],[-49.304981,-25.282055],[-49.305012,-25.282065]]}},{"type":"Feature","properties":{"alt":1024.0,"mestra":false},"geometry":{"type":"LineString","coordinates":[[-49.303087,-25.282743],[-49.303026,-25.282758]]}},{"type":"Feature","properties":{"alt":1024.0,"mestra":false},"geometry":{"type":"LineString","coordinates":[[-49.302823,-25.282756],[-49.302659,-25.282754]]}},{"type":"Feature","properties":{"alt":1024.0,"mestra":false},"geometry":{"type":"LineString","coordinates":[[-49.304808,-25.279837],[-49.304827,-25.279847],[-49.304829,-25.279866],[-49.304818,-25.27988],[-49.304797,-25.279883],[-49.30478,-25.279856],[-49.304808,-25.279837]]}},{"type":"Feature","properties":{"alt":1024.0,"mestra":false},"geometry":{"type":"LineString","coordinates":[[-49.302491,-25.279919],[-49.302507,-25.279932],[-49.302509,-25.279969],[-49.302499,-25.280015],[-49.302477,-25.280043],[-49.302477,-25.28007],[-49.302458,-25.280085],[-49.302376,-25.280101],[-49.302345,-25.280041],[-49.302365,-25.280004],[-49.302368,-25.279949],[-49.302399,-25.279935],[-49.302449,-25.279956],[-49.302469,-25.279922],[-49.302491,-25.279919]]}},{"type":"Feature","properties":{"alt":1024.0,"mestra":false},"geometry":{"type":"LineString","coordinates":[[-49.302785,-25.280041],[-49.302764,-25.280042],[-49.302757,-25.280055],[-49.302784,-25.280074],[-49.302806,-25.280065],[-49.302785,-25.280041]]}},{"type":"Feature","properties":{"alt":1024.0,"mestra":false},"geometry":{"type":"LineString","coordinates":[[-49.302679,-25.280323],[-49.30265,-25.280323],[-49.302658,-25.280352],[-49.302685,-25.280342],[-49.302679,-25.280323]]}},{"type":"Feature","properties":{"alt":1024.0,"mestra":false},"geometry":{"type":"LineString","coordinates":[[-49.301329,-25.280509],[-49.301342,-25.280521],[-49.301336,-25.280558],[-49.301318,-25.280573],[-49.301288,-25.280567],[-49.301275,-25.280548],[-49.301283,-25.280521],[-49.301329,-25.280509]]}},{"type":"Feature","properties":{"alt":1024.0,"mestra":false},"geometry":{"type":"LineString","coordinates":[[-49.302786,-25.280658],[-49.302756,-25.280664],[-49.30274,-25.280686],[-49.30276,-25.280742],[-49.302735,-25.280788],[-49.302777,-25.280835],[-49.302749,-25.280899],[-49.302723,-25.280918],[-49.302726,-25.280945],[-49.302709,-25.280973],[-49.302721,-25.280987],[-49.302762,-25.280979],[-49.302767,-25.281002],[-49.302751,-25.28102],[-49.302761,-25.281027],[-49.302802,-25.280995],[-49.302833,-25.281013],[-49.302864,-25.280987],[-49.302904,-25.280998],[-49.302959,-25.280948],[-49.30294,-25.280911],[-49.302947,-25.280882],[-49.302886,-25.280827],[-49.302892,-25.28078],[-49.302877,-25.280774],[-49.302825,-25.280788],[-49.302784,-25.280751],[-49.302796,-25.280739],[-49.302887,-25.280715],[-49.302888,-25.280688],[-49.302868,-25.280677],[-49.302817,-25.280675],[-49.302786,-25.280658]]}},{"type":"Feature","properties":{"alt":1024.0,"mestra":false},"geometry":{"type":"LineString","coordinates":[[-49.301715,-25.280662],[-49.30169,-25.280664],[-49.301693,-25.280683],[-49.301715,-25.280681],[-49.301715,-25.280662]]}},{"type":"Feature","properties":{"alt":1024.0,"mestra":false},"geometry":{"type":"LineString","coordinates":[[-49.301409,-25.28066],[-49.301422,-25.280671],[-49.301398,-25.280687],[-49.301378,-25.28069],[-49.301364,-25.280679],[-49.301375,-25.280661],[-49.301409,-25.28066]]}},{"type":"Feature","properties":{"alt":1024.0,"mestra":false},"geometry":{"type":"LineString","coordinates":[[-49.302949,-25.280683],[-49.302919,-25.280685],[-49.3029,-25.280706],[-49.302938,-25.280737],[-49.302963,-25.280716],[-49.302964,-25.280698],[-49.302949,-25.280683]]}},{"type":"Feature","properties":{"alt":1024.0,"mestra":false},"geometry":{"type":"LineString","coordinates":[[-49.301132,-25.280732],[-49.301183,-25.28076],[-49.301181,-25.280807],[-49.301118,-25.280853],[-49.301059,-25.28085],[-49.301001,-25.280786],[-49.30105,-25.280754],[-49.301132,-25.280732]]}},{"type":"Feature","properties":{"alt":1024.0,"mestra":false},"geometry":{"type":"LineString","coordinates":[[-49.303081,-25.280782],[-49.303093,-25.280792],[-49.303092,-25.28082],[-49.30306,-25.28083],[-49.303049,-25.280819],[-49.30305,-25.280788],[-49.303081,-25.280782]]}},{"type":"Feature","properties":{"alt":1024.0,"mestra":false},"geometry":{"type":"LineString","coordinates":[[-49.304648,-25.281049],[-49.304664,-25.281079],[-49.304652,-25.281116],[-49.304576,-25.28116],[-49.304565,-25.281181],[-49.304545,-25.281184],[-49.304524,-25.281166],[-49.304485,-25.281161],[-49.30449,-25.281133],[-49.304536,-25.281072],[-49.304567,-25.281056],[-49.304648,-25.281049]]}},{"type":"Feature","properties":{"alt":1024.0,"mestra":false},"geometry":{"type":"LineString","coordinates":[[-49.302148,-25.281049],[-49.302127,-25.28105],[-49.302111,-25.281087],[-49.30212,-25.281115],[-49.302147,-25.281133],[-49.30218,-25.281115],[-49.302188,-25.281097],[-49.302148,-25.281049]]}},{"type":"Feature","properties":{"alt":1024.0,"mestra":false},"geometry":{"type":"LineString","coordinates":[[-49.301893,-25.281054],[-49.301864,-25.281075],[-49.301869,-25.281084],[-49.301933,-25.281093],[-49.301938,-25.281085],[-49.301922,-25.281066],[-49.301893,-25.281054]]}},{"type":"Feature","properties":{"alt":1024.0,"mestra":false},"geometry":{"type":"LineString","coordinates":[[-49.302995,-25.281085],[-49.302981,-25.281088],[-49.302995,-25.281097],[-49.302995,-25.281085]]}},{"type":"Feature","properties":{"alt":1024.0,"mestra":false},"geometry":{"type":"LineString","coordinates":[[-49.301954,-25.281069],[-49.30194,-25.281076],[-49.301954,-25.281088],[-49.301954,-25.281069]]}},{"type":"Feature","properties":{"alt":1024.0,"mestra":false},"geometry":{"type":"LineString","coordinates":[[-49.302953,-25.281148],[-49.302947,-25.281152],[-49.302961,-25.281152],[-49.302953,-25.281148]]}},{"type":"Feature","properties":{"alt":1024.0,"mestra":false},"geometry":{"type":"LineString","coordinates":[[-49.302933,-25.28115],[-49.302933,-25.28115]]}},{"type":"Feature","properties":{"alt":1024.0,"mestra":false},"geometry":{"type":"LineString","coordinates":[[-49.302789,-25.281215],[-49.302759,-25.281215],[-49.302719,-25.281252],[-49.302708,-25.28127],[-49.302716,-25.281292],[-49.302737,-25.281302],[-49.302768,-25.281282],[-49.302799,-25.281243],[-49.302789,-25.281215]]}},{"type":"Feature","properties":{"alt":1024.0,"mestra":false},"geometry":{"type":"LineString","coordinates":[[-49.302452,-25.281248],[-49.302411,-25.281249],[-49.302393,-25.281276],[-49.302423,-25.281295],[-49.302461,-25.281293],[-49.302472,-25.281277],[-49.302452,-25.281248]]}},{"type":"Feature","properties":{"alt":1024.0,"mestra":false},"geometry":{"type":"LineString","coordinates":[[-49.302665,-25.281297],[-49.302675,-25.281317],[-49.302692,-25.281316],[-49.302693,-25.281307],[-49.302665,-25.281297]]}},{"type":"Feature","properties":{"alt":1024.0,"mestra":false},"geometry":{"type":"LineString","coordinates":[[-49.304624,-25.281346],[-49.304624,-25.281359],[-49.304603,-25.28136],[-49.304609,-25.281348],[-49.304624,-25.281346]]}},{"type":"Feature","properties":{"alt":1024.0,"mestra":false},"geometry":{"type":"LineString","coordinates":[[-49.302622,-25.28147],[-49.302583,-25.281473],[-49.302529,-25.281529],[-49.302519,-25.281567],[-49.30258,-25.281587],[-49.302621,-25.281568],[-49.302644,-25.281529],[-49.302646,-25.281501],[-49.302622,-25.28147]]}},{"type":"Feature","properties":{"alt":1024.0,"mestra":false},"geometry":{"type":"LineString","coordinates":[[-49.304642,-25.281513],[-49.304683,-25.281528],[-49.30471,-25.281553],[-49.304712,-25.281571],[-49.304692,-25.281578],[-49.304672,-25.281569],[-49.304621,-25.281515],[-49.304642,-25.281513]]}},{"type":"Feature","properties":{"alt":1024.0,"mestra":false},"geometry":{"type":"LineString","coordinates":[[-49.301509,-25.281506],[-49.301498,-25.281525],[-49.301519,-25.281547],[-49.301525,-25.281525],[-49.301509,-25.281506]]}},{"type":"Feature","properties":{"alt":1024.0,"mestra":false},"geometry":{"type":"LineString","coordinates":[[-49.302937,-25.281541],[-49.302937,-25.281541]]}},{"type":"Feature","properties":{"alt":1024.0,"mestra":false},"geometry":{"type":"LineString","coordinates":[[-49.30461,-25.281607],[-49.304629,-25.281617],[-49.304617,-25.281682],[-49.304668,-25.281729],[-49.304659,-25.281743],[-49.304612,-25.281719],[-49.30459,-25.281663],[-49.304594,-25.281616],[-49.30461,-25.281607]]}},{"type":"Feature","properties":{"alt":1024.0,"mestra":false},"geometry":{"type":"LineString","coordinates":[[-49.3037,-25.281714],[-49.30368,-25.281708],[-49.303666,-25.281717],[-49.303669,-25.28175],[-49.303705,-25.281745],[-49.3037,-25.281714]]}},{"type":"Feature","properties":{"alt":1024.0,"mestra":false},"geometry":{"type":"LineString","coordinates":[[-49.30276,-25.281857],[-49.302719,-25.281869],[-49.302719,-25.281892],[-49.302739,-25.281897],[-49.302759,-25.281888],[-49.302769,-25.281874],[-49.30276,-25.281857]]}},{"type":"Feature","properties":{"alt":1024.0,"mestra":false},"geometry":{"type":"LineString","coordinates":[[-49.302035,-25.281874],[-49.302022,-25.281884],[-49.302034,-25.281894],[-49.302046,-25.281884],[-49.302035,-25.281874]]}},{"type":"Feature","properties":{"alt":1024.0,"mestra":false},"geometry":{"type":"LineString","coordinates":[[-49.302137,-25.281884],[-49.302106,-25.281892],[-49.302084,-25.281912],[-49.302074,-25.281968],[-49.302104,-25.282003],[-49.302165,-25.282028],[-49.30218,-25.281978],[-49.302234,-25.281942],[-49.302137,-25.281884]]}},{"type":"Feature","properties":{"alt":1024.0,"mestra":false},"geometry":{"type":"LineString","coordinates":[[-49.304636,-25.281931],[-49.304585,-25.281937],[-49.304571,-25.28195],[-49.30458,-25.281969],[-49.304629,-25.281997],[-49.304612,-25.282081],[-49.304624,-25.282103],[-49.304644,-25.282109],[-49.304681,-25.2821],[-49.304704,-25.282044],[-49.304686,-25.281993],[-49.304636,-25.281931]]}},{"type":"Feature","properties":{"alt":1024.0,"mestra":false},"geometry":{"type":"LineString","coordinates":[[-49.302361,-25.281924],[-49.30235,-25.281942],[-49.302349,-25.281925],[-49.302361,-25.281924]]}},{"type":"Feature","properties":{"alt":1024.0,"mestra":false},"geometry":{"type":"LineString","coordinates":[[-49.302104,-25.282016],[-49.302087,-25.282024],[-49.302094,-25.282042],[-49.302107,-25.282033],[-49.302104,-25.282016]]}},{"type":"Feature","properties":{"alt":1024.0,"mestra":false},"geometry":{"type":"LineString","coordinates":[[-49.30246,-25.282134],[-49.302442,-25.282139],[-49.30246,-25.282147],[-49.30246,-25.282134]]}},{"type":"Feature","properties":{"alt":1024.0,"mestra":false},"geometry":{"type":"LineString","coordinates":[[-49.304449,-25.282214],[-49.304401,-25.282227],[-49.304397,-25.282257],[-49.30437,-25.2823],[-49.304386,-25.28233],[-49.304457,-25.28232],[-49.304482,-25.282302],[-49.304484,-25.282246],[-49.304449,-25.282214]]}},{"type":"Feature","properties":{"alt":1024.0,"mestra":false},"geometry":{"type":"LineString","coordinates":[[-49.302679,-25.282498],[-49.302679,-25.282515],[-49.302679,-25.282498]]}},{"type":"Feature","properties":{"alt":1025.0,"mestra":true},"geometry":{"type":"LineString","coordinates":[[-49.300502,-25.28163],[-49.300505,-25.281124],[-49.300515,-25.281093],[-49.300566,-25.281086],[-49.300597,-25.28106],[-49.300516,-25.281053],[-49.300517,-25.280971],[-49.300588,-25.280953],[-49.30072,-25.280995],[-49.300762,-25.280968],[-49.300864,-25.280957],[-49.300895,-25.28091],[-49.300916,-25.280906],[-49.301027,-25.280954],[-49.300989,-25.280981],[-49.300973,-25.281027],[-49.300983,-25.281055],[-49.301022,-25.281093],[-49.301066,-25.281116],[-49.301178,-25.281122],[-49.301199,-25.281104],[-49.301209,-25.281067],[-49.301176,-25.280974],[-49.301221,-25.280948],[-49.301282,-25.280957],[-49.301297,-25.280929],[-49.301324,-25.280912],[-49.301385,-25.280921],[-49.301406,-25.280884],[-49.301376,-25.280865],[-49.301402,-25.280819],[-49.301392,-25.280782],[-49.30143,-25.280745],[-49.301482,-25.280718],[-49.30146,-25.280668],[-49.301378,-25.280693],[-49.30136,-25.280679],[-49.301367,-25.280661],[-49.301429,-25.280655],[-49.30145,-25.280629],[-49.301583,-25.280573],[-49.301646,-25.2805],[-49.301738,-25.280489],[-49.301768,-25.280495],[-49.301809,-25.280475],[-49.30186,-25.280478],[-49.301973,-25.280433],[-49.301987,-25.280436],[-49.302003,-25.280465],[-49.302034,-25.280478],[-49.302048,-25.280474],[-49.302065,-25.280445],[-49.302106,-25.280427],[-49.302187,-25.280468],[-49.302228,-25.280473],[-49.302241,-25.280504],[-49.302268,-25.280496],[-49.302288,-25.280514],[-49.302371,-25.280467],[-49.302411,-25.28048],[-49.302445,-25.280441],[-49.302424,-25.280376],[-49.302474,-25.280368],[-49.302485,-25.280349],[-49.302478,-25.28033],[-49.302465,-25.280327],[-49.302433,-25.280348],[-49.302423,-25.280374],[-49.302413,-25.280373],[-49.302381,-25.280357],[-49.302373,-25.280312],[-49.302345,-25.280301],[-49.302364,-25.28025],[-49.302398,-25.280227],[-49.30235,-25.280162],[-49.302365,-25.280137],[-49.302416,-25.28013],[-49.302467,-25.28016],[-49.302508,-25.280122],[-49.302549,-25.280142],[-49.302569,-25.280138],[-49.302584,-25.2801],[-49.30256,-25.280076],[-49.302522,-25.280071],[-49.302535,-25.280053],[-49.302611,-25.280042],[-49.302632,-25.280006],[-49.302755,-25.27995],[-49.302824,-25.279954],[-49.302887,-25.280032],[-49.302908,-25.280009],[-49.30301,-25.280026],[-49.303051,-25.279999],[-49.303092,-25.279994],[-49.303133,-25.279958],[-49.303144,-25.279995],[-49.303096,-25.280059],[-49.303107,-25.280115],[-49.303069,-25.28013],[-49.303064,-25.280142],[-49.303069,-25.280159],[-49.303097,-25.28018],[-49.303065,-25.280226],[-49.303071,-25.280272],[-49.303016,-25.280267],[-49.302975,-25.280302],[-49.302935,-25.280258],[-49.302902,-25.280279],[-49.302876,-25.280344],[-49.302903,-25.280372],[-49.302984,-25.280399],[-49.303014,-25.280423],[-49.303076,-25.280418],[-49.303094,-25.28043],[-49.303086,-25.280486],[-49.303138,-25.280607],[-49.303072,-25.280637],[-49.303035,-25.280643],[-49.302997,-25.280679],[-49.302991,-25.280698],[-49.30302,-25.280726],[-49.30301,-25.280745],[-49.302969,-25.280765],[-49.302961,-25.280855],[-49.302976,-25.280874],[-49.303018,-25.280887],[-49.303048,-25.28091],[-49.303128,-25.280904],[-49.303139,-25.280885],[-49.303136,-25.280848],[-49.303151,-25.280842],[-49.303249,-25.280887],[-49.303233,-25.280961],[-49.303191,-25.281006],[-49.303204,-25.281081],[-49.303145,-25.281154],[-49.303085,-25.281189],[-49.303088,-25.281219],[-49.303069,-25.281237],[-49.303044,-25.28133],[-49.302999,-25.281413],[-49.302939,-25.281431],[-49.302919,-25.28141],[-49.302858,-25.281384],[-49.302794,-25.28141],[-49.302777,-25.281456],[-49.302721,-25.281521],[-49.302727,-25.281576],[-49.302749,-25.281604],[-49.302759,-25.28167],[-49.30273,-25.281688],[-49.302679,-25.281751],[-49.302663,-25.281743],[-49.30264,-25.281678],[-49.302589,-25.281668],[-49.302552,-25.281639],[-49.302497,-25.28162],[-49.302464,-25.28162],[-49.302406,-25.281665],[-49.302398,-25.281712],[-49.302363,-25.281723],[-49.30233,-25.281785],[-49.302282,-25.281924],[-49.302303,-25.28197],[-49.302216,-25.282018],[-49.302187,-25.282062],[-49.302134,-25.282101],[-49.302106,-25.282089],[-49.302073,-25.282096],[-49.302052,-25.282083],[-49.302011,-25.282084],[-49.301981,-25.282054],[-49.301951,-25.282056],[-49.301942,-25.282087],[-49.30198,-25.282119],[-49.301995,-25.282152],[-49.302041,-25.282169],[-49.302068,-25.282144],[-49.302103,-25.282139],[-49.302144,-25.282113],[-49.302185,-25.282118],[-49.302181,-25.282164],[-49.302204,-25.282173],[-49.302231,-25.282164],[-49.302245,-25.282139],[-49.302307,-25.282135],[-49.302338,-25.282104],[-49.302379,-25.282107],[-49.30243,-25.282064],[-49.302511,-25.282111],[-49.302542,-25.28211],[-49.30262,-25.282048],[-49.302638,-25.282011],[-49.302668,-25.281984],[-49.302666,-25.281953],[-49.302646,-25.281932],[-49.302637,-25.281891],[-49.302606,-25.281891],[-49.302575,-25.281917],[-49.302565,-25.281904],[-49.302679,-25.281817],[-49.302697,-25.28178],[-49.302726,-25.281762],[-49.302741,-25.281716],[-49.302782,-25.281712],[-49.302813,-25.281692],[-49.30283,-25.281698],[-49.302889,-25.281782],[-49.302882,-25.281833],[-49.302932,-25.281901],[-49.302953,-25.281905],[-49.303347,-25.281658],[-49.303436,-25.281626],[-49.303476,-25.281594],[-49.30357,-25.281573],[-49.303611,-25.281512],[-49.303764,-25.281486],[-49.3038,-25.281375],[-49.303828,-25.281366],[-49.303864,-25.281487],[-49.303825,-25.28157],[-49.303833,-25.281663],[-49.303813,-25.281719],[-49.303844,-25.281793],[-49.303886,-25.281822],[-49.303868,-25.281859],[-49.303908,-25.281933],[-49.303861,-25.281998],[-49.303859,-25.28204],[-49.303918,-25.282082],[-49.303915,-25.282137],[-49.303929,-25.282144],[-49.30397,-25.282126],[-49.303979,-25.28211],[-49.303971,-25.282076],[-49.303941,-25.282064],[-49.303971,-25.282051],[-49.304002,-25.28202],[-49.304014,-25.282027],[-49.304008,-25.282055],[-49.304043,-25.282167],[-49.304005,-25.282194],[-49.30403,-25.282254],[-49.30407,-25.282265],[-49.304072,-25.282278],[-49.304054,-25.282288],[-49.303999,-25.28226],[-49.303978,-25.282275],[-49.303962,-25.282324],[-49.303988,-25.282339],[-49.303994,-25.28237],[-49.304018,-25.282388],[-49.304068,-25.282402],[-49.30412,-25.282393],[-49.304151,-25.282366],[-49.304175,-25.282298],[-49.304162,-25.282259],[-49.304119,-25.282233],[-49.304109,-25.282168],[-49.304079,-25.282139],[-49.304102,-25.282084],[-49.304062,-25.282037],[-49.304082,-25.281991],[-49.304072,-25.281907],[-49.304096,-25.281852],[-49.304148,-25.281835],[-49.304189,-25.281804],[-49.304239,-25.281826],[-49.304254,-25.281909],[-49.304289,-25.281962],[-49.304291,-25.282003],[-49.304314,-25.28204],[-49.3043,-25.282096],[-49.304368,-25.282159],[-49.304409,-25.282154],[-49.304432,-25.282134],[-49.304396,-25.282013],[-49.304414,-25.281976],[-49.304428,-25.281893],[-49.304401,-25.281865],[-49.304322,-25.281845],[-49.304356,-25.281799],[-49.304393,-25.281808],[-49.304404,-25.281791],[-49.304393,-25.281744],[-49.304353,-25.281732],[-49.304318,-25.28165],[-49.304336,-25.281576],[-49.304291,-25.281427],[-49.304294,-25.281372],[-49.304311,-25.281326],[-49.304292,-25.281279],[-49.304293,-25.281242],[-49.30432,-25.281199],[-49.304401,-25.281252],[-49.304419,-25.28129],[-49.304471,-25.281301],[-49.304492,-25.281325],[-49.304593,-25.28135],[-49.304614,-25.28134],[-49.304634,-25.281348],[-49.304607,-25.281375],[-49.304628,-25.28145],[-49.304591,-25.281486],[-49.304561,-25.281488],[-49.304541,-25.281504],[-49.304554,-25.281542],[-49.304523,-25.281569],[-49.304541,-25.281607],[-49.304522,-25.281653],[-49.304547,-25.281681],[-49.304523,-25.281727],[-49.304567,-25.281751],[-49.304577,-25.28179],[-49.304597,-25.281811],[-49.304649,-25.281793],[-49.304654,-25.281766],[-49.304603,-25.281719],[-49.304582,-25.281663],[-49.30459,-25.281602],[-49.304631,-25.281604],[-49.304627,-25.281691],[-49.30469,-25.281725],[-49.3047,-25.281743],[-49.304759,-25.281767],[-49.304765,-25.281785],[-49.30473,-25.281799],[-49.304725,-25.281822],[-49.30476,-25.281859],[-49.304801,-25.281853],[-49.304811,-25.281864],[-49.304814,-25.281897],[-49.304777,-25.281925],[-49.304767,-25.281952],[-49.304781,-25.282036],[-49.304804,-25.282064],[-49.304828,-25.282077],[-49.30491,-25.282085],[-49.304982,-25.282036],[-49.305012,-25.282028]]}},{"type":"Feature","properties":{"alt":1025.0,"mestra":true},"geometry":{"type":"LineString","coordinates":[[-49.303087,-25.282743],[-49.303034,-25.282758]]}},{"type":"Feature","properties":{"alt":1025.0,"mestra":true},"geometry":{"type":"LineString","coordinates":[[-49.302697,-25.282754],[-49.302682,-25.282754]]}},{"type":"Feature","properties":{"alt":1025.0,"mestra":true},"geometry":{"type":"LineString","coordinates":[[-49.304829,-25.279835],[-49.304839,-25.279856],[-49.304828,-25.279882],[-49.304807,-25.279891],[-49.304787,-25.279886],[-49.304773,-25.279865],[-49.304778,-25.279846],[-49.304798,-25.279833],[-49.304829,-25.279835]]}},{"type":"Feature","properties":{"alt":1025.0,"mestra":true},"geometry":{"type":"LineString","coordinates":[[-49.302757,-25.27986],[-49.302759,-25.279907],[-49.302746,-25.279932],[-49.302735,-25.279922],[-49.302737,-25.279888],[-49.302757,-25.27986]]}},{"type":"Feature","properties":{"alt":1025.0,"mestra":true},"geometry":{"type":"LineString","coordinates":[[-49.302501,-25.27992],[-49.302513,-25.279941],[-49.302516,-25.280006],[-49.302484,-25.280052],[-49.302497,-25.28008],[-49.302376,-25.280104],[-49.302335,-25.280041],[-49.302359,-25.280004],[-49.302363,-25.279939],[-49.302399,-25.279925],[-49.302446,-25.279949],[-49.30247,-25.279916],[-49.302501,-25.27992]]}},{"type":"Feature","properties":{"alt":1025.0,"mestra":true},"geometry":{"type":"LineString","coordinates":[[-49.302898,-25.279999],[-49.302898,-25.28001],[-49.302884,-25.280001],[-49.302898,-25.279999]]}},{"type":"Feature","properties":{"alt":1025.0,"mestra":true},"geometry":{"type":"LineString","coordinates":[[-49.302669,-25.280322],[-49.302649,-25.280332],[-49.302668,-25.280351],[-49.302681,-25.280333],[-49.302669,-25.280322]]}},{"type":"Feature","properties":{"alt":1025.0,"mestra":true},"geometry":{"type":"LineString","coordinates":[[-49.301329,-25.280503],[-49.301347,-25.280521],[-49.301339,-25.28056],[-49.301318,-25.280578],[-49.301288,-25.280573],[-49.301271,-25.280548],[-49.301278,-25.280521],[-49.301299,-25.280504],[-49.301329,-25.280503]]}},{"type":"Feature","properties":{"alt":1025.0,"mestra":true},"geometry":{"type":"LineString","coordinates":[[-49.302797,-25.280664],[-49.302766,-25.280662],[-49.302743,-25.280686],[-49.302764,-25.280742],[-49.302738,-25.280788],[-49.302781,-25.280835],[-49.302752,-25.280899],[-49.302727,-25.280918],[-49.302729,-25.280945],[-49.302716,-25.280973],[-49.302762,-25.280976],[-49.302782,-25.281001],[-49.302812,-25.280995],[-49.302833,-25.281009],[-49.302864,-25.280984],[-49.302914,-25.280991],[-49.302956,-25.280948],[-49.302937,-25.280911],[-49.302943,-25.280883],[-49.302882,-25.280827],[-49.302889,-25.28078],[-49.302825,-25.280791],[-49.30278,-25.280751],[-49.302785,-25.280739],[-49.302838,-25.280733],[-49.302882,-25.280715],[-49.302883,-25.280687],[-49.302827,-25.280681],[-49.302797,-25.280664]]}},{"type":"Feature","properties":{"alt":1025.0,"mestra":true},"geometry":{"type":"LineString","coordinates":[[-49.302949,-25.280685],[-49.302919,-25.280687],[-49.302904,-25.280706],[-49.302938,-25.280735],[-49.302961,-25.280716],[-49.302949,-25.280685]]}},{"type":"Feature","properties":{"alt":1025.0,"mestra":true},"geometry":{"type":"LineString","coordinates":[[-49.301133,-25.280714],[-49.301193,-25.280733],[-49.301206,-25.280761],[-49.30119,-25.280816],[-49.30112,-25.28086],[-49.301049,-25.280858],[-49.300978,-25.280797],[-49.300979,-25.280777],[-49.301071,-25.280722],[-49.301133,-25.280714]]}},{"type":"Feature","properties":{"alt":1025.0,"mestra":true},"geometry":{"type":"LineString","coordinates":[[-49.303091,-25.280782],[-49.303096,-25.28082],[-49.303052,-25.280829],[-49.30305,-25.280781],[-49.303091,-25.280782]]}},{"type":"Feature","properties":{"alt":1025.0,"mestra":true},"geometry":{"type":"LineString","coordinates":[[-49.304916,-25.280901],[-49.304916,-25.280922],[-49.304903,-25.280906],[-49.304916,-25.280901]]}},{"type":"Feature","properties":{"alt":1025.0,"mestra":true},"geometry":{"type":"LineString","coordinates":[[-49.304659,-25.28102],[-49.304687,-25.28107],[-49.304696,-25.281126],[-49.304688,-25.281147],[-49.304658,-25.281134],[-49.304583,-25.281189],[-49.304524,-25.281199],[-49.304503,-25.281222],[-49.304473,-25.281196],[-49.304436,-25.281197],[-49.304402,-25.281183],[-49.304401,-25.281169],[-49.30443,-25.281132],[-49.304516,-25.281043],[-49.304547,-25.28103],[-49.304598,-25.281046],[-49.304659,-25.28102]]}},{"type":"Feature","properties":{"alt":1025.0,"mestra":true},"geometry":{"type":"LineString","coordinates":[[-49.302771,-25.281002],[-49.302761,-25.281022],[-49.302771,-25.281002]]}},{"type":"Feature","properties":{"alt":1025.0,"mestra":true},"geometry":{"type":"LineString","coordinates":[[-49.302138,-25.281049],[-49.302114,-25.281087],[-49.302122,-25.281115],[-49.302147,-25.28113],[-49.302176,-25.281115],[-49.302186,-25.281097],[-49.302138,-25.281049]]}},{"type":"Feature","properties":{"alt":1025.0,"mestra":true},"geometry":{"type":"LineString","coordinates":[[-49.301893,-25.281061],[-49.301875,-25.281075],[-49.301905,-25.281075],[-49.301893,-25.281061]]}},{"type":"Feature","properties":{"alt":1025.0,"mestra":true},"geometry":{"type":"LineString","coordinates":[[-49.303138,-25.281098],[-49.303114,-25.281108],[-49.303127,-25.281134],[-49.303155,-25.281127],[-49.303138,-25.281098]]}},{"type":"Feature","properties":{"alt":1025.0,"mestra":true},"geometry":{"type":"LineString","coordinates":[[-49.302789,-25.28122],[-49.302768,-25.281216],[-49.302734,-25.281242],[-49.302719,-25.281261],[-49.302724,-25.281279],[-49.302747,-25.281286],[-49.302768,-25.281273],[-49.302794,-25.281243],[-49.302789,-25.28122]]}},{"type":"Feature","properties":{"alt":1025.0,"mestra":true},"geometry":{"type":"LineString","coordinates":[[-49.302452,-25.281254],[-49.302411,-25.281256],[-49.302403,-25.281276],[-49.302431,-25.281293],[-49.302461,-25.281288],[-49.302465,-25.281267],[-49.302452,-25.281254]]}},{"type":"Feature","properties":{"alt":1025.0,"mestra":true},"geometry":{"type":"LineString","coordinates":[[-49.303041,-25.281409],[-49.303041,-25.281426],[-49.30302,-25.281422],[-49.303041,-25.281409]]}},{"type":"Feature","properties":{"alt":1025.0,"mestra":true},"geometry":{"type":"LineString","coordinates":[[-49.304612,-25.281494],[-49.304734,-25.281544],[-49.304733,-25.281585],[-49.304692,-25.281585],[-49.304662,-25.281571],[-49.304608,-25.281515],[-49.3046,-25.281496],[-49.304612,-25.281494]]}},{"type":"Feature","properties":{"alt":1025.0,"mestra":true},"geometry":{"type":"LineString","coordinates":[[-49.302602,-25.281473],[-49.302535,-25.281528],[-49.302523,-25.281565],[-49.30258,-25.281583],[-49.302615,-25.281566],[-49.302638,-25.281529],[-49.302641,-25.281501],[-49.302629,-25.281482],[-49.302602,-25.281473]]}},{"type":"Feature","properties":{"alt":1025.0,"mestra":true},"geometry":{"type":"LineString","coordinates":[[-49.302927,-25.281528],[-49.302953,-25.281551],[-49.302932,-25.281551],[-49.302927,-25.281528]]}},{"type":"Feature","properties":{"alt":1025.0,"mestra":true},"geometry":{"type":"LineString","coordinates":[[-49.30369,-25.281717],[-49.303669,-25.281726],[-49.30368,-25.281743],[-49.303696,-25.281736],[-49.30369,-25.281717]]}},{"type":"Feature","properties":{"alt":1025.0,"mestra":true},"geometry":{"type":"LineString","coordinates":[[-49.302759,-25.281864],[-49.302729,-25.281868],[-49.302727,-25.281892],[-49.302758,-25.281883],[-49.302759,-25.281864]]}},{"type":"Feature","properties":{"alt":1025.0,"mestra":true},"geometry":{"type":"LineString","coordinates":[[-49.302147,-25.281894],[-49.302126,-25.28189],[-49.3021,-25.281903],[-49.302083,-25.281959],[-49.302101,-25.281987],[-49.302155,-25.28201],[-49.302198,-25.281941],[-49.302147,-25.281894]]}},{"type":"Feature","properties":{"alt":1025.0,"mestra":true},"geometry":{"type":"LineString","coordinates":[[-49.304636,-25.28194],[-49.304616,-25.281936],[-49.30458,-25.28195],[-49.304605,-25.281971],[-49.304636,-25.281973],[-49.304644,-25.28196],[-49.304636,-25.28194]]}},{"type":"Feature","properties":{"alt":1025.0,"mestra":true},"geometry":{"type":"LineString","coordinates":[[-49.302361,-25.281912],[-49.302365,-25.281934],[-49.30234,-25.281958],[-49.302334,-25.281934],[-49.302361,-25.281912]]}},{"type":"Feature","properties":{"alt":1025.0,"mestra":true},"geometry":{"type":"LineString","coordinates":[[-49.304666,-25.281995],[-49.304652,-25.281997],[-49.30462,-25.282071],[-49.304634,-25.282101],[-49.304664,-25.28209],[-49.304676,-25.282072],[-49.304666,-25.281995]]}},{"type":"Feature","properties":{"alt":1025.0,"mestra":true},"geometry":{"type":"LineString","coordinates":[[-49.304448,-25.282223],[-49.304407,-25.282236],[-49.304404,-25.282264],[-49.304377,-25.282301],[-49.304386,-25.282321],[-49.304472,-25.282302],[-49.304479,-25.282253],[-49.304448,-25.282223]]}},{"type":"Feature","properties":{"alt":1026.0,"mestra":false},"geometry":{"type":"LineString","coordinates":[[-49.303029,-25.277934],[-49.303026,-25.277933]]}},{"type":"Feature","properties":{"alt":1026.0,"mestra":false},"geometry":{"type":"LineString","coordinates":[[-49.304867,-25.279836],[-49.304827,-25.279893],[-49.304797,-25.279898],[-49.304774,-25.279883],[-49.304768,-25.279856],[-49.30478,-25.279837],[-49.304856,-25.279816]]}},{"type":"Feature","properties":{"alt":1026.0,"mestra":false},"geometry":{"type":"LineString","coordinates":[[-49.300501,-25.281631],[-49.300504,-25.281124],[-49.300515,-25.281085],[-49.300568,-25.281069],[-49.300515,-25.281062],[-49.300507,-25.281013],[-49.300517,-25.280927],[-49.300711,-25.28097],[-49.300854,-25.280938],[-49.300864,-25.280924],[-49.300856,-25.280896],[-49.300936,-25.280885],[-49.301075,-25.280936],[-49.301072,-25.280954],[-49.301006,-25.280983],[-49.30099,-25.281009],[-49.300993,-25.281037],[-49.301035,-25.281088],[-49.301076,-25.281109],[-49.301178,-25.281117],[-49.301193,-25.281104],[-49.301203,-25.281067],[-49.301158,-25.280983],[-49.301163,-25.280965],[-49.301221,-25.280942],[-49.301272,-25.280951],[-49.301313,-25.280908],[-49.301344,-25.280901],[-49.301375,-25.280913],[-49.301396,-25.280893],[-49.301369,-25.280874],[-49.301394,-25.280819],[-49.301381,-25.280782],[-49.301454,-25.280727],[-49.301468,-25.280699],[-49.301449,-25.280676],[-49.301378,-25.280697],[-49.301355,-25.280679],[-49.301358,-25.280663],[-49.301419,-25.280654],[-49.30146,-25.280619],[-49.301559,-25.280579],[-49.301604,-25.280543],[-49.301646,-25.280485],[-49.301707,-25.280484],[-49.301758,-25.280464],[-49.301846,-25.280462],[-49.301885,-25.280444],[-49.301932,-25.280443],[-49.301973,-25.280421],[-49.301996,-25.280427],[-49.302011,-25.280464],[-49.302034,-25.280474],[-49.302065,-25.280438],[-49.302106,-25.280423],[-49.302177,-25.280462],[-49.302228,-25.28047],[-49.302248,-25.280498],[-49.302268,-25.280492],[-49.302288,-25.280511],[-49.302371,-25.280465],[-49.302411,-25.280476],[-49.302442,-25.280441],[-49.302433,-25.280408],[-49.302371,-25.280357],[-49.302362,-25.280325],[-49.302321,-25.280319],[-49.302356,-25.280245],[-49.302393,-25.280218],[-49.302343,-25.280162],[-49.302365,-25.280133],[-49.302396,-25.280123],[-49.302437,-25.280131],[-49.302467,-25.280154],[-49.302498,-25.280116],[-49.302559,-25.280139],[-49.302583,-25.280109],[-49.302576,-25.28009],[-49.30255,-25.280077],[-49.302498,-25.280095],[-49.302427,-25.280098],[-49.302396,-25.280113],[-49.302366,-25.280102],[-49.302356,-25.280069],[-49.302309,-25.280031],[-49.302352,-25.280004],[-49.302351,-25.279939],[-49.302399,-25.279914],[-49.302439,-25.279942],[-49.30247,-25.279912],[-49.302509,-25.279922],[-49.302523,-25.279978],[-49.302554,-25.280006],[-49.302499,-25.280043],[-49.302499,-25.28006],[-49.302509,-25.280063],[-49.30254,-25.28004],[-49.302611,-25.280035],[-49.302622,-25.280001],[-49.302721,-25.279962],[-49.302731,-25.279943],[-49.302729,-25.27986],[-49.302808,-25.279819],[-49.302822,-25.279833],[-49.302807,-25.279903],[-49.302776,-25.279916],[-49.30277,-25.279935],[-49.302796,-25.27994],[-49.302827,-25.279925],[-49.302878,-25.279951],[-49.302919,-25.279926],[-49.302932,-25.279955],[-49.302897,-25.279964],[-49.302939,-25.279994],[-49.302949,-25.279965],[-49.302959,-25.279969],[-49.303,-25.280013],[-49.303031,-25.279982],[-49.303073,-25.279975],[-49.303063,-25.279938],[-49.303089,-25.27991],[-49.303055,-25.279892],[-49.30307,-25.279873],[-49.30311,-25.279864],[-49.303105,-25.279901],[-49.303123,-25.279916],[-49.303186,-25.279912],[-49.303182,-25.27993],[-49.303151,-25.279958],[-49.303151,-25.279995],[-49.303103,-25.28005],[-49.303131,-25.280134],[-49.30307,-25.280226],[-49.303077,-25.280277],[-49.303067,-25.280284],[-49.303027,-25.280268],[-49.302975,-25.280306],[-49.302945,-25.280266],[-49.302925,-25.280265],[-49.302899,-25.280289],[-49.30288,-25.280344],[-49.302903,-25.280369],[-49.302984,-25.280396],[-49.303014,-25.28042],[-49.303076,-25.280415],[-49.303096,-25.280427],[-49.303088,-25.280486],[-49.303143,-25.280598],[-49.303132,-25.280616],[-49.303032,-25.280648],[-49.302993,-25.280689],[-49.303023,-25.280726],[-49.30301,-25.280747],[-49.302967,-25.280772],[-49.302968,-25.280865],[-49.303048,-25.280905],[-49.303099,-25.28091],[-49.303129,-25.280894],[-49.303133,-25.280848],[-49.303151,-25.280839],[-49.303202,-25.280869],[-49.303245,-25.280877],[-49.303256,-25.280896],[-49.303239,-25.280924],[-49.303237,-25.28097],[-49.303198,-25.281007],[-49.303224,-25.281072],[-49.303206,-25.281127],[-49.303177,-25.281162],[-49.303095,-25.281191],[-49.303104,-25.281219],[-49.303073,-25.281246],[-49.303036,-25.281367],[-49.303037,-25.281385],[-49.303063,-25.281404],[-49.303051,-25.281432],[-49.30299,-25.281422],[-49.302939,-25.281434],[-49.302868,-25.281388],[-49.302827,-25.281392],[-49.302796,-25.28141],[-49.302778,-25.281456],[-49.302723,-25.281521],[-49.302729,-25.281576],[-49.302752,-25.281605],[-49.302765,-25.281697],[-49.302782,-25.281703],[-49.302813,-25.281686],[-49.302837,-25.281698],[-49.302895,-25.281782],[-49.302882,-25.281819],[-49.302902,-25.281853],[-49.302923,-25.281856],[-49.30315,-25.2817],[-49.303252,-25.281667],[-49.303363,-25.281602],[-49.303426,-25.281617],[-49.303467,-25.281585],[-49.30357,-25.281568],[-49.303611,-25.281507],[-49.303753,-25.281486],[-49.303786,-25.281395],[-49.303782,-25.281357],[-49.303828,-25.281359],[-49.303841,-25.281367],[-49.303869,-25.281478],[-49.303828,-25.28157],[-49.303838,-25.281663],[-49.303817,-25.281719],[-49.303852,-25.28179],[-49.303905,-25.281813],[-49.303897,-25.28184],[-49.303919,-25.281933],[-49.303866,-25.281998],[-49.303868,-25.282044],[-49.30392,-25.282061],[-49.303971,-25.282037],[-49.304002,-25.282009],[-49.304027,-25.282027],[-49.304036,-25.282111],[-49.304052,-25.282135],[-49.304085,-25.282102],[-49.30409,-25.282084],[-49.304048,-25.282046],[-49.304073,-25.281982],[-49.304026,-25.281814],[-49.304058,-25.281717],[-49.30416,-25.281673],[-49.304229,-25.281696],[-49.304211,-25.281723],[-49.304213,-25.281742],[-49.304246,-25.281789],[-49.304286,-25.281808],[-49.304255,-25.281844],[-49.30427,-25.281872],[-49.304266,-25.281919],[-49.304294,-25.281956],[-49.304298,-25.282003],[-49.304324,-25.28204],[-49.304303,-25.282077],[-49.304307,-25.282096],[-49.304358,-25.282147],[-49.304404,-25.282143],[-49.304413,-25.282134],[-49.3044,-25.282097],[-49.304411,-25.28206],[-49.304385,-25.282013],[-49.304405,-25.281976],[-49.304423,-25.281893],[-49.304392,-25.281868],[-49.3043,-25.281845],[-49.304335,-25.281808],[-49.304342,-25.281785],[-49.304376,-25.281772],[-49.304384,-25.281753],[-49.304344,-25.281743],[-49.304294,-25.28165],[-49.304331,-25.281576],[-49.304286,-25.281437],[-49.30429,-25.281372],[-49.304307,-25.281325],[-49.304282,-25.281242],[-49.304294,-25.281205],[-49.304257,-25.281186],[-49.304286,-25.28114],[-49.304264,-25.281102],[-49.304281,-25.281068],[-49.304342,-25.281103],[-49.304403,-25.281101],[-49.304439,-25.281076],[-49.304462,-25.28104],[-49.304537,-25.280995],[-49.304571,-25.281032],[-49.304598,-25.28104],[-49.304639,-25.281026],[-49.30467,-25.280998],[-49.304709,-25.281042],[-49.304695,-25.281154],[-49.304657,-25.281155],[-49.304606,-25.28119],[-49.304595,-25.281235],[-49.304553,-25.281236],[-49.304561,-25.281217],[-49.304544,-25.281207],[-49.304503,-25.281233],[-49.304463,-25.281207],[-49.304412,-25.281211],[-49.304395,-25.281224],[-49.304441,-25.281288],[-49.304482,-25.281287],[-49.304502,-25.281316],[-49.304583,-25.281343],[-49.304634,-25.281341],[-49.304639,-25.281357],[-49.30461,-25.281385],[-49.304635,-25.28145],[-49.304612,-25.281477],[-49.304616,-25.281487],[-49.304758,-25.281544],[-49.304745,-25.2816],[-49.304651,-25.281586],[-49.304581,-25.281496],[-49.30455,-25.281501],[-49.304545,-25.281514],[-49.304567,-25.281542],[-49.304531,-25.281569],[-49.304547,-25.281607],[-49.304529,-25.281653],[-49.304559,-25.281672],[-49.304529,-25.281727],[-49.304547,-25.281738],[-49.304578,-25.281735],[-49.304582,-25.281783],[-49.304597,-25.281803],[-49.304641,-25.281793],[-49.304643,-25.281765],[-49.304597,-25.281728],[-49.304589,-25.281687],[-49.30457,-25.281663],[-49.304577,-25.281607],[-49.30459,-25.281589],[-49.304647,-25.281589],[-49.304625,-25.281682],[-49.30465,-25.281705],[-49.3047,-25.28172],[-49.304713,-25.281738],[-49.304761,-25.281762],[-49.304772,-25.281785],[-49.304731,-25.281804],[-49.304733,-25.281831],[-49.30477,-25.281858],[-49.304801,-25.281843],[-49.304821,-25.281876],[-49.30482,-25.281906],[-49.304789,-25.281921],[-49.304778,-25.281943],[-49.304782,-25.282027],[-49.304808,-25.282062],[-49.304828,-25.282071],[-49.30492,-25.282073],[-49.305013,-25.282002]]}},{"type":"Feature","properties":{"alt":1026.0,"mestra":false},"geometry":{"type":"LineString","coordinates":[[-49.303088,-25.282744],[-49.303038,-25.282758]]}},{"type":"Feature","properties":{"alt":1026.0,"mestra":false},"geometry":{"type":"LineString","coordinates":[[-49.302787,-25.27986],[-49.302787,-25.279871],[-49.302787,-25.27986]]}},{"type":"Feature","properties":{"alt":1026.0,"mestra":false},"geometry":{"type":"LineString","coordinates":[[-49.302706,-25.279854],[-49.302712,-25.27986],[-49.302695,-25.27986],[-49.302706,-25.279854]]}},{"type":"Feature","properties":{"alt":1026.0,"mestra":false},"geometry":{"type":"LineString","coordinates":[[-49.302306,-25.279991],[-49.302306,-25.280005],[-49.302306,-25.279991]]}},{"type":"Feature","properties":{"alt":1026.0,"mestra":false},"geometry":{"type":"LineString","coordinates":[[-49.301955,-25.280255],[-49.301957,-25.280269],[-49.301924,-25.280281],[-49.301914,-25.280297],[-49.301883,-25.280296],[-49.301894,-25.280279],[-49.301955,-25.280255]]}},{"type":"Feature","properties":{"alt":1026.0,"mestra":false},"geometry":{"type":"LineString","coordinates":[[-49.302669,-25.280327],[-49.302654,-25.280332],[-49.302668,-25.280346],[-49.302669,-25.280327]]}},{"type":"Feature","properties":{"alt":1026.0,"mestra":false},"geometry":{"type":"LineString","coordinates":[[-49.302464,-25.28033],[-49.30244,-25.280348],[-49.302444,-25.280364],[-49.302478,-25.280358],[-49.302479,-25.28034],[-49.302464,-25.28033]]}},{"type":"Feature","properties":{"alt":1026.0,"mestra":false},"geometry":{"type":"LineString","coordinates":[[-49.302239,-25.280376],[-49.302239,-25.280394],[-49.302239,-25.280376]]}},{"type":"Feature","properties":{"alt":1026.0,"mestra":false},"geometry":{"type":"LineString","coordinates":[[-49.30134,-25.280499],[-49.301352,-25.280521],[-49.301339,-25.280569],[-49.301318,-25.280585],[-49.301287,-25.28058],[-49.301269,-25.280558],[-49.301272,-25.28052],[-49.301299,-25.280497],[-49.30134,-25.280499]]}},{"type":"Feature","properties":{"alt":1026.0,"mestra":false},"geometry":{"type":"LineString","coordinates":[[-49.302797,-25.280667],[-49.302766,-25.280665],[-49.302745,-25.280686],[-49.302746,-25.280704],[-49.302775,-25.280738],[-49.302847,-25.280729],[-49.302883,-25.280706],[-49.302878,-25.280687],[-49.302827,-25.280683],[-49.302797,-25.280667]]}},{"type":"Feature","properties":{"alt":1026.0,"mestra":false},"geometry":{"type":"LineString","coordinates":[[-49.301103,-25.280647],[-49.301163,-25.280704],[-49.301224,-25.280724],[-49.301228,-25.280752],[-49.301203,-25.280817],[-49.301089,-25.280886],[-49.301008,-25.28085],[-49.300957,-25.280862],[-49.300933,-25.280823],[-49.300934,-25.280795],[-49.300883,-25.280767],[-49.300892,-25.280739],[-49.300878,-25.280683],[-49.300909,-25.280664],[-49.30096,-25.280674],[-49.300931,-25.280721],[-49.30101,-25.280749],[-49.30108,-25.280695],[-49.301072,-25.280664],[-49.301103,-25.280647]]}},{"type":"Feature","properties":{"alt":1026.0,"mestra":false},"geometry":{"type":"LineString","coordinates":[[-49.302949,-25.280687],[-49.302929,-25.280685],[-49.302912,-25.280697],[-49.30291,-25.280716],[-49.302928,-25.28073],[-49.302949,-25.280729],[-49.302959,-25.280716],[-49.302949,-25.280687]]}},{"type":"Feature","properties":{"alt":1026.0,"mestra":false},"geometry":{"type":"LineString","coordinates":[[-49.302775,-25.28075],[-49.302754,-25.280757],[-49.30274,-25.280788],[-49.302785,-25.280835],[-49.302756,-25.280899],[-49.302732,-25.280918],[-49.302724,-25.280973],[-49.302762,-25.280973],[-49.302782,-25.280997],[-49.302812,-25.280992],[-49.302833,-25.281004],[-49.302864,-25.280982],[-49.302915,-25.280988],[-49.302952,-25.280948],[-49.302934,-25.280911],[-49.302939,-25.280883],[-49.302879,-25.280827],[-49.302887,-25.280783],[-49.302825,-25.280793],[-49.302775,-25.28075]]}},{"type":"Feature","properties":{"alt":1026.0,"mestra":false},"geometry":{"type":"LineString","coordinates":[[-49.303091,-25.28078],[-49.303099,-25.28082],[-49.30307,-25.280833],[-49.303049,-25.28083],[-49.303046,-25.280782],[-49.303091,-25.28078]]}},{"type":"Feature","properties":{"alt":1026.0,"mestra":false},"geometry":{"type":"LineString","coordinates":[[-49.304916,-25.280893],[-49.30493,-25.280915],[-49.304905,-25.280927],[-49.304897,-25.280905],[-49.304916,-25.280893]]}},{"type":"Feature","properties":{"alt":1026.0,"mestra":false},"geometry":{"type":"LineString","coordinates":[[-49.303272,-25.280975],[-49.303276,-25.280989],[-49.303261,-25.281003],[-49.303261,-25.280979],[-49.303272,-25.280975]]}},{"type":"Feature","properties":{"alt":1026.0,"mestra":false},"geometry":{"type":"LineString","coordinates":[[-49.302148,-25.281054],[-49.302128,-25.281057],[-49.302116,-25.281087],[-49.302125,-25.281115],[-49.302147,-25.281128],[-49.302183,-25.281097],[-49.302148,-25.281054]]}},{"type":"Feature","properties":{"alt":1026.0,"mestra":false},"geometry":{"type":"LineString","coordinates":[[-49.303137,-25.281105],[-49.30312,-25.281108],[-49.303127,-25.281125],[-49.303143,-25.281117],[-49.303137,-25.281105]]}},{"type":"Feature","properties":{"alt":1026.0,"mestra":false},"geometry":{"type":"LineString","coordinates":[[-49.304727,-25.281246],[-49.304727,-25.281282],[-49.304704,-25.281256],[-49.304717,-25.281242],[-49.304727,-25.281246]]}},{"type":"Feature","properties":{"alt":1026.0,"mestra":false},"geometry":{"type":"LineString","coordinates":[[-49.302779,-25.281221],[-49.302737,-25.281246],[-49.302728,-25.281261],[-49.302737,-25.281274],[-49.302757,-25.281273],[-49.302789,-25.281243],[-49.302779,-25.281221]]}},{"type":"Feature","properties":{"alt":1026.0,"mestra":false},"geometry":{"type":"LineString","coordinates":[[-49.304788,-25.281284],[-49.304799,-25.281294],[-49.304767,-25.281321],[-49.304737,-25.281293],[-49.304737,-25.281284],[-49.304788,-25.281284]]}},{"type":"Feature","properties":{"alt":1026.0,"mestra":false},"geometry":{"type":"LineString","coordinates":[[-49.302452,-25.28126],[-49.302421,-25.281262],[-49.302412,-25.281276],[-49.302431,-25.281288],[-49.302455,-25.281286],[-49.302463,-25.281276],[-49.302452,-25.28126]]}},{"type":"Feature","properties":{"alt":1026.0,"mestra":false},"geometry":{"type":"LineString","coordinates":[[-49.303021,-25.281392],[-49.303021,-25.281392]]}},{"type":"Feature","properties":{"alt":1026.0,"mestra":false},"geometry":{"type":"LineString","coordinates":[[-49.302622,-25.281488],[-49.302591,-25.281486],[-49.302541,-25.281528],[-49.302536,-25.281556],[-49.30258,-25.281578],[-49.302606,-25.281566],[-49.302634,-25.28152],[-49.302622,-25.281488]]}},{"type":"Feature","properties":{"alt":1026.0,"mestra":false},"geometry":{"type":"LineString","coordinates":[[-49.302918,-25.281502],[-49.302967,-25.281551],[-49.302947,-25.28156],[-49.302927,-25.281552],[-49.302918,-25.281502]]}},{"type":"Feature","properties":{"alt":1026.0,"mestra":false},"geometry":{"type":"LineString","coordinates":[[-49.302477,-25.28162],[-49.302411,-25.281666],[-49.302404,-25.281719],[-49.302374,-25.281732],[-49.302332,-25.281798],[-49.302299,-25.28193],[-49.30232,-25.28194],[-49.302361,-25.281901],[-49.302374,-25.281916],[-49.302364,-25.281943],[-49.30234,-25.281976],[-49.302268,-25.28199],[-49.30221,-25.282034],[-49.302199,-25.282081],[-49.302225,-25.28212],[-49.302286,-25.282125],[-49.302338,-25.282096],[-49.302379,-25.282098],[-49.302441,-25.28205],[-49.302461,-25.282071],[-49.3025,-25.282084],[-49.302513,-25.282103],[-49.302542,-25.282105],[-49.302562,-25.282093],[-49.302583,-25.282054],[-49.302614,-25.282044],[-49.302628,-25.282011],[-49.302665,-25.281984],[-49.302637,-25.281895],[-49.302606,-25.281895],[-49.302575,-25.281924],[-49.302554,-25.281918],[-49.302568,-25.28189],[-49.302681,-25.281808],[-49.302684,-25.281789],[-49.302643,-25.281687],[-49.302477,-25.28162]]}},{"type":"Feature","properties":{"alt":1026.0,"mestra":false},"geometry":{"type":"LineString","coordinates":[[-49.302721,-25.281726],[-49.302687,-25.281752],[-49.3027,-25.281771],[-49.302721,-25.281762],[-49.302721,-25.281726]]}},{"type":"Feature","properties":{"alt":1026.0,"mestra":false},"geometry":{"type":"LineString","coordinates":[[-49.302749,-25.28187],[-49.302729,-25.281885],[-49.302749,-25.281883],[-49.302749,-25.28187]]}},{"type":"Feature","properties":{"alt":1026.0,"mestra":false},"geometry":{"type":"LineString","coordinates":[[-49.302147,-25.281901],[-49.302126,-25.281897],[-49.302106,-25.281907],[-49.302094,-25.281959],[-49.302115,-25.281987],[-49.302145,-25.281996],[-49.302176,-25.281969],[-49.302188,-25.281941],[-49.302147,-25.281901]]}},{"type":"Feature","properties":{"alt":1026.0,"mestra":false},"geometry":{"type":"LineString","coordinates":[[-49.304626,-25.281949],[-49.304609,-25.281951],[-49.304626,-25.281949]]}},{"type":"Feature","properties":{"alt":1026.0,"mestra":false},"geometry":{"type":"LineString","coordinates":[[-49.302462,-25.282004],[-49.302461,-25.282019],[-49.302441,-25.282031],[-49.302439,-25.282018],[-49.302462,-25.282004]]}},{"type":"Feature","properties":{"alt":1026.0,"mestra":false},"geometry":{"type":"LineString","coordinates":[[-49.304634,-25.282081],[-49.304634,-25.282081]]}},{"type":"Feature","properties":{"alt":1026.0,"mestra":false},"geometry":{"type":"LineString","coordinates":[[-49.301981,-25.282065],[-49.301961,-25.28206],[-49.301949,-25.282068],[-49.301952,-25.282087],[-49.30197,-25.2821],[-49.301991,-25.282093],[-49.301981,-25.282065]]}},{"type":"Feature","properties":{"alt":1026.0,"mestra":false},"geometry":{"type":"LineString","coordinates":[[-49.30396,-25.282096],[-49.30394,-25.282095],[-49.303933,-25.28211],[-49.30396,-25.282114],[-49.30396,-25.282096]]}},{"type":"Feature","properties":{"alt":1026.0,"mestra":false},"geometry":{"type":"LineString","coordinates":[[-49.302175,-25.282082],[-49.302175,-25.282092],[-49.302175,-25.282082]]}},{"type":"Feature","properties":{"alt":1026.0,"mestra":false},"geometry":{"type":"LineString","coordinates":[[-49.304092,-25.282162],[-49.304062,-25.28216],[-49.304029,-25.282204],[-49.30404,-25.282246],[-49.304082,-25.28226],[-49.30407,-25.282296],[-49.304029,-25.282302],[-49.304009,-25.282324],[-49.304008,-25.28237],[-49.304038,-25.282384],[-49.30412,-25.282376],[-49.304151,-25.282349],[-49.30417,-25.282307],[-49.304159,-25.282261],[-49.304111,-25.282233],[-49.304111,-25.282195],[-49.304092,-25.282162]]}},{"type":"Feature","properties":{"alt":1026.0,"mestra":false},"geometry":{"type":"LineString","coordinates":[[-49.302021,-25.282138],[-49.30201,-25.282143],[-49.302028,-25.282153],[-49.302021,-25.282138]]}},{"type":"Feature","properties":{"alt":1026.0,"mestra":false},"geometry":{"type":"LineString","coordinates":[[-49.302215,-25.28215],[-49.302197,-25.282155],[-49.302202,-25.282164],[-49.302215,-25.28215]]}},{"type":"Feature","properties":{"alt":1026.0,"mestra":false},"geometry":{"type":"LineString","coordinates":[[-49.304448,-25.282233],[-49.304419,-25.282236],[-49.304416,-25.282264],[-49.304387,-25.282291],[-49.304389,-25.28231],[-49.304437,-25.282307],[-49.304464,-25.282292],[-49.304468,-25.282255],[-49.304448,-25.282233]]}},{"type":"Feature","properties":{"alt":1027.0,"mestra":false},"geometry":{"type":"LineString","coordinates":[[-49.303036,-25.277934],[-49.303014,-25.277933]]}},{"type":"Feature","properties":{"alt":1027.0,"mestra":false},"geometry":{"type":"LineString","coordinates":[[-49.304875,-25.279843],[-49.304828,-25.279902],[-49.304797,-25.279905],[-49.304774,-25.279893],[-49.304762,-25.279874],[-49.304766,-25.279846],[-49.304833,-25.279804]]}},{"type":"Feature","properties":{"alt":1027.0,"mestra":false},"geometry":{"type":"LineString","coordinates":[[-49.3005,-25.281631],[-49.3005,-25.28117],[-49.300514,-25.281078],[-49.300503,-25.281022],[-49.300507,-25.280918],[-49.300517,-25.280912],[-49.300619,-25.280926],[-49.300701,-25.280952],[-49.300785,-25.280932],[-49.300806,-25.280914],[-49.300804,-25.280882],[-49.300896,-25.280873],[-49.300921,-25.28086],[-49.300892,-25.280804],[-49.300833,-25.280775],[-49.300867,-25.280748],[-49.300845,-25.28071],[-49.300868,-25.280674],[-49.300909,-25.280652],[-49.30097,-25.280649],[-49.301031,-25.28066],[-49.301083,-25.280635],[-49.301134,-25.280638],[-49.301164,-25.280657],[-49.301184,-25.280688],[-49.301255,-25.280706],[-49.301286,-25.280734],[-49.301234,-25.280777],[-49.301209,-25.280826],[-49.301151,-25.280849],[-49.301119,-25.280881],[-49.301112,-25.280955],[-49.301022,-25.280991],[-49.301005,-25.281018],[-49.301038,-25.281074],[-49.301066,-25.281097],[-49.301127,-25.281114],[-49.301178,-25.281111],[-49.301196,-25.281067],[-49.301133,-25.280964],[-49.30115,-25.28095],[-49.301272,-25.28093],[-49.301355,-25.280876],[-49.301382,-25.280828],[-49.301359,-25.280791],[-49.301367,-25.280755],[-49.301408,-25.280745],[-49.301459,-25.280699],[-49.301449,-25.280684],[-49.301429,-25.280683],[-49.301378,-25.280701],[-49.301348,-25.280679],[-49.30135,-25.280661],[-49.301419,-25.280649],[-49.30146,-25.280615],[-49.301549,-25.280579],[-49.301594,-25.28054],[-49.301641,-25.280469],[-49.301707,-25.280464],[-49.301739,-25.280442],[-49.30179,-25.280433],[-49.30183,-25.280448],[-49.301871,-25.280429],[-49.301984,-25.280414],[-49.302009,-25.280427],[-49.302024,-25.280464],[-49.302038,-25.280464],[-49.302065,-25.280429],[-49.302106,-25.280418],[-49.302187,-25.280464],[-49.302228,-25.280468],[-49.302248,-25.280492],[-49.302268,-25.280489],[-49.302289,-25.280507],[-49.302361,-25.280465],[-49.302401,-25.280476],[-49.302422,-25.280463],[-49.302438,-25.280441],[-49.302433,-25.280416],[-49.302309,-25.280319],[-49.302339,-25.280254],[-49.302387,-25.280218],[-49.302364,-25.280183],[-49.302329,-25.280171],[-49.30238,-25.280116],[-49.302346,-25.280062],[-49.302295,-25.280031],[-49.302288,-25.280003],[-49.302296,-25.279981],[-49.302348,-25.279924],[-49.302399,-25.279895],[-49.302419,-25.279902],[-49.302439,-25.279933],[-49.30246,-25.279911],[-49.302501,-25.279913],[-49.302531,-25.279974],[-49.302591,-25.280007],[-49.302612,-25.279982],[-49.302653,-25.279983],[-49.302684,-25.279961],[-49.30272,-25.279953],[-49.30272,-25.279888],[-49.302716,-25.279876],[-49.302685,-25.279866],[-49.302691,-25.27985],[-49.302747,-25.279843],[-49.302798,-25.279806],[-49.302839,-25.2798],[-49.302863,-25.279834],[-49.302832,-25.279861],[-49.302828,-25.279898],[-49.302878,-25.279918],[-49.30293,-25.279899],[-49.302981,-25.279912],[-49.303059,-25.279854],[-49.303125,-25.279831],[-49.30324,-25.279847],[-49.303215,-25.279921],[-49.303164,-25.279949],[-49.303153,-25.279999],[-49.303105,-25.28005],[-49.303108,-25.280078],[-49.303143,-25.280134],[-49.303075,-25.280226],[-49.303077,-25.280294],[-49.303027,-25.280271],[-49.302975,-25.28031],[-49.302935,-25.280266],[-49.302903,-25.280289],[-49.302901,-25.280317],[-49.302884,-25.280344],[-49.302903,-25.280366],[-49.302994,-25.280398],[-49.303014,-25.280417],[-49.303076,-25.280411],[-49.303096,-25.280423],[-49.303091,-25.280486],[-49.303106,-25.280504],[-49.30311,-25.280542],[-49.303146,-25.280598],[-49.303134,-25.280618],[-49.303042,-25.280645],[-49.302995,-25.280689],[-49.303025,-25.280726],[-49.30301,-25.28075],[-49.302969,-25.280772],[-49.302971,-25.280865],[-49.303031,-25.280884],[-49.303059,-25.280905],[-49.303099,-25.280908],[-49.303124,-25.280894],[-49.303131,-25.280846],[-49.303162,-25.280838],[-49.303192,-25.280862],[-49.303254,-25.280877],[-49.303259,-25.280905],[-49.303241,-25.280933],[-49.303252,-25.280969],[-49.303288,-25.280952],[-49.303303,-25.280929],[-49.303315,-25.280924],[-49.303317,-25.280934],[-49.303292,-25.280961],[-49.30328,-25.281017],[-49.303249,-25.281016],[-49.303241,-25.280983],[-49.303208,-25.281007],[-49.303216,-25.281044],[-49.303242,-25.281081],[-49.303212,-25.281164],[-49.303198,-25.281176],[-49.303136,-25.281179],[-49.303117,-25.2812],[-49.303115,-25.281223],[-49.30308,-25.281246],[-49.303066,-25.28132],[-49.303043,-25.281367],[-49.303071,-25.281404],[-49.303051,-25.281439],[-49.30299,-25.281426],[-49.302939,-25.281438],[-49.302912,-25.281412],[-49.302858,-25.281388],[-49.302817,-25.281397],[-49.302791,-25.281419],[-49.30278,-25.281456],[-49.302724,-25.28153],[-49.302731,-25.281576],[-49.302754,-25.281605],[-49.302782,-25.281681],[-49.302836,-25.281689],[-49.302914,-25.281779],[-49.303048,-25.281686],[-49.303089,-25.281681],[-49.30314,-25.281657],[-49.303181,-25.281671],[-49.303242,-25.281656],[-49.303257,-25.281638],[-49.303253,-25.281609],[-49.303283,-25.281626],[-49.303365,-25.28159],[-49.303426,-25.281607],[-49.303468,-25.281578],[-49.30357,-25.281562],[-49.303595,-25.281512],[-49.303612,-25.281502],[-49.303714,-25.281493],[-49.303755,-25.281477],[-49.303773,-25.281384],[-49.303739,-25.281328],[-49.303747,-25.281318],[-49.303848,-25.281366],[-49.303852,-25.281422],[-49.303872,-25.281469],[-49.303869,-25.281506],[-49.303832,-25.281571],[-49.303843,-25.281663],[-49.303821,-25.281719],[-49.303863,-25.281785],[-49.303922,-25.281804],[-49.303916,-25.281841],[-49.303931,-25.281952],[-49.30388,-25.281981],[-49.303869,-25.282033],[-49.30391,-25.282053],[-49.30397,-25.282027],[-49.303985,-25.281999],[-49.303983,-25.281959],[-49.304007,-25.281999],[-49.304043,-25.28202],[-49.304067,-25.281981],[-49.304011,-25.281823],[-49.304006,-25.281721],[-49.304018,-25.281665],[-49.304006,-25.281619],[-49.304019,-25.281583],[-49.30408,-25.281565],[-49.304121,-25.281534],[-49.304152,-25.281549],[-49.304172,-25.281541],[-49.304196,-25.281575],[-49.304207,-25.281649],[-49.304251,-25.281687],[-49.304228,-25.281733],[-49.304255,-25.28178],[-49.304281,-25.281789],[-49.304324,-25.281752],[-49.304323,-25.281733],[-49.304284,-25.281687],[-49.304275,-25.281631],[-49.304283,-25.281614],[-49.304314,-25.2816],[-49.304326,-25.281576],[-49.30432,-25.281548],[-49.304293,-25.28152],[-49.304301,-25.281492],[-49.304279,-25.281437],[-49.304283,-25.281381],[-49.304304,-25.281325],[-49.304265,-25.281232],[-49.304278,-25.281214],[-49.304238,-25.281214],[-49.304227,-25.281204],[-49.304267,-25.281149],[-49.304246,-25.281102],[-49.304256,-25.281047],[-49.304281,-25.281036],[-49.304342,-25.281058],[-49.304609,-25.28093],[-49.304629,-25.280968],[-49.304721,-25.281024],[-49.304703,-25.281089],[-49.3047,-25.281163],[-49.304667,-25.281169],[-49.304616,-25.281199],[-49.304628,-25.281236],[-49.304621,-25.281246],[-49.304513,-25.281258],[-49.304462,-25.281221],[-49.304444,-25.281234],[-49.304442,-25.281262],[-49.304451,-25.281274],[-49.304503,-25.28127],[-49.304502,-25.2813],[-49.304563,-25.281332],[-49.304634,-25.281334],[-49.304644,-25.281357],[-49.304615,-25.281394],[-49.304633,-25.281437],[-49.304663,-25.281469],[-49.304656,-25.281487],[-49.304772,-25.281535],[-49.304763,-25.28162],[-49.304672,-25.281593],[-49.304637,-25.281635],[-49.304627,-25.281672],[-49.304639,-25.281696],[-49.3047,-25.281713],[-49.304771,-25.281769],[-49.304777,-25.281786],[-49.30473,-25.281813],[-49.30475,-25.281845],[-49.30477,-25.281854],[-49.304801,-25.281836],[-49.30482,-25.28186],[-49.304832,-25.281907],[-49.304788,-25.281934],[-49.304788,-25.282032],[-49.304818,-25.282062],[-49.30491,-25.282067],[-49.305013,-25.281987]]}},{"type":"Feature","properties":{"alt":1027.0,"mestra":false},"geometry":{"type":"LineString","coordinates":[[-49.305015,-25.28184],[-49.304974,-25.281853],[-49.304947,-25.281834],[-49.304964,-25.281817],[-49.305015,-25.281827]]}},{"type":"Feature","properties":{"alt":1027.0,"mestra":false},"geometry":{"type":"LineString","coordinates":[[-49.303088,-25.282744],[-49.303043,-25.282758]]}},{"type":"Feature","properties":{"alt":1027.0,"mestra":false},"geometry":{"type":"LineString","coordinates":[[-49.302779,-25.279692],[-49.302821,-25.279731],[-49.302813,-25.27975],[-49.302799,-25.279756],[-49.302758,-25.279741],[-49.302717,-25.279749],[-49.302769,-25.27969],[-49.302779,-25.279692]]}},{"type":"Feature","properties":{"alt":1027.0,"mestra":false},"geometry":{"type":"LineString","coordinates":[[-49.302337,-25.279955],[-49.302328,-25.279976],[-49.302336,-25.280007],[-49.302345,-25.279967],[-49.302337,-25.279955]]}},{"type":"Feature","properties":{"alt":1027.0,"mestra":false},"geometry":{"type":"LineString","coordinates":[[-49.30255,-25.280081],[-49.302521,-25.28009],[-49.30251,-25.280108],[-49.302559,-25.280137],[-49.30258,-25.280109],[-49.30257,-25.280088],[-49.30255,-25.280081]]}},{"type":"Feature","properties":{"alt":1027.0,"mestra":false},"geometry":{"type":"LineString","coordinates":[[-49.302488,-25.280107],[-49.302427,-25.280105],[-49.302412,-25.280116],[-49.302467,-25.280131],[-49.302488,-25.280107]]}},{"type":"Feature","properties":{"alt":1027.0,"mestra":false},"geometry":{"type":"LineString","coordinates":[[-49.301976,-25.280247],[-49.301965,-25.280272],[-49.301914,-25.280312],[-49.301876,-25.280305],[-49.301847,-25.280277],[-49.30187,-25.280258],[-49.301976,-25.280247]]}},{"type":"Feature","properties":{"alt":1027.0,"mestra":false},"geometry":{"type":"LineString","coordinates":[[-49.302669,-25.280332],[-49.302669,-25.280332]]}},{"type":"Feature","properties":{"alt":1027.0,"mestra":false},"geometry":{"type":"LineString","coordinates":[[-49.302464,-25.280336],[-49.302449,-25.280348],[-49.302454,-25.28036],[-49.302474,-25.280354],[-49.302464,-25.280336]]}},{"type":"Feature","properties":{"alt":1027.0,"mestra":false},"geometry":{"type":"LineString","coordinates":[[-49.302239,-25.280371],[-49.302251,-25.280383],[-49.302239,-25.280398],[-49.302227,-25.280383],[-49.302239,-25.280371]]}},{"type":"Feature","properties":{"alt":1027.0,"mestra":false},"geometry":{"type":"LineString","coordinates":[[-49.30134,-25.280491],[-49.301358,-25.280512],[-49.301341,-25.280577],[-49.301287,-25.280636],[-49.301277,-25.280623],[-49.301283,-25.280595],[-49.301263,-25.280557],[-49.301265,-25.28052],[-49.301299,-25.280488],[-49.30134,-25.280491]]}},{"type":"Feature","properties":{"alt":1027.0,"mestra":false},"geometry":{"type":"LineString","coordinates":[[-49.305022,-25.280596],[-49.305021,-25.28065],[-49.30499,-25.28061],[-49.305022,-25.280596]]}},{"type":"Feature","properties":{"alt":1027.0,"mestra":false},"geometry":{"type":"LineString","coordinates":[[-49.302786,-25.280666],[-49.302765,-25.280668],[-49.302749,-25.280686],[-49.302751,-25.280705],[-49.302775,-25.28073],[-49.302836,-25.280729],[-49.302879,-25.280706],[-49.302871,-25.280687],[-49.302817,-25.280682],[-49.302786,-25.280666]]}},{"type":"Feature","properties":{"alt":1027.0,"mestra":false},"geometry":{"type":"LineString","coordinates":[[-49.302939,-25.280686],[-49.302911,-25.280706],[-49.302939,-25.280731],[-49.302959,-25.280707],[-49.302939,-25.280686]]}},{"type":"Feature","properties":{"alt":1027.0,"mestra":false},"geometry":{"type":"LineString","coordinates":[[-49.301041,-25.280675],[-49.300974,-25.280693],[-49.300966,-25.280721],[-49.30101,-25.280731],[-49.301049,-25.280694],[-49.301041,-25.280675]]}},{"type":"Feature","properties":{"alt":1027.0,"mestra":false},"geometry":{"type":"LineString","coordinates":[[-49.302775,-25.280756],[-49.302754,-25.280761],[-49.302742,-25.280788],[-49.302789,-25.280835],[-49.302753,-25.280909],[-49.302738,-25.280918],[-49.302731,-25.280967],[-49.302762,-25.280971],[-49.302782,-25.280992],[-49.302812,-25.280989],[-49.302833,-25.280999],[-49.302853,-25.280981],[-49.302915,-25.280985],[-49.302947,-25.280939],[-49.302932,-25.280911],[-49.302936,-25.280883],[-49.302875,-25.280827],[-49.302887,-25.280788],[-49.302877,-25.280782],[-49.302825,-25.280796],[-49.302775,-25.280756]]}},{"type":"Feature","properties":{"alt":1027.0,"mestra":false},"geometry":{"type":"LineString","coordinates":[[-49.303091,-25.280778],[-49.303101,-25.280822],[-49.303049,-25.280833],[-49.303043,-25.280782],[-49.30305,-25.280773],[-49.303091,-25.280778]]}},{"type":"Feature","properties":{"alt":1027.0,"mestra":false},"geometry":{"type":"LineString","coordinates":[[-49.304916,-25.280887],[-49.304939,-25.280906],[-49.304929,-25.280924],[-49.304905,-25.280934],[-49.304894,-25.280896],[-49.304916,-25.280887]]}},{"type":"Feature","properties":{"alt":1027.0,"mestra":false},"geometry":{"type":"LineString","coordinates":[[-49.305007,-25.280924],[-49.305011,-25.280944],[-49.304992,-25.280953],[-49.304989,-25.280925],[-49.305007,-25.280924]]}},{"type":"Feature","properties":{"alt":1027.0,"mestra":false},"geometry":{"type":"LineString","coordinates":[[-49.304609,-25.28097],[-49.304578,-25.280969],[-49.304559,-25.280985],[-49.30456,-25.281013],[-49.304587,-25.281034],[-49.304618,-25.281031],[-49.304643,-25.281014],[-49.304639,-25.280987],[-49.304609,-25.28097]]}},{"type":"Feature","properties":{"alt":1027.0,"mestra":false},"geometry":{"type":"LineString","coordinates":[[-49.302148,-25.281057],[-49.30213,-25.281059],[-49.30212,-25.281087],[-49.302127,-25.281114],[-49.302147,-25.281126],[-49.302181,-25.281097],[-49.302148,-25.281057]]}},{"type":"Feature","properties":{"alt":1027.0,"mestra":false},"geometry":{"type":"LineString","coordinates":[[-49.304728,-25.281232],[-49.304757,-25.281275],[-49.304811,-25.281285],[-49.304767,-25.281344],[-49.304727,-25.281306],[-49.304687,-25.281293],[-49.304692,-25.281246],[-49.304728,-25.281232]]}},{"type":"Feature","properties":{"alt":1027.0,"mestra":false},"geometry":{"type":"LineString","coordinates":[[-49.302778,-25.28123],[-49.302749,-25.281243],[-49.30274,-25.281261],[-49.302768,-25.281257],[-49.302778,-25.28123]]}},{"type":"Feature","properties":{"alt":1027.0,"mestra":false},"geometry":{"type":"LineString","coordinates":[[-49.302451,-25.281269],[-49.302427,-25.281276],[-49.302451,-25.281278],[-49.302451,-25.281269]]}},{"type":"Feature","properties":{"alt":1027.0,"mestra":false},"geometry":{"type":"LineString","coordinates":[[-49.304643,-25.281475],[-49.304625,-25.281478],[-49.304632,-25.281484],[-49.304643,-25.281475]]}},{"type":"Feature","properties":{"alt":1027.0,"mestra":false},"geometry":{"type":"LineString","coordinates":[[-49.303173,-25.281459],[-49.303173,-25.281479],[-49.303173,-25.281459]]}},{"type":"Feature","properties":{"alt":1027.0,"mestra":false},"geometry":{"type":"LineString","coordinates":[[-49.304561,-25.281504],[-49.30456,-25.281518],[-49.304576,-25.281514],[-49.304561,-25.281504]]}},{"type":"Feature","properties":{"alt":1027.0,"mestra":false},"geometry":{"type":"LineString","coordinates":[[-49.302928,-25.281497],[-49.302948,-25.281533],[-49.302999,-25.281549],[-49.302998,-25.281557],[-49.302927,-25.281556],[-49.302911,-25.281504],[-49.302928,-25.281497]]}},{"type":"Feature","properties":{"alt":1027.0,"mestra":false},"geometry":{"type":"LineString","coordinates":[[-49.304591,-25.281527],[-49.304584,-25.281561],[-49.304543,-25.281569],[-49.304559,-25.281606],[-49.30459,-25.281571],[-49.304621,-25.28158],[-49.304628,-25.28157],[-49.304591,-25.281527]]}},{"type":"Feature","properties":{"alt":1027.0,"mestra":false},"geometry":{"type":"LineString","coordinates":[[-49.302601,-25.281502],[-49.302581,-25.281506],[-49.302546,-25.281537],[-49.30258,-25.281566],[-49.302598,-25.281556],[-49.30261,-25.28151],[-49.302601,-25.281502]]}},{"type":"Feature","properties":{"alt":1027.0,"mestra":false},"geometry":{"type":"LineString","coordinates":[[-49.304559,-25.281616],[-49.304548,-25.281644],[-49.304567,-25.281635],[-49.304559,-25.281616]]}},{"type":"Feature","properties":{"alt":1027.0,"mestra":false},"geometry":{"type":"LineString","coordinates":[[-49.302497,-25.281628],[-49.302467,-25.281629],[-49.302416,-25.281666],[-49.302414,-25.281721],[-49.302384,-25.281744],[-49.302373,-25.281779],[-49.302341,-25.281804],[-49.302325,-25.281896],[-49.30233,-25.281902],[-49.302361,-25.281884],[-49.30238,-25.281906],[-49.302358,-25.28199],[-49.302319,-25.282008],[-49.302298,-25.281991],[-49.302278,-25.281991],[-49.302216,-25.282034],[-49.302211,-25.282062],[-49.302247,-25.282109],[-49.302287,-25.282115],[-49.302338,-25.282089],[-49.302379,-25.282089],[-49.302428,-25.282046],[-49.302434,-25.282009],[-49.302472,-25.281988],[-49.302457,-25.282056],[-49.302542,-25.282098],[-49.302561,-25.282085],[-49.302563,-25.282066],[-49.302541,-25.282038],[-49.302542,-25.282001],[-49.302506,-25.281973],[-49.302513,-25.281966],[-49.302534,-25.281961],[-49.302559,-25.281992],[-49.302584,-25.282],[-49.302635,-25.281999],[-49.30266,-25.281984],[-49.302657,-25.281956],[-49.302635,-25.281937],[-49.302637,-25.281899],[-49.302606,-25.2819],[-49.302565,-25.281933],[-49.302543,-25.281918],[-49.302565,-25.281882],[-49.302675,-25.281808],[-49.302639,-25.281694],[-49.302497,-25.281628]]}},{"type":"Feature","properties":{"alt":1027.0,"mestra":false},"geometry":{"type":"LineString","coordinates":[[-49.304578,-25.281686],[-49.304541,-25.281709],[-49.304537,-25.281727],[-49.304578,-25.281716],[-49.304578,-25.281686]]}},{"type":"Feature","properties":{"alt":1027.0,"mestra":false},"geometry":{"type":"LineString","coordinates":[[-49.304608,-25.281744],[-49.304589,-25.281756],[-49.304593,-25.281783],[-49.304607,-25.281795],[-49.304628,-25.281794],[-49.304638,-25.281775],[-49.304608,-25.281744]]}},{"type":"Feature","properties":{"alt":1027.0,"mestra":false},"geometry":{"type":"LineString","coordinates":[[-49.30272,-25.281742],[-49.3027,-25.281743],[-49.302698,-25.281762],[-49.302713,-25.281762],[-49.30272,-25.281742]]}},{"type":"Feature","properties":{"alt":1027.0,"mestra":false},"geometry":{"type":"LineString","coordinates":[[-49.302913,-25.2818],[-49.302887,-25.281819],[-49.302903,-25.28184],[-49.302917,-25.28182],[-49.302913,-25.2818]]}},{"type":"Feature","properties":{"alt":1027.0,"mestra":false},"geometry":{"type":"LineString","coordinates":[[-49.30428,-25.281842],[-49.304269,-25.281845],[-49.304281,-25.281863],[-49.304272,-25.281919],[-49.304301,-25.281956],[-49.304309,-25.282011],[-49.304339,-25.28204],[-49.304309,-25.282086],[-49.304368,-25.282139],[-49.304389,-25.282124],[-49.3044,-25.28205],[-49.30439,-25.282039],[-49.304341,-25.282031],[-49.30439,-25.281985],[-49.304413,-25.281893],[-49.304392,-25.281878],[-49.304282,-25.281854],[-49.30428,-25.281842]]}},{"type":"Feature","properties":{"alt":1027.0,"mestra":false},"geometry":{"type":"LineString","coordinates":[[-49.302147,-25.281909],[-49.302116,-25.28191],[-49.302105,-25.28195],[-49.302114,-25.281978],[-49.302135,-25.281987],[-49.302156,-25.281984],[-49.30218,-25.28195],[-49.302175,-25.281932],[-49.302147,-25.281909]]}},{"type":"Feature","properties":{"alt":1027.0,"mestra":false},"geometry":{"type":"LineString","coordinates":[[-49.301971,-25.282076],[-49.301971,-25.282083],[-49.301971,-25.282076]]}},{"type":"Feature","properties":{"alt":1027.0,"mestra":false},"geometry":{"type":"LineString","coordinates":[[-49.304092,-25.282173],[-49.304063,-25.282176],[-49.304039,-25.282213],[-49.304049,-25.282241],[-49.304094,-25.282251],[-49.30407,-25.282308],[-49.304018,-25.282329],[-49.304016,-25.282361],[-49.304028,-25.282371],[-49.304059,-25.282373],[-49.30413,-25.282353],[-49.304166,-25.282307],[-49.304152,-25.282258],[-49.304102,-25.282242],[-49.304107,-25.282205],[-49.304092,-25.282173]]}},{"type":"Feature","properties":{"alt":1027.0,"mestra":false},"geometry":{"type":"LineString","coordinates":[[-49.304438,-25.282271],[-49.304398,-25.282291],[-49.304399,-25.282301],[-49.304445,-25.282292],[-49.304438,-25.282271]]}},{"type":"Feature","properties":{"alt":1028.0,"mestra":false},"geometry":{"type":"LineString","coordinates":[[-49.303041,-25.277934],[-49.30301,-25.277933]]}},{"type":"Feature","properties":{"alt":1028.0,"mestra":false},"geometry":{"type":"LineString","coordinates":[[-49.304879,-25.27988],[-49.304817,-25.279913],[-49.304765,-25.279893],[-49.304759,-25.279846],[-49.304817,-25.279799]]}},{"type":"Feature","properties":{"alt":1028.0,"mestra":false},"geometry":{"type":"LineString","coordinates":[[-49.305032,-25.280652],[-49.305017,-25.280656],[-49.304978,-25.280609],[-49.304992,-25.28059],[-49.305022,-25.28058],[-49.305032,-25.280611]]}},{"type":"Feature","properties":{"alt":1028.0,"mestra":false},"geometry":{"type":"LineString","coordinates":[[-49.300498,-25.280879],[-49.300518,-25.280899],[-49.30063,-25.280912],[-49.300691,-25.280935],[-49.300769,-25.280923],[-49.30077,-25.280886],[-49.300783,-25.280874],[-49.300885,-25.28085],[-49.300875,-25.280822],[-49.300795,-25.280779],[-49.300734,-25.280771],[-49.300662,-25.280791],[-49.300648,-25.280782],[-49.300806,-25.280715],[-49.300899,-25.280645],[-49.300981,-25.280631],[-49.301042,-25.280638],[-49.301124,-25.280622],[-49.301191,-25.28064],[-49.301225,-25.280678],[-49.301261,-25.280678],[-49.301265,-25.28066],[-49.301244,-25.280631],[-49.30126,-25.280595],[-49.301256,-25.28053],[-49.301268,-25.2805],[-49.301299,-25.280477],[-49.30134,-25.280481],[-49.301364,-25.280503],[-49.301337,-25.280633],[-49.301348,-25.280648],[-49.301419,-25.280645],[-49.301471,-25.280602],[-49.301543,-25.280577],[-49.301564,-25.280541],[-49.301596,-25.280524],[-49.301614,-25.280478],[-49.301636,-25.280459],[-49.30179,-25.280422],[-49.30183,-25.280432],[-49.301984,-25.280409],[-49.302034,-25.280433],[-49.302106,-25.280413],[-49.302176,-25.280457],[-49.30223,-25.280467],[-49.302289,-25.280503],[-49.302361,-25.280462],[-49.302412,-25.280466],[-49.302432,-25.280447],[-49.302431,-25.280422],[-49.302382,-25.280376],[-49.302303,-25.280328],[-49.30232,-25.280263],[-49.302379,-25.280218],[-49.302364,-25.280189],[-49.30232,-25.28018],[-49.302367,-25.280116],[-49.302348,-25.280069],[-49.302287,-25.280031],[-49.302281,-25.280003],[-49.302296,-25.279964],[-49.302379,-25.279878],[-49.302427,-25.279894],[-49.30244,-25.279907],[-49.302509,-25.279913],[-49.302531,-25.279961],[-49.302551,-25.279972],[-49.302643,-25.279975],[-49.302684,-25.279951],[-49.302705,-25.279952],[-49.302712,-25.279888],[-49.302672,-25.279869],[-49.302675,-25.279859],[-49.302696,-25.279841],[-49.302767,-25.279825],[-49.302802,-25.279777],[-49.302758,-25.279748],[-49.30269,-25.279767],[-49.302753,-25.279702],[-49.302762,-25.279647],[-49.302801,-25.279609],[-49.302845,-25.279611],[-49.302859,-25.27962],[-49.302866,-25.279713],[-49.30289,-25.279741],[-49.302872,-25.279778],[-49.30289,-25.279799],[-49.3029,-25.279867],[-49.30292,-25.279865],[-49.302912,-25.279843],[-49.302945,-25.279825],[-49.302941,-25.279798],[-49.302962,-25.279791],[-49.302983,-25.279798],[-49.302992,-25.279823],[-49.303043,-25.279839],[-49.303176,-25.279807],[-49.303257,-25.27981],[-49.303274,-25.279829],[-49.303271,-25.279848],[-49.303237,-25.279884],[-49.303229,-25.279931],[-49.303164,-25.279954],[-49.303154,-25.280004],[-49.303108,-25.28005],[-49.303116,-25.280087],[-49.303152,-25.280125],[-49.30313,-25.280169],[-49.303079,-25.280226],[-49.303079,-25.2803],[-49.303027,-25.280273],[-49.302975,-25.280313],[-49.302935,-25.280269],[-49.302906,-25.280289],[-49.302906,-25.280317],[-49.302889,-25.280344],[-49.302903,-25.280363],[-49.302994,-25.280396],[-49.303014,-25.280415],[-49.303076,-25.280408],[-49.303098,-25.280421],[-49.303105,-25.28044],[-49.303094,-25.280486],[-49.303109,-25.280505],[-49.303112,-25.280542],[-49.303148,-25.280598],[-49.303134,-25.28062],[-49.303042,-25.280648],[-49.302997,-25.280689],[-49.303027,-25.280726],[-49.30301,-25.280753],[-49.302971,-25.280772],[-49.302968,-25.280855],[-49.302987,-25.280874],[-49.303038,-25.280883],[-49.303069,-25.280905],[-49.30312,-25.280894],[-49.303127,-25.280848],[-49.303141,-25.280837],[-49.303162,-25.280836],[-49.303212,-25.280868],[-49.303253,-25.280872],[-49.303264,-25.280905],[-49.303246,-25.280933],[-49.303252,-25.280956],[-49.303272,-25.280953],[-49.303303,-25.280919],[-49.303344,-25.280917],[-49.303302,-25.280961],[-49.303297,-25.280989],[-49.303332,-25.281021],[-49.303391,-25.281027],[-49.303373,-25.281055],[-49.303204,-25.281183],[-49.303157,-25.281177],[-49.30313,-25.281191],[-49.303123,-25.281228],[-49.30309,-25.281247],[-49.303078,-25.281321],[-49.303053,-25.281357],[-49.303076,-25.281395],[-49.30306,-25.281441],[-49.30302,-25.281442],[-49.30299,-25.281429],[-49.302939,-25.281442],[-49.302909,-25.281412],[-49.302858,-25.28139],[-49.3028,-25.28141],[-49.302782,-25.281456],[-49.302725,-25.28153],[-49.302733,-25.281575],[-49.302756,-25.281605],[-49.302781,-25.28167],[-49.302828,-25.28168],[-49.302874,-25.281711],[-49.302933,-25.28169],[-49.303008,-25.281634],[-49.303068,-25.281672],[-49.303109,-25.28166],[-49.303139,-25.281637],[-49.303139,-25.281618],[-49.303068,-25.281525],[-49.303121,-25.281514],[-49.303153,-25.281453],[-49.303204,-25.281422],[-49.303224,-25.281443],[-49.303199,-25.281461],[-49.303197,-25.281489],[-49.303251,-25.281582],[-49.303283,-25.28161],[-49.303365,-25.281582],[-49.303416,-25.281589],[-49.303457,-25.281573],[-49.303508,-25.281572],[-49.30357,-25.281553],[-49.303584,-25.281512],[-49.303601,-25.281497],[-49.303704,-25.28149],[-49.303744,-25.281477],[-49.303756,-25.281449],[-49.303746,-25.281384],[-49.303726,-25.281364],[-49.303654,-25.281386],[-49.303615,-25.281447],[-49.303561,-25.281475],[-49.303521,-25.281425],[-49.303439,-25.28142],[-49.303421,-25.281436],[-49.303407,-25.281521],[-49.303353,-25.281426],[-49.303322,-25.281407],[-49.303544,-25.28124],[-49.303656,-25.281239],[-49.303777,-25.281332],[-49.303851,-25.281357],[-49.303855,-25.281422],[-49.303876,-25.281488],[-49.303835,-25.281571],[-49.303848,-25.281673],[-49.303827,-25.281719],[-49.303863,-25.281751],[-49.303873,-25.281777],[-49.303914,-25.281782],[-49.303972,-25.281813],[-49.303942,-25.281859],[-49.303934,-25.281924],[-49.303952,-25.281945],[-49.303993,-25.281936],[-49.304019,-25.281999],[-49.304043,-25.28201],[-49.30406,-25.281991],[-49.304055,-25.281954],[-49.303996,-25.281823],[-49.304004,-25.281777],[-49.303992,-25.281712],[-49.304007,-25.281665],[-49.303991,-25.281628],[-49.303999,-25.281582],[-49.303978,-25.281546],[-49.303938,-25.281535],[-49.303937,-25.281525],[-49.303977,-25.281498],[-49.303997,-25.281452],[-49.304051,-25.281433],[-49.304093,-25.281403],[-49.304147,-25.281444],[-49.304166,-25.2815],[-49.304193,-25.281509],[-49.304224,-25.281503],[-49.304243,-25.281585],[-49.304284,-25.281597],[-49.304313,-25.281585],[-49.304315,-25.281551],[-49.304271,-25.281529],[-49.304271,-25.28152],[-49.304292,-25.281492],[-49.304268,-25.281436],[-49.3043,-25.281325],[-49.304271,-25.281251],[-49.304216,-25.281204],[-49.30426,-25.281149],[-49.304237,-25.281102],[-49.304237,-25.281019],[-49.304302,-25.281012],[-49.304343,-25.280983],[-49.304374,-25.280988],[-49.304435,-25.280976],[-49.304579,-25.280913],[-49.304599,-25.280913],[-49.304623,-25.280921],[-49.304636,-25.280958],[-49.30472,-25.281013],[-49.304734,-25.281033],[-49.30471,-25.281089],[-49.304711,-25.281172],[-49.304633,-25.281209],[-49.304666,-25.281235],[-49.304728,-25.28122],[-49.304759,-25.281266],[-49.304809,-25.281273],[-49.30482,-25.281285],[-49.304793,-25.281322],[-49.304777,-25.281374],[-49.304726,-25.28132],[-49.304696,-25.281308],[-49.304649,-25.281311],[-49.304656,-25.281256],[-49.304574,-25.281252],[-49.304524,-25.281282],[-49.304526,-25.2813],[-49.304562,-25.281328],[-49.304639,-25.281329],[-49.304649,-25.281357],[-49.304619,-25.281385],[-49.304621,-25.281403],[-49.304677,-25.281487],[-49.304693,-25.281494],[-49.304714,-25.281483],[-49.30473,-25.281516],[-49.304798,-25.281526],[-49.304783,-25.281657],[-49.304762,-25.28166],[-49.304758,-25.281637],[-49.30473,-25.281609],[-49.304682,-25.281598],[-49.30464,-25.281636],[-49.304632,-25.281682],[-49.30466,-25.281704],[-49.304706,-25.28171],[-49.304771,-25.281764],[-49.304781,-25.281786],[-49.304732,-25.281813],[-49.30475,-25.281842],[-49.30477,-25.281851],[-49.304801,-25.281829],[-49.304821,-25.281853],[-49.304839,-25.281907],[-49.304793,-25.281943],[-49.304786,-25.282008],[-49.304798,-25.282036],[-49.304828,-25.282053],[-49.30491,-25.282059],[-49.305006,-25.281967]]}},{"type":"Feature","properties":{"alt":1028.0,"mestra":false},"geometry":{"type":"LineString","coordinates":[[-49.305027,-25.280972],[-49.304965,-25.280962],[-49.304977,-25.280915],[-49.305008,-25.280905],[-49.305028,-25.280914]]}},{"type":"Feature","properties":{"alt":1028.0,"mestra":false},"geometry":{"type":"LineString","coordinates":[[-49.3005,-25.281632],[-49.300498,-25.28118],[-49.30051,-25.281068],[-49.300497,-25.280933]]}},{"type":"Feature","properties":{"alt":1028.0,"mestra":false},"geometry":{"type":"LineString","coordinates":[[-49.305015,-25.28186],[-49.304951,-25.281852],[-49.304928,-25.281797],[-49.304934,-25.281787],[-49.305016,-25.281801]]}},{"type":"Feature","properties":{"alt":1028.0,"mestra":false},"geometry":{"type":"LineString","coordinates":[[-49.303088,-25.282744],[-49.303045,-25.282758]]}},{"type":"Feature","properties":{"alt":1028.0,"mestra":false},"geometry":{"type":"LineString","coordinates":[[-49.30281,-25.279686],[-49.3028,-25.279694],[-49.30281,-25.2797],[-49.30281,-25.279686]]}},{"type":"Feature","properties":{"alt":1028.0,"mestra":false},"geometry":{"type":"LineString","coordinates":[[-49.302819,-25.279773],[-49.30281,-25.279777],[-49.302819,-25.279773]]}},{"type":"Feature","properties":{"alt":1028.0,"mestra":false},"geometry":{"type":"LineString","coordinates":[[-49.30256,-25.280085],[-49.302519,-25.280099],[-49.302523,-25.280117],[-49.302549,-25.280134],[-49.302576,-25.280118],[-49.302576,-25.280099],[-49.30256,-25.280085]]}},{"type":"Feature","properties":{"alt":1028.0,"mestra":false},"geometry":{"type":"LineString","coordinates":[[-49.301976,-25.280237],[-49.301984,-25.28025],[-49.301975,-25.28027],[-49.301903,-25.280321],[-49.301841,-25.280286],[-49.30182,-25.280248],[-49.301976,-25.280237]]}},{"type":"Feature","properties":{"alt":1028.0,"mestra":false},"geometry":{"type":"LineString","coordinates":[[-49.302128,-25.280322],[-49.302146,-25.280345],[-49.302118,-25.280335],[-49.302128,-25.280322]]}},{"type":"Feature","properties":{"alt":1028.0,"mestra":false},"geometry":{"type":"LineString","coordinates":[[-49.302464,-25.280347],[-49.302464,-25.280347]]}},{"type":"Feature","properties":{"alt":1028.0,"mestra":false},"geometry":{"type":"LineString","coordinates":[[-49.302209,-25.28036],[-49.302215,-25.280374],[-49.302188,-25.280373],[-49.302188,-25.280364],[-49.302209,-25.28036]]}},{"type":"Feature","properties":{"alt":1028.0,"mestra":false},"geometry":{"type":"LineString","coordinates":[[-49.30225,-25.280371],[-49.302249,-25.280396],[-49.302229,-25.2804],[-49.302221,-25.280374],[-49.30225,-25.280371]]}},{"type":"Feature","properties":{"alt":1028.0,"mestra":false},"geometry":{"type":"LineString","coordinates":[[-49.302796,-25.280672],[-49.302766,-25.280671],[-49.302752,-25.280686],[-49.302775,-25.280724],[-49.302826,-25.280729],[-49.302874,-25.280706],[-49.302868,-25.280691],[-49.302817,-25.280685],[-49.302796,-25.280672]]}},{"type":"Feature","properties":{"alt":1028.0,"mestra":false},"geometry":{"type":"LineString","coordinates":[[-49.302939,-25.280688],[-49.302914,-25.280706],[-49.302939,-25.280728],[-49.302956,-25.280707],[-49.302939,-25.280688]]}},{"type":"Feature","properties":{"alt":1028.0,"mestra":false},"geometry":{"type":"LineString","coordinates":[[-49.301327,-25.280665],[-49.301313,-25.280679],[-49.301314,-25.280697],[-49.301336,-25.280721],[-49.301408,-25.280724],[-49.301448,-25.280699],[-49.301419,-25.280688],[-49.301388,-25.280707],[-49.301367,-25.280706],[-49.301327,-25.280665]]}},{"type":"Feature","properties":{"alt":1028.0,"mestra":false},"geometry":{"type":"LineString","coordinates":[[-49.30101,-25.280702],[-49.300996,-25.280712],[-49.30101,-25.280702]]}},{"type":"Feature","properties":{"alt":1028.0,"mestra":false},"geometry":{"type":"LineString","coordinates":[[-49.303193,-25.280755],[-49.303193,-25.280767],[-49.303183,-25.280756],[-49.303193,-25.280755]]}},{"type":"Feature","properties":{"alt":1028.0,"mestra":false},"geometry":{"type":"LineString","coordinates":[[-49.302775,-25.28076],[-49.302754,-25.280765],[-49.302745,-25.280788],[-49.302793,-25.280835],[-49.302739,-25.280927],[-49.30274,-25.280964],[-49.302762,-25.280968],[-49.302782,-25.280988],[-49.302833,-25.280993],[-49.302853,-25.280978],[-49.302915,-25.280982],[-49.302942,-25.280939],[-49.302929,-25.280911],[-49.302931,-25.280883],[-49.30287,-25.280826],[-49.302882,-25.28079],[-49.302825,-25.280799],[-49.302775,-25.28076]]}},{"type":"Feature","properties":{"alt":1028.0,"mestra":false},"geometry":{"type":"LineString","coordinates":[[-49.30305,-25.28077],[-49.303091,-25.280775],[-49.3031,-25.280826],[-49.303049,-25.280837],[-49.303038,-25.280773],[-49.30305,-25.28077]]}},{"type":"Feature","properties":{"alt":1028.0,"mestra":false},"geometry":{"type":"LineString","coordinates":[[-49.301295,-25.280775],[-49.301254,-25.280782],[-49.301212,-25.280841],[-49.301151,-25.280857],[-49.301126,-25.28089],[-49.30114,-25.280926],[-49.30118,-25.280936],[-49.301242,-25.280924],[-49.301345,-25.280866],[-49.301362,-25.280828],[-49.301295,-25.280775]]}},{"type":"Feature","properties":{"alt":1028.0,"mestra":false},"geometry":{"type":"LineString","coordinates":[[-49.304926,-25.280886],[-49.304952,-25.280906],[-49.304905,-25.28094],[-49.304889,-25.280896],[-49.304906,-25.280881],[-49.304926,-25.280886]]}},{"type":"Feature","properties":{"alt":1028.0,"mestra":false},"geometry":{"type":"LineString","coordinates":[[-49.303354,-25.280913],[-49.303354,-25.280913]]}},{"type":"Feature","properties":{"alt":1028.0,"mestra":false},"geometry":{"type":"LineString","coordinates":[[-49.304598,-25.280976],[-49.304563,-25.280994],[-49.304575,-25.281022],[-49.304598,-25.281032],[-49.304626,-25.281023],[-49.30464,-25.281005],[-49.304598,-25.280976]]}},{"type":"Feature","properties":{"alt":1028.0,"mestra":false},"geometry":{"type":"LineString","coordinates":[[-49.301088,-25.280991],[-49.301047,-25.281],[-49.301026,-25.281018],[-49.301051,-25.281075],[-49.301107,-25.281104],[-49.301178,-25.281104],[-49.301189,-25.281067],[-49.301162,-25.281011],[-49.301139,-25.280996],[-49.301088,-25.280991]]}},{"type":"Feature","properties":{"alt":1028.0,"mestra":false},"geometry":{"type":"LineString","coordinates":[[-49.303241,-25.281022],[-49.30323,-25.281019],[-49.303221,-25.281035],[-49.30323,-25.281052],[-49.30325,-25.281058],[-49.303267,-25.281044],[-49.303241,-25.281022]]}},{"type":"Feature","properties":{"alt":1028.0,"mestra":false},"geometry":{"type":"LineString","coordinates":[[-49.302148,-25.281059],[-49.302134,-25.281059],[-49.302123,-25.281087],[-49.302127,-25.281109],[-49.302147,-25.281123],[-49.302178,-25.281097],[-49.302148,-25.281059]]}},{"type":"Feature","properties":{"alt":1028.0,"mestra":false},"geometry":{"type":"LineString","coordinates":[[-49.304851,-25.281187],[-49.304857,-25.281202],[-49.304844,-25.28123],[-49.304821,-25.281229],[-49.304807,-25.281211],[-49.304851,-25.281187]]}},{"type":"Feature","properties":{"alt":1028.0,"mestra":false},"geometry":{"type":"LineString","coordinates":[[-49.304858,-25.281384],[-49.304858,-25.2814],[-49.304847,-25.281387],[-49.304858,-25.281384]]}},{"type":"Feature","properties":{"alt":1028.0,"mestra":false},"geometry":{"type":"LineString","coordinates":[[-49.304235,-25.281451],[-49.304243,-25.281473],[-49.304224,-25.2815],[-49.304208,-25.281454],[-49.304235,-25.281451]]}},{"type":"Feature","properties":{"alt":1028.0,"mestra":false},"geometry":{"type":"LineString","coordinates":[[-49.304805,-25.281513],[-49.304805,-25.281513]]}},{"type":"Feature","properties":{"alt":1028.0,"mestra":false},"geometry":{"type":"LineString","coordinates":[[-49.302928,-25.28149],[-49.302952,-25.281533],[-49.302999,-25.281542],[-49.303008,-25.281552],[-49.302998,-25.281566],[-49.302927,-25.28156],[-49.302907,-25.281504],[-49.302928,-25.28149]]}},{"type":"Feature","properties":{"alt":1028.0,"mestra":false},"geometry":{"type":"LineString","coordinates":[[-49.302581,-25.281519],[-49.30257,-25.281528],[-49.30258,-25.281533],[-49.302581,-25.281519]]}},{"type":"Feature","properties":{"alt":1028.0,"mestra":false},"geometry":{"type":"LineString","coordinates":[[-49.30456,-25.281574],[-49.304559,-25.281589],[-49.304569,-25.281579],[-49.30456,-25.281574]]}},{"type":"Feature","properties":{"alt":1028.0,"mestra":false},"geometry":{"type":"LineString","coordinates":[[-49.304232,-25.281617],[-49.304218,-25.281621],[-49.304217,-25.28164],[-49.304252,-25.281666],[-49.304263,-25.281659],[-49.304256,-25.28164],[-49.304232,-25.281617]]}},{"type":"Feature","properties":{"alt":1028.0,"mestra":false},"geometry":{"type":"LineString","coordinates":[[-49.302957,-25.281632],[-49.302958,-25.281644],[-49.302936,-25.281657],[-49.302905,-25.28166],[-49.302905,-25.281643],[-49.302919,-25.281634],[-49.302957,-25.281632]]}},{"type":"Feature","properties":{"alt":1028.0,"mestra":false},"geometry":{"type":"LineString","coordinates":[[-49.302487,-25.281629],[-49.302415,-25.281674],[-49.302425,-25.281721],[-49.302395,-25.281749],[-49.302362,-25.281813],[-49.302388,-25.281906],[-49.302366,-25.281971],[-49.302391,-25.281999],[-49.302318,-25.282026],[-49.302288,-25.281995],[-49.302257,-25.282006],[-49.302225,-25.282035],[-49.30222,-25.282053],[-49.302266,-25.282103],[-49.302297,-25.282104],[-49.302338,-25.28208],[-49.302389,-25.282074],[-49.302418,-25.282046],[-49.302413,-25.282009],[-49.302519,-25.281945],[-49.302551,-25.281881],[-49.302596,-25.281864],[-49.302668,-25.281808],[-49.302629,-25.28169],[-49.302487,-25.281629]]}},{"type":"Feature","properties":{"alt":1028.0,"mestra":false},"geometry":{"type":"LineString","coordinates":[[-49.304272,-25.281701],[-49.304245,-25.281733],[-49.304276,-25.281752],[-49.304281,-25.281768],[-49.304288,-25.281724],[-49.304272,-25.281701]]}},{"type":"Feature","properties":{"alt":1028.0,"mestra":false},"geometry":{"type":"LineString","coordinates":[[-49.303966,-25.281698],[-49.303973,-25.281711],[-49.303964,-25.281721],[-49.303935,-25.281725],[-49.303939,-25.281702],[-49.303966,-25.281698]]}},{"type":"Feature","properties":{"alt":1028.0,"mestra":false},"geometry":{"type":"LineString","coordinates":[[-49.304618,-25.281765],[-49.304618,-25.281778],[-49.304618,-25.281765]]}},{"type":"Feature","properties":{"alt":1028.0,"mestra":false},"geometry":{"type":"LineString","coordinates":[[-49.304271,-25.281768],[-49.304271,-25.281768]]}},{"type":"Feature","properties":{"alt":1028.0,"mestra":false},"geometry":{"type":"LineString","coordinates":[[-49.302903,-25.281815],[-49.302893,-25.281825],[-49.302903,-25.281827],[-49.302903,-25.281815]]}},{"type":"Feature","properties":{"alt":1028.0,"mestra":false},"geometry":{"type":"LineString","coordinates":[[-49.304311,-25.281863],[-49.304287,-25.281873],[-49.304274,-25.28191],[-49.304308,-25.281956],[-49.304312,-25.282003],[-49.304329,-25.282018],[-49.304376,-25.281985],[-49.304377,-25.281966],[-49.304351,-25.281938],[-49.304381,-25.281927],[-49.304383,-25.281911],[-49.304361,-25.281883],[-49.304311,-25.281863]]}},{"type":"Feature","properties":{"alt":1028.0,"mestra":false},"geometry":{"type":"LineString","coordinates":[[-49.302626,-25.281898],[-49.302606,-25.281905],[-49.30256,-25.281955],[-49.302574,-25.281974],[-49.302645,-25.281989],[-49.302654,-25.281965],[-49.302627,-25.281937],[-49.302637,-25.281909],[-49.302626,-25.281898]]}},{"type":"Feature","properties":{"alt":1028.0,"mestra":false},"geometry":{"type":"LineString","coordinates":[[-49.302146,-25.28192],[-49.302126,-25.281921],[-49.302114,-25.28195],[-49.302118,-25.281968],[-49.302135,-25.281979],[-49.302156,-25.281975],[-49.302171,-25.28195],[-49.302146,-25.28192]]}},{"type":"Feature","properties":{"alt":1028.0,"mestra":false},"geometry":{"type":"LineString","coordinates":[[-49.303921,-25.28197],[-49.303891,-25.281978],[-49.303875,-25.282007],[-49.30388,-25.282031],[-49.3039,-25.282044],[-49.303951,-25.282027],[-49.303968,-25.282008],[-49.303961,-25.28198],[-49.303921,-25.28197]]}},{"type":"Feature","properties":{"alt":1028.0,"mestra":false},"geometry":{"type":"LineString","coordinates":[[-49.302503,-25.281991],[-49.302485,-25.282],[-49.302468,-25.282056],[-49.302532,-25.282067],[-49.302528,-25.28201],[-49.302503,-25.281991]]}},{"type":"Feature","properties":{"alt":1028.0,"mestra":false},"geometry":{"type":"LineString","coordinates":[[-49.304359,-25.282056],[-49.304328,-25.282062],[-49.304316,-25.282086],[-49.304358,-25.28212],[-49.304374,-25.282087],[-49.304374,-25.282069],[-49.304359,-25.282056]]}},{"type":"Feature","properties":{"alt":1028.0,"mestra":false},"geometry":{"type":"LineString","coordinates":[[-49.304082,-25.282183],[-49.304051,-25.282212],[-49.304057,-25.282232],[-49.304081,-25.28223],[-49.304098,-25.282214],[-49.304082,-25.282183]]}},{"type":"Feature","properties":{"alt":1028.0,"mestra":false},"geometry":{"type":"LineString","coordinates":[[-49.304142,-25.282256],[-49.304101,-25.282259],[-49.304076,-25.282316],[-49.304029,-25.282334],[-49.304028,-25.282357],[-49.304049,-25.282362],[-49.304141,-25.282336],[-49.304164,-25.282298],[-49.304142,-25.282256]]}},{"type":"Feature","properties":{"alt":1029.0,"mestra":false},"geometry":{"type":"LineString","coordinates":[[-49.303045,-25.277934],[-49.303006,-25.277933]]}},{"type":"Feature","properties":{"alt":1029.0,"mestra":false},"geometry":{"type":"LineString","coordinates":[[-49.304882,-25.279887],[-49.304817,-25.27992],[-49.304787,-25.279915],[-49.304757,-25.279893],[-49.304753,-25.279846],[-49.304813,-25.279795]]}},{"type":"Feature","properties":{"alt":1029.0,"mestra":false},"geometry":{"type":"LineString","coordinates":[[-49.305031,-25.280663],[-49.305011,-25.280659],[-49.304968,-25.280609],[-49.305002,-25.280576],[-49.305022,-25.280571],[-49.305033,-25.28058]]}},{"type":"Feature","properties":{"alt":1029.0,"mestra":false},"geometry":{"type":"LineString","coordinates":[[-49.300498,-25.280847],[-49.300518,-25.280877],[-49.300548,-25.280893],[-49.30064,-25.280898],[-49.300691,-25.280918],[-49.300733,-25.280913],[-49.300752,-25.280876],[-49.300814,-25.280837],[-49.300822,-25.280812],[-49.300799,-25.280793],[-49.300734,-25.280788],[-49.300652,-25.280804],[-49.300628,-25.280791],[-49.300638,-25.280773],[-49.300816,-25.280697],[-49.300889,-25.280639],[-49.300981,-25.280614],[-49.301022,-25.280622],[-49.301114,-25.28061],[-49.301215,-25.280617],[-49.301244,-25.280585],[-49.301246,-25.280511],[-49.301279,-25.280461],[-49.30134,-25.280471],[-49.301375,-25.280503],[-49.301352,-25.280559],[-49.301356,-25.280633],[-49.301409,-25.280643],[-49.301463,-25.280597],[-49.301542,-25.28057],[-49.301554,-25.280525],[-49.301587,-25.280515],[-49.301594,-25.280487],[-49.301626,-25.280456],[-49.301678,-25.280432],[-49.30179,-25.280414],[-49.301841,-25.280422],[-49.301984,-25.280404],[-49.302035,-25.28042],[-49.302096,-25.280405],[-49.302147,-25.280425],[-49.302181,-25.280457],[-49.302235,-25.280467],[-49.302289,-25.2805],[-49.302361,-25.280459],[-49.302412,-25.280461],[-49.302428,-25.280441],[-49.302422,-25.280422],[-49.302382,-25.28038],[-49.302291,-25.280328],[-49.302307,-25.280263],[-49.302368,-25.280208],[-49.302354,-25.280191],[-49.302324,-25.280193],[-49.302312,-25.28018],[-49.302361,-25.280115],[-49.302346,-25.280071],[-49.302279,-25.280031],[-49.302274,-25.280003],[-49.302292,-25.279957],[-49.302379,-25.279865],[-49.30245,-25.279899],[-49.302517,-25.279913],[-49.302551,-25.279963],[-49.302653,-25.279961],[-49.302695,-25.279923],[-49.302706,-25.279897],[-49.302685,-25.279882],[-49.302644,-25.279888],[-49.30264,-25.279877],[-49.302696,-25.279836],[-49.302757,-25.279823],[-49.302787,-25.279786],[-49.302781,-25.279768],[-49.302758,-25.279753],[-49.302697,-25.279783],[-49.302677,-25.279776],[-49.302753,-25.279693],[-49.302751,-25.279647],[-49.302801,-25.279599],[-49.302893,-25.279584],[-49.302903,-25.279593],[-49.302885,-25.279639],[-49.302921,-25.279769],[-49.302993,-25.279769],[-49.303053,-25.279812],[-49.303197,-25.279787],[-49.303278,-25.279787],[-49.303297,-25.279811],[-49.303293,-25.279839],[-49.303242,-25.279884],[-49.303239,-25.279931],[-49.303164,-25.279958],[-49.303162,-25.279995],[-49.303111,-25.28005],[-49.303119,-25.280087],[-49.303158,-25.280125],[-49.303133,-25.280171],[-49.303083,-25.280226],[-49.303084,-25.2803],[-49.303067,-25.280304],[-49.303048,-25.280281],[-49.303026,-25.280276],[-49.302975,-25.280317],[-49.302935,-25.280273],[-49.302909,-25.280289],[-49.302908,-25.280326],[-49.302895,-25.280344],[-49.302909,-25.280363],[-49.302994,-25.280393],[-49.303025,-25.280416],[-49.303076,-25.280405],[-49.303101,-25.280421],[-49.303108,-25.28044],[-49.303096,-25.280486],[-49.303112,-25.280505],[-49.303114,-25.280542],[-49.30315,-25.280598],[-49.303134,-25.280623],[-49.303042,-25.280651],[-49.303,-25.280689],[-49.303029,-25.280726],[-49.303015,-25.280754],[-49.302972,-25.280772],[-49.302971,-25.280855],[-49.302988,-25.280873],[-49.303028,-25.280876],[-49.303059,-25.280899],[-49.303099,-25.280903],[-49.303122,-25.280885],[-49.30313,-25.280839],[-49.303162,-25.280834],[-49.303212,-25.280866],[-49.303254,-25.280868],[-49.30327,-25.280915],[-49.303252,-25.280933],[-49.303262,-25.28095],[-49.303277,-25.280924],[-49.303365,-25.280897],[-49.303371,-25.280916],[-49.303309,-25.280961],[-49.303304,-25.280989],[-49.303333,-25.281014],[-49.303394,-25.281013],[-49.303407,-25.281028],[-49.303373,-25.281064],[-49.303208,-25.281187],[-49.303187,-25.281193],[-49.303157,-25.281182],[-49.303137,-25.281191],[-49.303128,-25.281238],[-49.303099,-25.281256],[-49.303086,-25.281284],[-49.303086,-25.281302],[-49.303114,-25.281328],[-49.303083,-25.281334],[-49.303062,-25.281358],[-49.303081,-25.281395],[-49.303061,-25.281447],[-49.30299,-25.281433],[-49.302929,-25.281443],[-49.302909,-25.281415],[-49.302858,-25.281392],[-49.302802,-25.28141],[-49.302783,-25.281456],[-49.302727,-25.28153],[-49.302733,-25.28157],[-49.302783,-25.281664],[-49.302854,-25.281688],[-49.302874,-25.281685],[-49.302909,-25.281634],[-49.302967,-25.281616],[-49.302998,-25.281594],[-49.303058,-25.281659],[-49.303079,-25.281665],[-49.303105,-25.281655],[-49.303127,-25.281637],[-49.303127,-25.281618],[-49.30308,-25.281545],[-49.30305,-25.281534],[-49.303049,-25.281524],[-49.30306,-25.281515],[-49.303111,-25.281511],[-49.303139,-25.281479],[-49.303143,-25.281451],[-49.303205,-25.281413],[-49.303235,-25.281443],[-49.303204,-25.281469],[-49.303205,-25.281489],[-49.303273,-25.281593],[-49.303294,-25.281603],[-49.303396,-25.28157],[-49.3034,-25.281547],[-49.303347,-25.281435],[-49.303327,-25.281418],[-49.3033,-25.281416],[-49.303306,-25.281407],[-49.303544,-25.281232],[-49.303749,-25.281171],[-49.303771,-25.281189],[-49.303782,-25.281236],[-49.303739,-25.281263],[-49.303738,-25.281282],[-49.303781,-25.281329],[-49.303862,-25.281357],[-49.303859,-25.281422],[-49.30388,-25.281469],[-49.303877,-25.281515],[-49.30384,-25.281571],[-49.303855,-25.281682],[-49.303834,-25.281719],[-49.303894,-25.281758],[-49.303934,-25.281763],[-49.303955,-25.281785],[-49.303985,-25.281789],[-49.303986,-25.281737],[-49.303976,-25.28173],[-49.303935,-25.281747],[-49.303923,-25.281729],[-49.303928,-25.281702],[-49.303956,-25.281689],[-49.303986,-25.28169],[-49.303999,-25.281665],[-49.303983,-25.281628],[-49.303993,-25.281591],[-49.303983,-25.281563],[-49.30393,-25.281544],[-49.303919,-25.281525],[-49.303963,-25.281489],[-49.303945,-25.281433],[-49.303969,-25.281396],[-49.303961,-25.281335],[-49.304064,-25.281273],[-49.304114,-25.281312],[-49.304147,-25.28137],[-49.304142,-25.281407],[-49.304171,-25.281445],[-49.30417,-25.281491],[-49.304183,-25.281499],[-49.304204,-25.281493],[-49.304197,-25.281445],[-49.304235,-25.281436],[-49.304266,-25.281413],[-49.304297,-25.281325],[-49.304268,-25.281255],[-49.304208,-25.281213],[-49.304212,-25.281194],[-49.304255,-25.281149],[-49.304223,-25.281074],[-49.304161,-25.281055],[-49.304169,-25.281046],[-49.30421,-25.28105],[-49.304221,-25.280993],[-49.304303,-25.28097],[-49.304344,-25.280945],[-49.304436,-25.280948],[-49.304487,-25.280917],[-49.304583,-25.280893],[-49.304642,-25.280921],[-49.30465,-25.280953],[-49.30468,-25.280964],[-49.30474,-25.281024],[-49.304716,-25.281089],[-49.304719,-25.281146],[-49.304755,-25.281173],[-49.304747,-25.281201],[-49.304764,-25.281257],[-49.304828,-25.281276],[-49.30482,-25.281313],[-49.3048,-25.28134],[-49.304797,-25.281381],[-49.304777,-25.281382],[-49.304736,-25.281336],[-49.304686,-25.281314],[-49.304651,-25.281329],[-49.30465,-25.281367],[-49.304623,-25.281394],[-49.304645,-25.281441],[-49.304694,-25.281477],[-49.304724,-25.281479],[-49.304741,-25.281516],[-49.304775,-25.281517],[-49.304816,-25.281494],[-49.304837,-25.281499],[-49.30481,-25.281545],[-49.304798,-25.2816],[-49.304809,-25.281647],[-49.304783,-25.281671],[-49.304762,-25.28167],[-49.304736,-25.281618],[-49.304682,-25.281602],[-49.30464,-25.281641],[-49.304634,-25.281682],[-49.30466,-25.281701],[-49.304711,-25.281707],[-49.304771,-25.281759],[-49.304786,-25.281786],[-49.304735,-25.281813],[-49.30475,-25.28184],[-49.30477,-25.281848],[-49.304801,-25.281822],[-49.304821,-25.281844],[-49.304844,-25.281916],[-49.3048,-25.281944],[-49.30479,-25.282008],[-49.304798,-25.28203],[-49.304829,-25.282044],[-49.30491,-25.28205],[-49.304931,-25.282035],[-49.304962,-25.281982],[-49.304998,-25.28196]]}},{"type":"Feature","properties":{"alt":1029.0,"mestra":false},"geometry":{"type":"LineString","coordinates":[[-49.305027,-25.280984],[-49.304965,-25.28098],[-49.304956,-25.280962],[-49.304971,-25.280934],[-49.304956,-25.280918],[-49.304895,-25.280951],[-49.304884,-25.280905],[-49.304906,-25.280875],[-49.304967,-25.280903],[-49.305028,-25.280896]]}},{"type":"Feature","properties":{"alt":1029.0,"mestra":false},"geometry":{"type":"LineString","coordinates":[[-49.300499,-25.281633],[-49.300497,-25.28118],[-49.300507,-25.281068],[-49.300495,-25.281024]]}},{"type":"Feature","properties":{"alt":1029.0,"mestra":false},"geometry":{"type":"LineString","coordinates":[[-49.305015,-25.281875],[-49.304943,-25.281854],[-49.304912,-25.281787],[-49.304924,-25.28176],[-49.304975,-25.281777],[-49.305016,-25.281773]]}},{"type":"Feature","properties":{"alt":1029.0,"mestra":false},"geometry":{"type":"LineString","coordinates":[[-49.303088,-25.282744],[-49.303047,-25.282758]]}},{"type":"Feature","properties":{"alt":1029.0,"mestra":false},"geometry":{"type":"LineString","coordinates":[[-49.30256,-25.280088],[-49.302524,-25.280099],[-49.302527,-25.280117],[-49.302549,-25.280131],[-49.302574,-25.280118],[-49.30256,-25.280088]]}},{"type":"Feature","properties":{"alt":1029.0,"mestra":false},"geometry":{"type":"LineString","coordinates":[[-49.301793,-25.280216],[-49.301833,-25.280238],[-49.301976,-25.280232],[-49.301989,-25.28025],[-49.301975,-25.280278],[-49.301903,-25.28033],[-49.301792,-25.280261],[-49.301771,-25.28022],[-49.301793,-25.280216]]}},{"type":"Feature","properties":{"alt":1029.0,"mestra":false},"geometry":{"type":"LineString","coordinates":[[-49.302128,-25.280317],[-49.302167,-25.280354],[-49.302148,-25.280357],[-49.302111,-25.280335],[-49.302117,-25.280317],[-49.302128,-25.280317]]}},{"type":"Feature","properties":{"alt":1029.0,"mestra":false},"geometry":{"type":"LineString","coordinates":[[-49.302209,-25.280354],[-49.30225,-25.280367],[-49.302249,-25.2804],[-49.302229,-25.280407],[-49.302209,-25.280383],[-49.302178,-25.280373],[-49.302178,-25.280361],[-49.302209,-25.280354]]}},{"type":"Feature","properties":{"alt":1029.0,"mestra":false},"geometry":{"type":"LineString","coordinates":[[-49.301209,-25.280387],[-49.301244,-25.280418],[-49.301249,-25.28044],[-49.301171,-25.280436],[-49.301214,-25.280408],[-49.301198,-25.28039],[-49.301209,-25.280387]]}},{"type":"Feature","properties":{"alt":1029.0,"mestra":false},"geometry":{"type":"LineString","coordinates":[[-49.301392,-25.2804],[-49.3014,-25.280411],[-49.301392,-25.280421],[-49.30138,-25.28041],[-49.301392,-25.2804]]}},{"type":"Feature","properties":{"alt":1029.0,"mestra":false},"geometry":{"type":"LineString","coordinates":[[-49.301411,-25.280513],[-49.301429,-25.280532],[-49.301421,-25.280538],[-49.301396,-25.280522],[-49.301397,-25.280513],[-49.301411,-25.280513]]}},{"type":"Feature","properties":{"alt":1029.0,"mestra":false},"geometry":{"type":"LineString","coordinates":[[-49.302796,-25.280675],[-49.302776,-25.280671],[-49.302755,-25.280686],[-49.302786,-25.280723],[-49.302837,-25.280725],[-49.302868,-25.280706],[-49.302796,-25.280675]]}},{"type":"Feature","properties":{"alt":1029.0,"mestra":false},"geometry":{"type":"LineString","coordinates":[[-49.302949,-25.280696],[-49.302922,-25.280697],[-49.302928,-25.280723],[-49.302949,-25.28072],[-49.302949,-25.280696]]}},{"type":"Feature","properties":{"alt":1029.0,"mestra":false},"geometry":{"type":"LineString","coordinates":[[-49.301429,-25.280695],[-49.301407,-25.280708],[-49.301424,-25.280708],[-49.301429,-25.280695]]}},{"type":"Feature","properties":{"alt":1029.0,"mestra":false},"geometry":{"type":"LineString","coordinates":[[-49.303204,-25.280753],[-49.303207,-25.280765],[-49.303193,-25.280772],[-49.303177,-25.280756],[-49.303204,-25.280753]]}},{"type":"Feature","properties":{"alt":1029.0,"mestra":false},"geometry":{"type":"LineString","coordinates":[[-49.30304,-25.280763],[-49.303092,-25.280773],[-49.303106,-25.280811],[-49.303101,-25.280829],[-49.303047,-25.280838],[-49.30304,-25.280763]]}},{"type":"Feature","properties":{"alt":1029.0,"mestra":false},"geometry":{"type":"LineString","coordinates":[[-49.302775,-25.280764],[-49.302754,-25.280769],[-49.302749,-25.280788],[-49.302791,-25.280816],[-49.302799,-25.280835],[-49.302744,-25.280927],[-49.302741,-25.280956],[-49.302792,-25.280985],[-49.302823,-25.280983],[-49.302833,-25.280953],[-49.302852,-25.280975],[-49.302915,-25.280978],[-49.302938,-25.280939],[-49.30293,-25.280892],[-49.302864,-25.280826],[-49.302876,-25.280791],[-49.302825,-25.280804],[-49.302775,-25.280764]]}},{"type":"Feature","properties":{"alt":1029.0,"mestra":false},"geometry":{"type":"LineString","coordinates":[[-49.301284,-25.280799],[-49.301258,-25.280817],[-49.301263,-25.280853],[-49.301283,-25.280866],[-49.301314,-25.280863],[-49.301336,-25.280846],[-49.301336,-25.280827],[-49.301284,-25.280799]]}},{"type":"Feature","properties":{"alt":1029.0,"mestra":false},"geometry":{"type":"LineString","coordinates":[[-49.301192,-25.280852],[-49.301161,-25.280857],[-49.30114,-25.280881],[-49.30114,-25.280907],[-49.30116,-25.280923],[-49.301201,-25.280925],[-49.301267,-25.280892],[-49.301263,-25.280868],[-49.301192,-25.280852]]}},{"type":"Feature","properties":{"alt":1029.0,"mestra":false},"geometry":{"type":"LineString","coordinates":[[-49.304701,-25.280949],[-49.304707,-25.280959],[-49.304691,-25.280961],[-49.304701,-25.280949]]}},{"type":"Feature","properties":{"alt":1029.0,"mestra":false},"geometry":{"type":"LineString","coordinates":[[-49.304609,-25.280983],[-49.304588,-25.28098],[-49.30457,-25.280994],[-49.304588,-25.281026],[-49.304631,-25.281014],[-49.304629,-25.280997],[-49.304609,-25.280983]]}},{"type":"Feature","properties":{"alt":1029.0,"mestra":false},"geometry":{"type":"LineString","coordinates":[[-49.304904,-25.281046],[-49.304903,-25.281083],[-49.304891,-25.281054],[-49.304904,-25.281046]]}},{"type":"Feature","properties":{"alt":1029.0,"mestra":false},"geometry":{"type":"LineString","coordinates":[[-49.30324,-25.281034],[-49.30324,-25.281046],[-49.30324,-25.281034]]}},{"type":"Feature","properties":{"alt":1029.0,"mestra":false},"geometry":{"type":"LineString","coordinates":[[-49.301149,-25.281009],[-49.301098,-25.281005],[-49.301062,-25.281019],[-49.301048,-25.281037],[-49.301065,-25.281075],[-49.301127,-25.281101],[-49.301173,-25.281095],[-49.301179,-25.281068],[-49.301149,-25.281009]]}},{"type":"Feature","properties":{"alt":1029.0,"mestra":false},"geometry":{"type":"LineString","coordinates":[[-49.302148,-25.281063],[-49.302138,-25.28106],[-49.302126,-25.281087],[-49.302128,-25.281106],[-49.302147,-25.281119],[-49.302174,-25.281097],[-49.302148,-25.281063]]}},{"type":"Feature","properties":{"alt":1029.0,"mestra":false},"geometry":{"type":"LineString","coordinates":[[-49.304861,-25.281172],[-49.304864,-25.281221],[-49.304839,-25.281256],[-49.304784,-25.281201],[-49.304861,-25.281172]]}},{"type":"Feature","properties":{"alt":1029.0,"mestra":false},"geometry":{"type":"LineString","coordinates":[[-49.303565,-25.281178],[-49.303565,-25.281178]]}},{"type":"Feature","properties":{"alt":1029.0,"mestra":false},"geometry":{"type":"LineString","coordinates":[[-49.304605,-25.281263],[-49.304574,-25.281259],[-49.304536,-25.281282],[-49.304553,-25.281319],[-49.304583,-25.281329],[-49.304633,-25.281311],[-49.304635,-25.281283],[-49.304605,-25.281263]]}},{"type":"Feature","properties":{"alt":1029.0,"mestra":false},"geometry":{"type":"LineString","coordinates":[[-49.304858,-25.281374],[-49.304871,-25.281397],[-49.304858,-25.281417],[-49.304832,-25.281387],[-49.304858,-25.281374]]}},{"type":"Feature","properties":{"alt":1029.0,"mestra":false},"geometry":{"type":"LineString","coordinates":[[-49.303735,-25.281439],[-49.303704,-25.281446],[-49.303663,-25.281435],[-49.303642,-25.281476],[-49.303683,-25.281486],[-49.303728,-25.281477],[-49.303745,-25.281458],[-49.303735,-25.281439]]}},{"type":"Feature","properties":{"alt":1029.0,"mestra":false},"geometry":{"type":"LineString","coordinates":[[-49.303521,-25.281436],[-49.303449,-25.281428],[-49.303433,-25.281436],[-49.303431,-25.281547],[-49.303443,-25.281566],[-49.303509,-25.281566],[-49.303545,-25.28153],[-49.303536,-25.281456],[-49.303521,-25.281436]]}},{"type":"Feature","properties":{"alt":1029.0,"mestra":false},"geometry":{"type":"LineString","coordinates":[[-49.304265,-25.281472],[-49.304246,-25.281492],[-49.304254,-25.281508],[-49.304277,-25.281492],[-49.304265,-25.281472]]}},{"type":"Feature","properties":{"alt":1029.0,"mestra":false},"geometry":{"type":"LineString","coordinates":[[-49.302928,-25.281484],[-49.302957,-25.281533],[-49.302999,-25.281539],[-49.303014,-25.281552],[-49.302998,-25.281576],[-49.302937,-25.281567],[-49.302917,-25.281553],[-49.302904,-25.281504],[-49.302928,-25.281484]]}},{"type":"Feature","properties":{"alt":1029.0,"mestra":false},"geometry":{"type":"LineString","coordinates":[[-49.304284,-25.281548],[-49.304262,-25.281548],[-49.304255,-25.281575],[-49.304304,-25.281578],[-49.304308,-25.281557],[-49.304284,-25.281548]]}},{"type":"Feature","properties":{"alt":1029.0,"mestra":false},"geometry":{"type":"LineString","coordinates":[[-49.302487,-25.281639],[-49.302473,-25.281648],[-49.30249,-25.281666],[-49.302404,-25.281756],[-49.302376,-25.281814],[-49.302396,-25.281907],[-49.302373,-25.281962],[-49.302421,-25.281993],[-49.302502,-25.281945],[-49.302545,-25.281871],[-49.302596,-25.281859],[-49.302643,-25.281826],[-49.302661,-25.281798],[-49.302623,-25.281696],[-49.302507,-25.28166],[-49.302487,-25.281639]]}},{"type":"Feature","properties":{"alt":1029.0,"mestra":false},"geometry":{"type":"LineString","coordinates":[[-49.302436,-25.281672],[-49.302423,-25.281684],[-49.302435,-25.281694],[-49.302436,-25.281672]]}},{"type":"Feature","properties":{"alt":1029.0,"mestra":false},"geometry":{"type":"LineString","coordinates":[[-49.303984,-25.28185],[-49.303974,-25.281849],[-49.303974,-25.28186],[-49.303984,-25.281861],[-49.303984,-25.28185]]}},{"type":"Feature","properties":{"alt":1029.0,"mestra":false},"geometry":{"type":"LineString","coordinates":[[-49.304321,-25.28187],[-49.30429,-25.281878],[-49.304279,-25.28191],[-49.304318,-25.281957],[-49.304317,-25.281994],[-49.304329,-25.282007],[-49.304364,-25.281976],[-49.304333,-25.281938],[-49.304355,-25.281911],[-49.304353,-25.281892],[-49.304321,-25.28187]]}},{"type":"Feature","properties":{"alt":1029.0,"mestra":false},"geometry":{"type":"LineString","coordinates":[[-49.303963,-25.281901],[-49.303946,-25.281915],[-49.303953,-25.28193],[-49.303973,-25.281915],[-49.303963,-25.281901]]}},{"type":"Feature","properties":{"alt":1029.0,"mestra":false},"geometry":{"type":"LineString","coordinates":[[-49.302626,-25.281903],[-49.302601,-25.281918],[-49.302596,-25.281946],[-49.302605,-25.281952],[-49.302615,-25.281951],[-49.302626,-25.281903]]}},{"type":"Feature","properties":{"alt":1029.0,"mestra":false},"geometry":{"type":"LineString","coordinates":[[-49.304034,-25.281933],[-49.304015,-25.281934],[-49.304011,-25.281953],[-49.304024,-25.28199],[-49.304043,-25.282001],[-49.304055,-25.281981],[-49.304034,-25.281933]]}},{"type":"Feature","properties":{"alt":1029.0,"mestra":false},"geometry":{"type":"LineString","coordinates":[[-49.302146,-25.281935],[-49.302127,-25.28195],[-49.302136,-25.281968],[-49.302158,-25.28196],[-49.302146,-25.281935]]}},{"type":"Feature","properties":{"alt":1029.0,"mestra":false},"geometry":{"type":"LineString","coordinates":[[-49.302636,-25.281964],[-49.302636,-25.281964]]}},{"type":"Feature","properties":{"alt":1029.0,"mestra":false},"geometry":{"type":"LineString","coordinates":[[-49.303941,-25.281988],[-49.303901,-25.281986],[-49.303884,-25.282007],[-49.303888,-25.282026],[-49.30391,-25.282033],[-49.30394,-25.282017],[-49.303952,-25.281999],[-49.303941,-25.281988]]}},{"type":"Feature","properties":{"alt":1029.0,"mestra":false},"geometry":{"type":"LineString","coordinates":[[-49.302513,-25.282009],[-49.302492,-25.282007],[-49.302492,-25.282034],[-49.302512,-25.282024],[-49.302513,-25.282009]]}},{"type":"Feature","properties":{"alt":1029.0,"mestra":false},"geometry":{"type":"LineString","coordinates":[[-49.302288,-25.282002],[-49.302257,-25.282016],[-49.302249,-25.282053],[-49.302256,-25.28208],[-49.302277,-25.282094],[-49.302307,-25.282091],[-49.302338,-25.282063],[-49.302379,-25.28207],[-49.302407,-25.282046],[-49.3024,-25.282021],[-49.30238,-25.282017],[-49.302318,-25.282046],[-49.302288,-25.282002]]}},{"type":"Feature","properties":{"alt":1029.0,"mestra":false},"geometry":{"type":"LineString","coordinates":[[-49.304338,-25.282068],[-49.304325,-25.282087],[-49.304348,-25.282102],[-49.304359,-25.28208],[-49.304338,-25.282068]]}},{"type":"Feature","properties":{"alt":1029.0,"mestra":false},"geometry":{"type":"LineString","coordinates":[[-49.304142,-25.28226],[-49.304121,-25.282257],[-49.304101,-25.28227],[-49.304088,-25.282316],[-49.3041,-25.282331],[-49.304131,-25.282333],[-49.304153,-25.282316],[-49.304161,-25.282289],[-49.304142,-25.28226]]}},{"type":"Feature","properties":{"alt":1030.0,"mestra":true},"geometry":{"type":"LineString","coordinates":[[-49.30305,-25.277934],[-49.303002,-25.277933]]}},{"type":"Feature","properties":{"alt":1030.0,"mestra":true},"geometry":{"type":"LineString","coordinates":[[-49.304885,-25.27989],[-49.304827,-25.279926],[-49.304787,-25.279921],[-49.304756,-25.2799],[-49.304744,-25.279874],[-49.304747,-25.279846],[-49.30481,-25.279792]]}},{"type":"Feature","properties":{"alt":1030.0,"mestra":true},"geometry":{"type":"LineString","coordinates":[[-49.305031,-25.280669],[-49.30501,-25.280666],[-49.304959,-25.280609],[-49.304992,-25.280573],[-49.305033,-25.280571]]}},{"type":"Feature","properties":{"alt":1030.0,"mestra":true},"geometry":{"type":"LineString","coordinates":[[-49.300498,-25.280826],[-49.300519,-25.280785],[-49.30059,-25.280802],[-49.300617,-25.280773],[-49.300673,-25.280744],[-49.300806,-25.280694],[-49.300879,-25.280634],[-49.300954,-25.28061],[-49.300971,-25.280575],[-49.301022,-25.280604],[-49.301211,-25.280594],[-49.301236,-25.280566],[-49.301239,-25.280548],[-49.301201,-25.28051],[-49.301232,-25.280492],[-49.301239,-25.280474],[-49.301157,-25.280456],[-49.301145,-25.280436],[-49.301188,-25.280371],[-49.301237,-25.280381],[-49.3013,-25.280444],[-49.30134,-25.280457],[-49.30138,-25.280495],[-49.301438,-25.280522],[-49.301443,-25.280532],[-49.301431,-25.280547],[-49.30138,-25.280524],[-49.301359,-25.280543],[-49.301373,-25.280624],[-49.301389,-25.280634],[-49.301412,-25.280633],[-49.301451,-25.280589],[-49.301531,-25.28057],[-49.301554,-25.2805],[-49.301667,-25.280423],[-49.301758,-25.280415],[-49.30178,-25.280403],[-49.301841,-25.280415],[-49.301984,-25.280398],[-49.302035,-25.280405],[-49.302066,-25.280385],[-49.302116,-25.280403],[-49.302143,-25.280401],[-49.302144,-25.280364],[-49.302103,-25.280335],[-49.302106,-25.280317],[-49.302118,-25.280312],[-49.302189,-25.280349],[-49.302252,-25.280365],[-49.302256,-25.280393],[-49.302224,-25.28042],[-49.302198,-25.280388],[-49.302168,-25.280383],[-49.302148,-25.280401],[-49.302143,-25.28041],[-49.302185,-25.280457],[-49.302228,-25.280462],[-49.302299,-25.280498],[-49.302361,-25.280457],[-49.302401,-25.280457],[-49.302415,-25.280432],[-49.302382,-25.280385],[-49.302321,-25.280347],[-49.302281,-25.280347],[-49.302275,-25.280337],[-49.302296,-25.280291],[-49.302297,-25.280254],[-49.302348,-25.280208],[-49.302313,-25.280199],[-49.302305,-25.28018],[-49.302356,-25.280125],[-49.302346,-25.280075],[-49.30227,-25.280031],[-49.302284,-25.279957],[-49.302369,-25.279853],[-49.30245,-25.279893],[-49.302521,-25.27991],[-49.302541,-25.279946],[-49.302561,-25.279959],[-49.302643,-25.279947],[-49.302697,-25.279897],[-49.302675,-25.279888],[-49.302644,-25.279898],[-49.30263,-25.279887],[-49.302634,-25.279871],[-49.302706,-25.279825],[-49.302757,-25.279815],[-49.302781,-25.279786],[-49.302774,-25.279768],[-49.302748,-25.279757],[-49.302696,-25.27979],[-49.302671,-25.279776],[-49.302749,-25.279693],[-49.30275,-25.279638],[-49.302801,-25.279592],[-49.302893,-25.279571],[-49.302955,-25.279575],[-49.302964,-25.279603],[-49.302923,-25.279624],[-49.302915,-25.279639],[-49.302962,-25.279741],[-49.303085,-25.27977],[-49.303105,-25.279794],[-49.303197,-25.279762],[-49.303289,-25.279766],[-49.303314,-25.279792],[-49.303312,-25.279839],[-49.303247,-25.279884],[-49.303246,-25.279931],[-49.303168,-25.279958],[-49.30316,-25.280004],[-49.303112,-25.28005],[-49.303121,-25.280086],[-49.303155,-25.280106],[-49.303162,-25.280125],[-49.303138,-25.280171],[-49.303088,-25.280226],[-49.303094,-25.280272],[-49.303077,-25.280314],[-49.303037,-25.280279],[-49.303016,-25.280282],[-49.302975,-25.28032],[-49.302935,-25.280276],[-49.302912,-25.280289],[-49.302913,-25.280332],[-49.302901,-25.280344],[-49.302915,-25.280363],[-49.302994,-25.28039],[-49.303025,-25.280414],[-49.303076,-25.280402],[-49.303104,-25.280421],[-49.303111,-25.28044],[-49.303099,-25.280486],[-49.303115,-25.280505],[-49.303116,-25.280542],[-49.303152,-25.280598],[-49.303144,-25.280619],[-49.303044,-25.280652],[-49.303002,-25.280689],[-49.303031,-25.280726],[-49.303024,-25.280754],[-49.302974,-25.280772],[-49.302973,-25.280856],[-49.302988,-25.280871],[-49.303039,-25.280875],[-49.303069,-25.2809],[-49.303099,-25.280901],[-49.303123,-25.280876],[-49.303124,-25.280839],[-49.303162,-25.280832],[-49.303212,-25.280864],[-49.303261,-25.280868],[-49.303283,-25.280913],[-49.303334,-25.280908],[-49.303355,-25.280885],[-49.30338,-25.280916],[-49.303315,-25.280962],[-49.303309,-25.280989],[-49.303343,-25.281012],[-49.303404,-25.281008],[-49.303416,-25.281028],[-49.303208,-25.281192],[-49.303187,-25.281199],[-49.303145,-25.281192],[-49.303135,-25.281238],[-49.303093,-25.281284],[-49.30314,-25.28134],[-49.303077,-25.281358],[-49.303083,-25.281404],[-49.303068,-25.28145],[-49.30298,-25.281436],[-49.302929,-25.281447],[-49.302909,-25.281418],[-49.302858,-25.281395],[-49.302804,-25.28141],[-49.302785,-25.281456],[-49.302729,-25.28153],[-49.302734,-25.281567],[-49.302783,-25.281656],[-49.302864,-25.28168],[-49.302901,-25.281634],[-49.302975,-25.281598],[-49.302978,-25.281579],[-49.302927,-25.281566],[-49.302913,-25.281551],[-49.302901,-25.281504],[-49.302928,-25.281478],[-49.302958,-25.28153],[-49.303015,-25.281543],[-49.303012,-25.281589],[-49.303058,-25.28165],[-49.303079,-25.281659],[-49.303099,-25.281652],[-49.303118,-25.281637],[-49.303115,-25.281609],[-49.303078,-25.281553],[-49.303039,-25.281534],[-49.30306,-25.281509],[-49.303111,-25.281504],[-49.303132,-25.281479],[-49.303133,-25.281451],[-49.303194,-25.281409],[-49.303215,-25.281413],[-49.303245,-25.281443],[-49.303208,-25.28148],[-49.303284,-25.281591],[-49.303304,-25.281592],[-49.303386,-25.281558],[-49.303337,-25.28143],[-49.30328,-25.281425],[-49.30356,-25.281206],[-49.303444,-25.281059],[-49.303518,-25.281112],[-49.303555,-25.28116],[-49.303626,-25.281158],[-49.303719,-25.281111],[-49.30373,-25.281115],[-49.303712,-25.281142],[-49.303739,-25.281147],[-49.303801,-25.281114],[-49.303902,-25.281185],[-49.303942,-25.281199],[-49.303983,-25.281189],[-49.304025,-25.281148],[-49.304065,-25.281161],[-49.304116,-25.281148],[-49.304129,-25.281156],[-49.304101,-25.281184],[-49.304101,-25.281221],[-49.304129,-25.281286],[-49.304132,-25.281333],[-49.304172,-25.28137],[-49.304155,-25.281417],[-49.304184,-25.281432],[-49.304225,-25.28143],[-49.304258,-25.281408],[-49.304293,-25.281325],[-49.304258,-25.281253],[-49.304207,-25.281251],[-49.304187,-25.281232],[-49.304156,-25.281242],[-49.304142,-25.281231],[-49.304156,-25.281207],[-49.304197,-25.281201],[-49.304251,-25.281149],[-49.304218,-25.281083],[-49.304148,-25.281055],[-49.304159,-25.281029],[-49.30419,-25.281029],[-49.3042,-25.281016],[-49.304189,-25.280962],[-49.304241,-25.280969],[-49.304303,-25.280936],[-49.304375,-25.280914],[-49.304416,-25.280908],[-49.304456,-25.280915],[-49.30459,-25.280883],[-49.304655,-25.280912],[-49.30472,-25.280959],[-49.304709,-25.280987],[-49.304751,-25.281034],[-49.304722,-25.281089],[-49.304729,-25.281145],[-49.30477,-25.281152],[-49.3048,-25.28118],[-49.30483,-25.281178],[-49.304861,-25.28116],[-49.30488,-25.281174],[-49.304879,-25.281221],[-49.304839,-25.281277],[-49.304832,-25.281322],[-49.304808,-25.281359],[-49.304817,-25.281373],[-49.304848,-25.281365],[-49.304871,-25.281378],[-49.304869,-25.281453],[-49.304837,-25.28141],[-49.304799,-25.281424],[-49.304788,-25.281396],[-49.304746,-25.281352],[-49.304686,-25.281321],[-49.304662,-25.28133],[-49.304655,-25.281367],[-49.304629,-25.281394],[-49.30465,-25.281441],[-49.304731,-25.281479],[-49.304744,-25.281512],[-49.304764,-25.281515],[-49.304816,-25.281488],[-49.304846,-25.281493],[-49.304814,-25.28161],[-49.304837,-25.281647],[-49.304783,-25.281678],[-49.304757,-25.281674],[-49.30473,-25.281618],[-49.304682,-25.281606],[-49.304641,-25.281645],[-49.304637,-25.281682],[-49.30466,-25.281698],[-49.304711,-25.281702],[-49.304774,-25.281758],[-49.304787,-25.281795],[-49.30474,-25.281809],[-49.30475,-25.281838],[-49.30477,-25.281846],[-49.304801,-25.281814],[-49.304821,-25.281835],[-49.30485,-25.281916],[-49.30484,-25.281934],[-49.30481,-25.281944],[-49.304795,-25.282008],[-49.304802,-25.282027],[-49.30491,-25.282041],[-49.304925,-25.282028],[-49.304942,-25.281976],[-49.304995,-25.281953]]}},{"type":"Feature","properties":{"alt":1030.0,"mestra":true},"geometry":{"type":"LineString","coordinates":[[-49.305027,-25.280997],[-49.304955,-25.280987],[-49.304956,-25.280927],[-49.304884,-25.28097],[-49.304863,-25.280951],[-49.304885,-25.280934],[-49.304881,-25.280896],[-49.304906,-25.280869],[-49.304977,-25.280897],[-49.305028,-25.280882]]}},{"type":"Feature","properties":{"alt":1030.0,"mestra":true},"geometry":{"type":"LineString","coordinates":[[-49.300498,-25.281633],[-49.300503,-25.281078],[-49.300495,-25.281035]]}},{"type":"Feature","properties":{"alt":1030.0,"mestra":true},"geometry":{"type":"LineString","coordinates":[[-49.305014,-25.281917],[-49.304996,-25.28189],[-49.304933,-25.281851],[-49.304904,-25.281796],[-49.304893,-25.28174],[-49.304935,-25.281731],[-49.304975,-25.281754],[-49.305016,-25.281748]]}},{"type":"Feature","properties":{"alt":1030.0,"mestra":true},"geometry":{"type":"LineString","coordinates":[[-49.303089,-25.282744],[-49.303049,-25.282758]]}},{"type":"Feature","properties":{"alt":1030.0,"mestra":true},"geometry":{"type":"LineString","coordinates":[[-49.302549,-25.28009],[-49.302527,-25.280108],[-49.302559,-25.280129],[-49.30257,-25.280099],[-49.302549,-25.28009]]}},{"type":"Feature","properties":{"alt":1030.0,"mestra":true},"geometry":{"type":"LineString","coordinates":[[-49.302232,-25.280169],[-49.302232,-25.280169]]}},{"type":"Feature","properties":{"alt":1030.0,"mestra":true},"geometry":{"type":"LineString","coordinates":[[-49.302242,-25.280174],[-49.302236,-25.280179],[-49.302242,-25.280174]]}},{"type":"Feature","properties":{"alt":1030.0,"mestra":true},"geometry":{"type":"LineString","coordinates":[[-49.301793,-25.280208],[-49.301843,-25.280234],[-49.301976,-25.280228],[-49.301993,-25.280241],[-49.301992,-25.28026],[-49.301924,-25.280334],[-49.301903,-25.28034],[-49.301786,-25.280267],[-49.301772,-25.280238],[-49.301728,-25.280229],[-49.301742,-25.280206],[-49.301793,-25.280208]]}},{"type":"Feature","properties":{"alt":1030.0,"mestra":true},"geometry":{"type":"LineString","coordinates":[[-49.302242,-25.28022],[-49.302258,-25.280244],[-49.302241,-25.280256],[-49.302222,-25.280235],[-49.302242,-25.28022]]}},{"type":"Feature","properties":{"alt":1030.0,"mestra":true},"geometry":{"type":"LineString","coordinates":[[-49.301392,-25.280382],[-49.301412,-25.28041],[-49.301412,-25.28043],[-49.301367,-25.28042],[-49.30137,-25.280382],[-49.301392,-25.280382]]}},{"type":"Feature","properties":{"alt":1030.0,"mestra":true},"geometry":{"type":"LineString","coordinates":[[-49.300911,-25.280533],[-49.300911,-25.280553],[-49.30089,-25.280563],[-49.30088,-25.280556],[-49.300911,-25.280533]]}},{"type":"Feature","properties":{"alt":1030.0,"mestra":true},"geometry":{"type":"LineString","coordinates":[[-49.302786,-25.280674],[-49.30276,-25.280686],[-49.302777,-25.280714],[-49.302816,-25.280725],[-49.302848,-25.280715],[-49.302834,-25.280696],[-49.302786,-25.280674]]}},{"type":"Feature","properties":{"alt":1030.0,"mestra":true},"geometry":{"type":"LineString","coordinates":[[-49.302939,-25.280693],[-49.30292,-25.280706],[-49.302939,-25.280724],[-49.302951,-25.280707],[-49.302939,-25.280693]]}},{"type":"Feature","properties":{"alt":1030.0,"mestra":true},"geometry":{"type":"LineString","coordinates":[[-49.303183,-25.280746],[-49.303214,-25.280752],[-49.303214,-25.280766],[-49.303183,-25.280773],[-49.30317,-25.280746],[-49.303183,-25.280746]]}},{"type":"Feature","properties":{"alt":1030.0,"mestra":true},"geometry":{"type":"LineString","coordinates":[[-49.30304,-25.28076],[-49.303095,-25.280773],[-49.303106,-25.280829],[-49.303059,-25.280843],[-49.303043,-25.280838],[-49.303026,-25.280763],[-49.30304,-25.28076]]}},{"type":"Feature","properties":{"alt":1030.0,"mestra":true},"geometry":{"type":"LineString","coordinates":[[-49.302775,-25.280768],[-49.302762,-25.28077],[-49.302752,-25.280788],[-49.3028,-25.280816],[-49.302804,-25.280844],[-49.302751,-25.280927],[-49.302747,-25.280955],[-49.302792,-25.280982],[-49.302819,-25.280974],[-49.302823,-25.280946],[-49.302864,-25.280973],[-49.302912,-25.280975],[-49.302933,-25.280939],[-49.302921,-25.280883],[-49.302856,-25.280815],[-49.302815,-25.280806],[-49.302775,-25.280768]]}},{"type":"Feature","properties":{"alt":1030.0,"mestra":true},"geometry":{"type":"LineString","coordinates":[[-49.302866,-25.280798],[-49.302866,-25.280798]]}},{"type":"Feature","properties":{"alt":1030.0,"mestra":true},"geometry":{"type":"LineString","coordinates":[[-49.303366,-25.28081],[-49.303356,-25.280814],[-49.303366,-25.28081]]}},{"type":"Feature","properties":{"alt":1030.0,"mestra":true},"geometry":{"type":"LineString","coordinates":[[-49.300784,-25.280811],[-49.300776,-25.280821],[-49.300786,-25.280821],[-49.300784,-25.280811]]}},{"type":"Feature","properties":{"alt":1030.0,"mestra":true},"geometry":{"type":"LineString","coordinates":[[-49.300733,-25.280808],[-49.300602,-25.280819],[-49.300578,-25.280874],[-49.300671,-25.280881],[-49.300712,-25.280901],[-49.300723,-25.280885],[-49.300707,-25.280867],[-49.300728,-25.280848],[-49.300742,-25.280811],[-49.300733,-25.280808]]}},{"type":"Feature","properties":{"alt":1030.0,"mestra":true},"geometry":{"type":"LineString","coordinates":[[-49.301192,-25.280862],[-49.301168,-25.280863],[-49.30115,-25.280881],[-49.301149,-25.280899],[-49.301171,-25.280916],[-49.301201,-25.280912],[-49.301219,-25.280891],[-49.301192,-25.280862]]}},{"type":"Feature","properties":{"alt":1030.0,"mestra":true},"geometry":{"type":"LineString","coordinates":[[-49.304598,-25.280984],[-49.304574,-25.281004],[-49.304598,-25.281025],[-49.304628,-25.281004],[-49.304598,-25.280984]]}},{"type":"Feature","properties":{"alt":1030.0,"mestra":true},"geometry":{"type":"LineString","coordinates":[[-49.304914,-25.281026],[-49.30493,-25.281036],[-49.304921,-25.281063],[-49.304946,-25.281092],[-49.304944,-25.281113],[-49.304862,-25.281089],[-49.304811,-25.2811],[-49.304802,-25.28109],[-49.304853,-25.281034],[-49.304914,-25.281026]]}},{"type":"Feature","properties":{"alt":1030.0,"mestra":true},"geometry":{"type":"LineString","coordinates":[[-49.301149,-25.281019],[-49.301128,-25.281012],[-49.301087,-25.281021],[-49.301068,-25.281038],[-49.301067,-25.281056],[-49.301097,-25.281079],[-49.301148,-25.281077],[-49.301156,-25.281039],[-49.301149,-25.281019]]}},{"type":"Feature","properties":{"alt":1030.0,"mestra":true},"geometry":{"type":"LineString","coordinates":[[-49.302148,-25.281067],[-49.302138,-25.281066],[-49.302131,-25.281087],[-49.302147,-25.281115],[-49.30217,-25.281097],[-49.302148,-25.281067]]}},{"type":"Feature","properties":{"alt":1030.0,"mestra":true},"geometry":{"type":"LineString","coordinates":[[-49.304799,-25.281236],[-49.304779,-25.281234],[-49.304781,-25.281257],[-49.304814,-25.281257],[-49.304799,-25.281236]]}},{"type":"Feature","properties":{"alt":1030.0,"mestra":true},"geometry":{"type":"LineString","coordinates":[[-49.303829,-25.281252],[-49.303809,-25.281249],[-49.303758,-25.281266],[-49.30375,-25.281282],[-49.30379,-25.281329],[-49.303879,-25.281344],[-49.30386,-25.281404],[-49.303897,-25.281515],[-49.303953,-25.281488],[-49.303935,-25.281433],[-49.303956,-25.281405],[-49.303957,-25.281368],[-49.30393,-25.281341],[-49.303893,-25.28133],[-49.303902,-25.281302],[-49.30389,-25.28127],[-49.303829,-25.281252]]}},{"type":"Feature","properties":{"alt":1030.0,"mestra":true},"geometry":{"type":"LineString","coordinates":[[-49.304605,-25.281272],[-49.304584,-25.281265],[-49.304553,-25.281276],[-49.304543,-25.281291],[-49.304551,-25.28131],[-49.304583,-25.281323],[-49.304614,-25.28131],[-49.30462,-25.281292],[-49.304605,-25.281272]]}},{"type":"Feature","properties":{"alt":1030.0,"mestra":true},"geometry":{"type":"LineString","coordinates":[[-49.304206,-25.281342],[-49.304206,-25.281361],[-49.304179,-25.28137],[-49.304178,-25.281352],[-49.304206,-25.281342]]}},{"type":"Feature","properties":{"alt":1030.0,"mestra":true},"geometry":{"type":"LineString","coordinates":[[-49.303889,-25.281338],[-49.303889,-25.281338]]}},{"type":"Feature","properties":{"alt":1030.0,"mestra":true},"geometry":{"type":"LineString","coordinates":[[-49.303459,-25.281435],[-49.303439,-25.281441],[-49.303434,-25.281455],[-49.303445,-25.281548],[-49.303458,-25.281558],[-49.303509,-25.281558],[-49.303534,-25.281511],[-49.303528,-25.281456],[-49.30351,-25.281439],[-49.303459,-25.281435]]}},{"type":"Feature","properties":{"alt":1030.0,"mestra":true},"geometry":{"type":"LineString","coordinates":[[-49.304194,-25.281471],[-49.304175,-25.281472],[-49.304183,-25.281491],[-49.304193,-25.28149],[-49.304194,-25.281471]]}},{"type":"Feature","properties":{"alt":1030.0,"mestra":true},"geometry":{"type":"LineString","coordinates":[[-49.303683,-25.281466],[-49.303686,-25.281476],[-49.303692,-25.281467],[-49.303683,-25.281466]]}},{"type":"Feature","properties":{"alt":1030.0,"mestra":true},"geometry":{"type":"LineString","coordinates":[[-49.303897,-25.281528],[-49.303866,-25.281534],[-49.303844,-25.281571],[-49.303854,-25.281646],[-49.303873,-25.281682],[-49.303868,-25.28171],[-49.303894,-25.28174],[-49.303912,-25.281729],[-49.303925,-25.281692],[-49.303985,-25.281674],[-49.30399,-25.281656],[-49.303975,-25.281628],[-49.303987,-25.281591],[-49.303978,-25.281567],[-49.30393,-25.281553],[-49.303897,-25.281528]]}},{"type":"Feature","properties":{"alt":1030.0,"mestra":true},"geometry":{"type":"LineString","coordinates":[[-49.302568,-25.281682],[-49.302517,-25.281682],[-49.302476,-25.281703],[-49.302486,-25.281741],[-49.302546,-25.281751],[-49.302528,-25.281778],[-49.302506,-25.28178],[-49.302475,-25.281762],[-49.302424,-25.281765],[-49.302387,-25.281804],[-49.302406,-25.281907],[-49.302387,-25.281953],[-49.302421,-25.28198],[-49.302442,-25.28198],[-49.302492,-25.281945],[-49.302528,-25.281871],[-49.302586,-25.281859],[-49.302643,-25.281817],[-49.302649,-25.28177],[-49.302639,-25.281739],[-49.302599,-25.281696],[-49.302568,-25.281682]]}},{"type":"Feature","properties":{"alt":1030.0,"mestra":true},"geometry":{"type":"LineString","coordinates":[[-49.304331,-25.281881],[-49.3043,-25.281876],[-49.304284,-25.2819],[-49.304289,-25.281922],[-49.30431,-25.281938],[-49.304342,-25.28191],[-49.304331,-25.281881]]}},{"type":"Feature","properties":{"alt":1030.0,"mestra":true},"geometry":{"type":"LineString","coordinates":[[-49.302616,-25.281908],[-49.302616,-25.281924],[-49.302624,-25.281909],[-49.302616,-25.281908]]}},{"type":"Feature","properties":{"alt":1030.0,"mestra":true},"geometry":{"type":"LineString","coordinates":[[-49.304034,-25.281943],[-49.30402,-25.281953],[-49.304044,-25.281987],[-49.304034,-25.281943]]}},{"type":"Feature","properties":{"alt":1030.0,"mestra":true},"geometry":{"type":"LineString","coordinates":[[-49.30434,-25.28197],[-49.30434,-25.281983],[-49.30434,-25.28197]]}},{"type":"Feature","properties":{"alt":1030.0,"mestra":true},"geometry":{"type":"LineString","coordinates":[[-49.302278,-25.282015],[-49.302278,-25.282015]]}},{"type":"Feature","properties":{"alt":1030.0,"mestra":true},"geometry":{"type":"LineString","coordinates":[[-49.302287,-25.282047],[-49.302267,-25.282052],[-49.302266,-25.282072],[-49.302297,-25.282084],[-49.30231,-25.282073],[-49.302287,-25.282047]]}},{"type":"Feature","properties":{"alt":1030.0,"mestra":true},"geometry":{"type":"LineString","coordinates":[[-49.304142,-25.282265],[-49.304121,-25.282262],[-49.304101,-25.282279],[-49.304095,-25.282307],[-49.30411,-25.282325],[-49.304131,-25.282326],[-49.304154,-25.282307],[-49.304155,-25.282279],[-49.304142,-25.282265]]}},{"type":"Feature","properties":{"alt":1031.0,"mestra":false},"geometry":{"type":"LineString","coordinates":[[-49.303054,-25.277934],[-49.303028,-25.277942],[-49.302999,-25.277933]]}},{"type":"Feature","properties":{"alt":1031.0,"mestra":false},"geometry":{"type":"LineString","coordinates":[[-49.304888,-25.279893],[-49.304862,-25.279922],[-49.304827,-25.279932],[-49.304787,-25.279927],[-49.304751,-25.279902],[-49.30474,-25.279846],[-49.304796,-25.279789]]}},{"type":"Feature","properties":{"alt":1031.0,"mestra":false},"geometry":{"type":"LineString","coordinates":[[-49.300502,-25.280533],[-49.300501,-25.280612]]}},{"type":"Feature","properties":{"alt":1031.0,"mestra":false},"geometry":{"type":"LineString","coordinates":[[-49.305031,-25.280675],[-49.305002,-25.280665],[-49.304951,-25.280609],[-49.304992,-25.280565],[-49.305033,-25.280563]]}},{"type":"Feature","properties":{"alt":1031.0,"mestra":false},"geometry":{"type":"LineString","coordinates":[[-49.300499,-25.280806],[-49.30052,-25.280744],[-49.300561,-25.280737],[-49.300624,-25.280754],[-49.300811,-25.280682],[-49.300885,-25.280609],[-49.300863,-25.280544],[-49.300932,-25.280493],[-49.300979,-25.280545],[-49.301056,-25.280583],[-49.301175,-25.280586],[-49.301206,-25.280576],[-49.301217,-25.280557],[-49.301195,-25.280538],[-49.301169,-25.280482],[-49.301128,-25.280445],[-49.301178,-25.280361],[-49.3013,-25.280376],[-49.301372,-25.28036],[-49.301404,-25.280364],[-49.301454,-25.280467],[-49.301442,-25.280473],[-49.301391,-25.28044],[-49.301371,-25.280443],[-49.301365,-25.280457],[-49.301381,-25.280485],[-49.301441,-25.280513],[-49.301454,-25.280532],[-49.301431,-25.280563],[-49.30137,-25.280536],[-49.301363,-25.280568],[-49.301399,-25.280597],[-49.30143,-25.280574],[-49.301471,-25.280581],[-49.301522,-25.280567],[-49.301541,-25.280486],[-49.301585,-25.280471],[-49.301619,-25.280432],[-49.30159,-25.280404],[-49.301605,-25.280394],[-49.301708,-25.280415],[-49.301741,-25.280405],[-49.30177,-25.280374],[-49.301841,-25.280409],[-49.302031,-25.28039],[-49.302066,-25.280371],[-49.302117,-25.280395],[-49.302137,-25.280373],[-49.302092,-25.280335],[-49.302108,-25.280309],[-49.302138,-25.280312],[-49.302256,-25.280365],[-49.302258,-25.280393],[-49.302228,-25.280425],[-49.302211,-25.28042],[-49.302198,-25.280393],[-49.302178,-25.28039],[-49.302161,-25.280401],[-49.302159,-25.280419],[-49.30219,-25.280457],[-49.302238,-25.280464],[-49.302299,-25.280495],[-49.302361,-25.280454],[-49.302396,-25.28045],[-49.302406,-25.280441],[-49.302382,-25.280391],[-49.302321,-25.280351],[-49.302267,-25.280346],[-49.302264,-25.280328],[-49.302285,-25.280291],[-49.302277,-25.280272],[-49.302253,-25.280272],[-49.30222,-25.280296],[-49.302211,-25.28029],[-49.302218,-25.280262],[-49.302202,-25.280225],[-49.302222,-25.280197],[-49.302216,-25.28016],[-49.302232,-25.280157],[-49.302251,-25.28017],[-49.302261,-25.280216],[-49.302292,-25.280241],[-49.302304,-25.280226],[-49.302295,-25.28018],[-49.302352,-25.280125],[-49.302344,-25.280078],[-49.30226,-25.280031],[-49.302275,-25.279957],[-49.302316,-25.27992],[-49.302359,-25.279841],[-49.30245,-25.279888],[-49.302532,-25.279905],[-49.302562,-25.279952],[-49.302623,-25.279948],[-49.302653,-25.279915],[-49.302624,-25.27989],[-49.302624,-25.27987],[-49.302704,-25.279813],[-49.302705,-25.279804],[-49.302664,-25.279776],[-49.302745,-25.279693],[-49.302741,-25.279637],[-49.302801,-25.279587],[-49.302894,-25.27956],[-49.302955,-25.27956],[-49.303016,-25.27953],[-49.303033,-25.279539],[-49.303036,-25.279558],[-49.303067,-25.279553],[-49.303072,-25.279567],[-49.303055,-25.279613],[-49.303001,-25.279622],[-49.302967,-25.279649],[-49.302994,-25.279708],[-49.303085,-25.279718],[-49.303146,-25.279743],[-49.303299,-25.279744],[-49.303328,-25.279765],[-49.303333,-25.279783],[-49.303323,-25.279848],[-49.303257,-25.279877],[-49.303242,-25.27994],[-49.303171,-25.279958],[-49.303163,-25.280004],[-49.303114,-25.28005],[-49.303121,-25.280083],[-49.303162,-25.280106],[-49.303166,-25.280125],[-49.303088,-25.280234],[-49.303097,-25.280272],[-49.303077,-25.28032],[-49.303037,-25.280281],[-49.303016,-25.280285],[-49.302975,-25.280323],[-49.302935,-25.280279],[-49.302915,-25.280289],[-49.302912,-25.280354],[-49.302923,-25.280363],[-49.302994,-25.280387],[-49.303025,-25.280411],[-49.303086,-25.280402],[-49.303115,-25.28043],[-49.3031,-25.280477],[-49.303118,-25.280505],[-49.303115,-25.280533],[-49.303155,-25.280598],[-49.303144,-25.280622],[-49.303052,-25.280653],[-49.303005,-25.280689],[-49.303034,-25.280717],[-49.30303,-25.280752],[-49.303101,-25.280777],[-49.303111,-25.280829],[-49.303049,-25.280846],[-49.303028,-25.280773],[-49.30301,-25.28076],[-49.302989,-25.280762],[-49.302973,-25.280781],[-49.302982,-25.280865],[-49.303039,-25.280868],[-49.303069,-25.280898],[-49.303099,-25.280898],[-49.30312,-25.280876],[-49.303118,-25.280839],[-49.303162,-25.28083],[-49.303212,-25.280862],[-49.303263,-25.280865],[-49.303283,-25.280908],[-49.303334,-25.280904],[-49.303355,-25.280877],[-49.303392,-25.280916],[-49.30333,-25.280952],[-49.303313,-25.280971],[-49.303315,-25.280989],[-49.303343,-25.281007],[-49.303414,-25.281009],[-49.303434,-25.281046],[-49.303465,-25.281058],[-49.303565,-25.281151],[-49.303616,-25.281148],[-49.303771,-25.281063],[-49.303822,-25.281075],[-49.303883,-25.281063],[-49.303934,-25.281072],[-49.303996,-25.281027],[-49.304066,-25.28109],[-49.304086,-25.281128],[-49.30414,-25.281157],[-49.304114,-25.281193],[-49.304126,-25.281223],[-49.304167,-25.281189],[-49.304208,-25.281185],[-49.304246,-25.281148],[-49.304209,-25.281087],[-49.30414,-25.281054],[-49.304149,-25.281026],[-49.304182,-25.281009],[-49.304174,-25.280971],[-49.304191,-25.280945],[-49.304252,-25.280945],[-49.304314,-25.280909],[-49.304396,-25.280894],[-49.304457,-25.280906],[-49.304518,-25.280882],[-49.304579,-25.280875],[-49.30464,-25.280894],[-49.304723,-25.28095],[-49.30472,-25.280987],[-49.304768,-25.281025],[-49.30473,-25.281091],[-49.304739,-25.281137],[-49.304764,-25.281136],[-49.30479,-25.281118],[-49.304786,-25.28109],[-49.304801,-25.281053],[-49.304773,-25.281034],[-49.304781,-25.281025],[-49.304802,-25.281027],[-49.304822,-25.281044],[-49.304851,-25.281016],[-49.304924,-25.281019],[-49.304955,-25.281039],[-49.304975,-25.281037],[-49.304992,-25.281074],[-49.30497,-25.281092],[-49.304953,-25.281139],[-49.304943,-25.281141],[-49.304913,-25.281112],[-49.304882,-25.281114],[-49.304852,-25.281103],[-49.304827,-25.281109],[-49.304798,-25.281136],[-49.30481,-25.28117],[-49.304872,-25.28115],[-49.304892,-25.281165],[-49.304898,-25.281221],[-49.304846,-25.281285],[-49.30483,-25.28135],[-49.304869,-25.281367],[-49.304879,-25.281384],[-49.304877,-25.281469],[-49.304867,-25.281471],[-49.304837,-25.281426],[-49.304795,-25.281433],[-49.304746,-25.281358],[-49.304685,-25.281329],[-49.304665,-25.281339],[-49.30466,-25.281367],[-49.304636,-25.281394],[-49.304653,-25.28144],[-49.304734,-25.281476],[-49.304746,-25.281507],[-49.304765,-25.28151],[-49.304806,-25.281484],[-49.304861,-25.28149],[-49.304844,-25.28161],[-49.304872,-25.281638],[-49.304834,-25.281663],[-49.304772,-25.281682],[-49.30474,-25.281674],[-49.304733,-25.281627],[-49.304692,-25.281609],[-49.304651,-25.281637],[-49.304637,-25.281663],[-49.30465,-25.281691],[-49.304719,-25.281701],[-49.304771,-25.28175],[-49.304822,-25.281823],[-49.304856,-25.281926],[-49.30485,-25.28194],[-49.304816,-25.281953],[-49.3048,-25.282008],[-49.304808,-25.282025],[-49.30491,-25.282031],[-49.30492,-25.281973],[-49.304974,-25.281927],[-49.304971,-25.28189],[-49.304923,-25.281844],[-49.304877,-25.281731],[-49.304946,-25.281705],[-49.304976,-25.281721],[-49.305017,-25.28172]]}},{"type":"Feature","properties":{"alt":1031.0,"mestra":false},"geometry":{"type":"LineString","coordinates":[[-49.305026,-25.281057],[-49.304986,-25.281027],[-49.304987,-25.280999],[-49.304948,-25.28099],[-49.304946,-25.280939],[-49.304915,-25.280949],[-49.304884,-25.280979],[-49.304862,-25.28097],[-49.304839,-25.280933],[-49.304875,-25.280931],[-49.30488,-25.280887],[-49.304927,-25.280819],[-49.304939,-25.280832],[-49.304921,-25.280859],[-49.304943,-25.280878],[-49.304977,-25.28089],[-49.305029,-25.280869]]}},{"type":"Feature","properties":{"alt":1031.0,"mestra":false},"geometry":{"type":"LineString","coordinates":[[-49.300498,-25.281634],[-49.300495,-25.281043]]}},{"type":"Feature","properties":{"alt":1031.0,"mestra":false},"geometry":{"type":"LineString","coordinates":[[-49.303089,-25.282745],[-49.303052,-25.282758]]}},{"type":"Feature","properties":{"alt":1031.0,"mestra":false},"geometry":{"type":"LineString","coordinates":[[-49.302758,-25.279762],[-49.30272,-25.279776],[-49.302709,-25.279795],[-49.302718,-25.279804],[-49.302747,-25.279812],[-49.302768,-25.279801],[-49.302775,-25.279777],[-49.302758,-25.279762]]}},{"type":"Feature","properties":{"alt":1031.0,"mestra":false},"geometry":{"type":"LineString","coordinates":[[-49.30256,-25.280095],[-49.302539,-25.280097],[-49.302532,-25.280108],[-49.302549,-25.280125],[-49.302568,-25.280118],[-49.30256,-25.280095]]}},{"type":"Feature","properties":{"alt":1031.0,"mestra":false},"geometry":{"type":"LineString","coordinates":[[-49.30214,-25.280184],[-49.302147,-25.280197],[-49.302129,-25.280202],[-49.302126,-25.280187],[-49.30214,-25.280184]]}},{"type":"Feature","properties":{"alt":1031.0,"mestra":false},"geometry":{"type":"LineString","coordinates":[[-49.301783,-25.2802],[-49.301843,-25.28023],[-49.301976,-25.280224],[-49.301992,-25.280232],[-49.301997,-25.28026],[-49.301926,-25.280352],[-49.301903,-25.280354],[-49.301812,-25.280282],[-49.301782,-25.280271],[-49.301762,-25.280239],[-49.301716,-25.280229],[-49.301737,-25.280201],[-49.301783,-25.2802]]}},{"type":"Feature","properties":{"alt":1031.0,"mestra":false},"geometry":{"type":"LineString","coordinates":[[-49.303221,-25.280253],[-49.303231,-25.280265],[-49.30321,-25.28027],[-49.303205,-25.280264],[-49.303221,-25.280253]]}},{"type":"Feature","properties":{"alt":1031.0,"mestra":false},"geometry":{"type":"LineString","coordinates":[[-49.301444,-25.280346],[-49.301452,-25.280346],[-49.301444,-25.280346]]}},{"type":"Feature","properties":{"alt":1031.0,"mestra":false},"geometry":{"type":"LineString","coordinates":[[-49.301331,-25.280389],[-49.301311,-25.280386],[-49.3013,-25.2804],[-49.30133,-25.280427],[-49.301346,-25.280401],[-49.301331,-25.280389]]}},{"type":"Feature","properties":{"alt":1031.0,"mestra":false},"geometry":{"type":"LineString","coordinates":[[-49.300963,-25.280449],[-49.300968,-25.280461],[-49.300942,-25.280486],[-49.300936,-25.28047],[-49.300963,-25.280449]]}},{"type":"Feature","properties":{"alt":1031.0,"mestra":false},"geometry":{"type":"LineString","coordinates":[[-49.302796,-25.280682],[-49.302776,-25.28068],[-49.302766,-25.280695],[-49.302806,-25.280721],[-49.302838,-25.280715],[-49.302796,-25.280682]]}},{"type":"Feature","properties":{"alt":1031.0,"mestra":false},"geometry":{"type":"LineString","coordinates":[[-49.302939,-25.280696],[-49.302924,-25.280706],[-49.302939,-25.28072],[-49.302949,-25.280707],[-49.302939,-25.280696]]}},{"type":"Feature","properties":{"alt":1031.0,"mestra":false},"geometry":{"type":"LineString","coordinates":[[-49.303204,-25.280745],[-49.303224,-25.280756],[-49.303222,-25.280766],[-49.303193,-25.280783],[-49.30316,-25.280746],[-49.303204,-25.280745]]}},{"type":"Feature","properties":{"alt":1031.0,"mestra":false},"geometry":{"type":"LineString","coordinates":[[-49.302785,-25.280779],[-49.302764,-25.280774],[-49.302758,-25.280788],[-49.302793,-25.280798],[-49.302785,-25.280779]]}},{"type":"Feature","properties":{"alt":1031.0,"mestra":false},"geometry":{"type":"LineString","coordinates":[[-49.303366,-25.2808],[-49.303376,-25.280815],[-49.303356,-25.280829],[-49.303348,-25.280813],[-49.303366,-25.2808]]}},{"type":"Feature","properties":{"alt":1031.0,"mestra":false},"geometry":{"type":"LineString","coordinates":[[-49.302835,-25.280821],[-49.302815,-25.280822],[-49.302813,-25.280844],[-49.302753,-25.280936],[-49.302756,-25.280955],[-49.302802,-25.280976],[-49.302815,-25.280946],[-49.302834,-25.280941],[-49.302864,-25.28097],[-49.302904,-25.280975],[-49.302928,-25.280939],[-49.30292,-25.280892],[-49.302891,-25.280855],[-49.302835,-25.280821]]}},{"type":"Feature","properties":{"alt":1031.0,"mestra":false},"geometry":{"type":"LineString","coordinates":[[-49.301191,-25.28088],[-49.301171,-25.280876],[-49.301169,-25.2809],[-49.301188,-25.2809],[-49.301191,-25.28088]]}},{"type":"Feature","properties":{"alt":1031.0,"mestra":false},"geometry":{"type":"LineString","coordinates":[[-49.304608,-25.280991],[-49.304582,-25.280995],[-49.304588,-25.281017],[-49.304619,-25.281014],[-49.304608,-25.280991]]}},{"type":"Feature","properties":{"alt":1031.0,"mestra":false},"geometry":{"type":"LineString","coordinates":[[-49.304944,-25.28105],[-49.304932,-25.281064],[-49.304954,-25.281074],[-49.304944,-25.28105]]}},{"type":"Feature","properties":{"alt":1031.0,"mestra":false},"geometry":{"type":"LineString","coordinates":[[-49.303424,-25.28105],[-49.303403,-25.281053],[-49.303208,-25.281196],[-49.303146,-25.2812],[-49.303142,-25.281238],[-49.303101,-25.281284],[-49.303151,-25.281349],[-49.303144,-25.281361],[-49.303114,-25.281355],[-49.30309,-25.281367],[-49.303071,-25.281458],[-49.30298,-25.281438],[-49.302928,-25.281454],[-49.302907,-25.281421],[-49.302858,-25.281397],[-49.302806,-25.28141],[-49.302787,-25.281456],[-49.30273,-25.28153],[-49.30274,-25.281577],[-49.302793,-25.281657],[-49.302864,-25.281673],[-49.302892,-25.281634],[-49.302964,-25.281598],[-49.302957,-25.28158],[-49.302915,-25.28156],[-49.302898,-25.281513],[-49.302928,-25.281471],[-49.302938,-25.281474],[-49.302958,-25.281527],[-49.303029,-25.281537],[-49.30305,-25.281508],[-49.303112,-25.281497],[-49.303128,-25.28147],[-49.303123,-25.281451],[-49.303194,-25.281404],[-49.303245,-25.281431],[-49.303266,-25.281429],[-49.303548,-25.281215],[-49.303529,-25.281168],[-49.303424,-25.28105]]}},{"type":"Feature","properties":{"alt":1031.0,"mestra":false},"geometry":{"type":"LineString","coordinates":[[-49.301128,-25.281027],[-49.301097,-25.281037],[-49.301094,-25.281047],[-49.301128,-25.281048],[-49.301139,-25.281039],[-49.301128,-25.281027]]}},{"type":"Feature","properties":{"alt":1031.0,"mestra":false},"geometry":{"type":"LineString","coordinates":[[-49.302148,-25.281074],[-49.302136,-25.281087],[-49.302147,-25.281108],[-49.302161,-25.281097],[-49.302148,-25.281074]]}},{"type":"Feature","properties":{"alt":1031.0,"mestra":false},"geometry":{"type":"LineString","coordinates":[[-49.305003,-25.281221],[-49.305017,-25.281241],[-49.304993,-25.281256],[-49.304981,-25.281222],[-49.305003,-25.281221]]}},{"type":"Feature","properties":{"alt":1031.0,"mestra":false},"geometry":{"type":"LineString","coordinates":[[-49.304248,-25.281255],[-49.304225,-25.28126],[-49.304206,-25.281298],[-49.304186,-25.281255],[-49.304142,-25.281259],[-49.304144,-25.281339],[-49.304165,-25.281349],[-49.304206,-25.281333],[-49.304217,-25.281343],[-49.304192,-25.281398],[-49.304172,-25.281407],[-49.304204,-25.281422],[-49.304249,-25.281408],[-49.30429,-25.281335],[-49.304248,-25.281255]]}},{"type":"Feature","properties":{"alt":1031.0,"mestra":false},"geometry":{"type":"LineString","coordinates":[[-49.303819,-25.281262],[-49.303768,-25.281273],[-49.303762,-25.281282],[-49.303776,-25.28131],[-49.303818,-25.281334],[-49.303869,-25.281336],[-49.303885,-25.281321],[-49.303886,-25.281293],[-49.30387,-25.281276],[-49.303819,-25.281262]]}},{"type":"Feature","properties":{"alt":1031.0,"mestra":false},"geometry":{"type":"LineString","coordinates":[[-49.304594,-25.281279],[-49.30456,-25.281282],[-49.30456,-25.28131],[-49.304573,-25.281317],[-49.304597,-25.28131],[-49.304594,-25.281279]]}},{"type":"Feature","properties":{"alt":1031.0,"mestra":false},"geometry":{"type":"LineString","coordinates":[[-49.30393,-25.281349],[-49.303899,-25.281346],[-49.303865,-25.281385],[-49.303868,-25.281427],[-49.303897,-25.2815],[-49.303938,-25.281492],[-49.303947,-25.281479],[-49.303927,-25.281432],[-49.303953,-25.281396],[-49.303953,-25.281377],[-49.30393,-25.281349]]}},{"type":"Feature","properties":{"alt":1031.0,"mestra":false},"geometry":{"type":"LineString","coordinates":[[-49.303327,-25.28143],[-49.303265,-25.281442],[-49.303214,-25.28148],[-49.303294,-25.281578],[-49.303368,-25.281547],[-49.303356,-25.281491],[-49.303327,-25.28143]]}},{"type":"Feature","properties":{"alt":1031.0,"mestra":false},"geometry":{"type":"LineString","coordinates":[[-49.30351,-25.281445],[-49.303449,-25.281442],[-49.30344,-25.281455],[-49.303448,-25.281514],[-49.303468,-25.281546],[-49.3035,-25.281548],[-49.303519,-25.281521],[-49.303524,-25.281465],[-49.30351,-25.281445]]}},{"type":"Feature","properties":{"alt":1031.0,"mestra":false},"geometry":{"type":"LineString","coordinates":[[-49.303886,-25.281541],[-49.303866,-25.281543],[-49.303853,-25.281561],[-49.303864,-25.281655],[-49.303915,-25.281681],[-49.303977,-25.281666],[-49.303968,-25.281628],[-49.303978,-25.281576],[-49.303886,-25.281541]]}},{"type":"Feature","properties":{"alt":1031.0,"mestra":false},"geometry":{"type":"LineString","coordinates":[[-49.30307,-25.281552],[-49.303035,-25.281552],[-49.303019,-25.28158],[-49.303059,-25.28164],[-49.303079,-25.281653],[-49.303114,-25.281627],[-49.30307,-25.281552]]}},{"type":"Feature","properties":{"alt":1031.0,"mestra":false},"geometry":{"type":"LineString","coordinates":[[-49.303894,-25.281699],[-49.303894,-25.281721],[-49.303905,-25.281711],[-49.303894,-25.281699]]}},{"type":"Feature","properties":{"alt":1031.0,"mestra":false},"geometry":{"type":"LineString","coordinates":[[-49.302568,-25.281694],[-49.302555,-25.281695],[-49.302556,-25.281704],[-49.302579,-25.281742],[-49.302536,-25.281784],[-49.302505,-25.281789],[-49.302465,-25.281776],[-49.302414,-25.281786],[-49.302396,-25.281805],[-49.302418,-25.281925],[-49.302439,-25.281963],[-49.302483,-25.281945],[-49.302514,-25.28187],[-49.302586,-25.281851],[-49.302633,-25.281817],[-49.302636,-25.281752],[-49.302592,-25.281733],[-49.30259,-25.281705],[-49.302568,-25.281694]]}},{"type":"Feature","properties":{"alt":1031.0,"mestra":false},"geometry":{"type":"LineString","coordinates":[[-49.302527,-25.281703],[-49.302516,-25.281704],[-49.302517,-25.281717],[-49.302527,-25.281703]]}},{"type":"Feature","properties":{"alt":1031.0,"mestra":false},"geometry":{"type":"LineString","coordinates":[[-49.304791,-25.281801],[-49.304749,-25.281804],[-49.30474,-25.281813],[-49.304745,-25.281832],[-49.304774,-25.281841],[-49.304795,-25.281814],[-49.304791,-25.281801]]}},{"type":"Feature","properties":{"alt":1031.0,"mestra":false},"geometry":{"type":"LineString","coordinates":[[-49.30431,-25.281881],[-49.304289,-25.281901],[-49.30431,-25.281928],[-49.304332,-25.281901],[-49.30431,-25.281881]]}},{"type":"Feature","properties":{"alt":1031.0,"mestra":false},"geometry":{"type":"LineString","coordinates":[[-49.304142,-25.282269],[-49.304108,-25.282279],[-49.304102,-25.282297],[-49.30411,-25.282315],[-49.304131,-25.282318],[-49.304148,-25.282307],[-49.304153,-25.282289],[-49.304142,-25.282269]]}},{"type":"Feature","properties":{"alt":1032.0,"mestra":false},"geometry":{"type":"LineString","coordinates":[[-49.303059,-25.277934],[-49.303028,-25.277944],[-49.302995,-25.277933]]}},{"type":"Feature","properties":{"alt":1032.0,"mestra":false},"geometry":{"type":"LineString","coordinates":[[-49.304902,-25.279897],[-49.304868,-25.279927],[-49.304837,-25.279938],[-49.304786,-25.279932],[-49.304752,-25.279911],[-49.304734,-25.279883],[-49.304734,-25.279846],[-49.304792,-25.279785]]}},{"type":"Feature","properties":{"alt":1032.0,"mestra":false},"geometry":{"type":"LineString","coordinates":[[-49.300503,-25.280519],[-49.300501,-25.280623]]}},{"type":"Feature","properties":{"alt":1032.0,"mestra":false},"geometry":{"type":"LineString","coordinates":[[-49.305031,-25.280681],[-49.305001,-25.280671],[-49.304943,-25.2806],[-49.304992,-25.280558],[-49.305033,-25.280557]]}},{"type":"Feature","properties":{"alt":1032.0,"mestra":false},"geometry":{"type":"LineString","coordinates":[[-49.300499,-25.280781],[-49.30052,-25.280725],[-49.300694,-25.280713],[-49.300806,-25.280676],[-49.300867,-25.280609],[-49.300849,-25.280543],[-49.300891,-25.280516],[-49.300907,-25.280479],[-49.300953,-25.280434],[-49.30098,-25.280434],[-49.301012,-25.280453],[-49.30098,-25.280499],[-49.30104,-25.280555],[-49.301094,-25.280572],[-49.301165,-25.280564],[-49.301174,-25.280556],[-49.301152,-25.280528],[-49.30109,-25.280509],[-49.301125,-25.2805],[-49.301106,-25.280454],[-49.301158,-25.280341],[-49.30128,-25.280359],[-49.301372,-25.280352],[-49.301444,-25.280332],[-49.301515,-25.280347],[-49.301516,-25.280356],[-49.301484,-25.280361],[-49.301431,-25.280392],[-49.301472,-25.280467],[-49.301456,-25.280504],[-49.301463,-25.280532],[-49.301446,-25.28056],[-49.301471,-25.280575],[-49.301518,-25.28056],[-49.301524,-25.280476],[-49.301576,-25.280459],[-49.301534,-25.280438],[-49.301503,-25.280393],[-49.301515,-25.280386],[-49.301555,-25.280392],[-49.301617,-25.280381],[-49.301708,-25.280396],[-49.30177,-25.280364],[-49.301851,-25.280402],[-49.301913,-25.280381],[-49.301952,-25.280389],[-49.302066,-25.280362],[-49.302117,-25.280388],[-49.302126,-25.280363],[-49.302087,-25.280346],[-49.302072,-25.280326],[-49.302108,-25.280303],[-49.30225,-25.28035],[-49.302246,-25.280318],[-49.302197,-25.280308],[-49.302187,-25.280281],[-49.302193,-25.280253],[-49.302149,-25.280258],[-49.302136,-25.280243],[-49.302136,-25.280215],[-49.302117,-25.280196],[-49.30214,-25.280177],[-49.30217,-25.280198],[-49.302203,-25.280197],[-49.302212,-25.280179],[-49.302185,-25.280132],[-49.302192,-25.28012],[-49.302273,-25.280179],[-49.302344,-25.280134],[-49.30234,-25.280078],[-49.302243,-25.280031],[-49.302257,-25.279957],[-49.302311,-25.27992],[-49.302347,-25.279837],[-49.302369,-25.279835],[-49.30246,-25.279887],[-49.302542,-25.279894],[-49.302562,-25.279942],[-49.302613,-25.279945],[-49.302633,-25.279924],[-49.302614,-25.279877],[-49.302618,-25.279859],[-49.302688,-25.279813],[-49.302658,-25.279785],[-49.30266,-25.279766],[-49.302744,-25.279684],[-49.30273,-25.279637],[-49.302843,-25.279561],[-49.302904,-25.279541],[-49.302945,-25.279553],[-49.303017,-25.279515],[-49.303068,-25.279503],[-49.303107,-25.27953],[-49.303095,-25.279586],[-49.30311,-25.279614],[-49.303066,-25.279664],[-49.303035,-25.279669],[-49.303065,-25.279684],[-49.303076,-25.279665],[-49.303086,-25.279669],[-49.303113,-25.279707],[-49.303146,-25.279724],[-49.303228,-25.279732],[-49.30332,-25.279711],[-49.303354,-25.279765],[-49.303347,-25.279839],[-49.303338,-25.27986],[-49.303298,-25.279859],[-49.303263,-25.279875],[-49.303247,-25.27994],[-49.303174,-25.279959],[-49.303166,-25.280004],[-49.303116,-25.28005],[-49.303126,-25.280087],[-49.303166,-25.280106],[-49.30317,-25.280125],[-49.30314,-25.28018],[-49.303093,-25.280235],[-49.3031,-25.280272],[-49.303077,-25.280327],[-49.303037,-25.280284],[-49.303016,-25.280288],[-49.302975,-25.280326],[-49.302935,-25.280283],[-49.302924,-25.280284],[-49.302916,-25.280298],[-49.302921,-25.280354],[-49.302964,-25.280381],[-49.302994,-25.280384],[-49.303025,-25.280409],[-49.303086,-25.280399],[-49.303118,-25.28043],[-49.303102,-25.280477],[-49.30312,-25.280505],[-49.303116,-25.280532],[-49.303158,-25.280607],[-49.303142,-25.280626],[-49.303052,-25.280656],[-49.303041,-25.280677],[-49.303011,-25.280687],[-49.30301,-25.280697],[-49.303037,-25.280717],[-49.30303,-25.280746],[-49.30306,-25.280766],[-49.303101,-25.280773],[-49.303121,-25.280833],[-49.303172,-25.280829],[-49.303212,-25.28086],[-49.303263,-25.28086],[-49.303277,-25.280896],[-49.303293,-25.280905],[-49.303334,-25.2809],[-49.303345,-25.280878],[-49.303365,-25.280876],[-49.303415,-25.280926],[-49.303405,-25.280936],[-49.303364,-25.280935],[-49.303336,-25.280952],[-49.303317,-25.28098],[-49.303332,-25.280999],[-49.303412,-25.281],[-49.303435,-25.281037],[-49.303533,-25.281103],[-49.303555,-25.281135],[-49.303617,-25.281137],[-49.303678,-25.281106],[-49.303738,-25.28105],[-49.303719,-25.280975],[-49.303731,-25.280949],[-49.303813,-25.280944],[-49.303844,-25.280958],[-49.303915,-25.280948],[-49.303977,-25.280905],[-49.303997,-25.280919],[-49.304013,-25.281016],[-49.304076,-25.281089],[-49.304088,-25.281119],[-49.30414,-25.281147],[-49.304152,-25.281175],[-49.304198,-25.281184],[-49.304236,-25.281158],[-49.304239,-25.281139],[-49.304209,-25.281095],[-49.304139,-25.281064],[-49.304133,-25.281045],[-49.304164,-25.280999],[-49.304178,-25.280944],[-49.304201,-25.280922],[-49.304375,-25.280873],[-49.304457,-25.2809],[-49.304518,-25.280873],[-49.30459,-25.280871],[-49.304651,-25.280881],[-49.304729,-25.28095],[-49.304728,-25.280987],[-49.304751,-25.281009],[-49.304884,-25.281001],[-49.304965,-25.281026],[-49.304978,-25.281008],[-49.304945,-25.281001],[-49.304936,-25.280946],[-49.304915,-25.280954],[-49.304884,-25.280995],[-49.304854,-25.280975],[-49.304829,-25.280923],[-49.304865,-25.280917],[-49.304927,-25.280799],[-49.304955,-25.280823],[-49.304935,-25.28086],[-49.304947,-25.280873],[-49.304977,-25.280881],[-49.304998,-25.280854],[-49.305029,-25.280853]]}},{"type":"Feature","properties":{"alt":1032.0,"mestra":false},"geometry":{"type":"LineString","coordinates":[[-49.305025,-25.281102],[-49.304985,-25.281101],[-49.304968,-25.281129],[-49.304994,-25.281166],[-49.304996,-25.281194],[-49.305024,-25.2812]]}},{"type":"Feature","properties":{"alt":1032.0,"mestra":false},"geometry":{"type":"LineString","coordinates":[[-49.300494,-25.281147],[-49.300495,-25.281051]]}},{"type":"Feature","properties":{"alt":1032.0,"mestra":false},"geometry":{"type":"LineString","coordinates":[[-49.305023,-25.281267],[-49.304982,-25.281271],[-49.30496,-25.281222],[-49.30498,-25.281194],[-49.304933,-25.281162],[-49.304912,-25.281163],[-49.3049,-25.281193],[-49.304926,-25.281221],[-49.304876,-25.281249],[-49.304844,-25.281341],[-49.304881,-25.281378],[-49.304892,-25.281453],[-49.304871,-25.281499],[-49.304867,-25.281582],[-49.304914,-25.281657],[-49.304865,-25.281653],[-49.304793,-25.281687],[-49.304732,-25.281681],[-49.304732,-25.281636],[-49.304716,-25.281618],[-49.304692,-25.281614],[-49.30465,-25.281641],[-49.30464,-25.281661],[-49.304643,-25.281682],[-49.30466,-25.281693],[-49.304721,-25.281692],[-49.304735,-25.28172],[-49.304771,-25.281745],[-49.304824,-25.281814],[-49.304866,-25.281935],[-49.30486,-25.28195],[-49.304821,-25.281962],[-49.304811,-25.282018],[-49.3049,-25.282026],[-49.304911,-25.28201],[-49.304901,-25.281969],[-49.304956,-25.281908],[-49.304954,-25.28189],[-49.304893,-25.281805],[-49.304869,-25.281722],[-49.304915,-25.281713],[-49.304936,-25.281675],[-49.304966,-25.281686],[-49.305017,-25.281687]]}},{"type":"Feature","properties":{"alt":1032.0,"mestra":false},"geometry":{"type":"LineString","coordinates":[[-49.300497,-25.281634],[-49.300502,-25.281365],[-49.300493,-25.281214]]}},{"type":"Feature","properties":{"alt":1032.0,"mestra":false},"geometry":{"type":"LineString","coordinates":[[-49.303089,-25.282745],[-49.303054,-25.282758]]}},{"type":"Feature","properties":{"alt":1032.0,"mestra":false},"geometry":{"type":"LineString","coordinates":[[-49.303822,-25.278081],[-49.303822,-25.278092],[-49.303822,-25.278081]]}},{"type":"Feature","properties":{"alt":1032.0,"mestra":false},"geometry":{"type":"LineString","coordinates":[[-49.303007,-25.279444],[-49.303033,-25.279455],[-49.303027,-25.279473],[-49.303001,-25.279473],[-49.302981,-25.279455],[-49.303007,-25.279444]]}},{"type":"Feature","properties":{"alt":1032.0,"mestra":false},"geometry":{"type":"LineString","coordinates":[[-49.302758,-25.279766],[-49.302726,-25.279776],[-49.302722,-25.279795],[-49.302758,-25.279803],[-49.30277,-25.279786],[-49.302758,-25.279766]]}},{"type":"Feature","properties":{"alt":1032.0,"mestra":false},"geometry":{"type":"LineString","coordinates":[[-49.302625,-25.27979],[-49.302633,-25.279794],[-49.302625,-25.279805],[-49.302615,-25.279794],[-49.302625,-25.27979]]}},{"type":"Feature","properties":{"alt":1032.0,"mestra":false},"geometry":{"type":"LineString","coordinates":[[-49.30256,-25.280098],[-49.302539,-25.280104],[-49.302541,-25.280118],[-49.302563,-25.280118],[-49.30256,-25.280098]]}},{"type":"Feature","properties":{"alt":1032.0,"mestra":false},"geometry":{"type":"LineString","coordinates":[[-49.301793,-25.2802],[-49.301843,-25.280227],[-49.301976,-25.28022],[-49.301996,-25.280231],[-49.302,-25.280269],[-49.301944,-25.280328],[-49.301944,-25.280366],[-49.301903,-25.280373],[-49.301835,-25.280304],[-49.301778,-25.280276],[-49.301762,-25.280246],[-49.301721,-25.280243],[-49.301704,-25.280229],[-49.301732,-25.280198],[-49.301793,-25.2802]]}},{"type":"Feature","properties":{"alt":1032.0,"mestra":false},"geometry":{"type":"LineString","coordinates":[[-49.303221,-25.280235],[-49.303248,-25.280265],[-49.30319,-25.280283],[-49.30319,-25.280262],[-49.303211,-25.280234],[-49.303221,-25.280235]]}},{"type":"Feature","properties":{"alt":1032.0,"mestra":false},"geometry":{"type":"LineString","coordinates":[[-49.302321,-25.280356],[-49.30227,-25.280356],[-49.302256,-25.280402],[-49.302228,-25.28043],[-49.302208,-25.280423],[-49.302198,-25.280399],[-49.302178,-25.280396],[-49.302165,-25.28041],[-49.30218,-25.280447],[-49.302238,-25.280462],[-49.302299,-25.280492],[-49.302361,-25.280451],[-49.302391,-25.280445],[-49.302382,-25.280398],[-49.302321,-25.280356]]}},{"type":"Feature","properties":{"alt":1032.0,"mestra":false},"geometry":{"type":"LineString","coordinates":[[-49.301401,-25.280454],[-49.301386,-25.280457],[-49.301388,-25.280475],[-49.301421,-25.280489],[-49.301401,-25.280454]]}},{"type":"Feature","properties":{"alt":1032.0,"mestra":false},"geometry":{"type":"LineString","coordinates":[[-49.30139,-25.280548],[-49.30137,-25.280545],[-49.301366,-25.280559],[-49.301379,-25.280578],[-49.3014,-25.280584],[-49.30141,-25.280568],[-49.30139,-25.280548]]}},{"type":"Feature","properties":{"alt":1032.0,"mestra":false},"geometry":{"type":"LineString","coordinates":[[-49.302786,-25.280684],[-49.302776,-25.280696],[-49.302786,-25.280706],[-49.302828,-25.280715],[-49.302817,-25.280696],[-49.302786,-25.280684]]}},{"type":"Feature","properties":{"alt":1032.0,"mestra":false},"geometry":{"type":"LineString","coordinates":[[-49.302939,-25.2807],[-49.302927,-25.280707],[-49.302939,-25.280717],[-49.302939,-25.2807]]}},{"type":"Feature","properties":{"alt":1032.0,"mestra":false},"geometry":{"type":"LineString","coordinates":[[-49.303214,-25.280743],[-49.303228,-25.280766],[-49.303198,-25.280784],[-49.303182,-25.28081],[-49.303179,-25.280774],[-49.303153,-25.280744],[-49.303214,-25.280743]]}},{"type":"Feature","properties":{"alt":1032.0,"mestra":false},"geometry":{"type":"LineString","coordinates":[[-49.30301,-25.280762],[-49.302989,-25.280763],[-49.302974,-25.280781],[-49.302977,-25.280856],[-49.302998,-25.280869],[-49.303037,-25.280847],[-49.303031,-25.280782],[-49.30301,-25.280762]]}},{"type":"Feature","properties":{"alt":1032.0,"mestra":false},"geometry":{"type":"LineString","coordinates":[[-49.303366,-25.280794],[-49.303379,-25.280823],[-49.303355,-25.280834],[-49.303341,-25.280813],[-49.303356,-25.280792],[-49.303366,-25.280794]]}},{"type":"Feature","properties":{"alt":1032.0,"mestra":false},"geometry":{"type":"LineString","coordinates":[[-49.302775,-25.280781],[-49.302774,-25.280791],[-49.302775,-25.280781]]}},{"type":"Feature","properties":{"alt":1032.0,"mestra":false},"geometry":{"type":"LineString","coordinates":[[-49.3031,-25.280837],[-49.303041,-25.280856],[-49.303069,-25.280895],[-49.303099,-25.280896],[-49.303112,-25.280885],[-49.303118,-25.280857],[-49.3031,-25.280837]]}},{"type":"Feature","properties":{"alt":1032.0,"mestra":false},"geometry":{"type":"LineString","coordinates":[[-49.302845,-25.280835],[-49.302807,-25.280863],[-49.302796,-25.280909],[-49.302761,-25.280937],[-49.302792,-25.280973],[-49.302823,-25.280933],[-49.302874,-25.280969],[-49.302905,-25.280971],[-49.302921,-25.280948],[-49.302913,-25.280892],[-49.302895,-25.280864],[-49.302845,-25.280835]]}},{"type":"Feature","properties":{"alt":1032.0,"mestra":false},"geometry":{"type":"LineString","coordinates":[[-49.304598,-25.280993],[-49.304584,-25.281004],[-49.304608,-25.281015],[-49.304616,-25.281004],[-49.304598,-25.280993]]}},{"type":"Feature","properties":{"alt":1032.0,"mestra":false},"geometry":{"type":"LineString","coordinates":[[-49.304771,-25.28105],[-49.304739,-25.281098],[-49.304749,-25.281126],[-49.304775,-25.281108],[-49.304771,-25.28108],[-49.304782,-25.281062],[-49.304771,-25.28105]]}},{"type":"Feature","properties":{"alt":1032.0,"mestra":false},"geometry":{"type":"LineString","coordinates":[[-49.303424,-25.281061],[-49.303403,-25.281059],[-49.303207,-25.281201],[-49.303156,-25.281217],[-49.303107,-25.281284],[-49.303154,-25.28134],[-49.303154,-25.281373],[-49.303113,-25.281362],[-49.303093,-25.281376],[-49.303081,-25.281463],[-49.30301,-25.281455],[-49.30298,-25.281442],[-49.302946,-25.281458],[-49.302957,-25.281523],[-49.303019,-25.281533],[-49.30305,-25.2815],[-49.303101,-25.281495],[-49.30312,-25.28147],[-49.303094,-25.281441],[-49.303102,-25.281433],[-49.303133,-25.281435],[-49.303195,-25.281399],[-49.303245,-25.281426],[-49.303266,-25.281421],[-49.303541,-25.281215],[-49.303522,-25.281168],[-49.303424,-25.281061]]}},{"type":"Feature","properties":{"alt":1032.0,"mestra":false},"geometry":{"type":"LineString","coordinates":[[-49.304862,-25.281118],[-49.304837,-25.281118],[-49.304813,-25.281155],[-49.304831,-25.281158],[-49.304872,-25.281134],[-49.304902,-25.281146],[-49.304918,-25.281138],[-49.304913,-25.281122],[-49.304882,-25.281128],[-49.304862,-25.281118]]}},{"type":"Feature","properties":{"alt":1032.0,"mestra":false},"geometry":{"type":"LineString","coordinates":[[-49.304147,-25.281179],[-49.304128,-25.281184],[-49.304126,-25.281196],[-49.304144,-25.281194],[-49.304147,-25.281179]]}},{"type":"Feature","properties":{"alt":1032.0,"mestra":false},"geometry":{"type":"LineString","coordinates":[[-49.304248,-25.281265],[-49.304227,-25.281278],[-49.304218,-25.281324],[-49.304229,-25.281352],[-49.304204,-25.281389],[-49.304215,-25.281414],[-49.304246,-25.281403],[-49.304251,-25.281371],[-49.304285,-25.281335],[-49.304248,-25.281265]]}},{"type":"Feature","properties":{"alt":1032.0,"mestra":false},"geometry":{"type":"LineString","coordinates":[[-49.303809,-25.281272],[-49.303777,-25.281282],[-49.303788,-25.281316],[-49.303838,-25.281333],[-49.303869,-25.281327],[-49.30388,-25.281311],[-49.30387,-25.281287],[-49.303809,-25.281272]]}},{"type":"Feature","properties":{"alt":1032.0,"mestra":false},"geometry":{"type":"LineString","coordinates":[[-49.304166,-25.281285],[-49.304143,-25.281314],[-49.304148,-25.281333],[-49.304165,-25.281341],[-49.304195,-25.281315],[-49.304166,-25.281285]]}},{"type":"Feature","properties":{"alt":1032.0,"mestra":false},"geometry":{"type":"LineString","coordinates":[[-49.304706,-25.281349],[-49.304675,-25.281349],[-49.304643,-25.281394],[-49.304653,-25.281435],[-49.304694,-25.28146],[-49.304735,-25.28147],[-49.304754,-25.281504],[-49.304796,-25.281481],[-49.304851,-25.281471],[-49.304837,-25.281438],[-49.304786,-25.281439],[-49.304777,-25.281405],[-49.304746,-25.281364],[-49.304706,-25.281349]]}},{"type":"Feature","properties":{"alt":1032.0,"mestra":false},"geometry":{"type":"LineString","coordinates":[[-49.30393,-25.281354],[-49.303899,-25.281352],[-49.30387,-25.281385],[-49.303875,-25.281432],[-49.303908,-25.281492],[-49.303939,-25.281479],[-49.30392,-25.281432],[-49.303949,-25.281386],[-49.30393,-25.281354]]}},{"type":"Feature","properties":{"alt":1032.0,"mestra":false},"geometry":{"type":"LineString","coordinates":[[-49.302858,-25.2814],[-49.302807,-25.281413],[-49.302789,-25.281456],[-49.302732,-25.28153],[-49.302738,-25.281567],[-49.302793,-25.28165],[-49.302854,-25.281669],[-49.302868,-25.281662],[-49.302878,-25.281634],[-49.302944,-25.281607],[-49.302956,-25.281588],[-49.302912,-25.28156],[-49.302895,-25.281513],[-49.302926,-25.281458],[-49.302901,-25.281421],[-49.302858,-25.2814]]}},{"type":"Feature","properties":{"alt":1032.0,"mestra":false},"geometry":{"type":"LineString","coordinates":[[-49.303317,-25.281434],[-49.303224,-25.281471],[-49.303225,-25.281489],[-49.303264,-25.281532],[-49.303343,-25.2815],[-49.303336,-25.281453],[-49.303317,-25.281434]]}},{"type":"Feature","properties":{"alt":1032.0,"mestra":false},"geometry":{"type":"LineString","coordinates":[[-49.30351,-25.281453],[-49.303449,-25.281454],[-49.303458,-25.281501],[-49.303499,-25.28151],[-49.303509,-25.281503],[-49.30351,-25.281453]]}},{"type":"Feature","properties":{"alt":1032.0,"mestra":false},"geometry":{"type":"LineString","coordinates":[[-49.303886,-25.281551],[-49.303862,-25.281562],[-49.303865,-25.281639],[-49.303905,-25.281666],[-49.303959,-25.281665],[-49.303969,-25.281656],[-49.303959,-25.281628],[-49.303974,-25.281581],[-49.303958,-25.281568],[-49.303886,-25.281551]]}},{"type":"Feature","properties":{"alt":1032.0,"mestra":false},"geometry":{"type":"LineString","coordinates":[[-49.30306,-25.281556],[-49.303038,-25.281561],[-49.303031,-25.28158],[-49.303069,-25.281637],[-49.303089,-25.281641],[-49.303104,-25.281618],[-49.30306,-25.281556]]}},{"type":"Feature","properties":{"alt":1032.0,"mestra":false},"geometry":{"type":"LineString","coordinates":[[-49.302608,-25.28176],[-49.302577,-25.281764],[-49.302526,-25.281797],[-49.302465,-25.281785],[-49.302406,-25.281805],[-49.302442,-25.281948],[-49.302462,-25.28195],[-49.302481,-25.281935],[-49.302512,-25.281862],[-49.302617,-25.281819],[-49.302624,-25.281779],[-49.302608,-25.28176]]}},{"type":"Feature","properties":{"alt":1032.0,"mestra":false},"geometry":{"type":"LineString","coordinates":[[-49.304781,-25.281802],[-49.304742,-25.281813],[-49.30475,-25.281834],[-49.30477,-25.281841],[-49.30478,-25.281833],[-49.30479,-25.281814],[-49.304781,-25.281802]]}},{"type":"Feature","properties":{"alt":1032.0,"mestra":false},"geometry":{"type":"LineString","coordinates":[[-49.30431,-25.281898],[-49.3043,-25.281908],[-49.30431,-25.281898]]}},{"type":"Feature","properties":{"alt":1032.0,"mestra":false},"geometry":{"type":"LineString","coordinates":[[-49.304142,-25.282277],[-49.304118,-25.282279],[-49.304117,-25.282307],[-49.304141,-25.282305],[-49.304142,-25.282277]]}},{"type":"Feature","properties":{"alt":1033.0,"mestra":false},"geometry":{"type":"LineString","coordinates":[[-49.303064,-25.277934],[-49.303028,-25.277947],[-49.302991,-25.277933]]}},{"type":"Feature","properties":{"alt":1033.0,"mestra":false},"geometry":{"type":"LineString","coordinates":[[-49.304906,-25.279901],[-49.304877,-25.279931],[-49.304837,-25.279945],[-49.304786,-25.279938],[-49.304746,-25.279912],[-49.304728,-25.279883],[-49.304727,-25.279846],[-49.304768,-25.279787],[-49.304783,-25.279781]]}},{"type":"Feature","properties":{"alt":1033.0,"mestra":false},"geometry":{"type":"LineString","coordinates":[[-49.300503,-25.280509],[-49.300513,-25.280595],[-49.300501,-25.280632]]}},{"type":"Feature","properties":{"alt":1033.0,"mestra":false},"geometry":{"type":"LineString","coordinates":[[-49.305031,-25.280688],[-49.304997,-25.280675],[-49.304931,-25.2806],[-49.304986,-25.280554],[-49.305033,-25.28055]]}},{"type":"Feature","properties":{"alt":1033.0,"mestra":false},"geometry":{"type":"LineString","coordinates":[[-49.300499,-25.280746],[-49.30052,-25.280699],[-49.300694,-25.2807],[-49.300807,-25.280664],[-49.300857,-25.280608],[-49.300835,-25.280543],[-49.30088,-25.280515],[-49.300896,-25.28047],[-49.300963,-25.280419],[-49.301055,-25.280434],[-49.301096,-25.280429],[-49.301124,-25.280389],[-49.301116,-25.280333],[-49.301128,-25.280312],[-49.301311,-25.280351],[-49.301372,-25.280346],[-49.301434,-25.280324],[-49.301556,-25.280333],[-49.301566,-25.280329],[-49.301577,-25.280281],[-49.301598,-25.280273],[-49.301624,-25.280311],[-49.301585,-25.280339],[-49.301597,-25.280366],[-49.301709,-25.280376],[-49.301791,-25.280357],[-49.301841,-25.280393],[-49.301878,-25.280388],[-49.301879,-25.28037],[-49.301838,-25.280314],[-49.301771,-25.280279],[-49.301751,-25.280248],[-49.301689,-25.280238],[-49.301685,-25.280228],[-49.301721,-25.280201],[-49.301752,-25.280191],[-49.301793,-25.280198],[-49.301843,-25.280225],[-49.301966,-25.280215],[-49.301994,-25.280223],[-49.302008,-25.280251],[-49.302003,-25.280278],[-49.301951,-25.280333],[-49.301954,-25.280352],[-49.301974,-25.280368],[-49.302011,-25.280362],[-49.302026,-25.280323],[-49.302087,-25.280299],[-49.302169,-25.28031],[-49.302168,-25.28029],[-49.302127,-25.280252],[-49.302111,-25.280196],[-49.30212,-25.28018],[-49.30214,-25.280172],[-49.302181,-25.280187],[-49.302201,-25.280181],[-49.302177,-25.280132],[-49.302192,-25.280109],[-49.302202,-25.280107],[-49.302228,-25.280142],[-49.302273,-25.280171],[-49.302304,-25.280161],[-49.302346,-25.280125],[-49.302342,-25.280087],[-49.302322,-25.280069],[-49.302274,-25.280054],[-49.302234,-25.280059],[-49.302215,-25.28004],[-49.302235,-25.280003],[-49.302236,-25.279956],[-49.302297,-25.279929],[-49.30231,-25.279883],[-49.302346,-25.279828],[-49.302369,-25.27983],[-49.30242,-25.279867],[-49.302473,-25.279885],[-49.302511,-25.27989],[-49.302552,-25.279877],[-49.302563,-25.279881],[-49.302572,-25.279938],[-49.302613,-25.279936],[-49.302619,-25.279905],[-49.302603,-25.279873],[-49.302573,-25.279858],[-49.302568,-25.27984],[-49.302605,-25.279783],[-49.302646,-25.279776],[-49.302708,-25.279708],[-49.302736,-25.279693],[-49.30274,-25.279674],[-49.302719,-25.279655],[-49.302698,-25.27966],[-49.302688,-25.279685],[-49.302678,-25.279684],[-49.302699,-25.279628],[-49.302754,-25.279619],[-49.302905,-25.279508],[-49.302915,-25.279506],[-49.302935,-25.279543],[-49.303002,-25.27951],[-49.303016,-25.279492],[-49.302955,-25.279445],[-49.302987,-25.279434],[-49.303059,-25.27944],[-49.303076,-25.279465],[-49.30316,-25.2795],[-49.303136,-25.279596],[-49.303151,-25.279633],[-49.303146,-25.279661],[-49.303173,-25.279689],[-49.303218,-25.279703],[-49.3033,-25.279683],[-49.303341,-25.279685],[-49.303374,-25.279756],[-49.303354,-25.279867],[-49.303298,-25.279862],[-49.303267,-25.279876],[-49.303251,-25.27994],[-49.303174,-25.279962],[-49.303169,-25.280004],[-49.303117,-25.28005],[-49.303128,-25.280087],[-49.30317,-25.280106],[-49.303174,-25.280125],[-49.303145,-25.28018],[-49.303098,-25.280235],[-49.303104,-25.280272],[-49.30308,-25.280328],[-49.303067,-25.280327],[-49.303037,-25.280287],[-49.303016,-25.280291],[-49.302975,-25.280329],[-49.302934,-25.280287],[-49.30292,-25.280298],[-49.302929,-25.280354],[-49.302951,-25.280373],[-49.302994,-25.280382],[-49.303035,-25.280409],[-49.303086,-25.280395],[-49.303121,-25.28043],[-49.303104,-25.280477],[-49.303123,-25.280505],[-49.303118,-25.280532],[-49.303155,-25.280589],[-49.30316,-25.280616],[-49.303052,-25.28066],[-49.303046,-25.28068],[-49.303012,-25.280689],[-49.303039,-25.280717],[-49.303033,-25.280745],[-49.303061,-25.280764],[-49.303101,-25.28077],[-49.303121,-25.280828],[-49.303172,-25.280823],[-49.303214,-25.280858],[-49.303263,-25.280856],[-49.303293,-25.280901],[-49.303332,-25.280897],[-49.303355,-25.280865],[-49.303395,-25.280906],[-49.303421,-25.280916],[-49.303425,-25.280947],[-49.303364,-25.280939],[-49.303325,-25.280971],[-49.303333,-25.280994],[-49.303415,-25.280991],[-49.303444,-25.281037],[-49.303465,-25.281041],[-49.303506,-25.281084],[-49.303536,-25.281094],[-49.303566,-25.281087],[-49.303576,-25.281122],[-49.303617,-25.281122],[-49.303681,-25.281077],[-49.303674,-25.281049],[-49.303628,-25.28103],[-49.303643,-25.280965],[-49.30368,-25.280971],[-49.303695,-25.280957],[-49.303694,-25.280892],[-49.303773,-25.280907],[-49.303825,-25.280821],[-49.303897,-25.280813],[-49.303938,-25.280777],[-49.303989,-25.280806],[-49.303979,-25.280849],[-49.304018,-25.280895],[-49.304008,-25.280951],[-49.30402,-25.281016],[-49.30408,-25.281082],[-49.304096,-25.28112],[-49.304177,-25.281175],[-49.304198,-25.281178],[-49.304229,-25.281158],[-49.304233,-25.281139],[-49.304199,-25.281095],[-49.304144,-25.281073],[-49.304126,-25.281054],[-49.304191,-25.28091],[-49.304335,-25.280863],[-49.304386,-25.280861],[-49.304457,-25.280896],[-49.304518,-25.280864],[-49.30462,-25.280873],[-49.304662,-25.280847],[-49.304676,-25.280857],[-49.304679,-25.280903],[-49.304741,-25.280959],[-49.304741,-25.280992],[-49.304772,-25.281004],[-49.304837,-25.280988],[-49.304821,-25.280923],[-49.304865,-25.280896],[-49.304928,-25.280778],[-49.304938,-25.280778],[-49.304978,-25.280833],[-49.305029,-25.280832]]}},{"type":"Feature","properties":{"alt":1033.0,"mestra":false},"geometry":{"type":"LineString","coordinates":[[-49.305023,-25.281285],[-49.304982,-25.281283],[-49.304952,-25.28124],[-49.304891,-25.281245],[-49.304878,-25.281258],[-49.304856,-25.281341],[-49.304888,-25.281388],[-49.304898,-25.281453],[-49.30488,-25.281499],[-49.304893,-25.281564],[-49.304927,-25.28163],[-49.304946,-25.281648],[-49.305018,-25.281652]]}},{"type":"Feature","properties":{"alt":1033.0,"mestra":false},"geometry":{"type":"LineString","coordinates":[[-49.300487,-25.281599],[-49.300498,-25.281599],[-49.300502,-25.281365],[-49.300493,-25.281232]]}},{"type":"Feature","properties":{"alt":1033.0,"mestra":false},"geometry":{"type":"LineString","coordinates":[[-49.303089,-25.282745],[-49.303055,-25.282758]]}},{"type":"Feature","properties":{"alt":1033.0,"mestra":false},"geometry":{"type":"LineString","coordinates":[[-49.303833,-25.278081],[-49.303822,-25.278098],[-49.303808,-25.278091],[-49.303812,-25.278078],[-49.303833,-25.278081]]}},{"type":"Feature","properties":{"alt":1033.0,"mestra":false},"geometry":{"type":"LineString","coordinates":[[-49.302968,-25.279379],[-49.302974,-25.27939],[-49.302957,-25.2794],[-49.302952,-25.279389],[-49.302968,-25.279379]]}},{"type":"Feature","properties":{"alt":1033.0,"mestra":false},"geometry":{"type":"LineString","coordinates":[[-49.302758,-25.279772],[-49.302733,-25.279776],[-49.302732,-25.279795],[-49.302758,-25.279797],[-49.302758,-25.279772]]}},{"type":"Feature","properties":{"alt":1033.0,"mestra":false},"geometry":{"type":"LineString","coordinates":[[-49.302559,-25.280106],[-49.302544,-25.280108],[-49.302549,-25.280118],[-49.302559,-25.280106]]}},{"type":"Feature","properties":{"alt":1033.0,"mestra":false},"geometry":{"type":"LineString","coordinates":[[-49.303221,-25.280225],[-49.303257,-25.280274],[-49.30319,-25.280292],[-49.303184,-25.280255],[-49.303201,-25.280226],[-49.303221,-25.280225]]}},{"type":"Feature","properties":{"alt":1033.0,"mestra":false},"geometry":{"type":"LineString","coordinates":[[-49.30224,-25.280327],[-49.302205,-25.280327],[-49.30224,-25.280343],[-49.30224,-25.280327]]}},{"type":"Feature","properties":{"alt":1033.0,"mestra":false},"geometry":{"type":"LineString","coordinates":[[-49.302321,-25.280361],[-49.30227,-25.280361],[-49.302259,-25.280402],[-49.302228,-25.280434],[-49.302208,-25.280429],[-49.302191,-25.280401],[-49.302178,-25.280403],[-49.302177,-25.280438],[-49.302197,-25.280455],[-49.302228,-25.280456],[-49.302299,-25.280489],[-49.302328,-25.280477],[-49.302389,-25.280431],[-49.302379,-25.280403],[-49.302321,-25.280361]]}},{"type":"Feature","properties":{"alt":1033.0,"mestra":false},"geometry":{"type":"LineString","coordinates":[[-49.302117,-25.280363],[-49.302097,-25.280363],[-49.302107,-25.28038],[-49.302117,-25.280378],[-49.302117,-25.280363]]}},{"type":"Feature","properties":{"alt":1033.0,"mestra":false},"geometry":{"type":"LineString","coordinates":[[-49.301474,-25.2804],[-49.301453,-25.280402],[-49.301451,-25.28042],[-49.301483,-25.28046],[-49.301503,-25.280465],[-49.301518,-25.280449],[-49.301516,-25.280431],[-49.301474,-25.2804]]}},{"type":"Feature","properties":{"alt":1033.0,"mestra":false},"geometry":{"type":"LineString","coordinates":[[-49.301044,-25.280484],[-49.301026,-25.28049],[-49.301044,-25.280494],[-49.301044,-25.280484]]}},{"type":"Feature","properties":{"alt":1033.0,"mestra":false},"geometry":{"type":"LineString","coordinates":[[-49.301503,-25.280498],[-49.301479,-25.280504],[-49.301461,-25.280563],[-49.301492,-25.280566],[-49.301512,-25.280551],[-49.301503,-25.280498]]}},{"type":"Feature","properties":{"alt":1033.0,"mestra":false},"geometry":{"type":"LineString","coordinates":[[-49.3049,-25.280589],[-49.3049,-25.280589]]}},{"type":"Feature","properties":{"alt":1033.0,"mestra":false},"geometry":{"type":"LineString","coordinates":[[-49.30138,-25.280557],[-49.30138,-25.280557]]}},{"type":"Feature","properties":{"alt":1033.0,"mestra":false},"geometry":{"type":"LineString","coordinates":[[-49.30139,-25.280568],[-49.30139,-25.280568]]}},{"type":"Feature","properties":{"alt":1033.0,"mestra":false},"geometry":{"type":"LineString","coordinates":[[-49.300624,-25.280595],[-49.300645,-25.280615],[-49.300603,-25.280629],[-49.300594,-25.280605],[-49.300624,-25.280595]]}},{"type":"Feature","properties":{"alt":1033.0,"mestra":false},"geometry":{"type":"LineString","coordinates":[[-49.303225,-25.280701],[-49.303224,-25.280717],[-49.303225,-25.280701]]}},{"type":"Feature","properties":{"alt":1033.0,"mestra":false},"geometry":{"type":"LineString","coordinates":[[-49.302939,-25.280706],[-49.302939,-25.280706]]}},{"type":"Feature","properties":{"alt":1033.0,"mestra":false},"geometry":{"type":"LineString","coordinates":[[-49.302816,-25.280704],[-49.3028,-25.280705],[-49.302816,-25.280704]]}},{"type":"Feature","properties":{"alt":1033.0,"mestra":false},"geometry":{"type":"LineString","coordinates":[[-49.303173,-25.280737],[-49.303214,-25.280739],[-49.303233,-25.280766],[-49.303203,-25.280784],[-49.303182,-25.280817],[-49.303176,-25.280774],[-49.30314,-25.280737],[-49.303173,-25.280737]]}},{"type":"Feature","properties":{"alt":1033.0,"mestra":false},"geometry":{"type":"LineString","coordinates":[[-49.30302,-25.28077],[-49.302989,-25.280765],[-49.302976,-25.280781],[-49.302981,-25.280856],[-49.302998,-25.280867],[-49.303033,-25.280838],[-49.303032,-25.280791],[-49.30302,-25.28077]]}},{"type":"Feature","properties":{"alt":1033.0,"mestra":false},"geometry":{"type":"LineString","coordinates":[[-49.303366,-25.280791],[-49.303383,-25.280823],[-49.303355,-25.280839],[-49.303335,-25.280813],[-49.303346,-25.280793],[-49.303366,-25.280791]]}},{"type":"Feature","properties":{"alt":1033.0,"mestra":false},"geometry":{"type":"LineString","coordinates":[[-49.304957,-25.280858],[-49.304957,-25.280858]]}},{"type":"Feature","properties":{"alt":1033.0,"mestra":false},"geometry":{"type":"LineString","coordinates":[[-49.30311,-25.280844],[-49.30309,-25.280841],[-49.30305,-25.280856],[-49.303069,-25.280892],[-49.303109,-25.280885],[-49.30311,-25.280844]]}},{"type":"Feature","properties":{"alt":1033.0,"mestra":false},"geometry":{"type":"LineString","coordinates":[[-49.302855,-25.280844],[-49.302835,-25.280845],[-49.302815,-25.280863],[-49.302809,-25.2809],[-49.302864,-25.28096],[-49.302905,-25.280966],[-49.302918,-25.280938],[-49.302908,-25.280901],[-49.302888,-25.280864],[-49.302855,-25.280844]]}},{"type":"Feature","properties":{"alt":1033.0,"mestra":false},"geometry":{"type":"LineString","coordinates":[[-49.304925,-25.280952],[-49.304904,-25.28098],[-49.304914,-25.281004],[-49.304934,-25.280999],[-49.304937,-25.280962],[-49.304925,-25.280952]]}},{"type":"Feature","properties":{"alt":1033.0,"mestra":false},"geometry":{"type":"LineString","coordinates":[[-49.304608,-25.281003],[-49.304591,-25.281004],[-49.304608,-25.281003]]}},{"type":"Feature","properties":{"alt":1033.0,"mestra":false},"geometry":{"type":"LineString","coordinates":[[-49.303414,-25.281062],[-49.303207,-25.281206],[-49.303166,-25.281223],[-49.303116,-25.281275],[-49.303158,-25.28134],[-49.303163,-25.281377],[-49.303154,-25.281388],[-49.303124,-25.281369],[-49.303103,-25.281372],[-49.303092,-25.281424],[-49.303133,-25.281429],[-49.303205,-25.281394],[-49.303255,-25.28142],[-49.303533,-25.281215],[-49.303535,-25.281196],[-49.303516,-25.281168],[-49.303414,-25.281062]]}},{"type":"Feature","properties":{"alt":1033.0,"mestra":false},"geometry":{"type":"LineString","coordinates":[[-49.304995,-25.281116],[-49.304982,-25.281129],[-49.304994,-25.281144],[-49.305007,-25.281129],[-49.304995,-25.281116]]}},{"type":"Feature","properties":{"alt":1033.0,"mestra":false},"geometry":{"type":"LineString","coordinates":[[-49.304942,-25.281193],[-49.30493,-25.281193],[-49.304942,-25.281193]]}},{"type":"Feature","properties":{"alt":1033.0,"mestra":false},"geometry":{"type":"LineString","coordinates":[[-49.303859,-25.281291],[-49.303798,-25.281291],[-49.30379,-25.281301],[-49.303798,-25.281314],[-49.303849,-25.281326],[-49.30387,-25.281311],[-49.303859,-25.281291]]}},{"type":"Feature","properties":{"alt":1033.0,"mestra":false},"geometry":{"type":"LineString","coordinates":[[-49.304176,-25.2813],[-49.304155,-25.281302],[-49.304155,-25.28133],[-49.304181,-25.281324],[-49.304176,-25.2813]]}},{"type":"Feature","properties":{"alt":1033.0,"mestra":false},"geometry":{"type":"LineString","coordinates":[[-49.304267,-25.281315],[-49.304247,-25.281308],[-49.304236,-25.281315],[-49.304233,-25.281334],[-49.304246,-25.281352],[-49.304277,-25.281338],[-49.304267,-25.281315]]}},{"type":"Feature","properties":{"alt":1033.0,"mestra":false},"geometry":{"type":"LineString","coordinates":[[-49.304726,-25.281356],[-49.304675,-25.281361],[-49.304645,-25.281404],[-49.304654,-25.281432],[-49.304694,-25.281457],[-49.304745,-25.281468],[-49.304755,-25.281495],[-49.304785,-25.281474],[-49.304837,-25.281471],[-49.304844,-25.281462],[-49.304829,-25.281443],[-49.304776,-25.281446],[-49.304771,-25.281405],[-49.304726,-25.281356]]}},{"type":"Feature","properties":{"alt":1033.0,"mestra":false},"geometry":{"type":"LineString","coordinates":[[-49.30392,-25.281355],[-49.303898,-25.281358],[-49.303876,-25.281385],[-49.303884,-25.281432],[-49.303918,-25.28148],[-49.303913,-25.281423],[-49.303944,-25.281386],[-49.30392,-25.281355]]}},{"type":"Feature","properties":{"alt":1033.0,"mestra":false},"geometry":{"type":"LineString","coordinates":[[-49.304236,-25.281371],[-49.304212,-25.281389],[-49.304225,-25.281406],[-49.304244,-25.28139],[-49.304236,-25.281371]]}},{"type":"Feature","properties":{"alt":1033.0,"mestra":false},"geometry":{"type":"LineString","coordinates":[[-49.302868,-25.281408],[-49.302827,-25.281406],[-49.302807,-25.281415],[-49.302791,-25.281457],[-49.302734,-25.28153],[-49.302743,-25.281573],[-49.302797,-25.281642],[-49.302844,-25.281656],[-49.302857,-25.281652],[-49.302855,-25.281616],[-49.302895,-25.281625],[-49.302946,-25.281597],[-49.302909,-25.28156],[-49.302892,-25.281513],[-49.30292,-25.281458],[-49.302905,-25.28143],[-49.302868,-25.281408]]}},{"type":"Feature","properties":{"alt":1033.0,"mestra":false},"geometry":{"type":"LineString","coordinates":[[-49.303316,-25.281443],[-49.30324,-25.281471],[-49.303234,-25.281486],[-49.303254,-25.281495],[-49.303316,-25.281468],[-49.303316,-25.281443]]}},{"type":"Feature","properties":{"alt":1033.0,"mestra":false},"geometry":{"type":"LineString","coordinates":[[-49.30299,-25.281448],[-49.302954,-25.281458],[-49.302954,-25.281514],[-49.302968,-25.281525],[-49.303019,-25.281527],[-49.303066,-25.281478],[-49.30299,-25.281448]]}},{"type":"Feature","properties":{"alt":1033.0,"mestra":false},"geometry":{"type":"LineString","coordinates":[[-49.3035,-25.281464],[-49.3035,-25.281471],[-49.3035,-25.281464]]}},{"type":"Feature","properties":{"alt":1033.0,"mestra":false},"geometry":{"type":"LineString","coordinates":[[-49.303917,-25.281571],[-49.303882,-25.281571],[-49.303867,-25.281608],[-49.303875,-25.281638],[-49.303905,-25.281654],[-49.303927,-25.281646],[-49.303919,-25.281618],[-49.303947,-25.281618],[-49.30397,-25.281591],[-49.303957,-25.281576],[-49.303917,-25.281571]]}},{"type":"Feature","properties":{"alt":1033.0,"mestra":false},"geometry":{"type":"LineString","coordinates":[[-49.304712,-25.281621],[-49.304692,-25.281619],[-49.30465,-25.281645],[-49.304642,-25.281663],[-49.30465,-25.281685],[-49.30468,-25.281694],[-49.304713,-25.281683],[-49.304727,-25.281646],[-49.304712,-25.281621]]}},{"type":"Feature","properties":{"alt":1033.0,"mestra":false},"geometry":{"type":"LineString","coordinates":[[-49.304895,-25.281665],[-49.304865,-25.281658],[-49.304793,-25.281693],[-49.304742,-25.281688],[-49.304732,-25.281701],[-49.304834,-25.281814],[-49.30485,-25.281879],[-49.304891,-25.281936],[-49.304922,-25.281923],[-49.30494,-25.281899],[-49.304909,-25.281833],[-49.304882,-25.281805],[-49.304881,-25.281768],[-49.304861,-25.281731],[-49.304864,-25.281718],[-49.304913,-25.281704],[-49.304914,-25.281685],[-49.304895,-25.281665]]}},{"type":"Feature","properties":{"alt":1033.0,"mestra":false},"geometry":{"type":"LineString","coordinates":[[-49.304771,-25.281802],[-49.304744,-25.281813],[-49.30476,-25.281838],[-49.304785,-25.281823],[-49.304771,-25.281802]]}},{"type":"Feature","properties":{"alt":1033.0,"mestra":false},"geometry":{"type":"LineString","coordinates":[[-49.302587,-25.281777],[-49.302548,-25.281806],[-49.302505,-25.281809],[-49.302464,-25.281796],[-49.302427,-25.281805],[-49.302421,-25.281814],[-49.30244,-25.281833],[-49.302444,-25.281935],[-49.302469,-25.281935],[-49.302505,-25.281852],[-49.302545,-25.281843],[-49.302572,-25.281816],[-49.302601,-25.281807],[-49.302606,-25.281788],[-49.302587,-25.281777]]}},{"type":"Feature","properties":{"alt":1033.0,"mestra":false},"geometry":{"type":"LineString","coordinates":[[-49.30484,-25.281962],[-49.304822,-25.281981],[-49.304829,-25.282008],[-49.30489,-25.282019],[-49.3049,-25.282012],[-49.304875,-25.281972],[-49.30484,-25.281962]]}},{"type":"Feature","properties":{"alt":1033.0,"mestra":false},"geometry":{"type":"LineString","coordinates":[[-49.304131,-25.282288],[-49.304131,-25.282288]]}},{"type":"Feature","properties":{"alt":1034.0,"mestra":false},"geometry":{"type":"LineString","coordinates":[[-49.30307,-25.277934],[-49.303028,-25.277949],[-49.302985,-25.277933]]}},{"type":"Feature","properties":{"alt":1034.0,"mestra":false},"geometry":{"type":"LineString","coordinates":[[-49.30492,-25.279904],[-49.304878,-25.27994],[-49.304847,-25.27995],[-49.304796,-25.279946],[-49.304756,-25.279928],[-49.304726,-25.279892],[-49.304719,-25.279855],[-49.304766,-25.279779]]}},{"type":"Feature","properties":{"alt":1034.0,"mestra":false},"geometry":{"type":"LineString","coordinates":[[-49.300503,-25.280498],[-49.30052,-25.28054],[-49.300522,-25.2806],[-49.300534,-25.280549],[-49.300574,-25.280545],[-49.300607,-25.280568],[-49.300694,-25.280588],[-49.300713,-25.280635],[-49.300786,-25.280657],[-49.300848,-25.280608],[-49.300847,-25.28059],[-49.30081,-25.280534],[-49.300815,-25.280524],[-49.30087,-25.280509],[-49.300886,-25.28046],[-49.300953,-25.28041],[-49.301086,-25.280416],[-49.301096,-25.28039],[-49.301066,-25.280382],[-49.301064,-25.28037],[-49.301097,-25.280345],[-49.301128,-25.280294],[-49.30127,-25.280339],[-49.301342,-25.280345],[-49.301424,-25.280318],[-49.301485,-25.280323],[-49.301546,-25.280313],[-49.301571,-25.280264],[-49.301588,-25.280258],[-49.301641,-25.280283],[-49.301657,-25.280349],[-49.301671,-25.280358],[-49.301709,-25.280365],[-49.301832,-25.280348],[-49.301832,-25.280319],[-49.301763,-25.280285],[-49.301751,-25.280255],[-49.30171,-25.280256],[-49.301667,-25.280237],[-49.301742,-25.280189],[-49.301783,-25.280192],[-49.301843,-25.280222],[-49.301966,-25.28021],[-49.301997,-25.280218],[-49.302011,-25.280241],[-49.302014,-25.280279],[-49.301989,-25.280325],[-49.301962,-25.280343],[-49.301984,-25.280359],[-49.302001,-25.280353],[-49.302008,-25.280316],[-49.302057,-25.280306],[-49.302088,-25.280278],[-49.302138,-25.280293],[-49.302142,-25.28028],[-49.302129,-25.280266],[-49.302096,-25.28027],[-49.302117,-25.280233],[-49.302106,-25.280196],[-49.30213,-25.28017],[-49.302191,-25.280173],[-49.30217,-25.280132],[-49.302192,-25.280098],[-49.302213,-25.280098],[-49.302226,-25.280132],[-49.302273,-25.280166],[-49.302304,-25.280158],[-49.302343,-25.280125],[-49.302339,-25.280087],[-49.302305,-25.280063],[-49.302264,-25.280059],[-49.302223,-25.280072],[-49.302191,-25.279993],[-49.302194,-25.27997],[-49.302235,-25.279933],[-49.302276,-25.279935],[-49.302297,-25.279923],[-49.302301,-25.279901],[-49.302288,-25.279883],[-49.302318,-25.279863],[-49.302349,-25.27982],[-49.30244,-25.279871],[-49.302501,-25.279883],[-49.302524,-25.279876],[-49.302596,-25.279775],[-49.302636,-25.279769],[-49.302689,-25.27973],[-49.30269,-25.279711],[-49.302667,-25.279683],[-49.302671,-25.279646],[-49.302686,-25.279627],[-49.302709,-25.279615],[-49.30275,-25.279616],[-49.30282,-25.279555],[-49.302874,-25.279528],[-49.302922,-25.279472],[-49.302949,-25.279417],[-49.302943,-25.279389],[-49.302968,-25.279371],[-49.302985,-25.27939],[-49.302969,-25.279417],[-49.303018,-25.279429],[-49.303091,-25.279419],[-49.30313,-25.279465],[-49.30317,-25.279485],[-49.303191,-25.279522],[-49.303192,-25.279615],[-49.303209,-25.279652],[-49.303249,-25.279673],[-49.303351,-25.279656],[-49.303382,-25.279695],[-49.303393,-25.279738],[-49.303391,-25.279812],[-49.303359,-25.279878],[-49.303308,-25.279864],[-49.303272,-25.279875],[-49.303258,-25.279894],[-49.303254,-25.27994],[-49.303174,-25.279966],[-49.303171,-25.280004],[-49.303119,-25.28005],[-49.303123,-25.280078],[-49.303172,-25.280104],[-49.303178,-25.280125],[-49.303107,-25.280235],[-49.303111,-25.280263],[-49.303085,-25.280328],[-49.303066,-25.280334],[-49.303036,-25.28029],[-49.302975,-25.280332],[-49.302957,-25.280326],[-49.302934,-25.280291],[-49.302923,-25.280298],[-49.302936,-25.280354],[-49.302954,-25.280372],[-49.302994,-25.280379],[-49.303035,-25.280407],[-49.303086,-25.280392],[-49.303124,-25.28043],[-49.303107,-25.280477],[-49.303125,-25.280505],[-49.30312,-25.280532],[-49.303168,-25.280617],[-49.303056,-25.280662],[-49.303051,-25.280682],[-49.303017,-25.280689],[-49.303042,-25.280717],[-49.303037,-25.280745],[-49.303068,-25.280764],[-49.303101,-25.280767],[-49.303121,-25.280825],[-49.303162,-25.280822],[-49.303173,-25.280811],[-49.303174,-25.280774],[-49.303134,-25.280737],[-49.303138,-25.280728],[-49.303214,-25.280732],[-49.303237,-25.280766],[-49.303207,-25.280784],[-49.303184,-25.280821],[-49.303186,-25.280839],[-49.303222,-25.280859],[-49.303274,-25.280856],[-49.303279,-25.280887],[-49.303293,-25.280898],[-49.303324,-25.280897],[-49.303345,-25.280865],[-49.303365,-25.280864],[-49.303395,-25.280902],[-49.303452,-25.280926],[-49.303452,-25.280954],[-49.30343,-25.280991],[-49.303445,-25.281026],[-49.303481,-25.281028],[-49.303495,-25.281067],[-49.303536,-25.281086],[-49.303608,-25.281041],[-49.303598,-25.281014],[-49.303567,-25.281025],[-49.303556,-25.281011],[-49.303617,-25.280984],[-49.303597,-25.280946],[-49.303609,-25.280922],[-49.303622,-25.280919],[-49.30366,-25.28095],[-49.303676,-25.280947],[-49.303671,-25.28092],[-49.303643,-25.28091],[-49.303672,-25.280832],[-49.303774,-25.280851],[-49.303772,-25.280735],[-49.303796,-25.280689],[-49.303858,-25.280686],[-49.303888,-25.280667],[-49.303942,-25.280681],[-49.303954,-25.280709],[-49.303951,-25.280765],[-49.30401,-25.280802],[-49.303987,-25.280839],[-49.304024,-25.280895],[-49.304014,-25.280951],[-49.304027,-25.281016],[-49.304056,-25.281058],[-49.30409,-25.281082],[-49.304103,-25.281119],[-49.304198,-25.281171],[-49.304226,-25.281148],[-49.304219,-25.28113],[-49.304199,-25.281101],[-49.304121,-25.281064],[-49.304119,-25.281045],[-49.30415,-25.280999],[-49.304179,-25.280906],[-49.304257,-25.280861],[-49.304253,-25.28084],[-49.304238,-25.280833],[-49.304268,-25.280833],[-49.304304,-25.280852],[-49.304386,-25.280854],[-49.304457,-25.280891],[-49.304518,-25.280857],[-49.304614,-25.280865],[-49.304651,-25.280841],[-49.304672,-25.280843],[-49.304687,-25.280857],[-49.304687,-25.280903],[-49.304742,-25.28095],[-49.304762,-25.28099],[-49.304827,-25.280979],[-49.304817,-25.280914],[-49.304855,-25.280893],[-49.304863,-25.280859],[-49.304893,-25.280831],[-49.304928,-25.280757],[-49.304943,-25.280758],[-49.304958,-25.280796],[-49.304978,-25.280808],[-49.30503,-25.280799]]}},{"type":"Feature","properties":{"alt":1034.0,"mestra":false},"geometry":{"type":"LineString","coordinates":[[-49.305031,-25.280697],[-49.30499,-25.280677],[-49.30496,-25.280633],[-49.304883,-25.28059],[-49.3049,-25.280575],[-49.304941,-25.280588],[-49.304982,-25.280549],[-49.305033,-25.280543]]}},{"type":"Feature","properties":{"alt":1034.0,"mestra":false},"geometry":{"type":"LineString","coordinates":[[-49.3005,-25.280709],[-49.300501,-25.280648]]}},{"type":"Feature","properties":{"alt":1034.0,"mestra":false},"geometry":{"type":"LineString","coordinates":[[-49.305023,-25.281301],[-49.304982,-25.281293],[-49.304952,-25.281261],[-49.304921,-25.281273],[-49.304891,-25.281256],[-49.304889,-25.281314],[-49.304873,-25.281341],[-49.304902,-25.281444],[-49.304887,-25.281499],[-49.304915,-25.281537],[-49.304934,-25.281592],[-49.304967,-25.281624],[-49.305018,-25.281615]]}},{"type":"Feature","properties":{"alt":1034.0,"mestra":false},"geometry":{"type":"LineString","coordinates":[[-49.300488,-25.281562],[-49.300498,-25.281561],[-49.300502,-25.281365],[-49.300492,-25.281249]]}},{"type":"Feature","properties":{"alt":1034.0,"mestra":false},"geometry":{"type":"LineString","coordinates":[[-49.30309,-25.282745],[-49.303057,-25.282759]]}},{"type":"Feature","properties":{"alt":1034.0,"mestra":false},"geometry":{"type":"LineString","coordinates":[[-49.303822,-25.278071],[-49.303837,-25.278091],[-49.303812,-25.278101],[-49.303801,-25.278082],[-49.303822,-25.278071]]}},{"type":"Feature","properties":{"alt":1034.0,"mestra":false},"geometry":{"type":"LineString","coordinates":[[-49.302966,-25.279473],[-49.302946,-25.279473],[-49.30293,-25.279491],[-49.302945,-25.279526],[-49.302994,-25.279501],[-49.302966,-25.279473]]}},{"type":"Feature","properties":{"alt":1034.0,"mestra":false},"geometry":{"type":"LineString","coordinates":[[-49.302719,-25.279664],[-49.302702,-25.279674],[-49.302708,-25.279697],[-49.302735,-25.279684],[-49.302719,-25.279664]]}},{"type":"Feature","properties":{"alt":1034.0,"mestra":false},"geometry":{"type":"LineString","coordinates":[[-49.302748,-25.279775],[-49.302735,-25.279786],[-49.302747,-25.279794],[-49.302759,-25.279786],[-49.302748,-25.279775]]}},{"type":"Feature","properties":{"alt":1034.0,"mestra":false},"geometry":{"type":"LineString","coordinates":[[-49.302593,-25.27988],[-49.30258,-25.279886],[-49.302572,-25.279914],[-49.302592,-25.279932],[-49.302612,-25.279914],[-49.302593,-25.27988]]}},{"type":"Feature","properties":{"alt":1034.0,"mestra":false},"geometry":{"type":"LineString","coordinates":[[-49.301051,-25.279969],[-49.301028,-25.27997],[-49.301051,-25.279969]]}},{"type":"Feature","properties":{"alt":1034.0,"mestra":false},"geometry":{"type":"LineString","coordinates":[[-49.302092,-25.279991],[-49.302097,-25.280001],[-49.30208,-25.280001],[-49.302092,-25.279991]]}},{"type":"Feature","properties":{"alt":1034.0,"mestra":false},"geometry":{"type":"LineString","coordinates":[[-49.303221,-25.280217],[-49.303271,-25.280274],[-49.303189,-25.280298],[-49.303176,-25.280273],[-49.303178,-25.280246],[-49.303196,-25.280218],[-49.303221,-25.280217]]}},{"type":"Feature","properties":{"alt":1034.0,"mestra":false},"geometry":{"type":"LineString","coordinates":[[-49.302311,-25.280362],[-49.30227,-25.280367],[-49.302259,-25.280406],[-49.302228,-25.280438],[-49.302182,-25.28041],[-49.302187,-25.280446],[-49.302228,-25.280452],[-49.302299,-25.280486],[-49.302378,-25.28044],[-49.302372,-25.280404],[-49.302311,-25.280362]]}},{"type":"Feature","properties":{"alt":1034.0,"mestra":false},"geometry":{"type":"LineString","coordinates":[[-49.301842,-25.28036],[-49.301842,-25.28036]]}},{"type":"Feature","properties":{"alt":1034.0,"mestra":false},"geometry":{"type":"LineString","coordinates":[[-49.301852,-25.280368],[-49.301852,-25.280368]]}},{"type":"Feature","properties":{"alt":1034.0,"mestra":false},"geometry":{"type":"LineString","coordinates":[[-49.301494,-25.280417],[-49.301463,-25.280421],[-49.301493,-25.280448],[-49.301505,-25.28044],[-49.301494,-25.280417]]}},{"type":"Feature","properties":{"alt":1034.0,"mestra":false},"geometry":{"type":"LineString","coordinates":[[-49.301503,-25.280522],[-49.301492,-25.280517],[-49.301482,-25.28053],[-49.301473,-25.280551],[-49.301482,-25.280558],[-49.301501,-25.280551],[-49.301503,-25.280522]]}},{"type":"Feature","properties":{"alt":1034.0,"mestra":false},"geometry":{"type":"LineString","coordinates":[[-49.300635,-25.280537],[-49.300635,-25.280537]]}},{"type":"Feature","properties":{"alt":1034.0,"mestra":false},"geometry":{"type":"LineString","coordinates":[[-49.303225,-25.280697],[-49.303236,-25.28071],[-49.303224,-25.280723],[-49.303213,-25.28071],[-49.303225,-25.280697]]}},{"type":"Feature","properties":{"alt":1034.0,"mestra":false},"geometry":{"type":"LineString","coordinates":[[-49.304224,-25.280776],[-49.30425,-25.280787],[-49.304203,-25.280808],[-49.304167,-25.280804],[-49.304183,-25.28078],[-49.304224,-25.280776]]}},{"type":"Feature","properties":{"alt":1034.0,"mestra":false},"geometry":{"type":"LineString","coordinates":[[-49.303009,-25.280767],[-49.302989,-25.280767],[-49.302978,-25.280781],[-49.302985,-25.280856],[-49.302998,-25.280864],[-49.303032,-25.280828],[-49.30303,-25.280789],[-49.303009,-25.280767]]}},{"type":"Feature","properties":{"alt":1034.0,"mestra":false},"geometry":{"type":"LineString","coordinates":[[-49.303356,-25.280781],[-49.303388,-25.280814],[-49.303383,-25.280832],[-49.303355,-25.280846],[-49.303329,-25.280813],[-49.303356,-25.280781]]}},{"type":"Feature","properties":{"alt":1034.0,"mestra":false},"geometry":{"type":"LineString","coordinates":[[-49.3031,-25.280843],[-49.303055,-25.280856],[-49.303069,-25.280888],[-49.3031,-25.280889],[-49.30311,-25.280878],[-49.303113,-25.280857],[-49.3031,-25.280843]]}},{"type":"Feature","properties":{"alt":1034.0,"mestra":false},"geometry":{"type":"LineString","coordinates":[[-49.302865,-25.280853],[-49.302835,-25.280853],[-49.302815,-25.280891],[-49.302869,-25.280956],[-49.302905,-25.280959],[-49.302905,-25.280913],[-49.302865,-25.280853]]}},{"type":"Feature","properties":{"alt":1034.0,"mestra":false},"geometry":{"type":"LineString","coordinates":[[-49.304925,-25.280958],[-49.304913,-25.280971],[-49.304915,-25.280995],[-49.304925,-25.280996],[-49.304931,-25.28098],[-49.304925,-25.280958]]}},{"type":"Feature","properties":{"alt":1034.0,"mestra":false},"geometry":{"type":"LineString","coordinates":[[-49.303385,-25.280943],[-49.303348,-25.280953],[-49.303331,-25.280971],[-49.303334,-25.28099],[-49.303363,-25.280994],[-49.303402,-25.280981],[-49.303402,-25.280963],[-49.303385,-25.280943]]}},{"type":"Feature","properties":{"alt":1034.0,"mestra":false},"geometry":{"type":"LineString","coordinates":[[-49.303507,-25.280961],[-49.303517,-25.280983],[-49.303507,-25.280981],[-49.303507,-25.280961]]}},{"type":"Feature","properties":{"alt":1034.0,"mestra":false},"geometry":{"type":"LineString","coordinates":[[-49.303658,-25.281063],[-49.30361,-25.281067],[-49.303594,-25.281085],[-49.303597,-25.281101],[-49.303648,-25.281084],[-49.303658,-25.281063]]}},{"type":"Feature","properties":{"alt":1034.0,"mestra":false},"geometry":{"type":"LineString","coordinates":[[-49.303413,-25.281069],[-49.303172,-25.281229],[-49.303123,-25.281275],[-49.303163,-25.28134],[-49.303174,-25.281393],[-49.303205,-25.281389],[-49.303256,-25.281414],[-49.303524,-25.281214],[-49.303526,-25.281196],[-49.303484,-25.281135],[-49.303413,-25.281069]]}},{"type":"Feature","properties":{"alt":1034.0,"mestra":false},"geometry":{"type":"LineString","coordinates":[[-49.304165,-25.281309],[-49.304165,-25.281324],[-49.304165,-25.281309]]}},{"type":"Feature","properties":{"alt":1034.0,"mestra":false},"geometry":{"type":"LineString","coordinates":[[-49.304257,-25.281334],[-49.304257,-25.281334]]}},{"type":"Feature","properties":{"alt":1034.0,"mestra":false},"geometry":{"type":"LineString","coordinates":[[-49.304705,-25.281358],[-49.304667,-25.281376],[-49.304652,-25.281422],[-49.304694,-25.281454],[-49.304755,-25.281458],[-49.304766,-25.281405],[-49.304736,-25.281364],[-49.304705,-25.281358]]}},{"type":"Feature","properties":{"alt":1034.0,"mestra":false},"geometry":{"type":"LineString","coordinates":[[-49.30393,-25.281366],[-49.303909,-25.281359],[-49.303885,-25.281376],[-49.303883,-25.281395],[-49.303898,-25.281415],[-49.303936,-25.281395],[-49.30393,-25.281366]]}},{"type":"Feature","properties":{"alt":1034.0,"mestra":false},"geometry":{"type":"LineString","coordinates":[[-49.304225,-25.281385],[-49.304225,-25.281393],[-49.304225,-25.281385]]}},{"type":"Feature","properties":{"alt":1034.0,"mestra":false},"geometry":{"type":"LineString","coordinates":[[-49.303123,-25.281374],[-49.303103,-25.281378],[-49.303097,-25.281414],[-49.303133,-25.281424],[-49.303153,-25.281405],[-49.303123,-25.281374]]}},{"type":"Feature","properties":{"alt":1034.0,"mestra":false},"geometry":{"type":"LineString","coordinates":[[-49.302858,-25.281408],[-49.302806,-25.281418],[-49.302793,-25.281457],[-49.302736,-25.28153],[-49.302743,-25.281569],[-49.302814,-25.281642],[-49.302834,-25.281636],[-49.302855,-25.281606],[-49.302896,-25.28162],[-49.302937,-25.281597],[-49.302904,-25.28156],[-49.302889,-25.281513],[-49.302914,-25.281458],[-49.302898,-25.281429],[-49.302858,-25.281408]]}},{"type":"Feature","properties":{"alt":1034.0,"mestra":false},"geometry":{"type":"LineString","coordinates":[[-49.304827,-25.281451],[-49.304809,-25.281461],[-49.304833,-25.281461],[-49.304827,-25.281451]]}},{"type":"Feature","properties":{"alt":1034.0,"mestra":false},"geometry":{"type":"LineString","coordinates":[[-49.30299,-25.281456],[-49.302959,-25.281465],[-49.302958,-25.281514],[-49.303019,-25.281518],[-49.303039,-25.281478],[-49.30299,-25.281456]]}},{"type":"Feature","properties":{"alt":1034.0,"mestra":false},"geometry":{"type":"LineString","coordinates":[[-49.304702,-25.281625],[-49.30465,-25.28165],[-49.304651,-25.281682],[-49.30468,-25.281692],[-49.304704,-25.281683],[-49.304718,-25.281646],[-49.304702,-25.281625]]}},{"type":"Feature","properties":{"alt":1034.0,"mestra":false},"geometry":{"type":"LineString","coordinates":[[-49.304885,-25.281665],[-49.304864,-25.281662],[-49.304793,-25.281699],[-49.304752,-25.281691],[-49.304738,-25.281702],[-49.304812,-25.281787],[-49.304852,-25.28181],[-49.304873,-25.281796],[-49.304875,-25.281777],[-49.304852,-25.281721],[-49.304908,-25.281694],[-49.304885,-25.281665]]}},{"type":"Feature","properties":{"alt":1034.0,"mestra":false},"geometry":{"type":"LineString","coordinates":[[-49.304771,-25.281804],[-49.304746,-25.281813],[-49.30476,-25.281836],[-49.304782,-25.281823],[-49.304771,-25.281804]]}},{"type":"Feature","properties":{"alt":1034.0,"mestra":false},"geometry":{"type":"LineString","coordinates":[[-49.304893,-25.281822],[-49.304862,-25.281818],[-49.304842,-25.281842],[-49.304861,-25.28189],[-49.304902,-25.281909],[-49.304922,-25.281899],[-49.304925,-25.28188],[-49.304893,-25.281822]]}},{"type":"Feature","properties":{"alt":1034.0,"mestra":false},"geometry":{"type":"LineString","coordinates":[[-49.302474,-25.281857],[-49.302453,-25.281856],[-49.302453,-25.281875],[-49.302474,-25.281873],[-49.302474,-25.281857]]}},{"type":"Feature","properties":{"alt":1034.0,"mestra":false},"geometry":{"type":"LineString","coordinates":[[-49.30484,-25.281971],[-49.304833,-25.28199],[-49.304863,-25.281991],[-49.30484,-25.281971]]}},{"type":"Feature","properties":{"alt":1035.0,"mestra":true},"geometry":{"type":"LineString","coordinates":[[-49.303078,-25.277934],[-49.303028,-25.277951],[-49.302978,-25.277933]]}},{"type":"Feature","properties":{"alt":1035.0,"mestra":true},"geometry":{"type":"LineString","coordinates":[[-49.304924,-25.279908],[-49.304888,-25.279943],[-49.304847,-25.279956],[-49.304796,-25.279952],[-49.304749,-25.27993],[-49.304719,-25.279892],[-49.304713,-25.279855],[-49.304726,-25.279818],[-49.304762,-25.279776]]}},{"type":"Feature","properties":{"alt":1035.0,"mestra":true},"geometry":{"type":"LineString","coordinates":[[-49.300503,-25.280486],[-49.300523,-25.280523],[-49.300605,-25.280501],[-49.300707,-25.280495],[-49.300722,-25.280505],[-49.300727,-25.280551],[-49.300818,-25.280617],[-49.30083,-25.280599],[-49.300815,-25.280589],[-49.300787,-25.280533],[-49.300861,-25.280434],[-49.300902,-25.280428],[-49.300953,-25.280396],[-49.301035,-25.280368],[-49.301087,-25.28033],[-49.301108,-25.280289],[-49.301128,-25.280278],[-49.301179,-25.280288],[-49.30126,-25.280328],[-49.301362,-25.280337],[-49.301414,-25.280311],[-49.301485,-25.280314],[-49.301536,-25.280301],[-49.301548,-25.280292],[-49.301558,-25.280232],[-49.301659,-25.280259],[-49.301651,-25.280246],[-49.301661,-25.280228],[-49.301742,-25.280186],[-49.30179,-25.280192],[-49.301844,-25.280219],[-49.301915,-25.280203],[-49.301987,-25.280207],[-49.30201,-25.280223],[-49.302033,-25.280288],[-49.302047,-25.280292],[-49.302107,-25.280233],[-49.302099,-25.280205],[-49.302111,-25.280178],[-49.302161,-25.280156],[-49.302171,-25.280113],[-49.302205,-25.280077],[-49.302178,-25.279993],[-49.302215,-25.2799],[-49.302246,-25.279887],[-49.302248,-25.279919],[-49.302286,-25.279925],[-49.30229,-25.279901],[-49.302252,-25.279882],[-49.302308,-25.27986],[-49.302349,-25.279815],[-49.30238,-25.279824],[-49.30243,-25.279864],[-49.302512,-25.27987],[-49.302523,-25.279825],[-49.302558,-25.279812],[-49.302593,-25.279766],[-49.302636,-25.279757],[-49.30267,-25.279729],[-49.302675,-25.27972],[-49.302657,-25.279701],[-49.302663,-25.279636],[-49.302709,-25.279606],[-49.30275,-25.279609],[-49.30281,-25.279555],[-49.302866,-25.279527],[-49.30291,-25.279472],[-49.302935,-25.279389],[-49.302978,-25.279367],[-49.302993,-25.279381],[-49.30299,-25.279408],[-49.303,-25.279418],[-49.3031,-25.279404],[-49.30312,-25.279413],[-49.303206,-25.279513],[-49.30322,-25.279583],[-49.303254,-25.279634],[-49.30328,-25.279647],[-49.303372,-25.279642],[-49.303416,-25.279729],[-49.303403,-25.279821],[-49.303358,-25.27989],[-49.303308,-25.279867],[-49.303276,-25.279876],[-49.30326,-25.279894],[-49.303258,-25.27994],[-49.303175,-25.279967],[-49.303173,-25.280006],[-49.303121,-25.28005],[-49.303125,-25.280078],[-49.303172,-25.280101],[-49.303182,-25.280125],[-49.303125,-25.280226],[-49.303087,-25.280331],[-49.303066,-25.280339],[-49.303043,-25.2803],[-49.303026,-25.280293],[-49.302985,-25.280333],[-49.302943,-25.280326],[-49.302941,-25.280354],[-49.302961,-25.280373],[-49.302994,-25.280376],[-49.303035,-25.280404],[-49.303086,-25.280389],[-49.303126,-25.28043],[-49.30311,-25.280477],[-49.303128,-25.280505],[-49.303122,-25.280532],[-49.303183,-25.280626],[-49.303065,-25.280662],[-49.303052,-25.280689],[-49.303029,-25.280689],[-49.303026,-25.280698],[-49.303046,-25.280717],[-49.30304,-25.280745],[-49.303071,-25.280762],[-49.303101,-25.280764],[-49.303121,-25.280821],[-49.30316,-25.280821],[-49.303173,-25.280793],[-49.303166,-25.280765],[-49.303137,-25.280746],[-49.30313,-25.280727],[-49.303204,-25.280731],[-49.303212,-25.280701],[-49.303225,-25.280694],[-49.303237,-25.280701],[-49.303225,-25.280729],[-49.303241,-25.280775],[-49.303211,-25.280784],[-49.303188,-25.280821],[-49.303202,-25.280848],[-49.303243,-25.280855],[-49.303274,-25.280843],[-49.303284,-25.280823],[-49.303294,-25.280831],[-49.30328,-25.280859],[-49.303282,-25.280887],[-49.303324,-25.280893],[-49.303351,-25.280851],[-49.303323,-25.280813],[-49.303346,-25.280776],[-49.303356,-25.280776],[-49.303391,-25.280814],[-49.303388,-25.280832],[-49.303366,-25.280851],[-49.303395,-25.280899],[-49.303487,-25.280921],[-49.303497,-25.280908],[-49.303468,-25.28088],[-49.303518,-25.280878],[-49.303538,-25.280895],[-49.303579,-25.280896],[-49.3036,-25.280862],[-49.303631,-25.280861],[-49.303652,-25.280799],[-49.303713,-25.280822],[-49.303752,-25.2808],[-49.303737,-25.280697],[-49.303756,-25.280633],[-49.303747,-25.280573],[-49.303767,-25.280558],[-49.303819,-25.280554],[-49.303881,-25.280569],[-49.303904,-25.280579],[-49.303891,-25.280616],[-49.3039,-25.280653],[-49.303962,-25.280681],[-49.30397,-25.280709],[-49.303959,-25.280765],[-49.304021,-25.280803],[-49.303993,-25.280849],[-49.30403,-25.280896],[-49.304019,-25.280951],[-49.304032,-25.281016],[-49.304067,-25.281061],[-49.304097,-25.281074],[-49.304107,-25.281115],[-49.304198,-25.28116],[-49.304213,-25.281139],[-49.304199,-25.281109],[-49.304119,-25.281073],[-49.304109,-25.281054],[-49.304145,-25.280999],[-49.304171,-25.280906],[-49.304203,-25.280888],[-49.304205,-25.28087],[-49.304151,-25.28083],[-49.304098,-25.280813],[-49.304152,-25.280802],[-49.304193,-25.280757],[-49.304316,-25.280756],[-49.304334,-25.280778],[-49.304306,-25.280797],[-49.304312,-25.280815],[-49.304366,-25.280825],[-49.304447,-25.280886],[-49.30448,-25.280882],[-49.304519,-25.280849],[-49.30461,-25.280856],[-49.304634,-25.280837],[-49.304676,-25.280838],[-49.304697,-25.280857],[-49.30469,-25.280894],[-49.304712,-25.280922],[-49.304762,-25.280961],[-49.304813,-25.280969],[-49.304814,-25.2809],[-49.304843,-25.280877],[-49.304846,-25.280858],[-49.304886,-25.280831],[-49.304925,-25.280748],[-49.304951,-25.280748],[-49.304979,-25.280787],[-49.30502,-25.280766],[-49.30503,-25.280741]]}},{"type":"Feature","properties":{"alt":1035.0,"mestra":true},"geometry":{"type":"LineString","coordinates":[[-49.305031,-25.28072],[-49.30499,-25.280689],[-49.30496,-25.280637],[-49.304889,-25.280607],[-49.304875,-25.28059],[-49.3049,-25.280569],[-49.304941,-25.280583],[-49.304972,-25.280547],[-49.305033,-25.280534]]}},{"type":"Feature","properties":{"alt":1035.0,"mestra":true},"geometry":{"type":"LineString","coordinates":[[-49.305022,-25.281319],[-49.304951,-25.281281],[-49.30489,-25.281351],[-49.304908,-25.281444],[-49.304893,-25.281499],[-49.304929,-25.281527],[-49.304958,-25.281575],[-49.305019,-25.281569]]}},{"type":"Feature","properties":{"alt":1035.0,"mestra":true},"geometry":{"type":"LineString","coordinates":[[-49.300489,-25.281515],[-49.300499,-25.281513],[-49.300501,-25.281365],[-49.300492,-25.281356],[-49.300492,-25.281268]]}},{"type":"Feature","properties":{"alt":1035.0,"mestra":true},"geometry":{"type":"LineString","coordinates":[[-49.30309,-25.282746],[-49.303058,-25.282759]]}},{"type":"Feature","properties":{"alt":1035.0,"mestra":true},"geometry":{"type":"LineString","coordinates":[[-49.303833,-25.278071],[-49.303835,-25.278101],[-49.303801,-25.2781],[-49.303801,-25.278072],[-49.303833,-25.278071]]}},{"type":"Feature","properties":{"alt":1035.0,"mestra":true},"geometry":{"type":"LineString","coordinates":[[-49.302976,-25.279489],[-49.302956,-25.279482],[-49.302945,-25.279506],[-49.302968,-25.27951],[-49.30298,-25.279501],[-49.302976,-25.279489]]}},{"type":"Feature","properties":{"alt":1035.0,"mestra":true},"geometry":{"type":"LineString","coordinates":[[-49.302719,-25.279673],[-49.302718,-25.27969],[-49.302729,-25.279684],[-49.302719,-25.279673]]}},{"type":"Feature","properties":{"alt":1035.0,"mestra":true},"geometry":{"type":"LineString","coordinates":[[-49.302636,-25.279708],[-49.302626,-25.279719],[-49.302617,-25.27971],[-49.302636,-25.279708]]}},{"type":"Feature","properties":{"alt":1035.0,"mestra":true},"geometry":{"type":"LineString","coordinates":[[-49.302593,-25.279896],[-49.302593,-25.279916],[-49.302593,-25.279896]]}},{"type":"Feature","properties":{"alt":1035.0,"mestra":true},"geometry":{"type":"LineString","coordinates":[[-49.301051,-25.27996],[-49.301112,-25.27998],[-49.301012,-25.279979],[-49.301005,-25.27997],[-49.301051,-25.27996]]}},{"type":"Feature","properties":{"alt":1035.0,"mestra":true},"geometry":{"type":"LineString","coordinates":[[-49.302102,-25.279978],[-49.302114,-25.279992],[-49.302102,-25.280013],[-49.30205,-25.280019],[-49.302035,-25.28001],[-49.302102,-25.279978]]}},{"type":"Feature","properties":{"alt":1035.0,"mestra":true},"geometry":{"type":"LineString","coordinates":[[-49.302305,-25.280065],[-49.302264,-25.280063],[-49.302227,-25.280095],[-49.302232,-25.280133],[-49.302273,-25.280161],[-49.302304,-25.280155],[-49.30234,-25.280125],[-49.302336,-25.280087],[-49.302305,-25.280065]]}},{"type":"Feature","properties":{"alt":1035.0,"mestra":true},"geometry":{"type":"LineString","coordinates":[[-49.303222,-25.280133],[-49.303222,-25.280144],[-49.303222,-25.280133]]}},{"type":"Feature","properties":{"alt":1035.0,"mestra":true},"geometry":{"type":"LineString","coordinates":[[-49.303211,-25.280207],[-49.303288,-25.280293],[-49.303251,-25.280289],[-49.303189,-25.280303],[-49.303179,-25.280293],[-49.303167,-25.280236],[-49.303179,-25.280218],[-49.303211,-25.280207]]}},{"type":"Feature","properties":{"alt":1035.0,"mestra":true},"geometry":{"type":"LineString","coordinates":[[-49.302934,-25.280299],[-49.302934,-25.280311],[-49.302934,-25.280299]]}},{"type":"Feature","properties":{"alt":1035.0,"mestra":true},"geometry":{"type":"LineString","coordinates":[[-49.301771,-25.280304],[-49.30171,-25.280309],[-49.301686,-25.28034],[-49.301719,-25.280354],[-49.301799,-25.280332],[-49.301807,-25.280323],[-49.301771,-25.280304]]}},{"type":"Feature","properties":{"alt":1035.0,"mestra":true},"geometry":{"type":"LineString","coordinates":[[-49.302321,-25.280371],[-49.30227,-25.280374],[-49.302265,-25.280402],[-49.302228,-25.280448],[-49.302188,-25.280427],[-49.302187,-25.280438],[-49.302299,-25.280482],[-49.302318,-25.280477],[-49.302376,-25.280431],[-49.302371,-25.280414],[-49.302341,-25.280399],[-49.302321,-25.280371]]}},{"type":"Feature","properties":{"alt":1035.0,"mestra":true},"geometry":{"type":"LineString","coordinates":[[-49.303328,-25.280616],[-49.303328,-25.280628],[-49.303328,-25.280616]]}},{"type":"Feature","properties":{"alt":1035.0,"mestra":true},"geometry":{"type":"LineString","coordinates":[[-49.304469,-25.280714],[-49.304473,-25.280799],[-49.304458,-25.280804],[-49.304397,-25.280784],[-49.304406,-25.280751],[-49.304448,-25.280715],[-49.304469,-25.280714]]}},{"type":"Feature","properties":{"alt":1035.0,"mestra":true},"geometry":{"type":"LineString","coordinates":[[-49.303009,-25.280769],[-49.302989,-25.280769],[-49.30298,-25.280781],[-49.302998,-25.280842],[-49.30303,-25.280828],[-49.303028,-25.280791],[-49.303009,-25.280769]]}},{"type":"Feature","properties":{"alt":1035.0,"mestra":true},"geometry":{"type":"LineString","coordinates":[[-49.3031,-25.280846],[-49.30306,-25.280857],[-49.303069,-25.280884],[-49.3031,-25.280885],[-49.303111,-25.280866],[-49.3031,-25.280846]]}},{"type":"Feature","properties":{"alt":1035.0,"mestra":true},"geometry":{"type":"LineString","coordinates":[[-49.302998,-25.280854],[-49.302998,-25.280854]]}},{"type":"Feature","properties":{"alt":1035.0,"mestra":true},"geometry":{"type":"LineString","coordinates":[[-49.302865,-25.280861],[-49.302835,-25.280862],[-49.302823,-25.280882],[-49.302834,-25.280901],[-49.302865,-25.280912],[-49.302876,-25.280882],[-49.302865,-25.280861]]}},{"type":"Feature","properties":{"alt":1035.0,"mestra":true},"geometry":{"type":"LineString","coordinates":[[-49.303528,-25.280896],[-49.303499,-25.280908],[-49.303517,-25.280925],[-49.303528,-25.280896]]}},{"type":"Feature","properties":{"alt":1035.0,"mestra":true},"geometry":{"type":"LineString","coordinates":[[-49.303569,-25.280925],[-49.303569,-25.280925]]}},{"type":"Feature","properties":{"alt":1035.0,"mestra":true},"geometry":{"type":"LineString","coordinates":[[-49.302885,-25.280919],[-49.302875,-25.280921],[-49.302874,-25.280938],[-49.302895,-25.280949],[-49.302897,-25.280929],[-49.302885,-25.280919]]}},{"type":"Feature","properties":{"alt":1035.0,"mestra":true},"geometry":{"type":"LineString","coordinates":[[-49.303384,-25.280951],[-49.303354,-25.280953],[-49.303338,-25.280971],[-49.303343,-25.280988],[-49.30339,-25.280981],[-49.303384,-25.280951]]}},{"type":"Feature","properties":{"alt":1035.0,"mestra":true},"geometry":{"type":"LineString","coordinates":[[-49.303578,-25.280962],[-49.303545,-25.280973],[-49.303547,-25.280988],[-49.303578,-25.280989],[-49.303589,-25.280974],[-49.303578,-25.280962]]}},{"type":"Feature","properties":{"alt":1035.0,"mestra":true},"geometry":{"type":"LineString","coordinates":[[-49.303476,-25.280969],[-49.303449,-25.280991],[-49.303465,-25.281006],[-49.303494,-25.281001],[-49.303476,-25.280969]]}},{"type":"Feature","properties":{"alt":1035.0,"mestra":true},"geometry":{"type":"LineString","coordinates":[[-49.303527,-25.281006],[-49.303503,-25.28101],[-49.303497,-25.281047],[-49.303503,-25.281066],[-49.303526,-25.281079],[-49.303559,-25.281048],[-49.303527,-25.281006]]}},{"type":"Feature","properties":{"alt":1035.0,"mestra":true},"geometry":{"type":"LineString","coordinates":[[-49.303413,-25.281079],[-49.303131,-25.281275],[-49.303185,-25.281382],[-49.303256,-25.281404],[-49.303503,-25.281203],[-49.303505,-25.281177],[-49.303474,-25.28113],[-49.303413,-25.281079]]}},{"type":"Feature","properties":{"alt":1035.0,"mestra":true},"geometry":{"type":"LineString","coordinates":[[-49.304726,-25.281364],[-49.304685,-25.281365],[-49.304654,-25.281413],[-49.304674,-25.281439],[-49.304714,-25.281455],[-49.304748,-25.281451],[-49.304763,-25.281424],[-49.304755,-25.281396],[-49.304726,-25.281364]]}},{"type":"Feature","properties":{"alt":1035.0,"mestra":true},"geometry":{"type":"LineString","coordinates":[[-49.30392,-25.281366],[-49.303892,-25.281376],[-49.303899,-25.281402],[-49.303929,-25.281394],[-49.30392,-25.281366]]}},{"type":"Feature","properties":{"alt":1035.0,"mestra":true},"geometry":{"type":"LineString","coordinates":[[-49.303123,-25.281379],[-49.303103,-25.281384],[-49.303099,-25.281404],[-49.303123,-25.28142],[-49.303142,-25.281405],[-49.303123,-25.281379]]}},{"type":"Feature","properties":{"alt":1035.0,"mestra":true},"geometry":{"type":"LineString","coordinates":[[-49.302827,-25.28141],[-49.302806,-25.281421],[-49.30279,-25.281466],[-49.302739,-25.28153],[-49.302751,-25.281577],[-49.302783,-25.28161],[-49.302824,-25.281625],[-49.302876,-25.281577],[-49.302877,-25.281606],[-49.302892,-25.281615],[-49.302917,-25.281606],[-49.30293,-25.281588],[-49.302899,-25.28156],[-49.302885,-25.281513],[-49.302909,-25.281458],[-49.302889,-25.28143],[-49.302858,-25.281412],[-49.302827,-25.28141]]}},{"type":"Feature","properties":{"alt":1035.0,"mestra":true},"geometry":{"type":"LineString","coordinates":[[-49.302979,-25.281466],[-49.302963,-25.281496],[-49.302968,-25.281515],[-49.303007,-25.281505],[-49.303007,-25.281487],[-49.302979,-25.281466]]}},{"type":"Feature","properties":{"alt":1035.0,"mestra":true},"geometry":{"type":"LineString","coordinates":[[-49.304691,-25.28164],[-49.304652,-25.281654],[-49.304656,-25.281682],[-49.304696,-25.281683],[-49.304704,-25.281655],[-49.304691,-25.28164]]}},{"type":"Feature","properties":{"alt":1035.0,"mestra":true},"geometry":{"type":"LineString","coordinates":[[-49.304875,-25.281666],[-49.304854,-25.281671],[-49.304823,-25.2817],[-49.304746,-25.281702],[-49.304812,-25.28178],[-49.304842,-25.281798],[-49.304858,-25.281796],[-49.304866,-25.281777],[-49.304843,-25.281712],[-49.3049,-25.281694],[-49.304875,-25.281666]]}},{"type":"Feature","properties":{"alt":1035.0,"mestra":true},"geometry":{"type":"LineString","coordinates":[[-49.304781,-25.281812],[-49.30476,-25.281806],[-49.304748,-25.281822],[-49.30477,-25.281834],[-49.304781,-25.281812]]}},{"type":"Feature","properties":{"alt":1035.0,"mestra":true},"geometry":{"type":"LineString","coordinates":[[-49.304893,-25.281828],[-49.304862,-25.281828],[-49.304847,-25.281842],[-49.304861,-25.281882],[-49.304892,-25.281897],[-49.304915,-25.28188],[-49.304893,-25.281828]]}},{"type":"Feature","properties":{"alt":1036.0,"mestra":false},"geometry":{"type":"LineString","coordinates":[[-49.303089,-25.277934],[-49.303028,-25.277955],[-49.302963,-25.277933]]}},{"type":"Feature","properties":{"alt":1036.0,"mestra":false},"geometry":{"type":"LineString","coordinates":[[-49.304928,-25.279911],[-49.304891,-25.27995],[-49.304857,-25.279961],[-49.304796,-25.279957],[-49.304746,-25.279933],[-49.304718,-25.279901],[-49.304706,-25.279855],[-49.304718,-25.279818],[-49.304759,-25.279773]]}},{"type":"Feature","properties":{"alt":1036.0,"mestra":false},"geometry":{"type":"LineString","coordinates":[[-49.300503,-25.280466],[-49.300514,-25.280449],[-49.300544,-25.280482],[-49.300697,-25.280476],[-49.300778,-25.280491],[-49.300798,-25.280478],[-49.300823,-25.280423],[-49.300851,-25.280407],[-49.300912,-25.280404],[-49.301015,-25.280358],[-49.301036,-25.280327],[-49.301077,-25.28031],[-49.301108,-25.280276],[-49.30119,-25.280273],[-49.30125,-25.280316],[-49.301362,-25.280331],[-49.301404,-25.280299],[-49.301496,-25.280294],[-49.301527,-25.280264],[-49.301534,-25.280227],[-49.301558,-25.280208],[-49.301619,-25.280239],[-49.301697,-25.28021],[-49.301732,-25.280184],[-49.301783,-25.280189],[-49.301844,-25.280216],[-49.301956,-25.280193],[-49.302001,-25.280204],[-49.302037,-25.280242],[-49.302068,-25.280249],[-49.302092,-25.280233],[-49.30209,-25.280205],[-49.302104,-25.280177],[-49.302155,-25.28015],[-49.302193,-25.280067],[-49.302165,-25.280002],[-49.302176,-25.279928],[-49.302193,-25.279909],[-49.302226,-25.279881],[-49.302301,-25.279855],[-49.302339,-25.279811],[-49.30238,-25.279819],[-49.30244,-25.279863],[-49.3025,-25.279848],[-49.302513,-25.279811],[-49.302543,-25.279809],[-49.302585,-25.279758],[-49.302626,-25.279747],[-49.302604,-25.279701],[-49.302647,-25.279689],[-49.302648,-25.279636],[-49.302709,-25.279596],[-49.30275,-25.279601],[-49.302802,-25.279553],[-49.302863,-25.279523],[-49.30292,-25.279435],[-49.302928,-25.279389],[-49.302978,-25.279361],[-49.303018,-25.279399],[-49.303059,-25.279403],[-49.3031,-25.279392],[-49.303125,-25.279401],[-49.303172,-25.279466],[-49.303221,-25.279505],[-49.303241,-25.279541],[-49.303293,-25.27956],[-49.303304,-25.279579],[-49.303289,-25.279607],[-49.303295,-25.279625],[-49.303372,-25.27962],[-49.303403,-25.279633],[-49.303439,-25.279729],[-49.303416,-25.279821],[-49.303358,-25.279904],[-49.303308,-25.27987],[-49.303277,-25.279877],[-49.303263,-25.279894],[-49.303261,-25.27994],[-49.303235,-25.279957],[-49.303178,-25.279967],[-49.303173,-25.28001],[-49.303122,-25.28005],[-49.303131,-25.280084],[-49.303172,-25.280099],[-49.30319,-25.280125],[-49.303165,-25.280162],[-49.303162,-25.280199],[-49.30317,-25.280207],[-49.303221,-25.280203],[-49.303291,-25.280284],[-49.303294,-25.280303],[-49.30323,-25.280295],[-49.303189,-25.280307],[-49.303159,-25.280264],[-49.303139,-25.280256],[-49.303109,-25.280282],[-49.303077,-25.280344],[-49.303026,-25.280298],[-49.302995,-25.280331],[-49.302947,-25.280345],[-49.302954,-25.280364],[-49.302995,-25.280372],[-49.303032,-25.280402],[-49.303086,-25.280386],[-49.303129,-25.280431],[-49.303113,-25.280477],[-49.303131,-25.280505],[-49.303125,-25.280533],[-49.303186,-25.280617],[-49.303185,-25.280635],[-49.303144,-25.280635],[-49.303062,-25.28067],[-49.303043,-25.280736],[-49.303061,-25.280756],[-49.303101,-25.280761],[-49.303125,-25.28082],[-49.303162,-25.280816],[-49.303172,-25.280784],[-49.303126,-25.280727],[-49.303143,-25.280719],[-49.303201,-25.280728],[-49.303209,-25.280701],[-49.303225,-25.280691],[-49.303239,-25.280701],[-49.303229,-25.280738],[-49.303246,-25.280775],[-49.303213,-25.280788],[-49.303188,-25.28083],[-49.303233,-25.280856],[-49.303269,-25.28084],[-49.303274,-25.280822],[-49.303297,-25.280822],[-49.303282,-25.280868],[-49.303293,-25.280891],[-49.303324,-25.280889],[-49.30334,-25.28086],[-49.303316,-25.280813],[-49.303346,-25.280772],[-49.303391,-25.280805],[-49.303393,-25.280833],[-49.303373,-25.28086],[-49.303395,-25.280895],[-49.303416,-25.2809],[-49.303446,-25.280898],[-49.303467,-25.280871],[-49.303518,-25.280863],[-49.303559,-25.280885],[-49.303573,-25.280881],[-49.30358,-25.280836],[-49.303611,-25.280833],[-49.303621,-25.280822],[-49.303622,-25.280738],[-49.303683,-25.280772],[-49.303713,-25.280806],[-49.303734,-25.2808],[-49.303721,-25.280697],[-49.303748,-25.280632],[-49.303713,-25.280549],[-49.303734,-25.280493],[-49.303728,-25.280435],[-49.3038,-25.28042],[-49.303841,-25.280385],[-49.303882,-25.280439],[-49.303849,-25.280476],[-49.303843,-25.280541],[-49.303925,-25.280579],[-49.303902,-25.280606],[-49.303901,-25.280644],[-49.303919,-25.280662],[-49.30396,-25.280669],[-49.303977,-25.280709],[-49.303965,-25.280765],[-49.304028,-25.280803],[-49.303998,-25.280849],[-49.304034,-25.280896],[-49.304024,-25.280951],[-49.304033,-25.281007],[-49.304067,-25.281054],[-49.304095,-25.281054],[-49.304135,-25.281008],[-49.304142,-25.280952],[-49.304171,-25.280891],[-49.304193,-25.280879],[-49.304151,-25.28084],[-49.304091,-25.280813],[-49.304101,-25.280801],[-49.304152,-25.280795],[-49.304214,-25.280726],[-49.304265,-25.280747],[-49.304306,-25.28073],[-49.304336,-25.280762],[-49.304367,-25.280769],[-49.304439,-25.280713],[-49.304482,-25.280706],[-49.304493,-25.280762],[-49.304484,-25.280808],[-49.304468,-25.280815],[-49.304407,-25.280803],[-49.304389,-25.280816],[-49.304389,-25.280835],[-49.304426,-25.280872],[-49.304467,-25.280883],[-49.304519,-25.280841],[-49.30459,-25.280845],[-49.304621,-25.280826],[-49.304672,-25.280832],[-49.304703,-25.280848],[-49.304699,-25.280894],[-49.30471,-25.280913],[-49.304762,-25.280952],[-49.304782,-25.280955],[-49.3048,-25.280941],[-49.304814,-25.280867],[-49.304879,-25.280831],[-49.304916,-25.280748],[-49.304949,-25.280738],[-49.304979,-25.280748],[-49.304995,-25.28073],[-49.30496,-25.280644],[-49.30492,-25.280618],[-49.304882,-25.280608],[-49.304872,-25.28058],[-49.3049,-25.280564],[-49.304941,-25.280578],[-49.30496,-25.280544],[-49.305033,-25.280522]]}},{"type":"Feature","properties":{"alt":1036.0,"mestra":false},"geometry":{"type":"LineString","coordinates":[[-49.30309,-25.282746],[-49.30306,-25.282759]]}},{"type":"Feature","properties":{"alt":1036.0,"mestra":false},"geometry":{"type":"LineString","coordinates":[[-49.303833,-25.278068],[-49.303844,-25.278082],[-49.303839,-25.278101],[-49.303822,-25.278109],[-49.303795,-25.2781],[-49.303792,-25.278072],[-49.303833,-25.278068]]}},{"type":"Feature","properties":{"alt":1036.0,"mestra":false},"geometry":{"type":"LineString","coordinates":[[-49.302276,-25.279908],[-49.302266,-25.27991],[-49.302276,-25.279918],[-49.302276,-25.279908]]}},{"type":"Feature","properties":{"alt":1036.0,"mestra":false},"geometry":{"type":"LineString","coordinates":[[-49.302102,-25.279967],[-49.302125,-25.279992],[-49.302112,-25.280016],[-49.30206,-25.280028],[-49.302019,-25.280019],[-49.302025,-25.28],[-49.302102,-25.279967]]}},{"type":"Feature","properties":{"alt":1036.0,"mestra":false},"geometry":{"type":"LineString","coordinates":[[-49.301061,-25.27996],[-49.301148,-25.279981],[-49.300965,-25.279979],[-49.301031,-25.279955],[-49.301061,-25.27996]]}},{"type":"Feature","properties":{"alt":1036.0,"mestra":false},"geometry":{"type":"LineString","coordinates":[[-49.302305,-25.280068],[-49.302264,-25.280067],[-49.302235,-25.280095],[-49.302237,-25.280133],[-49.302273,-25.280158],[-49.302304,-25.280151],[-49.302337,-25.280124],[-49.302332,-25.280087],[-49.302305,-25.280068]]}},{"type":"Feature","properties":{"alt":1036.0,"mestra":false},"geometry":{"type":"LineString","coordinates":[[-49.302029,-25.280092],[-49.302014,-25.280093],[-49.302029,-25.280092]]}},{"type":"Feature","properties":{"alt":1036.0,"mestra":false},"geometry":{"type":"LineString","coordinates":[[-49.303233,-25.280113],[-49.303239,-25.280144],[-49.303212,-25.280159],[-49.303206,-25.280125],[-49.303233,-25.280113]]}},{"type":"Feature","properties":{"alt":1036.0,"mestra":false},"geometry":{"type":"LineString","coordinates":[[-49.303314,-25.28016],[-49.303305,-25.280163],[-49.303314,-25.28016]]}},{"type":"Feature","properties":{"alt":1036.0,"mestra":false},"geometry":{"type":"LineString","coordinates":[[-49.301231,-25.280239],[-49.301221,-25.280254],[-49.301197,-25.280251],[-49.301211,-25.280232],[-49.301231,-25.280239]]}},{"type":"Feature","properties":{"alt":1036.0,"mestra":false},"geometry":{"type":"LineString","coordinates":[[-49.30172,-25.280331],[-49.30172,-25.280331]]}},{"type":"Feature","properties":{"alt":1036.0,"mestra":false},"geometry":{"type":"LineString","coordinates":[[-49.302311,-25.280371],[-49.302275,-25.280374],[-49.302235,-25.280448],[-49.302299,-25.280478],[-49.30233,-25.280467],[-49.302367,-25.280431],[-49.302311,-25.280371]]}},{"type":"Feature","properties":{"alt":1036.0,"mestra":false},"geometry":{"type":"LineString","coordinates":[[-49.303338,-25.280615],[-49.303338,-25.280636],[-49.303328,-25.280634],[-49.30332,-25.280618],[-49.303338,-25.280615]]}},{"type":"Feature","properties":{"alt":1036.0,"mestra":false},"geometry":{"type":"LineString","coordinates":[[-49.303358,-25.280656],[-49.303358,-25.280656]]}},{"type":"Feature","properties":{"alt":1036.0,"mestra":false},"geometry":{"type":"LineString","coordinates":[[-49.303009,-25.280771],[-49.302988,-25.280772],[-49.302985,-25.280809],[-49.302998,-25.280835],[-49.303019,-25.280836],[-49.303029,-25.2808],[-49.303009,-25.280771]]}},{"type":"Feature","properties":{"alt":1036.0,"mestra":false},"geometry":{"type":"LineString","coordinates":[[-49.304346,-25.280796],[-49.304346,-25.280796]]}},{"type":"Feature","properties":{"alt":1036.0,"mestra":false},"geometry":{"type":"LineString","coordinates":[[-49.3031,-25.28085],[-49.303066,-25.280857],[-49.303069,-25.280878],[-49.3031,-25.28088],[-49.3031,-25.28085]]}},{"type":"Feature","properties":{"alt":1036.0,"mestra":false},"geometry":{"type":"LineString","coordinates":[[-49.302845,-25.280872],[-49.302845,-25.280884],[-49.302855,-25.280882],[-49.302845,-25.280872]]}},{"type":"Feature","properties":{"alt":1036.0,"mestra":false},"geometry":{"type":"LineString","coordinates":[[-49.303374,-25.280952],[-49.303352,-25.280962],[-49.30335,-25.28098],[-49.303377,-25.280981],[-49.303384,-25.280972],[-49.303374,-25.280952]]}},{"type":"Feature","properties":{"alt":1036.0,"mestra":false},"geometry":{"type":"LineString","coordinates":[[-49.303526,-25.281033],[-49.303515,-25.281057],[-49.303526,-25.281067],[-49.303537,-25.281048],[-49.303526,-25.281033]]}},{"type":"Feature","properties":{"alt":1036.0,"mestra":false},"geometry":{"type":"LineString","coordinates":[[-49.304158,-25.281091],[-49.304117,-25.281083],[-49.304107,-25.281101],[-49.304125,-25.281119],[-49.304191,-25.281139],[-49.30419,-25.281111],[-49.304158,-25.281091]]}},{"type":"Feature","properties":{"alt":1036.0,"mestra":false},"geometry":{"type":"LineString","coordinates":[[-49.303443,-25.281111],[-49.303423,-25.281107],[-49.303145,-25.281281],[-49.303185,-25.28137],[-49.303236,-25.281374],[-49.303473,-25.281169],[-49.303472,-25.28114],[-49.303443,-25.281111]]}},{"type":"Feature","properties":{"alt":1036.0,"mestra":false},"geometry":{"type":"LineString","coordinates":[[-49.304961,-25.281302],[-49.304951,-25.281299],[-49.304901,-25.28136],[-49.304921,-25.281416],[-49.304895,-25.28149],[-49.304907,-25.28151],[-49.304941,-25.281518],[-49.304968,-25.281543],[-49.304994,-25.281528],[-49.304997,-25.281435],[-49.305018,-25.281361],[-49.305002,-25.281333],[-49.304961,-25.281302]]}},{"type":"Feature","properties":{"alt":1036.0,"mestra":false},"geometry":{"type":"LineString","coordinates":[[-49.304716,-25.281366],[-49.304678,-25.281376],[-49.304659,-25.281413],[-49.304684,-25.281441],[-49.304725,-25.281452],[-49.30475,-25.281442],[-49.304759,-25.281414],[-49.304736,-25.281374],[-49.304716,-25.281366]]}},{"type":"Feature","properties":{"alt":1036.0,"mestra":false},"geometry":{"type":"LineString","coordinates":[[-49.303919,-25.281375],[-49.303903,-25.281377],[-49.303909,-25.281394],[-49.303923,-25.281386],[-49.303919,-25.281375]]}},{"type":"Feature","properties":{"alt":1036.0,"mestra":false},"geometry":{"type":"LineString","coordinates":[[-49.303123,-25.281384],[-49.303103,-25.281393],[-49.303113,-25.281414],[-49.303136,-25.281405],[-49.303123,-25.281384]]}},{"type":"Feature","properties":{"alt":1036.0,"mestra":false},"geometry":{"type":"LineString","coordinates":[[-49.302858,-25.281417],[-49.302811,-25.28142],[-49.302792,-25.281466],[-49.302741,-25.28153],[-49.302753,-25.281576],[-49.302783,-25.281605],[-49.302814,-25.281613],[-49.302891,-25.28156],[-49.302881,-25.281504],[-49.302908,-25.281467],[-49.302858,-25.281417]]}},{"type":"Feature","properties":{"alt":1036.0,"mestra":false},"geometry":{"type":"LineString","coordinates":[[-49.302916,-25.281586],[-49.302896,-25.281585],[-49.30289,-25.281606],[-49.302906,-25.281606],[-49.302916,-25.281586]]}},{"type":"Feature","properties":{"alt":1036.0,"mestra":false},"geometry":{"type":"LineString","coordinates":[[-49.304691,-25.281653],[-49.304661,-25.281651],[-49.304653,-25.281673],[-49.304687,-25.281682],[-49.304691,-25.281653]]}},{"type":"Feature","properties":{"alt":1036.0,"mestra":false},"geometry":{"type":"LineString","coordinates":[[-49.304875,-25.281671],[-49.304854,-25.281675],[-49.304844,-25.281696],[-49.304891,-25.281694],[-49.304875,-25.281671]]}},{"type":"Feature","properties":{"alt":1036.0,"mestra":false},"geometry":{"type":"LineString","coordinates":[[-49.304762,-25.281711],[-49.304762,-25.281711]]}},{"type":"Feature","properties":{"alt":1036.0,"mestra":false},"geometry":{"type":"LineString","coordinates":[[-49.304813,-25.281719],[-49.304798,-25.28173],[-49.304802,-25.281749],[-49.304812,-25.281768],[-49.304842,-25.281786],[-49.30485,-25.281777],[-49.304843,-25.281741],[-49.304813,-25.281719]]}},{"type":"Feature","properties":{"alt":1036.0,"mestra":false},"geometry":{"type":"LineString","coordinates":[[-49.304771,-25.281808],[-49.30475,-25.281813],[-49.30476,-25.281833],[-49.304778,-25.281823],[-49.304771,-25.281808]]}},{"type":"Feature","properties":{"alt":1036.0,"mestra":false},"geometry":{"type":"LineString","coordinates":[[-49.304883,-25.281831],[-49.304862,-25.281835],[-49.304852,-25.281851],[-49.304872,-25.281883],[-49.304892,-25.281887],[-49.304905,-25.281861],[-49.304883,-25.281831]]}},{"type":"Feature","properties":{"alt":1037.0,"mestra":false},"geometry":{"type":"LineString","coordinates":[[-49.303096,-25.277934],[-49.30305,-25.277943],[-49.303028,-25.27796],[-49.302988,-25.277937],[-49.302937,-25.277932]]}},{"type":"Feature","properties":{"alt":1037.0,"mestra":false},"geometry":{"type":"LineString","coordinates":[[-49.304941,-25.279915],[-49.304898,-25.279954],[-49.304857,-25.279967],[-49.304796,-25.279962],[-49.304746,-25.27994],[-49.304711,-25.279901],[-49.304699,-25.279855],[-49.304714,-25.279809],[-49.304754,-25.279768]]}},{"type":"Feature","properties":{"alt":1037.0,"mestra":false},"geometry":{"type":"LineString","coordinates":[[-49.30051,-25.279955],[-49.300541,-25.279961],[-49.300558,-25.279983],[-49.300551,-25.279996],[-49.30051,-25.280001]]}},{"type":"Feature","properties":{"alt":1037.0,"mestra":false},"geometry":{"type":"LineString","coordinates":[[-49.30503,-25.280016],[-49.305041,-25.280007]]}},{"type":"Feature","properties":{"alt":1037.0,"mestra":false},"geometry":{"type":"LineString","coordinates":[[-49.30504,-25.280053],[-49.30503,-25.280054]]}},{"type":"Feature","properties":{"alt":1037.0,"mestra":false},"geometry":{"type":"LineString","coordinates":[[-49.300504,-25.280421],[-49.300646,-25.280463],[-49.300708,-25.280451],[-49.300758,-25.280459],[-49.300743,-25.28044],[-49.300755,-25.280422],[-49.300851,-25.280391],[-49.300913,-25.280388],[-49.30098,-25.280359],[-49.301026,-25.280312],[-49.301098,-25.280271],[-49.301159,-25.280254],[-49.301211,-25.280216],[-49.301292,-25.280229],[-49.301302,-25.280242],[-49.301281,-25.280276],[-49.301236,-25.280279],[-49.301237,-25.280297],[-49.301342,-25.280322],[-49.301368,-25.280317],[-49.301383,-25.280283],[-49.301496,-25.280254],[-49.301558,-25.280195],[-49.301619,-25.28023],[-49.30166,-25.280222],[-49.301742,-25.280181],[-49.301854,-25.280213],[-49.301956,-25.280186],[-49.302002,-25.280195],[-49.302037,-25.280218],[-49.302068,-25.280219],[-49.302106,-25.280168],[-49.302151,-25.280145],[-49.302174,-25.280048],[-49.302142,-25.280016],[-49.30205,-25.280036],[-49.301989,-25.280006],[-49.30195,-25.279999],[-49.30202,-25.279991],[-49.302102,-25.279954],[-49.302153,-25.279992],[-49.302166,-25.279965],[-49.302141,-25.279927],[-49.302174,-25.279917],[-49.30223,-25.279873],[-49.302298,-25.279849],[-49.302339,-25.279806],[-49.30239,-25.279817],[-49.30243,-25.279857],[-49.302474,-25.279848],[-49.302502,-25.279802],[-49.302543,-25.279798],[-49.302596,-25.279738],[-49.302596,-25.27969],[-49.302644,-25.279673],[-49.302637,-25.279634],[-49.302695,-25.2796],[-49.302713,-25.279563],[-49.302761,-25.279584],[-49.302792,-25.279552],[-49.30286,-25.279518],[-49.302913,-25.279435],[-49.302922,-25.279389],[-49.302978,-25.279355],[-49.303049,-25.279396],[-49.30308,-25.279393],[-49.3031,-25.279377],[-49.303137,-25.279401],[-49.303191,-25.279475],[-49.303262,-25.279514],[-49.303332,-25.279524],[-49.303332,-25.279561],[-49.303373,-25.279593],[-49.303414,-25.279596],[-49.303428,-25.279608],[-49.303456,-25.279701],[-49.303431,-25.279812],[-49.303368,-25.279908],[-49.303348,-25.279911],[-49.303332,-25.279885],[-49.303308,-25.279873],[-49.303277,-25.27988],[-49.303264,-25.27994],[-49.303235,-25.279959],[-49.303181,-25.279967],[-49.303174,-25.280014],[-49.303124,-25.28005],[-49.303131,-25.280082],[-49.303173,-25.280097],[-49.303192,-25.280116],[-49.303243,-25.280101],[-49.303248,-25.280144],[-49.303216,-25.280181],[-49.303302,-25.280303],[-49.303291,-25.280312],[-49.30322,-25.280299],[-49.303189,-25.280311],[-49.303159,-25.280271],[-49.303139,-25.280264],[-49.303113,-25.280282],[-49.303077,-25.280347],[-49.303062,-25.280346],[-49.303026,-25.280306],[-49.302995,-25.280336],[-49.302954,-25.280353],[-49.302964,-25.280366],[-49.302995,-25.280367],[-49.303035,-25.2804],[-49.303086,-25.280383],[-49.303132,-25.280431],[-49.303115,-25.280477],[-49.303132,-25.280495],[-49.303127,-25.280533],[-49.303189,-25.280617],[-49.303188,-25.280635],[-49.303144,-25.280638],[-49.303067,-25.280671],[-49.303048,-25.280736],[-49.303065,-25.280755],[-49.303101,-25.280758],[-49.30313,-25.28082],[-49.303162,-25.280812],[-49.30317,-25.280784],[-49.303161,-25.280765],[-49.303127,-25.280746],[-49.303122,-25.280727],[-49.303143,-25.280715],[-49.303194,-25.280727],[-49.303213,-25.280691],[-49.303225,-25.280689],[-49.303242,-25.280701],[-49.303233,-25.280738],[-49.30325,-25.280775],[-49.303215,-25.280793],[-49.303192,-25.280828],[-49.303212,-25.280849],[-49.303233,-25.280853],[-49.303264,-25.280841],[-49.303274,-25.280815],[-49.303305,-25.280816],[-49.303346,-25.280768],[-49.303395,-25.280805],[-49.303397,-25.280833],[-49.303379,-25.28086],[-49.303395,-25.280891],[-49.303426,-25.280895],[-49.303454,-25.28087],[-49.303518,-25.280854],[-49.303559,-25.280866],[-49.30357,-25.280817],[-49.303601,-25.280822],[-49.303611,-25.280807],[-49.303602,-25.280704],[-49.303612,-25.280699],[-49.303704,-25.280735],[-49.303707,-25.280688],[-49.303742,-25.280642],[-49.303706,-25.280558],[-49.303726,-25.280493],[-49.303711,-25.280446],[-49.303715,-25.280409],[-49.303676,-25.280344],[-49.30371,-25.280306],[-49.303771,-25.280288],[-49.303802,-25.280248],[-49.303823,-25.280264],[-49.303899,-25.28043],[-49.303856,-25.280476],[-49.303849,-25.280532],[-49.303866,-25.28055],[-49.303937,-25.280579],[-49.303908,-25.280606],[-49.303903,-25.280634],[-49.303919,-25.280658],[-49.30396,-25.280662],[-49.30398,-25.280691],[-49.303971,-25.280765],[-49.30403,-25.280793],[-49.304031,-25.280812],[-49.304003,-25.280849],[-49.304039,-25.280896],[-49.304028,-25.280951],[-49.304039,-25.281007],[-49.304077,-25.281046],[-49.304135,-25.280999],[-49.304128,-25.280952],[-49.304156,-25.280916],[-49.304165,-25.280879],[-49.304151,-25.28085],[-49.304091,-25.280822],[-49.304089,-25.280803],[-49.304152,-25.28079],[-49.304214,-25.280708],[-49.304255,-25.280739],[-49.304316,-25.280717],[-49.30433,-25.280751],[-49.304367,-25.280763],[-49.304439,-25.280707],[-49.30449,-25.280701],[-49.304501,-25.280752],[-49.304494,-25.280817],[-49.304478,-25.280825],[-49.304407,-25.280812],[-49.304398,-25.280835],[-49.304427,-25.280866],[-49.304457,-25.28088],[-49.304477,-25.280876],[-49.304519,-25.28083],[-49.30458,-25.280833],[-49.304621,-25.280817],[-49.304682,-25.280829],[-49.304715,-25.280848],[-49.304718,-25.280913],[-49.304762,-25.280944],[-49.304783,-25.280945],[-49.304793,-25.280923],[-49.304786,-25.280858],[-49.304872,-25.280831],[-49.304909,-25.280748],[-49.304959,-25.280726],[-49.304969,-25.280711],[-49.304956,-25.280646],[-49.304879,-25.280613],[-49.304866,-25.28058],[-49.3049,-25.28056],[-49.304943,-25.280572],[-49.304951,-25.280541],[-49.305032,-25.280508],[-49.305034,-25.280474]]}},{"type":"Feature","properties":{"alt":1037.0,"mestra":false},"geometry":{"type":"LineString","coordinates":[[-49.30309,-25.282746],[-49.303061,-25.282759]]}},{"type":"Feature","properties":{"alt":1037.0,"mestra":false},"geometry":{"type":"LineString","coordinates":[[-49.303823,-25.27806],[-49.303842,-25.278073],[-49.303847,-25.278091],[-49.303832,-25.27811],[-49.303812,-25.278112],[-49.303789,-25.2781],[-49.303781,-25.278081],[-49.303795,-25.278063],[-49.303823,-25.27806]]}},{"type":"Feature","properties":{"alt":1037.0,"mestra":false},"geometry":{"type":"LineString","coordinates":[[-49.303091,-25.279311],[-49.303101,-25.279335],[-49.30309,-25.279353],[-49.30307,-25.279335],[-49.303091,-25.279311]]}},{"type":"Feature","properties":{"alt":1037.0,"mestra":false},"geometry":{"type":"LineString","coordinates":[[-49.302524,-25.279695],[-49.302501,-25.2797],[-49.302524,-25.279695]]}},{"type":"Feature","properties":{"alt":1037.0,"mestra":false},"geometry":{"type":"LineString","coordinates":[[-49.301041,-25.279951],[-49.301146,-25.279972],[-49.301209,-25.28],[-49.300969,-25.279989],[-49.300932,-25.279978],[-49.301041,-25.279951]]}},{"type":"Feature","properties":{"alt":1037.0,"mestra":false},"geometry":{"type":"LineString","coordinates":[[-49.301938,-25.279998],[-49.301948,-25.279999],[-49.301939,-25.280009],[-49.301922,-25.280008],[-49.301938,-25.279998]]}},{"type":"Feature","properties":{"alt":1037.0,"mestra":false},"geometry":{"type":"LineString","coordinates":[[-49.303233,-25.280069],[-49.303233,-25.280069]]}},{"type":"Feature","properties":{"alt":1037.0,"mestra":false},"geometry":{"type":"LineString","coordinates":[[-49.301703,-25.280048],[-49.301693,-25.280061],[-49.301654,-25.280052],[-49.301703,-25.280048]]}},{"type":"Feature","properties":{"alt":1037.0,"mestra":false},"geometry":{"type":"LineString","coordinates":[[-49.302295,-25.280067],[-49.302255,-25.280077],[-49.302238,-25.280105],[-49.302242,-25.280133],[-49.302273,-25.280154],[-49.302296,-25.280152],[-49.302334,-25.280124],[-49.302328,-25.280087],[-49.302295,-25.280067]]}},{"type":"Feature","properties":{"alt":1037.0,"mestra":false},"geometry":{"type":"LineString","coordinates":[[-49.302039,-25.28008],[-49.302049,-25.280093],[-49.302039,-25.28011],[-49.302005,-25.280102],[-49.302009,-25.280082],[-49.302039,-25.28008]]}},{"type":"Feature","properties":{"alt":1037.0,"mestra":false},"geometry":{"type":"LineString","coordinates":[[-49.303314,-25.280149],[-49.303325,-25.280164],[-49.303319,-25.280173],[-49.303274,-25.280182],[-49.303314,-25.280149]]}},{"type":"Feature","properties":{"alt":1037.0,"mestra":false},"geometry":{"type":"LineString","coordinates":[[-49.303192,-25.280149],[-49.303168,-25.280171],[-49.303181,-25.280196],[-49.303207,-25.280181],[-49.303192,-25.280149]]}},{"type":"Feature","properties":{"alt":1037.0,"mestra":false},"geometry":{"type":"LineString","coordinates":[[-49.304944,-25.28034],[-49.304954,-25.28036],[-49.304934,-25.280355],[-49.304944,-25.28034]]}},{"type":"Feature","properties":{"alt":1037.0,"mestra":false},"geometry":{"type":"LineString","coordinates":[[-49.302311,-25.280377],[-49.30228,-25.280375],[-49.302243,-25.280439],[-49.302251,-25.280458],[-49.302309,-25.280474],[-49.302334,-25.280458],[-49.302355,-25.280422],[-49.302324,-25.280403],[-49.302311,-25.280377]]}},{"type":"Feature","properties":{"alt":1037.0,"mestra":false},"geometry":{"type":"LineString","coordinates":[[-49.303328,-25.280608],[-49.303343,-25.280619],[-49.303338,-25.280646],[-49.303317,-25.280618],[-49.303328,-25.280608]]}},{"type":"Feature","properties":{"alt":1037.0,"mestra":false},"geometry":{"type":"LineString","coordinates":[[-49.303368,-25.280653],[-49.303376,-25.280656],[-49.303368,-25.280666],[-49.303344,-25.280656],[-49.303348,-25.280647],[-49.303368,-25.280653]]}},{"type":"Feature","properties":{"alt":1037.0,"mestra":false},"geometry":{"type":"LineString","coordinates":[[-49.303531,-25.280695],[-49.303531,-25.280695]]}},{"type":"Feature","properties":{"alt":1037.0,"mestra":false},"geometry":{"type":"LineString","coordinates":[[-49.303724,-25.28078],[-49.303713,-25.280774],[-49.303713,-25.280789],[-49.303724,-25.28078]]}},{"type":"Feature","properties":{"alt":1037.0,"mestra":false},"geometry":{"type":"LineString","coordinates":[[-49.302999,-25.280772],[-49.302984,-25.280781],[-49.302989,-25.280819],[-49.303019,-25.280833],[-49.303024,-25.280791],[-49.302999,-25.280772]]}},{"type":"Feature","properties":{"alt":1037.0,"mestra":false},"geometry":{"type":"LineString","coordinates":[[-49.303315,-25.280826],[-49.303289,-25.280859],[-49.303294,-25.280887],[-49.303318,-25.280887],[-49.303336,-25.28086],[-49.303315,-25.280826]]}},{"type":"Feature","properties":{"alt":1037.0,"mestra":false},"geometry":{"type":"LineString","coordinates":[[-49.3031,-25.280855],[-49.303075,-25.280857],[-49.303069,-25.280868],[-49.30309,-25.280879],[-49.3031,-25.280855]]}},{"type":"Feature","properties":{"alt":1037.0,"mestra":false},"geometry":{"type":"LineString","coordinates":[[-49.304099,-25.280959],[-49.304099,-25.280959]]}},{"type":"Feature","properties":{"alt":1037.0,"mestra":false},"geometry":{"type":"LineString","coordinates":[[-49.304127,-25.281091],[-49.304117,-25.281101],[-49.304123,-25.28111],[-49.304166,-25.28111],[-49.304127,-25.281091]]}},{"type":"Feature","properties":{"alt":1037.0,"mestra":false},"geometry":{"type":"LineString","coordinates":[[-49.303309,-25.281236],[-49.303176,-25.281312],[-49.303185,-25.281342],[-49.303195,-25.281349],[-49.303216,-25.281332],[-49.3033,-25.281258],[-49.303309,-25.281236]]}},{"type":"Feature","properties":{"alt":1037.0,"mestra":false},"geometry":{"type":"LineString","coordinates":[[-49.304951,-25.281333],[-49.304908,-25.281379],[-49.30495,-25.281416],[-49.304964,-25.281407],[-49.304973,-25.28137],[-49.304951,-25.281333]]}},{"type":"Feature","properties":{"alt":1037.0,"mestra":false},"geometry":{"type":"LineString","coordinates":[[-49.304726,-25.281372],[-49.304695,-25.281372],[-49.304669,-25.281395],[-49.304667,-25.281422],[-49.304694,-25.281443],[-49.304725,-25.281447],[-49.30475,-25.281433],[-49.304751,-25.281405],[-49.304726,-25.281372]]}},{"type":"Feature","properties":{"alt":1037.0,"mestra":false},"geometry":{"type":"LineString","coordinates":[[-49.303123,-25.28139],[-49.303107,-25.281395],[-49.303113,-25.281409],[-49.303129,-25.281405],[-49.303123,-25.28139]]}},{"type":"Feature","properties":{"alt":1037.0,"mestra":false},"geometry":{"type":"LineString","coordinates":[[-49.304949,-25.281439],[-49.304929,-25.28144],[-49.304901,-25.281481],[-49.304903,-25.281499],[-49.304918,-25.281509],[-49.304969,-25.2815],[-49.304969,-25.281463],[-49.304949,-25.281439]]}},{"type":"Feature","properties":{"alt":1037.0,"mestra":false},"geometry":{"type":"LineString","coordinates":[[-49.302837,-25.281418],[-49.302815,-25.28142],[-49.302767,-25.281512],[-49.302744,-25.28153],[-49.302751,-25.281567],[-49.302794,-25.281602],[-49.302835,-25.281598],[-49.302886,-25.28155],[-49.302867,-25.2815],[-49.302846,-25.281504],[-49.302843,-25.281494],[-49.302867,-25.281483],[-49.302877,-25.281498],[-49.3029,-25.281467],[-49.302873,-25.28143],[-49.302837,-25.281418]]}},{"type":"Feature","properties":{"alt":1037.0,"mestra":false},"geometry":{"type":"LineString","coordinates":[[-49.304671,-25.281653],[-49.304659,-25.281673],[-49.304681,-25.281679],[-49.304687,-25.281664],[-49.304671,-25.281653]]}},{"type":"Feature","properties":{"alt":1037.0,"mestra":false},"geometry":{"type":"LineString","coordinates":[[-49.304874,-25.281676],[-49.304854,-25.281683],[-49.304854,-25.281694],[-49.304877,-25.281694],[-49.304874,-25.281676]]}},{"type":"Feature","properties":{"alt":1037.0,"mestra":false},"geometry":{"type":"LineString","coordinates":[[-49.304771,-25.28181],[-49.304753,-25.281813],[-49.30476,-25.28183],[-49.304775,-25.281823],[-49.304771,-25.28181]]}},{"type":"Feature","properties":{"alt":1037.0,"mestra":false},"geometry":{"type":"LineString","coordinates":[[-49.304882,-25.281838],[-49.304859,-25.281851],[-49.304882,-25.281878],[-49.304898,-25.281861],[-49.304882,-25.281838]]}},{"type":"Feature","properties":{"alt":1038.0,"mestra":false},"geometry":{"type":"LineString","coordinates":[[-49.303102,-25.277934],[-49.303053,-25.277943],[-49.303028,-25.277963],[-49.302988,-25.277938],[-49.302906,-25.277932]]}},{"type":"Feature","properties":{"alt":1038.0,"mestra":false},"geometry":{"type":"LineString","coordinates":[[-49.304946,-25.279919],[-49.304909,-25.279957],[-49.304868,-25.279972],[-49.304806,-25.279969],[-49.304745,-25.279947],[-49.304704,-25.279901],[-49.304692,-25.279855],[-49.304705,-25.279808],[-49.304748,-25.279763]]}},{"type":"Feature","properties":{"alt":1038.0,"mestra":false},"geometry":{"type":"LineString","coordinates":[[-49.300511,-25.279941],[-49.300557,-25.279956],[-49.300576,-25.279993],[-49.300561,-25.280009],[-49.30051,-25.280013]]}},{"type":"Feature","properties":{"alt":1038.0,"mestra":false},"geometry":{"type":"LineString","coordinates":[[-49.305028,-25.280014],[-49.305031,-25.279993],[-49.305041,-25.279993]]}},{"type":"Feature","properties":{"alt":1038.0,"mestra":false},"geometry":{"type":"LineString","coordinates":[[-49.300504,-25.280385],[-49.300575,-25.28041],[-49.300642,-25.280393],[-49.3008,-25.280395],[-49.300841,-25.280379],[-49.300903,-25.280376],[-49.300963,-25.28035],[-49.300983,-25.280322],[-49.301049,-25.280277],[-49.301149,-25.280246],[-49.301211,-25.280193],[-49.301293,-25.2802],[-49.301324,-25.280215],[-49.30134,-25.280234],[-49.301343,-25.280271],[-49.301328,-25.280298],[-49.301342,-25.280301],[-49.301344,-25.28028],[-49.301476,-25.280237],[-49.301558,-25.280182],[-49.301602,-25.280218],[-49.301629,-25.280226],[-49.301691,-25.280206],[-49.301732,-25.280178],[-49.301783,-25.280185],[-49.301844,-25.280209],[-49.301956,-25.28018],[-49.302058,-25.280207],[-49.302087,-25.280168],[-49.302148,-25.280141],[-49.302163,-25.280085],[-49.302156,-25.280057],[-49.302122,-25.280039],[-49.302081,-25.280048],[-49.30204,-25.280043],[-49.301979,-25.280016],[-49.301907,-25.280028],[-49.301908,-25.27998],[-49.30201,-25.27998],[-49.302061,-25.279967],[-49.302123,-25.279921],[-49.302174,-25.27991],[-49.302226,-25.27987],[-49.302287,-25.27985],[-49.302339,-25.2798],[-49.302392,-25.27981],[-49.30243,-25.279853],[-49.302461,-25.27985],[-49.302481,-25.279829],[-49.302473,-25.279801],[-49.30248,-25.279792],[-49.302533,-25.279794],[-49.302554,-25.27978],[-49.302587,-25.279719],[-49.30258,-25.279691],[-49.302617,-25.279658],[-49.302631,-25.279627],[-49.302687,-25.2796],[-49.3027,-25.279563],[-49.30273,-25.279555],[-49.302761,-25.279572],[-49.302792,-25.27954],[-49.302862,-25.279509],[-49.302906,-25.279435],[-49.302927,-25.279376],[-49.302978,-25.279349],[-49.303049,-25.279389],[-49.303082,-25.279382],[-49.303082,-25.279363],[-49.303062,-25.279335],[-49.303091,-25.279286],[-49.303101,-25.279285],[-49.303115,-25.279373],[-49.303146,-25.279401],[-49.303181,-25.279462],[-49.303201,-25.279473],[-49.303232,-25.279471],[-49.303282,-25.279498],[-49.303333,-25.279494],[-49.303356,-25.279505],[-49.303392,-25.279552],[-49.303444,-25.279589],[-49.303475,-25.279683],[-49.303435,-25.279822],[-49.303377,-25.279914],[-49.303348,-25.27992],[-49.303328,-25.279886],[-49.303308,-25.279876],[-49.303277,-25.279883],[-49.303268,-25.27994],[-49.303235,-25.27996],[-49.303184,-25.279968],[-49.303178,-25.280014],[-49.303125,-25.28005],[-49.303131,-25.28008],[-49.303202,-25.280113],[-49.303227,-25.280098],[-49.303223,-25.280059],[-49.303234,-25.280054],[-49.303255,-25.28007],[-49.303269,-25.280126],[-49.303228,-25.28019],[-49.303299,-25.280284],[-49.303302,-25.280312],[-49.30323,-25.280301],[-49.303189,-25.280315],[-49.303159,-25.280277],[-49.303139,-25.280269],[-49.303116,-25.280282],[-49.303076,-25.280351],[-49.303056,-25.280349],[-49.303026,-25.280321],[-49.302963,-25.280354],[-49.303005,-25.280364],[-49.303035,-25.280397],[-49.303086,-25.28038],[-49.303134,-25.280431],[-49.303119,-25.280477],[-49.303135,-25.280496],[-49.30313,-25.280533],[-49.303192,-25.280617],[-49.303191,-25.280635],[-49.303182,-25.280645],[-49.303134,-25.280644],[-49.303074,-25.280671],[-49.303053,-25.280736],[-49.303071,-25.280753],[-49.303103,-25.280755],[-49.303131,-25.280818],[-49.303158,-25.280811],[-49.303168,-25.280784],[-49.303159,-25.280765],[-49.303122,-25.280746],[-49.303122,-25.28072],[-49.303143,-25.28071],[-49.303194,-25.280723],[-49.303209,-25.280691],[-49.303225,-25.280687],[-49.303245,-25.280701],[-49.303237,-25.280738],[-49.303254,-25.280775],[-49.303244,-25.28079],[-49.303221,-25.280793],[-49.303195,-25.28083],[-49.303223,-25.28085],[-49.303259,-25.28084],[-49.303274,-25.280808],[-49.303305,-25.280804],[-49.303346,-25.280764],[-49.303394,-25.280795],[-49.303401,-25.280833],[-49.303386,-25.28087],[-49.303406,-25.280892],[-49.303427,-25.280889],[-49.303457,-25.280864],[-49.303549,-25.280847],[-49.303564,-25.280807],[-49.303599,-25.280807],[-49.303582,-25.280679],[-49.303562,-25.28068],[-49.303551,-25.280694],[-49.303553,-25.280732],[-49.303508,-25.280695],[-49.303539,-25.280667],[-49.303572,-25.280658],[-49.303633,-25.280692],[-49.303674,-25.280698],[-49.303737,-25.280642],[-49.3037,-25.280558],[-49.303722,-25.280493],[-49.303704,-25.280446],[-49.303708,-25.280409],[-49.303666,-25.280344],[-49.303669,-25.280325],[-49.303698,-25.280298],[-49.303702,-25.280261],[-49.30367,-25.280227],[-49.303639,-25.280225],[-49.303635,-25.280195],[-49.30366,-25.280188],[-49.303681,-25.280167],[-49.303732,-25.280157],[-49.303774,-25.280113],[-49.303849,-25.280253],[-49.303846,-25.280309],[-49.303885,-25.280346],[-49.303912,-25.280421],[-49.303902,-25.280449],[-49.303861,-25.280476],[-49.303854,-25.280532],[-49.30388,-25.280554],[-49.303944,-25.28057],[-49.303941,-25.280586],[-49.30391,-25.280612],[-49.303907,-25.280634],[-49.303919,-25.280654],[-49.30396,-25.280657],[-49.303985,-25.280691],[-49.303987,-25.280719],[-49.303971,-25.280746],[-49.303977,-25.280765],[-49.304035,-25.280794],[-49.304037,-25.280812],[-49.304008,-25.280849],[-49.304044,-25.280896],[-49.304033,-25.280951],[-49.304057,-25.281015],[-49.304075,-25.281007],[-49.304067,-25.280979],[-49.304089,-25.280948],[-49.30413,-25.280932],[-49.304152,-25.280906],[-49.304151,-25.28086],[-49.30409,-25.280827],[-49.304085,-25.280803],[-49.304135,-25.280795],[-49.30416,-25.280776],[-49.304194,-25.280721],[-49.304194,-25.280665],[-49.304205,-25.280662],[-49.304225,-25.280672],[-49.304222,-25.280703],[-49.304245,-25.280731],[-49.304275,-25.280731],[-49.304317,-25.280705],[-49.304336,-25.280751],[-49.304357,-25.280759],[-49.304377,-25.280756],[-49.304439,-25.280702],[-49.304496,-25.280697],[-49.304507,-25.280799],[-49.304518,-25.280818],[-49.30457,-25.280826],[-49.304621,-25.280812],[-49.304713,-25.28083],[-49.304728,-25.280848],[-49.304727,-25.280913],[-49.304773,-25.280936],[-49.304783,-25.280913],[-49.30477,-25.280876],[-49.304773,-25.280839],[-49.304825,-25.280847],[-49.304866,-25.280831],[-49.304896,-25.280757],[-49.304958,-25.280711],[-49.30495,-25.280649],[-49.304879,-25.280621],[-49.30486,-25.280599],[-49.30486,-25.28058],[-49.3049,-25.280557],[-49.304939,-25.280563],[-49.304948,-25.280535],[-49.305023,-25.280507],[-49.305023,-25.280463]]}},{"type":"Feature","properties":{"alt":1038.0,"mestra":false},"geometry":{"type":"LineString","coordinates":[[-49.305023,-25.280452],[-49.305024,-25.280436],[-49.305035,-25.280436]]}},{"type":"Feature","properties":{"alt":1038.0,"mestra":false},"geometry":{"type":"LineString","coordinates":[[-49.303091,-25.282746],[-49.303063,-25.282759]]}},{"type":"Feature","properties":{"alt":1038.0,"mestra":false},"geometry":{"type":"LineString","coordinates":[[-49.303833,-25.278061],[-49.303849,-25.278082],[-49.303837,-25.27811],[-49.303812,-25.278115],[-49.303783,-25.2781],[-49.303774,-25.278081],[-49.303782,-25.278062],[-49.303833,-25.278061]]}},{"type":"Feature","properties":{"alt":1038.0,"mestra":false},"geometry":{"type":"LineString","coordinates":[[-49.303052,-25.279196],[-49.303059,-25.279205],[-49.303051,-25.279215],[-49.303052,-25.279196]]}},{"type":"Feature","properties":{"alt":1038.0,"mestra":false},"geometry":{"type":"LineString","coordinates":[[-49.302535,-25.27968],[-49.302554,-25.279691],[-49.302552,-25.279709],[-49.302493,-25.279712],[-49.302494,-25.279688],[-49.302535,-25.27968]]}},{"type":"Feature","properties":{"alt":1038.0,"mestra":false},"geometry":{"type":"LineString","coordinates":[[-49.302143,-25.279955],[-49.302133,-25.27997],[-49.302153,-25.279977],[-49.302143,-25.279955]]}},{"type":"Feature","properties":{"alt":1038.0,"mestra":false},"geometry":{"type":"LineString","coordinates":[[-49.301051,-25.279951],[-49.301194,-25.279981],[-49.301221,-25.28001],[-49.301153,-25.279997],[-49.300959,-25.279992],[-49.300891,-25.279978],[-49.301051,-25.279951]]}},{"type":"Feature","properties":{"alt":1038.0,"mestra":false},"geometry":{"type":"LineString","coordinates":[[-49.30149,-25.279993],[-49.30154,-25.280038],[-49.301693,-25.280036],[-49.301721,-25.280052],[-49.301682,-25.280067],[-49.30158,-25.280061],[-49.30155,-25.280046],[-49.301478,-25.280056],[-49.301428,-25.28004],[-49.301426,-25.280031],[-49.30149,-25.279993]]}},{"type":"Feature","properties":{"alt":1038.0,"mestra":false},"geometry":{"type":"LineString","coordinates":[[-49.300744,-25.280049],[-49.300743,-25.280073],[-49.300721,-25.280069],[-49.300723,-25.280046],[-49.300744,-25.280049]]}},{"type":"Feature","properties":{"alt":1038.0,"mestra":false},"geometry":{"type":"LineString","coordinates":[[-49.302305,-25.280073],[-49.302274,-25.280071],[-49.302247,-25.280096],[-49.302247,-25.280133],[-49.302273,-25.280151],[-49.302294,-25.28015],[-49.30233,-25.280124],[-49.302328,-25.280097],[-49.302305,-25.280073]]}},{"type":"Feature","properties":{"alt":1038.0,"mestra":false},"geometry":{"type":"LineString","coordinates":[[-49.30207,-25.28007],[-49.302076,-25.280084],[-49.302038,-25.280143],[-49.30199,-25.280093],[-49.302029,-25.280067],[-49.30207,-25.28007]]}},{"type":"Feature","properties":{"alt":1038.0,"mestra":false},"geometry":{"type":"LineString","coordinates":[[-49.303314,-25.280143],[-49.303331,-25.280164],[-49.303324,-25.280177],[-49.303266,-25.280191],[-49.303263,-25.280178],[-49.303294,-25.280144],[-49.303314,-25.280143]]}},{"type":"Feature","properties":{"alt":1038.0,"mestra":false},"geometry":{"type":"LineString","coordinates":[[-49.303181,-25.280166],[-49.303181,-25.280182],[-49.30319,-25.280171],[-49.303181,-25.280166]]}},{"type":"Feature","properties":{"alt":1038.0,"mestra":false},"geometry":{"type":"LineString","coordinates":[[-49.304944,-25.280331],[-49.304969,-25.28035],[-49.304954,-25.280372],[-49.304924,-25.28035],[-49.304944,-25.280331]]}},{"type":"Feature","properties":{"alt":1038.0,"mestra":false},"geometry":{"type":"LineString","coordinates":[[-49.3023,-25.280381],[-49.30228,-25.280381],[-49.302245,-25.280448],[-49.302309,-25.280469],[-49.30233,-25.280458],[-49.302341,-25.280431],[-49.3023,-25.280381]]}},{"type":"Feature","properties":{"alt":1038.0,"mestra":false},"geometry":{"type":"LineString","coordinates":[[-49.30482,-25.280458],[-49.304832,-25.280469],[-49.30482,-25.280475],[-49.304806,-25.280468],[-49.30482,-25.280458]]}},{"type":"Feature","properties":{"alt":1038.0,"mestra":false},"geometry":{"type":"LineString","coordinates":[[-49.303338,-25.280608],[-49.303348,-25.280638],[-49.303381,-25.280656],[-49.303378,-25.280666],[-49.303348,-25.280667],[-49.303328,-25.280643],[-49.303316,-25.280609],[-49.303338,-25.280608]]}},{"type":"Feature","properties":{"alt":1038.0,"mestra":false},"geometry":{"type":"LineString","coordinates":[[-49.303009,-25.280777],[-49.302987,-25.280781],[-49.302992,-25.280819],[-49.303009,-25.28083],[-49.303025,-25.28081],[-49.303009,-25.280777]]}},{"type":"Feature","properties":{"alt":1038.0,"mestra":false},"geometry":{"type":"LineString","coordinates":[[-49.304427,-25.280816],[-49.304405,-25.280826],[-49.304413,-25.280844],[-49.304444,-25.280872],[-49.304478,-25.280873],[-49.304488,-25.280842],[-49.304427,-25.280816]]}},{"type":"Feature","properties":{"alt":1038.0,"mestra":false},"geometry":{"type":"LineString","coordinates":[[-49.303325,-25.280838],[-49.303315,-25.280833],[-49.303304,-25.280843],[-49.303294,-25.280882],[-49.303322,-25.280878],[-49.303333,-25.28085],[-49.303325,-25.280838]]}},{"type":"Feature","properties":{"alt":1038.0,"mestra":false},"geometry":{"type":"LineString","coordinates":[[-49.30309,-25.280861],[-49.303079,-25.280866],[-49.30309,-25.28087],[-49.30309,-25.280861]]}},{"type":"Feature","properties":{"alt":1038.0,"mestra":false},"geometry":{"type":"LineString","coordinates":[[-49.304119,-25.280974],[-49.304095,-25.280998],[-49.304108,-25.281008],[-49.304129,-25.280998],[-49.304119,-25.280974]]}},{"type":"Feature","properties":{"alt":1038.0,"mestra":false},"geometry":{"type":"LineString","coordinates":[[-49.304715,-25.281375],[-49.304685,-25.281383],[-49.30467,-25.281413],[-49.304683,-25.281432],[-49.304714,-25.281443],[-49.304742,-25.281433],[-49.304747,-25.281414],[-49.304735,-25.281386],[-49.304715,-25.281375]]}},{"type":"Feature","properties":{"alt":1038.0,"mestra":false},"geometry":{"type":"LineString","coordinates":[[-49.303113,-25.281395],[-49.303113,-25.281395]]}},{"type":"Feature","properties":{"alt":1038.0,"mestra":false},"geometry":{"type":"LineString","coordinates":[[-49.302827,-25.28142],[-49.302749,-25.28153],[-49.302754,-25.281567],[-49.302794,-25.281597],[-49.302835,-25.281592],[-49.302872,-25.28155],[-49.302838,-25.281494],[-49.30288,-25.281458],[-49.302877,-25.281439],[-49.302827,-25.28142]]}},{"type":"Feature","properties":{"alt":1038.0,"mestra":false},"geometry":{"type":"LineString","coordinates":[[-49.304939,-25.281449],[-49.304905,-25.281481],[-49.304918,-25.281504],[-49.304955,-25.281491],[-49.304955,-25.281463],[-49.304939,-25.281449]]}},{"type":"Feature","properties":{"alt":1038.0,"mestra":false},"geometry":{"type":"LineString","coordinates":[[-49.304671,-25.281664],[-49.304671,-25.281664]]}},{"type":"Feature","properties":{"alt":1038.0,"mestra":false},"geometry":{"type":"LineString","coordinates":[[-49.304771,-25.281812],[-49.304757,-25.281813],[-49.30476,-25.281827],[-49.304773,-25.281823],[-49.304771,-25.281812]]}},{"type":"Feature","properties":{"alt":1038.0,"mestra":false},"geometry":{"type":"LineString","coordinates":[[-49.304882,-25.281849],[-49.30487,-25.281852],[-49.304882,-25.281865],[-49.304882,-25.281849]]}},{"type":"Feature","properties":{"alt":1039.0,"mestra":false},"geometry":{"type":"LineString","coordinates":[[-49.303106,-25.277934],[-49.303057,-25.277943],[-49.303028,-25.277967],[-49.302988,-25.277939],[-49.302871,-25.277932]]}},{"type":"Feature","properties":{"alt":1039.0,"mestra":false},"geometry":{"type":"LineString","coordinates":[[-49.302709,-25.27793],[-49.302702,-25.27793]]}},{"type":"Feature","properties":{"alt":1039.0,"mestra":false},"geometry":{"type":"LineString","coordinates":[[-49.30495,-25.279923],[-49.304919,-25.27996],[-49.304867,-25.279979],[-49.304806,-25.279974],[-49.304737,-25.279948],[-49.304697,-25.279901],[-49.304685,-25.279845],[-49.304701,-25.279799],[-49.304742,-25.279757]]}},{"type":"Feature","properties":{"alt":1039.0,"mestra":false},"geometry":{"type":"LineString","coordinates":[[-49.300511,-25.279931],[-49.300564,-25.279946],[-49.30059,-25.280002],[-49.300571,-25.280018],[-49.300509,-25.280022]]}},{"type":"Feature","properties":{"alt":1039.0,"mestra":false},"geometry":{"type":"LineString","coordinates":[[-49.305027,-25.280013],[-49.305031,-25.279983],[-49.305041,-25.279983]]}},{"type":"Feature","properties":{"alt":1039.0,"mestra":false},"geometry":{"type":"LineString","coordinates":[[-49.300505,-25.280359],[-49.300719,-25.28038],[-49.300893,-25.28036],[-49.301021,-25.280276],[-49.301167,-25.280222],[-49.301191,-25.280186],[-49.301222,-25.280177],[-49.301303,-25.28019],[-49.301394,-25.280234],[-49.301497,-25.280217],[-49.301558,-25.280169],[-49.301599,-25.280209],[-49.301629,-25.280222],[-49.301691,-25.280203],[-49.301732,-25.280176],[-49.301844,-25.280206],[-49.301956,-25.280175],[-49.302058,-25.280189],[-49.302058,-25.280172],[-49.302021,-25.280158],[-49.302015,-25.28013],[-49.301978,-25.280093],[-49.302028,-25.280056],[-49.302026,-25.280047],[-49.301979,-25.280023],[-49.301879,-25.280045],[-49.301907,-25.279962],[-49.301969,-25.279974],[-49.302061,-25.279958],[-49.30211,-25.279918],[-49.302174,-25.279905],[-49.302236,-25.279859],[-49.302286,-25.279846],[-49.302329,-25.279797],[-49.3024,-25.279804],[-49.302428,-25.279847],[-49.302455,-25.279848],[-49.302469,-25.279829],[-49.302459,-25.279801],[-49.302472,-25.279784],[-49.302533,-25.279786],[-49.30256,-25.279756],[-49.302555,-25.279726],[-49.302487,-25.279718],[-49.302481,-25.279699],[-49.302492,-25.279681],[-49.302525,-25.27967],[-49.302576,-25.279677],[-49.302627,-25.279618],[-49.302679,-25.2796],[-49.3027,-25.279552],[-49.30273,-25.279547],[-49.302761,-25.279559],[-49.302772,-25.279545],[-49.302768,-25.279471],[-49.3028,-25.279527],[-49.302851,-25.279509],[-49.302863,-25.279472],[-49.3029,-25.279435],[-49.302917,-25.279378],[-49.302968,-25.279344],[-49.302978,-25.279341],[-49.303049,-25.279382],[-49.30307,-25.279382],[-49.303075,-25.279372],[-49.303051,-25.279344],[-49.303081,-25.27928],[-49.303092,-25.279268],[-49.303132,-25.279261],[-49.303174,-25.279271],[-49.303163,-25.279285],[-49.303117,-25.279298],[-49.303119,-25.279363],[-49.303154,-25.279401],[-49.303182,-25.279457],[-49.303201,-25.279467],[-49.303242,-25.279456],[-49.30335,-25.279487],[-49.303397,-25.279515],[-49.303442,-25.279553],[-49.303475,-25.279609],[-49.303491,-25.279683],[-49.303462,-25.279776],[-49.303398,-25.279914],[-49.303337,-25.279927],[-49.303322,-25.279885],[-49.303278,-25.279885],[-49.303273,-25.27994],[-49.303245,-25.279959],[-49.303184,-25.279972],[-49.303175,-25.280023],[-49.303127,-25.28005],[-49.303126,-25.280069],[-49.303141,-25.280086],[-49.303202,-25.280109],[-49.303223,-25.280088],[-49.303201,-25.280042],[-49.303244,-25.28005],[-49.303284,-25.280084],[-49.303295,-25.280126],[-49.303333,-25.280155],[-49.303324,-25.280183],[-49.303283,-25.280199],[-49.303238,-25.280181],[-49.303252,-25.280228],[-49.303308,-25.280293],[-49.303307,-25.280312],[-49.303291,-25.280322],[-49.30322,-25.280305],[-49.303189,-25.280319],[-49.303139,-25.280274],[-49.303118,-25.280284],[-49.303087,-25.280348],[-49.303056,-25.280358],[-49.303026,-25.28034],[-49.303014,-25.280355],[-49.30303,-25.280392],[-49.303086,-25.280377],[-49.303132,-25.280421],[-49.303123,-25.280477],[-49.303141,-25.280496],[-49.303133,-25.280533],[-49.303195,-25.280617],[-49.303185,-25.280648],[-49.303144,-25.280644],[-49.303086,-25.280671],[-49.303082,-25.280703],[-49.303063,-25.280727],[-49.303069,-25.280745],[-49.303111,-25.280755],[-49.303115,-25.280792],[-49.303131,-25.280815],[-49.303154,-25.280811],[-49.303166,-25.280784],[-49.303152,-25.280762],[-49.303114,-25.280746],[-49.303117,-25.280718],[-49.303143,-25.280706],[-49.303184,-25.280722],[-49.303204,-25.280691],[-49.303225,-25.280684],[-49.303247,-25.280701],[-49.30324,-25.280738],[-49.303261,-25.280785],[-49.303223,-25.280797],[-49.303202,-25.280836],[-49.303243,-25.280846],[-49.303261,-25.280831],[-49.303265,-25.280803],[-49.303295,-25.280803],[-49.303346,-25.280761],[-49.303356,-25.280763],[-49.303399,-25.280795],[-49.303405,-25.280833],[-49.303392,-25.28087],[-49.303416,-25.280887],[-49.303444,-25.280861],[-49.303549,-25.280837],[-49.303555,-25.280807],[-49.303591,-25.280788],[-49.303581,-25.280753],[-49.303551,-25.280743],[-49.303496,-25.280695],[-49.303583,-25.280622],[-49.303618,-25.280668],[-49.303643,-25.280682],[-49.303705,-25.280668],[-49.303727,-25.280651],[-49.303732,-25.280632],[-49.303695,-25.280558],[-49.303718,-25.280493],[-49.303699,-25.280446],[-49.303704,-25.280409],[-49.303661,-25.280344],[-49.303698,-25.28027],[-49.30368,-25.280242],[-49.303639,-25.280235],[-49.303629,-25.280224],[-49.303624,-25.280195],[-49.303649,-25.280158],[-49.303653,-25.280093],[-49.303642,-25.280067],[-49.30362,-25.280056],[-49.303662,-25.280047],[-49.303724,-25.280007],[-49.303757,-25.280057],[-49.303796,-25.280086],[-49.303869,-25.280263],[-49.303852,-25.28029],[-49.303854,-25.280309],[-49.303903,-25.280351],[-49.303923,-25.28043],[-49.303865,-25.280476],[-49.303858,-25.280532],[-49.30389,-25.280555],[-49.303953,-25.28057],[-49.303918,-25.280607],[-49.303912,-25.280634],[-49.303929,-25.280654],[-49.30396,-25.280651],[-49.303994,-25.2807],[-49.303975,-25.280756],[-49.30404,-25.280794],[-49.304043,-25.280812],[-49.304014,-25.280849],[-49.304048,-25.280896],[-49.304037,-25.280942],[-49.304047,-25.280972],[-49.304076,-25.280952],[-49.304099,-25.280914],[-49.304141,-25.280906],[-49.304141,-25.28086],[-49.30409,-25.280832],[-49.304077,-25.280813],[-49.304091,-25.280794],[-49.304132,-25.280793],[-49.304156,-25.280776],[-49.304189,-25.280712],[-49.304158,-25.280665],[-49.304185,-25.280635],[-49.304239,-25.280666],[-49.304229,-25.280703],[-49.304255,-25.280729],[-49.30429,-25.280713],[-49.304298,-25.280676],[-49.304317,-25.280667],[-49.304335,-25.280741],[-49.304357,-25.280755],[-49.304398,-25.280737],[-49.304439,-25.280698],[-49.3045,-25.280693],[-49.304515,-25.280799],[-49.304539,-25.280815],[-49.30457,-25.28082],[-49.304621,-25.280807],[-49.304764,-25.280823],[-49.304825,-25.280843],[-49.304856,-25.280834],[-49.304875,-25.280812],[-49.304888,-25.280757],[-49.304943,-25.28072],[-49.304952,-25.280702],[-49.304946,-25.280656],[-49.30492,-25.280636],[-49.304869,-25.280624],[-49.304854,-25.28058],[-49.305013,-25.280503],[-49.305026,-25.280489],[-49.30502,-25.280465]]}},{"type":"Feature","properties":{"alt":1039.0,"mestra":false},"geometry":{"type":"LineString","coordinates":[[-49.305021,-25.28045],[-49.305025,-25.28041],[-49.305035,-25.280411]]}},{"type":"Feature","properties":{"alt":1039.0,"mestra":false},"geometry":{"type":"LineString","coordinates":[[-49.303091,-25.282747],[-49.303064,-25.282759]]}},{"type":"Feature","properties":{"alt":1039.0,"mestra":false},"geometry":{"type":"LineString","coordinates":[[-49.303823,-25.278052],[-49.303843,-25.278065],[-49.303852,-25.278091],[-49.303832,-25.278115],[-49.303801,-25.278116],[-49.303771,-25.27809],[-49.303771,-25.278063],[-49.303792,-25.278049],[-49.303823,-25.278052]]}},{"type":"Feature","properties":{"alt":1039.0,"mestra":false},"geometry":{"type":"LineString","coordinates":[[-49.303043,-25.279055],[-49.3031,-25.279085],[-49.303109,-25.279103],[-49.303082,-25.27914],[-49.303077,-25.279214],[-49.303051,-25.279231],[-49.303031,-25.279226],[-49.303029,-25.279214],[-49.303037,-25.279186],[-49.303022,-25.279056],[-49.303043,-25.279055]]}},{"type":"Feature","properties":{"alt":1039.0,"mestra":false},"geometry":{"type":"LineString","coordinates":[[-49.301062,-25.279951],[-49.301184,-25.279973],[-49.301265,-25.280017],[-49.301336,-25.28001],[-49.301372,-25.280021],[-49.301365,-25.28003],[-49.301315,-25.280031],[-49.301153,-25.280001],[-49.300898,-25.279991],[-49.300878,-25.279978],[-49.301021,-25.279947],[-49.301062,-25.279951]]}},{"type":"Feature","properties":{"alt":1039.0,"mestra":false},"geometry":{"type":"LineString","coordinates":[[-49.30149,-25.279984],[-49.301517,-25.279994],[-49.30154,-25.280027],[-49.301693,-25.280029],[-49.301734,-25.280053],[-49.301698,-25.280071],[-49.301621,-25.280069],[-49.301539,-25.280082],[-49.30143,-25.280049],[-49.301401,-25.28003],[-49.301459,-25.280009],[-49.30149,-25.279984]]}},{"type":"Feature","properties":{"alt":1039.0,"mestra":false},"geometry":{"type":"LineString","coordinates":[[-49.300734,-25.28003],[-49.300758,-25.28006],[-49.300753,-25.280105],[-49.300706,-25.280059],[-49.300713,-25.280041],[-49.300734,-25.28003]]}},{"type":"Feature","properties":{"alt":1039.0,"mestra":false},"geometry":{"type":"LineString","coordinates":[[-49.302131,-25.28006],[-49.302111,-25.280064],[-49.302074,-25.280103],[-49.302064,-25.280131],[-49.302074,-25.280149],[-49.30212,-25.280155],[-49.302142,-25.280141],[-49.302151,-25.280085],[-49.302131,-25.28006]]}},{"type":"Feature","properties":{"alt":1039.0,"mestra":false},"geometry":{"type":"LineString","coordinates":[[-49.302305,-25.280076],[-49.302274,-25.280075],[-49.302253,-25.280092],[-49.302248,-25.280123],[-49.302263,-25.280143],[-49.302294,-25.280146],[-49.302325,-25.280124],[-49.302325,-25.280097],[-49.302305,-25.280076]]}},{"type":"Feature","properties":{"alt":1039.0,"mestra":false},"geometry":{"type":"LineString","coordinates":[[-49.303273,-25.280146],[-49.303273,-25.280156],[-49.303273,-25.280146]]}},{"type":"Feature","properties":{"alt":1039.0,"mestra":false},"geometry":{"type":"LineString","coordinates":[[-49.300753,-25.280117],[-49.30076,-25.280134],[-49.300732,-25.280134],[-49.300753,-25.280117]]}},{"type":"Feature","properties":{"alt":1039.0,"mestra":false},"geometry":{"type":"LineString","coordinates":[[-49.304965,-25.280327],[-49.30498,-25.280359],[-49.304954,-25.28038],[-49.304923,-25.280363],[-49.30492,-25.28034],[-49.304934,-25.280325],[-49.304965,-25.280327]]}},{"type":"Feature","properties":{"alt":1039.0,"mestra":false},"geometry":{"type":"LineString","coordinates":[[-49.3023,-25.280392],[-49.30228,-25.280391],[-49.302274,-25.280421],[-49.302252,-25.280439],[-49.302259,-25.280455],[-49.302324,-25.280458],[-49.302332,-25.280431],[-49.302303,-25.280412],[-49.3023,-25.280392]]}},{"type":"Feature","properties":{"alt":1039.0,"mestra":false},"geometry":{"type":"LineString","coordinates":[[-49.30483,-25.280458],[-49.304838,-25.280469],[-49.30483,-25.280479],[-49.304799,-25.280468],[-49.30481,-25.280454],[-49.30483,-25.280458]]}},{"type":"Feature","properties":{"alt":1039.0,"mestra":false},"geometry":{"type":"LineString","coordinates":[[-49.303338,-25.280605],[-49.303351,-25.280637],[-49.303384,-25.280656],[-49.303378,-25.28067],[-49.303348,-25.280671],[-49.303317,-25.280632],[-49.303312,-25.280609],[-49.303338,-25.280605]]}},{"type":"Feature","properties":{"alt":1039.0,"mestra":false},"geometry":{"type":"LineString","coordinates":[[-49.303572,-25.28069],[-49.303561,-25.280705],[-49.303571,-25.280718],[-49.303582,-25.280705],[-49.303572,-25.28069]]}},{"type":"Feature","properties":{"alt":1039.0,"mestra":false},"geometry":{"type":"LineString","coordinates":[[-49.303009,-25.28078],[-49.30299,-25.280781],[-49.302989,-25.280791],[-49.302995,-25.280819],[-49.303009,-25.280827],[-49.303023,-25.28081],[-49.303009,-25.28078]]}},{"type":"Feature","properties":{"alt":1039.0,"mestra":false},"geometry":{"type":"LineString","coordinates":[[-49.304437,-25.280825],[-49.304416,-25.280826],[-49.304428,-25.280854],[-49.304457,-25.280873],[-49.304478,-25.280867],[-49.304478,-25.280845],[-49.304437,-25.280825]]}},{"type":"Feature","properties":{"alt":1039.0,"mestra":false},"geometry":{"type":"LineString","coordinates":[[-49.303315,-25.28084],[-49.303293,-25.280868],[-49.303304,-25.280881],[-49.303327,-25.28086],[-49.303315,-25.28084]]}},{"type":"Feature","properties":{"alt":1039.0,"mestra":false},"geometry":{"type":"LineString","coordinates":[[-49.304753,-25.280893],[-49.304742,-25.28091],[-49.304763,-25.28092],[-49.304765,-25.280904],[-49.304753,-25.280893]]}},{"type":"Feature","properties":{"alt":1039.0,"mestra":false},"geometry":{"type":"LineString","coordinates":[[-49.304725,-25.281386],[-49.304695,-25.281384],[-49.304683,-25.281395],[-49.304677,-25.281413],[-49.304694,-25.281432],[-49.304715,-25.281437],[-49.304735,-25.281427],[-49.304725,-25.281386]]}},{"type":"Feature","properties":{"alt":1039.0,"mestra":false},"geometry":{"type":"LineString","coordinates":[[-49.302847,-25.281429],[-49.302817,-25.281429],[-49.3028,-25.281484],[-49.302754,-25.281531],[-49.302759,-25.281567],[-49.302784,-25.281589],[-49.302825,-25.281589],[-49.302854,-25.281559],[-49.302854,-25.281531],[-49.302831,-25.281494],[-49.302874,-25.281448],[-49.302847,-25.281429]]}},{"type":"Feature","properties":{"alt":1039.0,"mestra":false},"geometry":{"type":"LineString","coordinates":[[-49.304939,-25.28146],[-49.304909,-25.281481],[-49.304918,-25.281499],[-49.304947,-25.281481],[-49.304939,-25.28146]]}},{"type":"Feature","properties":{"alt":1039.0,"mestra":false},"geometry":{"type":"LineString","coordinates":[[-49.30476,-25.281813],[-49.304758,-25.281822],[-49.304769,-25.281823],[-49.30476,-25.281813]]}},{"type":"Feature","properties":{"alt":1040.0,"mestra":true},"geometry":{"type":"LineString","coordinates":[[-49.30311,-25.277934],[-49.30306,-25.277943],[-49.303028,-25.27797],[-49.302977,-25.277938],[-49.302828,-25.277931]]}},{"type":"Feature","properties":{"alt":1040.0,"mestra":true},"geometry":{"type":"LineString","coordinates":[[-49.302726,-25.27793],[-49.302701,-25.27793]]}},{"type":"Feature","properties":{"alt":1040.0,"mestra":true},"geometry":{"type":"LineString","coordinates":[[-49.304963,-25.279926],[-49.304929,-25.279963],[-49.304878,-25.279984],[-49.304806,-25.27998],[-49.304735,-25.279954],[-49.304695,-25.27991],[-49.304678,-25.279855],[-49.304691,-25.279799],[-49.304736,-25.279751]]}},{"type":"Feature","properties":{"alt":1040.0,"mestra":true},"geometry":{"type":"LineString","coordinates":[[-49.300511,-25.279921],[-49.300572,-25.279939],[-49.300604,-25.280002],[-49.300581,-25.280025],[-49.300509,-25.280031]]}},{"type":"Feature","properties":{"alt":1040.0,"mestra":true},"geometry":{"type":"LineString","coordinates":[[-49.305025,-25.280012],[-49.305029,-25.279979],[-49.305041,-25.279973]]}},{"type":"Feature","properties":{"alt":1040.0,"mestra":true},"geometry":{"type":"LineString","coordinates":[[-49.300505,-25.280338],[-49.300688,-25.280372],[-49.300819,-25.280358],[-49.300944,-25.280316],[-49.300992,-25.280267],[-49.301047,-25.28025],[-49.301054,-25.28024],[-49.30104,-25.280202],[-49.301058,-25.280185],[-49.301119,-25.280207],[-49.30115,-25.280207],[-49.301185,-25.280176],[-49.301242,-25.280167],[-49.301384,-25.280213],[-49.301466,-25.280216],[-49.301507,-25.280204],[-49.301549,-25.280148],[-49.301599,-25.280204],[-49.301639,-25.280219],[-49.301732,-25.280173],[-49.301854,-25.280203],[-49.301946,-25.280173],[-49.302001,-25.280167],[-49.302005,-25.28013],[-49.301964,-25.280092],[-49.302015,-25.280056],[-49.302004,-25.280037],[-49.301979,-25.280029],[-49.301897,-25.280059],[-49.301862,-25.280054],[-49.301858,-25.280045],[-49.301884,-25.280017],[-49.301898,-25.279941],[-49.301919,-25.279939],[-49.301959,-25.279964],[-49.302051,-25.279952],[-49.302103,-25.279914],[-49.302175,-25.279901],[-49.302226,-25.279858],[-49.302277,-25.279845],[-49.302319,-25.279794],[-49.302441,-25.279798],[-49.302483,-25.279761],[-49.302503,-25.279776],[-49.302533,-25.279777],[-49.302552,-25.279747],[-49.302534,-25.279732],[-49.302483,-25.279729],[-49.302475,-25.279709],[-49.302484,-25.27968],[-49.302515,-25.279664],[-49.302576,-25.279665],[-49.302617,-25.279611],[-49.302678,-25.27959],[-49.30269,-25.279547],[-49.302751,-25.279531],[-49.302748,-25.27947],[-49.302757,-25.279461],[-49.30279,-25.279462],[-49.302813,-25.279487],[-49.302819,-25.279471],[-49.302864,-25.279458],[-49.302895,-25.27943],[-49.302915,-25.27937],[-49.302952,-25.279352],[-49.302979,-25.27932],[-49.303007,-25.279353],[-49.303035,-25.279353],[-49.303094,-25.279242],[-49.303018,-25.279242],[-49.303028,-25.279186],[-49.303003,-25.279028],[-49.303024,-25.279013],[-49.303137,-25.279076],[-49.303137,-25.279122],[-49.303097,-25.279159],[-49.303094,-25.279196],[-49.303118,-25.279233],[-49.303194,-25.279242],[-49.303212,-25.279253],[-49.303207,-25.279272],[-49.303131,-25.279333],[-49.303125,-25.279354],[-49.303188,-25.279457],[-49.303201,-25.279462],[-49.303252,-25.279445],[-49.303435,-25.279507],[-49.303495,-25.279612],[-49.303503,-25.279674],[-49.303434,-25.279859],[-49.303436,-25.279896],[-49.303418,-25.279933],[-49.303358,-25.279926],[-49.303307,-25.279946],[-49.303296,-25.279941],[-49.303327,-25.279921],[-49.303332,-25.279904],[-49.303297,-25.279881],[-49.303275,-25.279894],[-49.30328,-25.279941],[-49.30327,-25.27995],[-49.303184,-25.279977],[-49.303183,-25.280023],[-49.303284,-25.280069],[-49.303299,-25.280117],[-49.303339,-25.280164],[-49.303324,-25.280188],[-49.303252,-25.280209],[-49.303312,-25.280293],[-49.303301,-25.280325],[-49.30322,-25.280307],[-49.303189,-25.280323],[-49.303139,-25.280278],[-49.303118,-25.28029],[-49.303098,-25.280337],[-49.303072,-25.280365],[-49.303135,-25.280421],[-49.303128,-25.280477],[-49.303149,-25.280496],[-49.303137,-25.280533],[-49.303198,-25.280617],[-49.303185,-25.280652],[-49.303144,-25.280648],[-49.303097,-25.280671],[-49.303095,-25.280736],[-49.303123,-25.280705],[-49.303143,-25.280702],[-49.303184,-25.280718],[-49.303204,-25.280686],[-49.303235,-25.280685],[-49.30325,-25.280701],[-49.303243,-25.280738],[-49.303274,-25.28079],[-49.303315,-25.280789],[-49.303346,-25.280757],[-49.303404,-25.280796],[-49.30341,-25.280851],[-49.303399,-25.28087],[-49.303416,-25.28088],[-49.303427,-25.280859],[-49.303539,-25.280838],[-49.303549,-25.280806],[-49.303579,-25.280779],[-49.303581,-25.280769],[-49.303489,-25.280694],[-49.303562,-25.28063],[-49.303573,-25.280589],[-49.303615,-25.28065],[-49.303643,-25.28067],[-49.303705,-25.280662],[-49.303725,-25.280645],[-49.303726,-25.28063],[-49.303704,-25.280613],[-49.303707,-25.280586],[-49.30369,-25.280558],[-49.303715,-25.280493],[-49.303695,-25.280446],[-49.3037,-25.280409],[-49.303657,-25.280344],[-49.303693,-25.28027],[-49.30368,-25.280247],[-49.303627,-25.280232],[-49.303618,-25.280195],[-49.303642,-25.280158],[-49.303645,-25.280093],[-49.303605,-25.280056],[-49.303617,-25.280019],[-49.303612,-25.279972],[-49.303585,-25.279935],[-49.303613,-25.27991],[-49.303675,-25.279896],[-49.303711,-25.279862],[-49.303736,-25.279886],[-49.303754,-25.279927],[-49.303737,-25.279983],[-49.303741,-25.280011],[-49.303768,-25.280057],[-49.303812,-25.280086],[-49.303814,-25.280123],[-49.303845,-25.28016],[-49.303884,-25.280263],[-49.303884,-25.280277],[-49.303861,-25.28029],[-49.303861,-25.280309],[-49.303903,-25.280324],[-49.303918,-25.280356],[-49.303931,-25.28043],[-49.303869,-25.280476],[-49.303862,-25.280532],[-49.30389,-25.280552],[-49.303959,-25.28057],[-49.303951,-25.28059],[-49.30392,-25.280612],[-49.303916,-25.280634],[-49.30393,-25.280649],[-49.30396,-25.280645],[-49.303997,-25.280691],[-49.303982,-25.280756],[-49.30403,-25.280774],[-49.304045,-25.280794],[-49.30405,-25.280812],[-49.304023,-25.280849],[-49.304059,-25.280903],[-49.304132,-25.280878],[-49.304125,-25.280859],[-49.304081,-25.280831],[-49.304071,-25.280812],[-49.304085,-25.280794],[-49.304132,-25.28079],[-49.304158,-25.280767],[-49.304182,-25.280712],[-49.304174,-25.280698],[-49.304133,-25.280703],[-49.304125,-25.280692],[-49.304175,-25.280616],[-49.304265,-25.280657],[-49.304235,-25.280703],[-49.304255,-25.280724],[-49.304288,-25.280704],[-49.30427,-25.280666],[-49.304287,-25.280656],[-49.304327,-25.280664],[-49.30434,-25.280741],[-49.304357,-25.280752],[-49.304398,-25.280733],[-49.304439,-25.280694],[-49.3045,-25.280688],[-49.304514,-25.280697],[-49.304519,-25.28079],[-49.30454,-25.280808],[-49.30457,-25.280815],[-49.304621,-25.280803],[-49.304713,-25.280816],[-49.304754,-25.280806],[-49.304815,-25.280836],[-49.304845,-25.280835],[-49.30487,-25.280812],[-49.304878,-25.280757],[-49.304945,-25.280702],[-49.304937,-25.280655],[-49.304909,-25.280642],[-49.304868,-25.280641],[-49.304848,-25.28058],[-49.305006,-25.280498],[-49.305018,-25.280489],[-49.305018,-25.280467]]}},{"type":"Feature","properties":{"alt":1040.0,"mestra":true},"geometry":{"type":"LineString","coordinates":[[-49.30502,-25.280448],[-49.305025,-25.280389],[-49.305035,-25.28039]]}},{"type":"Feature","properties":{"alt":1040.0,"mestra":true},"geometry":{"type":"LineString","coordinates":[[-49.303091,-25.282747],[-49.303065,-25.282759]]}},{"type":"Feature","properties":{"alt":1040.0,"mestra":true},"geometry":{"type":"LineString","coordinates":[[-49.303813,-25.278042],[-49.303843,-25.27806],[-49.303854,-25.278082],[-49.303845,-25.27811],[-49.303822,-25.27812],[-49.303781,-25.278109],[-49.30376,-25.278072],[-49.303782,-25.278039],[-49.303813,-25.278042]]}},{"type":"Feature","properties":{"alt":1040.0,"mestra":true},"geometry":{"type":"LineString","coordinates":[[-49.30301,-25.279251],[-49.302999,-25.279286],[-49.30301,-25.279251]]}},{"type":"Feature","properties":{"alt":1040.0,"mestra":true},"geometry":{"type":"LineString","coordinates":[[-49.302441,-25.279804],[-49.302431,-25.279805],[-49.302422,-25.279829],[-49.302441,-25.279846],[-49.302459,-25.279829],[-49.302441,-25.279804]]}},{"type":"Feature","properties":{"alt":1040.0,"mestra":true},"geometry":{"type":"LineString","coordinates":[[-49.303552,-25.279878],[-49.303562,-25.279892],[-49.303544,-25.279888],[-49.303552,-25.279878]]}},{"type":"Feature","properties":{"alt":1040.0,"mestra":true},"geometry":{"type":"LineString","coordinates":[[-49.301072,-25.279952],[-49.301184,-25.279969],[-49.301234,-25.279996],[-49.301285,-25.280007],[-49.301336,-25.280002],[-49.301428,-25.280013],[-49.30149,-25.27998],[-49.30152,-25.279989],[-49.301531,-25.280013],[-49.30155,-25.280024],[-49.301622,-25.280013],[-49.301683,-25.28002],[-49.30179,-25.280053],[-49.301703,-25.280074],[-49.301594,-25.280079],[-49.301549,-25.280113],[-49.301497,-25.280078],[-49.301387,-25.280037],[-49.301315,-25.280038],[-49.301153,-25.280006],[-49.30104,-25.279995],[-49.300898,-25.279996],[-49.300865,-25.279978],[-49.300878,-25.279967],[-49.30097,-25.27996],[-49.301021,-25.279945],[-49.301072,-25.279952]]}},{"type":"Feature","properties":{"alt":1040.0,"mestra":true},"geometry":{"type":"LineString","coordinates":[[-49.303173,-25.28003],[-49.303132,-25.280044],[-49.303131,-25.280076],[-49.303192,-25.280103],[-49.303213,-25.280101],[-49.303217,-25.280079],[-49.303173,-25.28003]]}},{"type":"Feature","properties":{"alt":1040.0,"mestra":true},"geometry":{"type":"LineString","coordinates":[[-49.300683,-25.280002],[-49.300744,-25.280023],[-49.300798,-25.280097],[-49.3008,-25.280125],[-49.300773,-25.280152],[-49.30068,-25.280143],[-49.300676,-25.280133],[-49.300729,-25.280106],[-49.300699,-25.280069],[-49.300694,-25.280022],[-49.300648,-25.280012],[-49.300653,-25.280001],[-49.300683,-25.280002]]}},{"type":"Feature","properties":{"alt":1040.0,"mestra":true},"geometry":{"type":"LineString","coordinates":[[-49.302295,-25.280076],[-49.302264,-25.280086],[-49.302253,-25.280105],[-49.302253,-25.280124],[-49.302273,-25.280143],[-49.302294,-25.280142],[-49.302321,-25.280115],[-49.302313,-25.280087],[-49.302295,-25.280076]]}},{"type":"Feature","properties":{"alt":1040.0,"mestra":true},"geometry":{"type":"LineString","coordinates":[[-49.302131,-25.280092],[-49.302111,-25.280087],[-49.302085,-25.280103],[-49.302074,-25.280121],[-49.302079,-25.28014],[-49.30212,-25.28015],[-49.302136,-25.280141],[-49.302131,-25.280092]]}},{"type":"Feature","properties":{"alt":1040.0,"mestra":true},"geometry":{"type":"LineString","coordinates":[[-49.304965,-25.280318],[-49.304987,-25.280331],[-49.304994,-25.280359],[-49.304974,-25.280384],[-49.304954,-25.280388],[-49.304923,-25.28037],[-49.304913,-25.280349],[-49.304934,-25.280318],[-49.304965,-25.280318]]}},{"type":"Feature","properties":{"alt":1040.0,"mestra":true},"geometry":{"type":"LineString","coordinates":[[-49.303035,-25.280364],[-49.303023,-25.280374],[-49.303035,-25.280389],[-49.303056,-25.280374],[-49.303035,-25.280364]]}},{"type":"Feature","properties":{"alt":1040.0,"mestra":true},"geometry":{"type":"LineString","coordinates":[[-49.30481,-25.280449],[-49.304837,-25.280459],[-49.30484,-25.280479],[-49.304799,-25.280478],[-49.304795,-25.280459],[-49.30481,-25.280449]]}},{"type":"Feature","properties":{"alt":1040.0,"mestra":true},"geometry":{"type":"LineString","coordinates":[[-49.30229,-25.28042],[-49.302257,-25.280448],[-49.302312,-25.280458],[-49.30232,-25.28043],[-49.30229,-25.28042]]}},{"type":"Feature","properties":{"alt":1040.0,"mestra":true},"geometry":{"type":"LineString","coordinates":[[-49.304543,-25.280535],[-49.304552,-25.280549],[-49.304533,-25.280561],[-49.304532,-25.280539],[-49.304543,-25.280535]]}},{"type":"Feature","properties":{"alt":1040.0,"mestra":true},"geometry":{"type":"LineString","coordinates":[[-49.303338,-25.280603],[-49.303355,-25.280637],[-49.303388,-25.280656],[-49.303378,-25.280673],[-49.303337,-25.280672],[-49.303308,-25.280609],[-49.303338,-25.280603]]}},{"type":"Feature","properties":{"alt":1040.0,"mestra":true},"geometry":{"type":"LineString","coordinates":[[-49.303152,-25.280764],[-49.303122,-25.280756],[-49.303116,-25.280764],[-49.303131,-25.280812],[-49.303158,-25.280802],[-49.303164,-25.280783],[-49.303152,-25.280764]]}},{"type":"Feature","properties":{"alt":1040.0,"mestra":true},"geometry":{"type":"LineString","coordinates":[[-49.302999,-25.280781],[-49.302994,-25.280809],[-49.303009,-25.280824],[-49.30302,-25.280819],[-49.303021,-25.2808],[-49.302999,-25.280781]]}},{"type":"Feature","properties":{"alt":1040.0,"mestra":true},"geometry":{"type":"LineString","coordinates":[[-49.303254,-25.2808],[-49.303224,-25.280803],[-49.303203,-25.28083],[-49.303223,-25.280844],[-49.303249,-25.28084],[-49.30326,-25.280822],[-49.303254,-25.2808]]}},{"type":"Feature","properties":{"alt":1040.0,"mestra":true},"geometry":{"type":"LineString","coordinates":[[-49.304437,-25.280835],[-49.304447,-25.280863],[-49.304474,-25.280863],[-49.304468,-25.280847],[-49.304437,-25.280835]]}},{"type":"Feature","properties":{"alt":1040.0,"mestra":true},"geometry":{"type":"LineString","coordinates":[[-49.303314,-25.280848],[-49.303304,-25.280874],[-49.303321,-25.28086],[-49.303314,-25.280848]]}},{"type":"Feature","properties":{"alt":1040.0,"mestra":true},"geometry":{"type":"LineString","coordinates":[[-49.304069,-25.280912],[-49.304059,-25.280906],[-49.304046,-25.280924],[-49.304048,-25.280955],[-49.304073,-25.280942],[-49.304069,-25.280912]]}},{"type":"Feature","properties":{"alt":1040.0,"mestra":true},"geometry":{"type":"LineString","coordinates":[[-49.304705,-25.281395],[-49.304692,-25.281413],[-49.304715,-25.281424],[-49.304723,-25.281404],[-49.304705,-25.281395]]}},{"type":"Feature","properties":{"alt":1040.0,"mestra":true},"geometry":{"type":"LineString","coordinates":[[-49.302857,-25.281436],[-49.302827,-25.281433],[-49.302812,-25.281485],[-49.302757,-25.28154],[-49.302784,-25.281581],[-49.302814,-25.281584],[-49.30284,-25.281568],[-49.302842,-25.281531],[-49.302825,-25.281485],[-49.302862,-25.281457],[-49.302857,-25.281436]]}},{"type":"Feature","properties":{"alt":1040.0,"mestra":true},"geometry":{"type":"LineString","coordinates":[[-49.304928,-25.281469],[-49.304918,-25.281492],[-49.304937,-25.281481],[-49.304928,-25.281469]]}},{"type":"Feature","properties":{"alt":1041.0,"mestra":false},"geometry":{"type":"LineString","coordinates":[[-49.303112,-25.277934],[-49.303059,-25.277945],[-49.303028,-25.277972],[-49.302977,-25.277939],[-49.302701,-25.277931]]}},{"type":"Feature","properties":{"alt":1041.0,"mestra":false},"geometry":{"type":"LineString","coordinates":[[-49.303823,-25.278017],[-49.303819,-25.278026],[-49.30385,-25.278064],[-49.303857,-25.278091],[-49.303842,-25.278115],[-49.303812,-25.278123],[-49.303781,-25.278113],[-49.303759,-25.27809],[-49.303749,-25.278019]]}},{"type":"Feature","properties":{"alt":1041.0,"mestra":false},"geometry":{"type":"LineString","coordinates":[[-49.304967,-25.27993],[-49.304939,-25.279969],[-49.304877,-25.279991],[-49.304806,-25.279985],[-49.304729,-25.279957],[-49.304685,-25.279906],[-49.30467,-25.279845],[-49.304686,-25.27979],[-49.304729,-25.279745]]}},{"type":"Feature","properties":{"alt":1041.0,"mestra":false},"geometry":{"type":"LineString","coordinates":[[-49.300511,-25.279912],[-49.300582,-25.279935],[-49.300622,-25.279991],[-49.300673,-25.27999],[-49.300735,-25.280004],[-49.300784,-25.28006],[-49.300835,-25.280089],[-49.300853,-25.280117],[-49.300793,-25.280165],[-49.300691,-25.28016],[-49.300654,-25.280142],[-49.300665,-25.280124],[-49.300711,-25.280106],[-49.300683,-25.28004],[-49.300622,-25.280019],[-49.300509,-25.280042]]}},{"type":"Feature","properties":{"alt":1041.0,"mestra":false},"geometry":{"type":"LineString","coordinates":[[-49.305024,-25.280011],[-49.305027,-25.279979],[-49.305041,-25.279964]]}},{"type":"Feature","properties":{"alt":1041.0,"mestra":false},"geometry":{"type":"LineString","coordinates":[[-49.300505,-25.280317],[-49.300576,-25.280342],[-49.300729,-25.280364],[-49.300795,-25.280348],[-49.300812,-25.280316],[-49.300832,-25.280304],[-49.300903,-25.280312],[-49.300944,-25.280303],[-49.300961,-25.280285],[-49.300949,-25.280257],[-49.301005,-25.280239],[-49.301024,-25.280193],[-49.301051,-25.280175],[-49.30113,-25.280178],[-49.301232,-25.280157],[-49.301385,-25.280199],[-49.301466,-25.28021],[-49.301505,-25.280198],[-49.301532,-25.280152],[-49.301531,-25.280124],[-49.301509,-25.280095],[-49.301397,-25.280046],[-49.301264,-25.280037],[-49.301153,-25.28001],[-49.30104,-25.279998],[-49.300898,-25.280002],[-49.300847,-25.279979],[-49.300849,-25.279968],[-49.301041,-25.279942],[-49.301184,-25.279966],[-49.301275,-25.28],[-49.301438,-25.280007],[-49.30148,-25.279974],[-49.301525,-25.279985],[-49.30155,-25.28002],[-49.301642,-25.280001],[-49.301775,-25.280036],[-49.301846,-25.280035],[-49.301867,-25.280029],[-49.301881,-25.280008],[-49.301865,-25.279943],[-49.301909,-25.279905],[-49.30196,-25.279949],[-49.302052,-25.279936],[-49.302103,-25.279907],[-49.302175,-25.279897],[-49.302226,-25.27985],[-49.302277,-25.279839],[-49.302304,-25.27979],[-49.30239,-25.279789],[-49.302421,-25.279764],[-49.302452,-25.279766],[-49.302484,-25.279673],[-49.302515,-25.279656],[-49.302555,-25.279664],[-49.302576,-25.279657],[-49.302607,-25.279608],[-49.302669,-25.279584],[-49.302669,-25.279543],[-49.302741,-25.27952],[-49.302744,-25.279461],[-49.302803,-25.279445],[-49.302854,-25.279457],[-49.30289,-25.279426],[-49.302906,-25.279368],[-49.302953,-25.279343],[-49.302985,-25.279297],[-49.302989,-25.27926],[-49.303021,-25.279195],[-49.303015,-25.279102],[-49.302989,-25.279019],[-49.302996,-25.278972],[-49.303024,-25.278964],[-49.303051,-25.278973],[-49.303065,-25.279008],[-49.303113,-25.27902],[-49.303156,-25.279052],[-49.303177,-25.279141],[-49.303157,-25.279215],[-49.303235,-25.279235],[-49.303249,-25.279254],[-49.303244,-25.279315],[-49.303203,-25.279293],[-49.303132,-25.279354],[-49.303177,-25.27941],[-49.303191,-25.279454],[-49.303253,-25.279433],[-49.303303,-25.279459],[-49.303395,-25.279484],[-49.303435,-25.279484],[-49.303457,-25.279497],[-49.30351,-25.279609],[-49.303516,-25.279683],[-49.303464,-25.279822],[-49.303461,-25.27987],[-49.303481,-25.279863],[-49.303502,-25.279872],[-49.303525,-25.27986],[-49.303533,-25.279791],[-49.303574,-25.279773],[-49.303636,-25.279767],[-49.303677,-25.279739],[-49.303717,-25.279787],[-49.303773,-25.279928],[-49.303743,-25.279983],[-49.303747,-25.280011],[-49.303774,-25.280057],[-49.303823,-25.280086],[-49.303819,-25.280123],[-49.303858,-25.280161],[-49.303928,-25.280347],[-49.303924,-25.280393],[-49.303937,-25.280431],[-49.303871,-25.280479],[-49.303865,-25.280532],[-49.30389,-25.280549],[-49.303961,-25.280566],[-49.303963,-25.280579],[-49.303925,-25.280616],[-49.303921,-25.280634],[-49.30393,-25.280645],[-49.30396,-25.280638],[-49.304004,-25.280691],[-49.303994,-25.280756],[-49.30403,-25.280745],[-49.30406,-25.280809],[-49.304091,-25.280788],[-49.304132,-25.280787],[-49.304155,-25.280767],[-49.304171,-25.280712],[-49.304127,-25.280711],[-49.304113,-25.280692],[-49.304165,-25.280599],[-49.30433,-25.280658],[-49.304333,-25.280704],[-49.304344,-25.280741],[-49.304357,-25.280749],[-49.304398,-25.28073],[-49.304439,-25.28069],[-49.304511,-25.280684],[-49.304522,-25.280688],[-49.304522,-25.280781],[-49.30454,-25.280802],[-49.30457,-25.280811],[-49.304621,-25.280799],[-49.304703,-25.280809],[-49.304764,-25.280792],[-49.304811,-25.28083],[-49.304845,-25.280832],[-49.304866,-25.280812],[-49.304862,-25.280757],[-49.304935,-25.280711],[-49.304939,-25.280693],[-49.304925,-25.280655],[-49.304868,-25.280654],[-49.304841,-25.28058],[-49.30499,-25.280498],[-49.305016,-25.280469]]}},{"type":"Feature","properties":{"alt":1041.0,"mestra":false},"geometry":{"type":"LineString","coordinates":[[-49.305018,-25.280446],[-49.305015,-25.280381],[-49.304954,-25.280395],[-49.304915,-25.280368],[-49.304911,-25.28034],[-49.304934,-25.28031],[-49.304975,-25.280309],[-49.305016,-25.280321],[-49.305022,-25.280359],[-49.305036,-25.280368]]}},{"type":"Feature","properties":{"alt":1041.0,"mestra":false},"geometry":{"type":"LineString","coordinates":[[-49.303091,-25.282747],[-49.303067,-25.282759]]}},{"type":"Feature","properties":{"alt":1041.0,"mestra":false},"geometry":{"type":"LineString","coordinates":[[-49.303124,-25.279149],[-49.303107,-25.279168],[-49.303123,-25.279184],[-49.30314,-25.279169],[-49.303124,-25.279149]]}},{"type":"Feature","properties":{"alt":1041.0,"mestra":false},"geometry":{"type":"LineString","coordinates":[[-49.303061,-25.27926],[-49.303041,-25.279256],[-49.30302,-25.279274],[-49.303007,-25.279306],[-49.303009,-25.279344],[-49.303029,-25.279343],[-49.303056,-25.279316],[-49.303066,-25.279289],[-49.303061,-25.27926]]}},{"type":"Feature","properties":{"alt":1041.0,"mestra":false},"geometry":{"type":"LineString","coordinates":[[-49.302534,-25.279744],[-49.302508,-25.279746],[-49.302505,-25.279765],[-49.302535,-25.279765],[-49.302534,-25.279744]]}},{"type":"Feature","properties":{"alt":1041.0,"mestra":false},"geometry":{"type":"LineString","coordinates":[[-49.302268,-25.279784],[-49.302268,-25.279797],[-49.302247,-25.279798],[-49.302248,-25.279787],[-49.302268,-25.279784]]}},{"type":"Feature","properties":{"alt":1041.0,"mestra":false},"geometry":{"type":"LineString","coordinates":[[-49.302441,-25.279824],[-49.302433,-25.279829],[-49.302441,-25.279839],[-49.302441,-25.279824]]}},{"type":"Feature","properties":{"alt":1041.0,"mestra":false},"geometry":{"type":"LineString","coordinates":[[-49.303307,-25.279884],[-49.303279,-25.279894],[-49.303286,-25.279932],[-49.303327,-25.279913],[-49.303307,-25.279884]]}},{"type":"Feature","properties":{"alt":1041.0,"mestra":false},"geometry":{"type":"LineString","coordinates":[[-49.303522,-25.279896],[-49.30347,-25.279902],[-49.303429,-25.279942],[-49.303358,-25.279929],[-49.303307,-25.279952],[-49.303188,-25.279977],[-49.303192,-25.280023],[-49.303285,-25.28006],[-49.303305,-25.280089],[-49.303307,-25.280117],[-49.303341,-25.280155],[-49.303326,-25.280192],[-49.30326,-25.280219],[-49.30331,-25.280284],[-49.303318,-25.280312],[-49.303281,-25.280338],[-49.30323,-25.280311],[-49.303189,-25.280328],[-49.303139,-25.280281],[-49.303122,-25.280291],[-49.303082,-25.280365],[-49.303138,-25.280421],[-49.303134,-25.280477],[-49.303177,-25.280505],[-49.303146,-25.280518],[-49.303143,-25.280533],[-49.303201,-25.280617],[-49.303184,-25.280656],[-49.303144,-25.280652],[-49.303107,-25.280671],[-49.303112,-25.280699],[-49.303184,-25.280711],[-49.3032,-25.280682],[-49.303235,-25.280682],[-49.303252,-25.280701],[-49.303246,-25.280738],[-49.303275,-25.280783],[-49.303315,-25.280786],[-49.303339,-25.280758],[-49.303357,-25.280757],[-49.303407,-25.280792],[-49.303417,-25.280842],[-49.303437,-25.280851],[-49.303536,-25.280834],[-49.303568,-25.280779],[-49.303484,-25.280694],[-49.303559,-25.280621],[-49.303536,-25.280537],[-49.303544,-25.28052],[-49.303554,-25.280516],[-49.303562,-25.280528],[-49.303595,-25.280603],[-49.303633,-25.280655],[-49.303654,-25.280663],[-49.303705,-25.280655],[-49.303721,-25.280641],[-49.303715,-25.280628],[-49.303689,-25.280623],[-49.3037,-25.280586],[-49.303686,-25.280558],[-49.303712,-25.280484],[-49.303688,-25.280437],[-49.303693,-25.2804],[-49.303655,-25.280344],[-49.303659,-25.280318],[-49.303683,-25.280298],[-49.303689,-25.28027],[-49.30367,-25.280245],[-49.303629,-25.280242],[-49.303622,-25.280232],[-49.303616,-25.280186],[-49.303638,-25.280158],[-49.30364,-25.280093],[-49.3036,-25.280056],[-49.303609,-25.280019],[-49.303602,-25.279971],[-49.30356,-25.279916],[-49.303522,-25.279896]]}},{"type":"Feature","properties":{"alt":1041.0,"mestra":false},"geometry":{"type":"LineString","coordinates":[[-49.303173,-25.280034],[-49.303137,-25.280041],[-49.303129,-25.280069],[-49.303141,-25.280083],[-49.303202,-25.280101],[-49.303213,-25.280079],[-49.303173,-25.280034]]}},{"type":"Feature","properties":{"alt":1041.0,"mestra":false},"geometry":{"type":"LineString","coordinates":[[-49.301989,-25.280036],[-49.301969,-25.280037],[-49.301938,-25.280063],[-49.301886,-25.280069],[-49.301825,-25.28006],[-49.301764,-25.280075],[-49.301601,-25.280083],[-49.301573,-25.280106],[-49.301575,-25.280162],[-49.301599,-25.2802],[-49.301639,-25.280217],[-49.301732,-25.28017],[-49.301844,-25.280199],[-49.301987,-25.280164],[-49.301998,-25.280148],[-49.301995,-25.28013],[-49.301958,-25.280102],[-49.301945,-25.280074],[-49.301948,-25.280066],[-49.301999,-25.280063],[-49.302004,-25.280046],[-49.301989,-25.280036]]}},{"type":"Feature","properties":{"alt":1041.0,"mestra":false},"geometry":{"type":"LineString","coordinates":[[-49.302305,-25.280086],[-49.302284,-25.280081],[-49.302264,-25.280094],[-49.302264,-25.280133],[-49.302283,-25.280139],[-49.302308,-25.280124],[-49.302305,-25.280086]]}},{"type":"Feature","properties":{"alt":1041.0,"mestra":false},"geometry":{"type":"LineString","coordinates":[[-49.302121,-25.280102],[-49.30209,-25.280111],[-49.30209,-25.280134],[-49.30211,-25.280143],[-49.30213,-25.280137],[-49.302121,-25.280102]]}},{"type":"Feature","properties":{"alt":1041.0,"mestra":false},"geometry":{"type":"LineString","coordinates":[[-49.303883,-25.280294],[-49.303866,-25.2803],[-49.303873,-25.280312],[-49.30389,-25.280309],[-49.303883,-25.280294]]}},{"type":"Feature","properties":{"alt":1041.0,"mestra":false},"geometry":{"type":"LineString","coordinates":[[-49.30483,-25.28045],[-49.304847,-25.280469],[-49.30484,-25.280483],[-49.304791,-25.280477],[-49.3048,-25.280445],[-49.30483,-25.28045]]}},{"type":"Feature","properties":{"alt":1041.0,"mestra":false},"geometry":{"type":"LineString","coordinates":[[-49.3023,-25.280439],[-49.3023,-25.280439]]}},{"type":"Feature","properties":{"alt":1041.0,"mestra":false},"geometry":{"type":"LineString","coordinates":[[-49.304554,-25.28053],[-49.304563,-25.280549],[-49.304547,-25.280577],[-49.304533,-25.280577],[-49.304525,-25.280539],[-49.304533,-25.280527],[-49.304554,-25.28053]]}},{"type":"Feature","properties":{"alt":1041.0,"mestra":false},"geometry":{"type":"LineString","coordinates":[[-49.304421,-25.280561],[-49.304431,-25.280575],[-49.30442,-25.280582],[-49.304409,-25.280566],[-49.304421,-25.280561]]}},{"type":"Feature","properties":{"alt":1041.0,"mestra":false},"geometry":{"type":"LineString","coordinates":[[-49.303328,-25.280599],[-49.30335,-25.280609],[-49.303358,-25.280637],[-49.303391,-25.280656],[-49.30338,-25.280675],[-49.303334,-25.280674],[-49.303305,-25.280609],[-49.303328,-25.280599]]}},{"type":"Feature","properties":{"alt":1041.0,"mestra":false},"geometry":{"type":"LineString","coordinates":[[-49.304266,-25.280682],[-49.304242,-25.280703],[-49.304255,-25.280718],[-49.30428,-25.280704],[-49.304266,-25.280682]]}},{"type":"Feature","properties":{"alt":1041.0,"mestra":false},"geometry":{"type":"LineString","coordinates":[[-49.303142,-25.280761],[-49.303119,-25.280764],[-49.303118,-25.280792],[-49.303131,-25.280809],[-49.303152,-25.280806],[-49.303162,-25.280783],[-49.303142,-25.280761]]}},{"type":"Feature","properties":{"alt":1041.0,"mestra":false},"geometry":{"type":"LineString","coordinates":[[-49.303009,-25.280788],[-49.302997,-25.2808],[-49.303009,-25.280821],[-49.303019,-25.28081],[-49.303009,-25.280788]]}},{"type":"Feature","properties":{"alt":1041.0,"mestra":false},"geometry":{"type":"LineString","coordinates":[[-49.303244,-25.280802],[-49.303212,-25.280821],[-49.303221,-25.28084],[-49.303254,-25.280831],[-49.303256,-25.280812],[-49.303244,-25.280802]]}},{"type":"Feature","properties":{"alt":1041.0,"mestra":false},"geometry":{"type":"LineString","coordinates":[[-49.30406,-25.280827],[-49.304039,-25.280858],[-49.304059,-25.280883],[-49.304094,-25.280859],[-49.30406,-25.280827]]}},{"type":"Feature","properties":{"alt":1041.0,"mestra":false},"geometry":{"type":"LineString","coordinates":[[-49.304058,-25.280929],[-49.304058,-25.280943],[-49.304058,-25.280929]]}},{"type":"Feature","properties":{"alt":1041.0,"mestra":false},"geometry":{"type":"LineString","coordinates":[[-49.302847,-25.281444],[-49.302837,-25.281457],[-49.302849,-25.281457],[-49.302847,-25.281444]]}},{"type":"Feature","properties":{"alt":1041.0,"mestra":false},"geometry":{"type":"LineString","coordinates":[[-49.302816,-25.281501],[-49.302786,-25.281512],[-49.302769,-25.28154],[-49.302774,-25.281559],[-49.302794,-25.281571],[-49.302815,-25.281572],[-49.30283,-25.281559],[-49.302829,-25.281522],[-49.302816,-25.281501]]}},{"type":"Feature","properties":{"alt":1042.0,"mestra":false},"geometry":{"type":"LineString","coordinates":[[-49.303114,-25.277934],[-49.303059,-25.277947],[-49.303028,-25.277975],[-49.302977,-25.27794],[-49.3027,-25.277931]]}},{"type":"Feature","properties":{"alt":1042.0,"mestra":false},"geometry":{"type":"LineString","coordinates":[[-49.30384,-25.278023],[-49.303857,-25.278101],[-49.303841,-25.278119],[-49.303812,-25.278125],[-49.303761,-25.2781],[-49.30374,-25.278034],[-49.303727,-25.278025]]}},{"type":"Feature","properties":{"alt":1042.0,"mestra":false},"geometry":{"type":"LineString","coordinates":[[-49.304977,-25.279932],[-49.304959,-25.279969],[-49.304888,-25.279997],[-49.304816,-25.279993],[-49.304725,-25.279964],[-49.30468,-25.27991],[-49.304663,-25.279845],[-49.304676,-25.27979],[-49.304723,-25.279739]]}},{"type":"Feature","properties":{"alt":1042.0,"mestra":false},"geometry":{"type":"LineString","coordinates":[[-49.300511,-25.279902],[-49.300582,-25.279923],[-49.300633,-25.279976],[-49.300745,-25.279997],[-49.300795,-25.280046],[-49.300899,-25.280099],[-49.300913,-25.280127],[-49.300803,-25.280194],[-49.300752,-25.280177],[-49.300681,-25.280178],[-49.300622,-25.280142],[-49.300621,-25.280133],[-49.300696,-25.280096],[-49.300662,-25.280044],[-49.300622,-25.280036],[-49.300509,-25.280058]]}},{"type":"Feature","properties":{"alt":1042.0,"mestra":false},"geometry":{"type":"LineString","coordinates":[[-49.305023,-25.280009],[-49.305027,-25.27997],[-49.305041,-25.279954]]}},{"type":"Feature","properties":{"alt":1042.0,"mestra":false},"geometry":{"type":"LineString","coordinates":[[-49.300506,-25.280276],[-49.30057,-25.280327],[-49.300719,-25.280357],[-49.30077,-25.280337],[-49.300832,-25.280282],[-49.300934,-25.280293],[-49.300943,-25.280285],[-49.30092,-25.280257],[-49.300926,-25.280247],[-49.300976,-25.280229],[-49.301019,-25.280184],[-49.301059,-25.280162],[-49.30112,-25.280166],[-49.301222,-25.280147],[-49.301466,-25.280205],[-49.301497,-25.280198],[-49.30152,-25.280161],[-49.30152,-25.280124],[-49.301499,-25.280096],[-49.301397,-25.280052],[-49.301254,-25.280044],[-49.301152,-25.280015],[-49.30104,-25.280001],[-49.300887,-25.280006],[-49.300837,-25.279983],[-49.300847,-25.279964],[-49.301041,-25.27994],[-49.301174,-25.27996],[-49.301265,-25.279994],[-49.301336,-25.27999],[-49.301438,-25.280003],[-49.30148,-25.27997],[-49.30153,-25.279984],[-49.30155,-25.280016],[-49.301653,-25.27999],[-49.301759,-25.280025],[-49.301846,-25.280028],[-49.301871,-25.280017],[-49.301867,-25.279984],[-49.301791,-25.27997],[-49.301878,-25.279924],[-49.301909,-25.279888],[-49.30193,-25.279889],[-49.30197,-25.27993],[-49.302062,-25.27992],[-49.302134,-25.279892],[-49.302185,-25.279887],[-49.302227,-25.279829],[-49.30227,-25.279836],[-49.302278,-25.279816],[-49.302237,-25.279812],[-49.302228,-25.279798],[-49.302248,-25.279776],[-49.30239,-25.279782],[-49.302397,-25.279754],[-49.302452,-25.279746],[-49.302469,-25.279681],[-49.302505,-25.279648],[-49.302566,-25.279657],[-49.302591,-25.279636],[-49.302607,-25.2796],[-49.302656,-25.279581],[-49.302649,-25.279519],[-49.3027,-25.279526],[-49.302723,-25.279517],[-49.302729,-25.279498],[-49.302691,-25.279464],[-49.302721,-25.27947],[-49.302742,-25.279448],[-49.302803,-25.279434],[-49.302854,-25.279448],[-49.302885,-25.279419],[-49.302903,-25.279352],[-49.302944,-25.279343],[-49.302953,-25.279315],[-49.302975,-25.279297],[-49.302985,-25.279251],[-49.303016,-25.279195],[-49.30301,-25.279102],[-49.302984,-25.279056],[-49.302978,-25.278963],[-49.303015,-25.278929],[-49.303045,-25.278949],[-49.303106,-25.278964],[-49.303146,-25.279001],[-49.303179,-25.279058],[-49.303183,-25.279104],[-49.3032,-25.279123],[-49.303198,-25.279197],[-49.303225,-25.279216],[-49.303295,-25.279236],[-49.303287,-25.279319],[-49.303253,-25.279373],[-49.303237,-25.279337],[-49.303203,-25.279317],[-49.303141,-25.279349],[-49.30314,-25.279364],[-49.303187,-25.279411],[-49.303191,-25.27944],[-49.303201,-25.279449],[-49.303253,-25.279421],[-49.303313,-25.279451],[-49.303354,-25.279452],[-49.303395,-25.27947],[-49.303446,-25.279468],[-49.303471,-25.279488],[-49.303496,-25.279555],[-49.303546,-25.279636],[-49.303607,-25.27963],[-49.303638,-25.279602],[-49.303668,-25.279629],[-49.303689,-25.279704],[-49.303727,-25.279751],[-49.303789,-25.279928],[-49.303751,-25.279974],[-49.303747,-25.280002],[-49.303781,-25.280058],[-49.30383,-25.280077],[-49.303824,-25.280123],[-49.303866,-25.280151],[-49.303939,-25.280347],[-49.303928,-25.280384],[-49.303943,-25.280431],[-49.303877,-25.280476],[-49.303865,-25.280522],[-49.30389,-25.280547],[-49.303962,-25.280561],[-49.303967,-25.280579],[-49.303929,-25.280635],[-49.30396,-25.280631],[-49.304006,-25.280682],[-49.30401,-25.280719],[-49.30404,-25.280747],[-49.30406,-25.280799],[-49.304091,-25.280785],[-49.304132,-25.280784],[-49.304152,-25.280767],[-49.304153,-25.280724],[-49.304113,-25.280711],[-49.304104,-25.280692],[-49.304141,-25.280637],[-49.304146,-25.2806],[-49.304165,-25.280585],[-49.304243,-25.280601],[-49.304338,-25.280658],[-49.304337,-25.280704],[-49.304357,-25.280745],[-49.304398,-25.280727],[-49.304439,-25.280685],[-49.304524,-25.280679],[-49.304533,-25.280688],[-49.30452,-25.280725],[-49.304527,-25.280781],[-49.304547,-25.280799],[-49.304704,-25.280801],[-49.304774,-25.280774],[-49.304786,-25.280727],[-49.304806,-25.280765],[-49.304792,-25.280802],[-49.304815,-25.280827],[-49.304837,-25.280831],[-49.304863,-25.280803],[-49.304837,-25.280766],[-49.304842,-25.280756],[-49.304926,-25.280711],[-49.304932,-25.280692],[-49.304919,-25.280661],[-49.304878,-25.280668],[-49.304859,-25.280655],[-49.304833,-25.28058],[-49.305013,-25.28047]]}},{"type":"Feature","properties":{"alt":1042.0,"mestra":false},"geometry":{"type":"LineString","coordinates":[[-49.305016,-25.280445],[-49.305015,-25.2804],[-49.304953,-25.280404],[-49.304913,-25.280372],[-49.304907,-25.28034],[-49.304924,-25.280305],[-49.304996,-25.280287],[-49.305016,-25.280286],[-49.305036,-25.280322]]}},{"type":"Feature","properties":{"alt":1042.0,"mestra":false},"geometry":{"type":"LineString","coordinates":[[-49.303092,-25.282747],[-49.303068,-25.282759]]}},{"type":"Feature","properties":{"alt":1042.0,"mestra":false},"geometry":{"type":"LineString","coordinates":[[-49.303051,-25.279268],[-49.30303,-25.279274],[-49.303018,-25.279297],[-49.303029,-25.279328],[-49.303058,-25.279298],[-49.303051,-25.279268]]}},{"type":"Feature","properties":{"alt":1042.0,"mestra":false},"geometry":{"type":"LineString","coordinates":[[-49.303318,-25.279894],[-49.303287,-25.279891],[-49.303287,-25.279922],[-49.303317,-25.279917],[-49.303318,-25.279894]]}},{"type":"Feature","properties":{"alt":1042.0,"mestra":false},"geometry":{"type":"LineString","coordinates":[[-49.303521,-25.279904],[-49.303459,-25.279924],[-49.303439,-25.279969],[-49.303368,-25.27993],[-49.303306,-25.279956],[-49.303192,-25.279977],[-49.303201,-25.280023],[-49.303285,-25.280047],[-49.303314,-25.280117],[-49.303345,-25.280155],[-49.303333,-25.280192],[-49.30327,-25.280219],[-49.303324,-25.280312],[-49.303272,-25.280395],[-49.303253,-25.280386],[-49.30326,-25.280339],[-49.30323,-25.280315],[-49.303189,-25.280334],[-49.303139,-25.280286],[-49.303121,-25.280301],[-49.303089,-25.280365],[-49.303141,-25.280421],[-49.303136,-25.280468],[-49.303181,-25.280496],[-49.303176,-25.280518],[-49.303156,-25.280533],[-49.303166,-25.28057],[-49.303204,-25.280617],[-49.303184,-25.280662],[-49.303144,-25.280659],[-49.303116,-25.280681],[-49.303174,-25.2807],[-49.303194,-25.280676],[-49.303235,-25.280679],[-49.303255,-25.280701],[-49.30325,-25.280738],[-49.303275,-25.280778],[-49.303305,-25.280785],[-49.303336,-25.280755],[-49.303357,-25.280754],[-49.303416,-25.280796],[-49.303417,-25.280834],[-49.303457,-25.280848],[-49.303529,-25.280832],[-49.303562,-25.280779],[-49.30352,-25.280725],[-49.303479,-25.280694],[-49.303553,-25.280621],[-49.303527,-25.280537],[-49.303547,-25.2805],[-49.303544,-25.280467],[-49.303612,-25.280612],[-49.303654,-25.280653],[-49.303674,-25.280641],[-49.303691,-25.280585],[-49.303678,-25.280567],[-49.303709,-25.280493],[-49.303684,-25.280437],[-49.303689,-25.2804],[-49.303652,-25.280344],[-49.303656,-25.280316],[-49.30368,-25.280298],[-49.303686,-25.28027],[-49.30367,-25.280249],[-49.303623,-25.280241],[-49.303611,-25.280195],[-49.303636,-25.280149],[-49.303636,-25.280093],[-49.303597,-25.280055],[-49.303596,-25.279972],[-49.303571,-25.279953],[-49.303552,-25.279917],[-49.303521,-25.279904]]}},{"type":"Feature","properties":{"alt":1042.0,"mestra":false},"geometry":{"type":"LineString","coordinates":[[-49.303173,-25.280039],[-49.303142,-25.280039],[-49.30313,-25.280069],[-49.303141,-25.280081],[-49.303202,-25.280098],[-49.303208,-25.280079],[-49.303173,-25.280039]]}},{"type":"Feature","properties":{"alt":1042.0,"mestra":false},"geometry":{"type":"LineString","coordinates":[[-49.301989,-25.280044],[-49.301962,-25.280055],[-49.301989,-25.280059],[-49.301989,-25.280044]]}},{"type":"Feature","properties":{"alt":1042.0,"mestra":false},"geometry":{"type":"LineString","coordinates":[[-49.301856,-25.280072],[-49.301815,-25.280068],[-49.301764,-25.280084],[-49.301603,-25.280088],[-49.30158,-25.280116],[-49.301583,-25.280171],[-49.301609,-25.280204],[-49.30164,-25.280214],[-49.301732,-25.280166],[-49.301844,-25.280196],[-49.301987,-25.280152],[-49.301983,-25.28013],[-49.301927,-25.28008],[-49.301856,-25.280072]]}},{"type":"Feature","properties":{"alt":1042.0,"mestra":false},"geometry":{"type":"LineString","coordinates":[[-49.302294,-25.280087],[-49.302271,-25.280096],[-49.302273,-25.280131],[-49.302295,-25.280124],[-49.302294,-25.280087]]}},{"type":"Feature","properties":{"alt":1042.0,"mestra":false},"geometry":{"type":"LineString","coordinates":[[-49.30211,-25.280121],[-49.30211,-25.280121]]}},{"type":"Feature","properties":{"alt":1042.0,"mestra":false},"geometry":{"type":"LineString","coordinates":[[-49.3048,-25.2804],[-49.3048,-25.280431],[-49.304846,-25.28046],[-49.30485,-25.280478],[-49.30484,-25.280488],[-49.30478,-25.280477],[-49.304793,-25.28044],[-49.30478,-25.280403],[-49.3048,-25.2804]]}},{"type":"Feature","properties":{"alt":1042.0,"mestra":false},"geometry":{"type":"LineString","coordinates":[[-49.304544,-25.280519],[-49.304577,-25.28054],[-49.304553,-25.28059],[-49.304532,-25.280585],[-49.304519,-25.280567],[-49.304523,-25.28053],[-49.304544,-25.280519]]}},{"type":"Feature","properties":{"alt":1042.0,"mestra":false},"geometry":{"type":"LineString","coordinates":[[-49.304421,-25.280553],[-49.304438,-25.280575],[-49.30443,-25.280592],[-49.30441,-25.280586],[-49.304398,-25.280566],[-49.3044,-25.280556],[-49.304421,-25.280553]]}},{"type":"Feature","properties":{"alt":1042.0,"mestra":false},"geometry":{"type":"LineString","coordinates":[[-49.303338,-25.280599],[-49.303394,-25.280666],[-49.303327,-25.280694],[-49.303327,-25.280665],[-49.303302,-25.280609],[-49.303308,-25.280596],[-49.303338,-25.280599]]}},{"type":"Feature","properties":{"alt":1042.0,"mestra":false},"geometry":{"type":"LineString","coordinates":[[-49.303705,-25.280639],[-49.303705,-25.280639]]}},{"type":"Feature","properties":{"alt":1042.0,"mestra":false},"geometry":{"type":"LineString","coordinates":[[-49.304266,-25.2807],[-49.304254,-25.280703],[-49.304266,-25.2807]]}},{"type":"Feature","properties":{"alt":1042.0,"mestra":false},"geometry":{"type":"LineString","coordinates":[[-49.303142,-25.280763],[-49.303119,-25.280774],[-49.303131,-25.280806],[-49.303152,-25.280802],[-49.303159,-25.280783],[-49.303142,-25.280763]]}},{"type":"Feature","properties":{"alt":1042.0,"mestra":false},"geometry":{"type":"LineString","coordinates":[[-49.303009,-25.280794],[-49.303009,-25.280817],[-49.303009,-25.280794]]}},{"type":"Feature","properties":{"alt":1042.0,"mestra":false},"geometry":{"type":"LineString","coordinates":[[-49.303244,-25.280806],[-49.303226,-25.280812],[-49.303223,-25.280834],[-49.303248,-25.280831],[-49.303244,-25.280806]]}},{"type":"Feature","properties":{"alt":1042.0,"mestra":false},"geometry":{"type":"LineString","coordinates":[[-49.302805,-25.281527],[-49.302795,-25.28154],[-49.302805,-25.281544],[-49.302805,-25.281527]]}},{"type":"Feature","properties":{"alt":1043.0,"mestra":false},"geometry":{"type":"LineString","coordinates":[[-49.303117,-25.277935],[-49.303059,-25.277949],[-49.303028,-25.277977],[-49.302977,-25.277941],[-49.3027,-25.277932]]}},{"type":"Feature","properties":{"alt":1043.0,"mestra":false},"geometry":{"type":"LineString","coordinates":[[-49.303864,-25.278027],[-49.303851,-25.278036],[-49.30386,-25.278101],[-49.303842,-25.278121],[-49.303812,-25.278128],[-49.303755,-25.2781],[-49.303716,-25.278029]]}},{"type":"Feature","properties":{"alt":1043.0,"mestra":false},"geometry":{"type":"LineString","coordinates":[[-49.305,-25.279932],[-49.304993,-25.27996],[-49.304973,-25.279979],[-49.304898,-25.280005],[-49.304816,-25.279999],[-49.304718,-25.279966],[-49.304672,-25.27991],[-49.304655,-25.279845],[-49.304672,-25.27978],[-49.304716,-25.279733]]}},{"type":"Feature","properties":{"alt":1043.0,"mestra":false},"geometry":{"type":"LineString","coordinates":[[-49.300511,-25.279891],[-49.300582,-25.279913],[-49.300653,-25.279967],[-49.300735,-25.279976],[-49.300795,-25.280026],[-49.300856,-25.280045],[-49.300951,-25.280109],[-49.300953,-25.280136],[-49.300885,-25.280171],[-49.30086,-25.2802],[-49.300871,-25.280219],[-49.300904,-25.280233],[-49.300966,-25.28022],[-49.301048,-25.280152],[-49.30111,-25.280153],[-49.301181,-25.280132],[-49.301487,-25.280197],[-49.301511,-25.280171],[-49.301509,-25.280124],[-49.301434,-25.280068],[-49.301387,-25.280056],[-49.301254,-25.280052],[-49.301213,-25.280033],[-49.30104,-25.280003],[-49.300867,-25.280013],[-49.300836,-25.279999],[-49.300826,-25.279977],[-49.300847,-25.279959],[-49.30097,-25.279952],[-49.301031,-25.279937],[-49.301174,-25.279956],[-49.301245,-25.279987],[-49.301337,-25.279984],[-49.301418,-25.28],[-49.301449,-25.279996],[-49.30148,-25.279966],[-49.301531,-25.279979],[-49.301541,-25.280004],[-49.301561,-25.280013],[-49.301643,-25.279983],[-49.301724,-25.279986],[-49.301766,-25.279958],[-49.301878,-25.279918],[-49.301899,-25.279887],[-49.30192,-25.279877],[-49.30194,-25.27988],[-49.301991,-25.279919],[-49.302062,-25.279912],[-49.302134,-25.279884],[-49.302185,-25.279883],[-49.302208,-25.279854],[-49.302211,-25.279798],[-49.302244,-25.279771],[-49.30237,-25.27977],[-49.302381,-25.279743],[-49.302442,-25.27974],[-49.302459,-25.279681],[-49.302491,-25.279653],[-49.302484,-25.279625],[-49.302545,-25.279655],[-49.302578,-25.279645],[-49.302607,-25.279593],[-49.302646,-25.279571],[-49.302623,-25.279515],[-49.302629,-25.279501],[-49.302701,-25.279507],[-49.302661,-25.27946],[-49.302717,-25.279452],[-49.302732,-25.279422],[-49.302773,-25.27944],[-49.302814,-25.279423],[-49.302844,-25.279441],[-49.302875,-25.279417],[-49.302892,-25.279342],[-49.302929,-25.279333],[-49.302969,-25.279294],[-49.302977,-25.27925],[-49.303011,-25.279195],[-49.303004,-25.279102],[-49.302972,-25.279065],[-49.302966,-25.278963],[-49.303001,-25.278926],[-49.303015,-25.278887],[-49.303025,-25.278888],[-49.303096,-25.278919],[-49.303184,-25.279002],[-49.303224,-25.279114],[-49.303218,-25.279188],[-49.303297,-25.279203],[-49.303326,-25.279227],[-49.303324,-25.279301],[-49.303285,-25.279356],[-49.303277,-25.279412],[-49.303314,-25.279437],[-49.303355,-25.279428],[-49.303436,-25.279433],[-49.30348,-25.27946],[-49.303517,-25.279501],[-49.303568,-25.279495],[-49.303609,-25.279472],[-49.303629,-25.279493],[-49.303641,-25.279555],[-49.303693,-25.279639],[-49.303693,-25.279695],[-49.303743,-25.279751],[-49.303767,-25.279853],[-49.303803,-25.279928],[-49.303762,-25.279965],[-49.303751,-25.280002],[-49.303785,-25.280056],[-49.303849,-25.280077],[-49.303829,-25.280105],[-49.30383,-25.280123],[-49.303875,-25.28015],[-49.303947,-25.280338],[-49.303932,-25.280384],[-49.303948,-25.280431],[-49.303881,-25.280476],[-49.303868,-25.280523],[-49.30389,-25.280545],[-49.303966,-25.280561],[-49.303971,-25.280579],[-49.303954,-25.280616],[-49.30399,-25.280667],[-49.30403,-25.280691],[-49.304024,-25.280719],[-49.304041,-25.280734],[-49.30406,-25.280791],[-49.304132,-25.280781],[-49.304148,-25.280767],[-49.304146,-25.28073],[-49.304104,-25.280711],[-49.304094,-25.280692],[-49.304135,-25.280637],[-49.304145,-25.280583],[-49.304165,-25.280571],[-49.304267,-25.280591],[-49.304312,-25.280639],[-49.304338,-25.28065],[-49.304341,-25.280704],[-49.304357,-25.28074],[-49.304398,-25.280723],[-49.304429,-25.280683],[-49.304531,-25.280671],[-49.30454,-25.280688],[-49.304527,-25.280725],[-49.304531,-25.280771],[-49.30456,-25.280799],[-49.304683,-25.280795],[-49.304754,-25.280771],[-49.304768,-25.280756],[-49.304765,-25.280718],[-49.304796,-25.28072],[-49.304816,-25.280745],[-49.304836,-25.280748],[-49.304919,-25.280707],[-49.304925,-25.280692],[-49.304919,-25.280673],[-49.304878,-25.280677],[-49.30485,-25.280654],[-49.304826,-25.280571],[-49.3049,-25.280541],[-49.305007,-25.280464]]}},{"type":"Feature","properties":{"alt":1043.0,"mestra":false},"geometry":{"type":"LineString","coordinates":[[-49.305021,-25.280008],[-49.305024,-25.279961],[-49.305041,-25.279943]]}},{"type":"Feature","properties":{"alt":1043.0,"mestra":false},"geometry":{"type":"LineString","coordinates":[[-49.305019,-25.280182],[-49.305021,-25.280267],[-49.305026,-25.280284],[-49.305037,-25.280284]]}},{"type":"Feature","properties":{"alt":1043.0,"mestra":false},"geometry":{"type":"LineString","coordinates":[[-49.300507,-25.280232],[-49.300578,-25.280257],[-49.300589,-25.280281],[-49.300586,-25.280308],[-49.300599,-25.280318],[-49.300693,-25.280347],[-49.300719,-25.280346],[-49.300771,-25.280317],[-49.300812,-25.280274],[-49.300756,-25.280199],[-49.30066,-25.280199],[-49.3006,-25.280149],[-49.3006,-25.280113],[-49.300676,-25.280096],[-49.300652,-25.280056],[-49.300611,-25.280055],[-49.30057,-25.280087],[-49.300509,-25.280083]]}},{"type":"Feature","properties":{"alt":1043.0,"mestra":false},"geometry":{"type":"LineString","coordinates":[[-49.305013,-25.280444],[-49.305004,-25.280431],[-49.304943,-25.280411],[-49.30491,-25.280377],[-49.304902,-25.280349],[-49.304915,-25.280293],[-49.304949,-25.280275],[-49.304925,-25.280249],[-49.304925,-25.280234],[-49.305011,-25.280177]]}},{"type":"Feature","properties":{"alt":1043.0,"mestra":false},"geometry":{"type":"LineString","coordinates":[[-49.303092,-25.282748],[-49.30307,-25.282759]]}},{"type":"Feature","properties":{"alt":1043.0,"mestra":false},"geometry":{"type":"LineString","coordinates":[[-49.30305,-25.279284],[-49.303031,-25.279288],[-49.30303,-25.279312],[-49.303047,-25.279307],[-49.30305,-25.279284]]}},{"type":"Feature","properties":{"alt":1043.0,"mestra":false},"geometry":{"type":"LineString","coordinates":[[-49.303223,-25.279335],[-49.303193,-25.279329],[-49.303148,-25.279354],[-49.303212,-25.279419],[-49.303242,-25.279402],[-49.303223,-25.279335]]}},{"type":"Feature","properties":{"alt":1043.0,"mestra":false},"geometry":{"type":"LineString","coordinates":[[-49.303307,-25.279892],[-49.303287,-25.2799],[-49.303297,-25.279919],[-49.303317,-25.279909],[-49.303307,-25.279892]]}},{"type":"Feature","properties":{"alt":1043.0,"mestra":false},"geometry":{"type":"LineString","coordinates":[[-49.301807,-25.279886],[-49.301797,-25.279901],[-49.301807,-25.279886]]}},{"type":"Feature","properties":{"alt":1043.0,"mestra":false},"geometry":{"type":"LineString","coordinates":[[-49.303532,-25.279911],[-49.303501,-25.279912],[-49.303462,-25.279943],[-49.303437,-25.280084],[-49.303407,-25.280044],[-49.303433,-25.279998],[-49.303427,-25.27997],[-49.303378,-25.279935],[-49.303358,-25.279934],[-49.303296,-25.279963],[-49.303196,-25.279977],[-49.303199,-25.280014],[-49.303211,-25.280023],[-49.303265,-25.280027],[-49.303295,-25.280013],[-49.30332,-25.280117],[-49.303351,-25.280164],[-49.303334,-25.280197],[-49.303277,-25.280228],[-49.303332,-25.280312],[-49.30328,-25.280407],[-49.303204,-25.280376],[-49.303209,-25.280366],[-49.303229,-25.280381],[-49.303253,-25.280358],[-49.30323,-25.280319],[-49.303213,-25.28032],[-49.303189,-25.280344],[-49.303139,-25.280292],[-49.303096,-25.280365],[-49.303139,-25.280412],[-49.303144,-25.280468],[-49.30319,-25.280496],[-49.303168,-25.280533],[-49.303166,-25.280561],[-49.303205,-25.280608],[-49.303198,-25.280663],[-49.303253,-25.280692],[-49.303254,-25.280738],[-49.303275,-25.280772],[-49.303305,-25.280781],[-49.303336,-25.28075],[-49.303357,-25.280751],[-49.303417,-25.280791],[-49.303421,-25.280833],[-49.303457,-25.280843],[-49.303529,-25.280827],[-49.303557,-25.280779],[-49.30352,-25.280729],[-49.30348,-25.280708],[-49.303476,-25.280694],[-49.303551,-25.280612],[-49.303521,-25.280537],[-49.30354,-25.2805],[-49.303535,-25.280432],[-49.303571,-25.280473],[-49.303631,-25.280622],[-49.303654,-25.280641],[-49.303678,-25.280595],[-49.303668,-25.280567],[-49.303706,-25.280493],[-49.30368,-25.280437],[-49.303688,-25.280405],[-49.303649,-25.280344],[-49.303652,-25.280316],[-49.303679,-25.280293],[-49.303684,-25.28027],[-49.30367,-25.280252],[-49.303629,-25.280249],[-49.303614,-25.280232],[-49.303608,-25.280186],[-49.303633,-25.280149],[-49.303633,-25.280093],[-49.303593,-25.280055],[-49.3036,-25.280018],[-49.30359,-25.279972],[-49.303532,-25.279911]]}},{"type":"Feature","properties":{"alt":1043.0,"mestra":false},"geometry":{"type":"LineString","coordinates":[[-49.301857,-25.279986],[-49.301827,-25.279989],[-49.301816,-25.280007],[-49.301856,-25.28002],[-49.301869,-25.280008],[-49.301857,-25.279986]]}},{"type":"Feature","properties":{"alt":1043.0,"mestra":false},"geometry":{"type":"LineString","coordinates":[[-49.301765,-25.279997],[-49.30175,-25.280006],[-49.301775,-25.280014],[-49.301785,-25.280007],[-49.301765,-25.279997]]}},{"type":"Feature","properties":{"alt":1043.0,"mestra":false},"geometry":{"type":"LineString","coordinates":[[-49.303162,-25.280037],[-49.303141,-25.280041],[-49.303132,-25.280069],[-49.303152,-25.280083],[-49.303203,-25.280092],[-49.303203,-25.280079],[-49.303162,-25.280037]]}},{"type":"Feature","properties":{"alt":1043.0,"mestra":false},"geometry":{"type":"LineString","coordinates":[[-49.301856,-25.280081],[-49.301815,-25.280073],[-49.301764,-25.28009],[-49.301611,-25.280092],[-49.301585,-25.280125],[-49.301587,-25.280172],[-49.301609,-25.280201],[-49.30164,-25.280211],[-49.301732,-25.280163],[-49.301844,-25.280192],[-49.301977,-25.280148],[-49.301969,-25.28013],[-49.301917,-25.280089],[-49.301856,-25.280081]]}},{"type":"Feature","properties":{"alt":1043.0,"mestra":false},"geometry":{"type":"LineString","coordinates":[[-49.304852,-25.280392],[-49.304863,-25.280423],[-49.304848,-25.280441],[-49.30485,-25.280486],[-49.304773,-25.280487],[-49.304763,-25.280477],[-49.304785,-25.28044],[-49.304771,-25.280403],[-49.30479,-25.280389],[-49.304852,-25.280392]]}},{"type":"Feature","properties":{"alt":1043.0,"mestra":false},"geometry":{"type":"LineString","coordinates":[[-49.304831,-25.280403],[-49.304812,-25.280422],[-49.30482,-25.280437],[-49.304837,-25.280432],[-49.304831,-25.280403]]}},{"type":"Feature","properties":{"alt":1043.0,"mestra":false},"geometry":{"type":"LineString","coordinates":[[-49.304595,-25.280519],[-49.304598,-25.28054],[-49.304553,-25.280612],[-49.304517,-25.280576],[-49.304518,-25.28053],[-49.304544,-25.280513],[-49.304595,-25.280519]]}},{"type":"Feature","properties":{"alt":1043.0,"mestra":false},"geometry":{"type":"LineString","coordinates":[[-49.304411,-25.280547],[-49.304437,-25.280557],[-49.30444,-25.280595],[-49.30442,-25.280599],[-49.3044,-25.280584],[-49.304393,-25.280556],[-49.304411,-25.280547]]}},{"type":"Feature","properties":{"alt":1043.0,"mestra":false},"geometry":{"type":"LineString","coordinates":[[-49.304727,-25.280558],[-49.304737,-25.280579],[-49.304726,-25.28059],[-49.304712,-25.280579],[-49.304727,-25.280558]]}},{"type":"Feature","properties":{"alt":1043.0,"mestra":false},"geometry":{"type":"LineString","coordinates":[[-49.303338,-25.280597],[-49.303397,-25.280666],[-49.303327,-25.280704],[-49.303299,-25.280599],[-49.303338,-25.280597]]}},{"type":"Feature","properties":{"alt":1043.0,"mestra":false},"geometry":{"type":"LineString","coordinates":[[-49.303164,-25.28067],[-49.303142,-25.280681],[-49.303164,-25.280682],[-49.303164,-25.28067]]}},{"type":"Feature","properties":{"alt":1043.0,"mestra":false},"geometry":{"type":"LineString","coordinates":[[-49.304062,-25.280687],[-49.30407,-25.280701],[-49.304061,-25.280705],[-49.304033,-25.280691],[-49.304062,-25.280687]]}},{"type":"Feature","properties":{"alt":1043.0,"mestra":false},"geometry":{"type":"LineString","coordinates":[[-49.304846,-25.280784],[-49.304826,-25.280778],[-49.304805,-25.280789],[-49.304815,-25.280821],[-49.304835,-25.280826],[-49.304856,-25.280813],[-49.304846,-25.280784]]}},{"type":"Feature","properties":{"alt":1043.0,"mestra":false},"geometry":{"type":"LineString","coordinates":[[-49.303132,-25.280764],[-49.303121,-25.280792],[-49.303142,-25.280803],[-49.303155,-25.280774],[-49.303132,-25.280764]]}},{"type":"Feature","properties":{"alt":1043.0,"mestra":false},"geometry":{"type":"LineString","coordinates":[[-49.303244,-25.280811],[-49.303232,-25.280812],[-49.303232,-25.280831],[-49.303243,-25.280829],[-49.303244,-25.280811]]}},{"type":"Feature","properties":{"alt":1043.0,"mestra":false},"geometry":{"type":"LineString","coordinates":[[-49.303009,-25.280809],[-49.303009,-25.280809]]}},{"type":"Feature","properties":{"alt":1044.0,"mestra":false},"geometry":{"type":"LineString","coordinates":[[-49.303119,-25.277935],[-49.303059,-25.277951],[-49.303028,-25.277979],[-49.302975,-25.277942],[-49.302699,-25.277932]]}},{"type":"Feature","properties":{"alt":1044.0,"mestra":false},"geometry":{"type":"LineString","coordinates":[[-49.303869,-25.278031],[-49.303858,-25.27811],[-49.303811,-25.27813],[-49.303759,-25.278109],[-49.303708,-25.278034]]}},{"type":"Feature","properties":{"alt":1044.0,"mestra":false},"geometry":{"type":"LineString","coordinates":[[-49.305028,-25.279927],[-49.305042,-25.27993]]}},{"type":"Feature","properties":{"alt":1044.0,"mestra":false},"geometry":{"type":"LineString","coordinates":[[-49.300511,-25.279878],[-49.300583,-25.279902],[-49.300674,-25.279959],[-49.300745,-25.279959],[-49.300795,-25.280002],[-49.300806,-25.280003],[-49.300823,-25.279968],[-49.300847,-25.279956],[-49.301031,-25.279935],[-49.301174,-25.279953],[-49.301245,-25.279982],[-49.301337,-25.279977],[-49.301418,-25.279996],[-49.301449,-25.279992],[-49.30148,-25.279963],[-49.301532,-25.279976],[-49.301561,-25.280009],[-49.30164,-25.279977],[-49.301714,-25.279975],[-49.301766,-25.279947],[-49.301868,-25.279918],[-49.301899,-25.279878],[-49.30193,-25.279868],[-49.301981,-25.279877],[-49.302001,-25.279905],[-49.302072,-25.279901],[-49.302134,-25.279868],[-49.302176,-25.279881],[-49.3022,-25.279854],[-49.302197,-25.279789],[-49.302258,-25.27976],[-49.302329,-25.279765],[-49.302381,-25.279734],[-49.302432,-25.279732],[-49.302441,-25.279717],[-49.302434,-25.27969],[-49.302482,-25.279653],[-49.302485,-25.279612],[-49.302535,-25.279648],[-49.302566,-25.279649],[-49.302627,-25.279562],[-49.302609,-25.279515],[-49.302624,-25.279469],[-49.30265,-25.279448],[-49.302707,-25.279442],[-49.302732,-25.279413],[-49.302773,-25.279434],[-49.302814,-25.279412],[-49.302845,-25.279415],[-49.302878,-25.279379],[-49.302893,-25.279277],[-49.302938,-25.279301],[-49.302964,-25.279287],[-49.302972,-25.279241],[-49.303005,-25.279186],[-49.302997,-25.279102],[-49.302958,-25.279065],[-49.302957,-25.278963],[-49.303,-25.278917],[-49.303005,-25.278866],[-49.303026,-25.278856],[-49.30317,-25.278928],[-49.303218,-25.278978],[-49.303223,-25.279049],[-49.303249,-25.279124],[-49.303246,-25.279161],[-49.30334,-25.279208],[-49.303368,-25.279255],[-49.30333,-25.279329],[-49.303326,-25.279384],[-49.303396,-25.279413],[-49.30341,-25.279404],[-49.303417,-25.279359],[-49.303447,-25.279393],[-49.303478,-25.279362],[-49.303539,-25.279353],[-49.30357,-25.279338],[-49.30359,-25.279354],[-49.303596,-25.279387],[-49.30363,-25.279434],[-49.303654,-25.279499],[-49.303648,-25.279555],[-49.3037,-25.27963],[-49.303699,-25.279695],[-49.303754,-25.279742],[-49.303773,-25.279798],[-49.303771,-25.279853],[-49.303816,-25.279928],[-49.303766,-25.279966],[-49.303754,-25.280002],[-49.303793,-25.280058],[-49.303858,-25.280068],[-49.303863,-25.280086],[-49.303835,-25.280104],[-49.303835,-25.280121],[-49.303865,-25.280127],[-49.303875,-25.280139],[-49.303957,-25.280338],[-49.303935,-25.280384],[-49.303952,-25.280431],[-49.303939,-25.280449],[-49.303881,-25.280481],[-49.303871,-25.280523],[-49.30389,-25.280542],[-49.30397,-25.280561],[-49.303962,-25.280616],[-49.303991,-25.28066],[-49.30402,-25.280654],[-49.304008,-25.280635],[-49.304022,-25.280633],[-49.304031,-25.280668],[-49.304082,-25.280686],[-49.304092,-25.28068],[-49.304135,-25.280628],[-49.304141,-25.280553],[-49.304156,-25.280541],[-49.304277,-25.280584],[-49.304307,-25.280629],[-49.304344,-25.280649],[-49.304345,-25.280704],[-49.304357,-25.280735],[-49.304398,-25.28072],[-49.304429,-25.280674],[-49.304542,-25.280666],[-49.304537,-25.280771],[-49.30456,-25.280792],[-49.304683,-25.280785],[-49.304744,-25.280761],[-49.304754,-25.280746],[-49.304735,-25.280709],[-49.304745,-25.280698],[-49.304806,-25.280716],[-49.304826,-25.280738],[-49.304866,-25.280729],[-49.304912,-25.280692],[-49.304878,-25.280688],[-49.304847,-25.280664],[-49.304813,-25.28057],[-49.304829,-25.28055],[-49.30487,-25.28055],[-49.304906,-25.280534],[-49.304964,-25.28047],[-49.304953,-25.280451],[-49.304922,-25.280461],[-49.304909,-25.280451],[-49.304931,-25.280423],[-49.304901,-25.280367],[-49.3049,-25.280293],[-49.304941,-25.280173],[-49.304967,-25.280152],[-49.304998,-25.280146]]}},{"type":"Feature","properties":{"alt":1044.0,"mestra":false},"geometry":{"type":"LineString","coordinates":[[-49.305018,-25.280009],[-49.30499,-25.279998],[-49.304918,-25.280013],[-49.304836,-25.280009],[-49.304709,-25.279966],[-49.304664,-25.279911],[-49.304648,-25.279836],[-49.304666,-25.279773],[-49.30471,-25.279727]]}},{"type":"Feature","properties":{"alt":1044.0,"mestra":false},"geometry":{"type":"LineString","coordinates":[[-49.305027,-25.280175],[-49.305026,-25.280257],[-49.305037,-25.28026]]}},{"type":"Feature","properties":{"alt":1044.0,"mestra":false},"geometry":{"type":"LineString","coordinates":[[-49.300507,-25.280208],[-49.300619,-25.280228],[-49.300634,-25.280216],[-49.300586,-25.280169],[-49.300565,-25.280123],[-49.300539,-25.280111],[-49.300508,-25.280113]]}},{"type":"Feature","properties":{"alt":1044.0,"mestra":false},"geometry":{"type":"LineString","coordinates":[[-49.303092,-25.282748],[-49.303071,-25.282759]]}},{"type":"Feature","properties":{"alt":1044.0,"mestra":false},"geometry":{"type":"LineString","coordinates":[[-49.303203,-25.279335],[-49.303159,-25.279364],[-49.303212,-25.279401],[-49.303225,-25.279392],[-49.303229,-25.279355],[-49.303203,-25.279335]]}},{"type":"Feature","properties":{"alt":1044.0,"mestra":false},"geometry":{"type":"LineString","coordinates":[[-49.302115,-25.279786],[-49.302132,-25.279807],[-49.302124,-25.279858],[-49.302084,-25.279833],[-49.302115,-25.279786]]}},{"type":"Feature","properties":{"alt":1044.0,"mestra":false},"geometry":{"type":"LineString","coordinates":[[-49.303307,-25.279899],[-49.303297,-25.279898],[-49.303297,-25.279911],[-49.303307,-25.279899]]}},{"type":"Feature","properties":{"alt":1044.0,"mestra":false},"geometry":{"type":"LineString","coordinates":[[-49.301818,-25.279885],[-49.301807,-25.279903],[-49.301787,-25.279905],[-49.301797,-25.279884],[-49.301818,-25.279885]]}},{"type":"Feature","properties":{"alt":1044.0,"mestra":false},"geometry":{"type":"LineString","coordinates":[[-49.303532,-25.279915],[-49.303492,-25.279924],[-49.30347,-25.279964],[-49.303457,-25.280136],[-49.303437,-25.280118],[-49.303401,-25.280044],[-49.303425,-25.279998],[-49.303416,-25.279961],[-49.303358,-25.279936],[-49.303286,-25.279978],[-49.303306,-25.280019],[-49.303305,-25.280061],[-49.303354,-25.280164],[-49.303334,-25.280203],[-49.303285,-25.280228],[-49.303302,-25.280265],[-49.303354,-25.280312],[-49.303316,-25.280349],[-49.30329,-25.280412],[-49.303259,-25.280411],[-49.303209,-25.280389],[-49.303138,-25.280315],[-49.303104,-25.280356],[-49.303143,-25.280412],[-49.303148,-25.280459],[-49.303198,-25.280496],[-49.303171,-25.280561],[-49.30321,-25.280608],[-49.30321,-25.280663],[-49.303245,-25.28068],[-49.303262,-25.280701],[-49.303258,-25.280738],[-49.303275,-25.280767],[-49.303305,-25.280777],[-49.303347,-25.280743],[-49.303419,-25.280786],[-49.303427,-25.280833],[-49.303457,-25.280839],[-49.303526,-25.280825],[-49.303553,-25.280779],[-49.30352,-25.280732],[-49.303473,-25.280704],[-49.303476,-25.280685],[-49.303511,-25.28066],[-49.303547,-25.280612],[-49.303516,-25.280537],[-49.303534,-25.2805],[-49.303495,-25.280366],[-49.303495,-25.280321],[-49.303515,-25.280372],[-49.30359,-25.280464],[-49.303625,-25.28054],[-49.303655,-25.280557],[-49.303676,-25.280551],[-49.303703,-25.280493],[-49.303675,-25.280437],[-49.303686,-25.280409],[-49.303647,-25.280344],[-49.303649,-25.280316],[-49.303679,-25.280288],[-49.303681,-25.28027],[-49.30366,-25.280251],[-49.303625,-25.280251],[-49.303611,-25.280232],[-49.303605,-25.280185],[-49.30363,-25.280149],[-49.303629,-25.280093],[-49.303591,-25.280057],[-49.303596,-25.280018],[-49.303584,-25.279972],[-49.303532,-25.279915]]}},{"type":"Feature","properties":{"alt":1044.0,"mestra":false},"geometry":{"type":"LineString","coordinates":[[-49.303265,-25.27997],[-49.303203,-25.279977],[-49.303204,-25.280014],[-49.303265,-25.28002],[-49.303282,-25.279987],[-49.303265,-25.27997]]}},{"type":"Feature","properties":{"alt":1044.0,"mestra":false},"geometry":{"type":"LineString","coordinates":[[-49.301857,-25.279996],[-49.301836,-25.279997],[-49.301834,-25.280007],[-49.301857,-25.280012],[-49.301857,-25.279996]]}},{"type":"Feature","properties":{"alt":1044.0,"mestra":false},"geometry":{"type":"LineString","coordinates":[[-49.30104,-25.280006],[-49.300932,-25.280016],[-49.300894,-25.280034],[-49.300914,-25.280062],[-49.300978,-25.280105],[-49.300995,-25.280137],[-49.300977,-25.280168],[-49.301059,-25.280124],[-49.301192,-25.280119],[-49.301233,-25.280123],[-49.301466,-25.280194],[-49.3015,-25.28018],[-49.301497,-25.280124],[-49.301427,-25.28007],[-49.301244,-25.280062],[-49.301206,-25.280037],[-49.30104,-25.280006]]}},{"type":"Feature","properties":{"alt":1044.0,"mestra":false},"geometry":{"type":"LineString","coordinates":[[-49.303162,-25.280039],[-49.303142,-25.280042],[-49.303133,-25.280069],[-49.303152,-25.280082],[-49.303192,-25.280079],[-49.303162,-25.280039]]}},{"type":"Feature","properties":{"alt":1044.0,"mestra":false},"geometry":{"type":"LineString","coordinates":[[-49.301825,-25.280079],[-49.301764,-25.280096],[-49.301612,-25.280098],[-49.301588,-25.280134],[-49.301595,-25.280181],[-49.301619,-25.280204],[-49.30165,-25.280207],[-49.301732,-25.280158],[-49.301844,-25.280189],[-49.301926,-25.280166],[-49.301955,-25.280139],[-49.301917,-25.280102],[-49.301825,-25.280079]]}},{"type":"Feature","properties":{"alt":1044.0,"mestra":false},"geometry":{"type":"LineString","coordinates":[[-49.300956,-25.280192],[-49.300936,-25.280189],[-49.300925,-25.280207],[-49.300946,-25.280211],[-49.300956,-25.280192]]}},{"type":"Feature","properties":{"alt":1044.0,"mestra":false},"geometry":{"type":"LineString","coordinates":[[-49.300741,-25.280233],[-49.30069,-25.280237],[-49.30066,-25.280254],[-49.300663,-25.280319],[-49.300761,-25.280308],[-49.300788,-25.280292],[-49.300792,-25.280261],[-49.300741,-25.280233]]}},{"type":"Feature","properties":{"alt":1044.0,"mestra":false},"geometry":{"type":"LineString","coordinates":[[-49.30323,-25.280324],[-49.30322,-25.280321],[-49.303204,-25.280339],[-49.303229,-25.280368],[-49.303247,-25.280348],[-49.30323,-25.280324]]}},{"type":"Feature","properties":{"alt":1044.0,"mestra":false},"geometry":{"type":"LineString","coordinates":[[-49.304852,-25.280381],[-49.304873,-25.280413],[-49.304853,-25.28045],[-49.304854,-25.280487],[-49.304789,-25.280498],[-49.304758,-25.280489],[-49.304749,-25.280477],[-49.304777,-25.280449],[-49.304765,-25.280403],[-49.30478,-25.280382],[-49.304852,-25.280381]]}},{"type":"Feature","properties":{"alt":1044.0,"mestra":false},"geometry":{"type":"LineString","coordinates":[[-49.304595,-25.280508],[-49.304611,-25.28054],[-49.304574,-25.280614],[-49.304542,-25.280632],[-49.304511,-25.280576],[-49.304514,-25.28053],[-49.304544,-25.280508],[-49.304595,-25.280508]]}},{"type":"Feature","properties":{"alt":1044.0,"mestra":false},"geometry":{"type":"LineString","coordinates":[[-49.304737,-25.280521],[-49.304748,-25.280526],[-49.304746,-25.280579],[-49.304726,-25.280598],[-49.304707,-25.280588],[-49.304703,-25.280569],[-49.304737,-25.280521]]}},{"type":"Feature","properties":{"alt":1044.0,"mestra":false},"geometry":{"type":"LineString","coordinates":[[-49.304431,-25.280546],[-49.304449,-25.280594],[-49.30441,-25.280608],[-49.304388,-25.280556],[-49.3044,-25.280544],[-49.304431,-25.280546]]}},{"type":"Feature","properties":{"alt":1044.0,"mestra":false},"geometry":{"type":"LineString","coordinates":[[-49.303655,-25.280593],[-49.303642,-25.280613],[-49.303654,-25.280621],[-49.303663,-25.280604],[-49.303655,-25.280593]]}},{"type":"Feature","properties":{"alt":1044.0,"mestra":false},"geometry":{"type":"LineString","coordinates":[[-49.303318,-25.28059],[-49.30335,-25.2806],[-49.3034,-25.280666],[-49.303327,-25.280712],[-49.303315,-25.280702],[-49.303321,-25.280665],[-49.303295,-25.280599],[-49.303318,-25.28059]]}},{"type":"Feature","properties":{"alt":1044.0,"mestra":false},"geometry":{"type":"LineString","coordinates":[[-49.304092,-25.28071],[-49.304045,-25.280719],[-49.30406,-25.280782],[-49.304132,-25.280778],[-49.304144,-25.280767],[-49.304143,-25.280735],[-49.304092,-25.28071]]}},{"type":"Feature","properties":{"alt":1044.0,"mestra":false},"geometry":{"type":"LineString","coordinates":[[-49.304836,-25.280791],[-49.304815,-25.2808],[-49.304825,-25.280818],[-49.304848,-25.280812],[-49.304836,-25.280791]]}},{"type":"Feature","properties":{"alt":1044.0,"mestra":false},"geometry":{"type":"LineString","coordinates":[[-49.303152,-25.280774],[-49.303132,-25.280766],[-49.303123,-25.280774],[-49.303131,-25.2808],[-49.303152,-25.280793],[-49.303152,-25.280774]]}},{"type":"Feature","properties":{"alt":1045.0,"mestra":true},"geometry":{"type":"LineString","coordinates":[[-49.303121,-25.277935],[-49.303059,-25.277952],[-49.303028,-25.277981],[-49.302967,-25.277942],[-49.302699,-25.277933]]}},{"type":"Feature","properties":{"alt":1045.0,"mestra":true},"geometry":{"type":"LineString","coordinates":[[-49.303874,-25.278036],[-49.303861,-25.27811],[-49.303842,-25.278127],[-49.303811,-25.278133],[-49.303754,-25.278109],[-49.303696,-25.278038]]}},{"type":"Feature","properties":{"alt":1045.0,"mestra":true},"geometry":{"type":"LineString","coordinates":[[-49.300512,-25.279862],[-49.300674,-25.279944],[-49.300755,-25.279949],[-49.300796,-25.279976],[-49.300847,-25.279952],[-49.301031,-25.279933],[-49.301174,-25.279948],[-49.301245,-25.279977],[-49.301337,-25.279969],[-49.301418,-25.279992],[-49.301449,-25.279987],[-49.30148,-25.279961],[-49.301538,-25.279976],[-49.301561,-25.280006],[-49.301633,-25.279972],[-49.301714,-25.279967],[-49.301776,-25.279935],[-49.301868,-25.279914],[-49.301892,-25.279878],[-49.301951,-25.279848],[-49.302052,-25.279894],[-49.302073,-25.279892],[-49.302088,-25.279871],[-49.302068,-25.279824],[-49.302115,-25.279752],[-49.302127,-25.279751],[-49.302166,-25.279782],[-49.302268,-25.279752],[-49.302319,-25.279759],[-49.302381,-25.279728],[-49.302422,-25.279723],[-49.302424,-25.27968],[-49.302474,-25.279653],[-49.302475,-25.279609],[-49.302495,-25.279611],[-49.302545,-25.279648],[-49.302576,-25.279635],[-49.302612,-25.279562],[-49.302599,-25.279515],[-49.302599,-25.279452],[-49.30265,-25.279432],[-49.302701,-25.279436],[-49.302732,-25.279406],[-49.302753,-25.279406],[-49.302773,-25.279425],[-49.302865,-25.279381],[-49.302876,-25.279361],[-49.302878,-25.279259],[-49.302898,-25.279247],[-49.302921,-25.279278],[-49.302948,-25.279288],[-49.30296,-25.279278],[-49.302963,-25.279232],[-49.302997,-25.279195],[-49.302992,-25.279112],[-49.302961,-25.279095],[-49.302932,-25.279027],[-49.302954,-25.278953],[-49.302998,-25.278907],[-49.302989,-25.278852],[-49.303088,-25.278822],[-49.303118,-25.278854],[-49.303169,-25.27887],[-49.303221,-25.278947],[-49.303239,-25.278994],[-49.303245,-25.279068],[-49.303277,-25.279115],[-49.303279,-25.279152],[-49.303338,-25.279189],[-49.303378,-25.279187],[-49.303398,-25.279237],[-49.303418,-25.279255],[-49.30346,-25.27922],[-49.303531,-25.279195],[-49.303541,-25.2792],[-49.303614,-25.279332],[-49.303664,-25.2795],[-49.303652,-25.279555],[-49.303705,-25.279621],[-49.303708,-25.279704],[-49.303768,-25.279742],[-49.303786,-25.279798],[-49.303772,-25.279844],[-49.303827,-25.279928],[-49.303817,-25.279947],[-49.303771,-25.279965],[-49.303757,-25.280002],[-49.303795,-25.280056],[-49.303866,-25.280057],[-49.303872,-25.280124],[-49.303935,-25.280245],[-49.303964,-25.280329],[-49.303965,-25.280347],[-49.303938,-25.280384],[-49.303958,-25.280431],[-49.303942,-25.280452],[-49.303882,-25.280486],[-49.303874,-25.280523],[-49.30389,-25.28054],[-49.303972,-25.280559],[-49.303971,-25.280619],[-49.304031,-25.280626],[-49.304043,-25.280664],[-49.304082,-25.280678],[-49.30413,-25.280628],[-49.304127,-25.280544],[-49.304156,-25.280528],[-49.304278,-25.280573],[-49.304307,-25.280624],[-49.304352,-25.280649],[-49.304349,-25.280704],[-49.304367,-25.280731],[-49.304399,-25.280714],[-49.304425,-25.280659],[-49.304394,-25.280621],[-49.304383,-25.280566],[-49.30439,-25.280544],[-49.304421,-25.28054],[-49.304448,-25.280557],[-49.304455,-25.280594],[-49.304432,-25.280622],[-49.304436,-25.280659],[-49.30446,-25.280671],[-49.304501,-25.28067],[-49.304535,-25.280651],[-49.304525,-25.280604],[-49.304506,-25.280576],[-49.304509,-25.28053],[-49.304544,-25.280503],[-49.304595,-25.280501],[-49.304619,-25.280531],[-49.304608,-25.280577],[-49.304628,-25.280605],[-49.304614,-25.280625],[-49.304573,-25.280631],[-49.304545,-25.280651],[-49.304556,-25.280688],[-49.30455,-25.280777],[-49.304683,-25.280775],[-49.304719,-25.280746],[-49.304714,-25.280709],[-49.304735,-25.280683],[-49.304806,-25.280707],[-49.304832,-25.280728],[-49.304857,-25.280724],[-49.30487,-25.280701],[-49.304835,-25.280664],[-49.304798,-25.28057],[-49.304829,-25.280538],[-49.30487,-25.280546],[-49.3049,-25.280534],[-49.304931,-25.280488],[-49.304933,-25.280479],[-49.3049,-25.280451],[-49.304917,-25.280414],[-49.304898,-25.280377],[-49.30489,-25.280293],[-49.304916,-25.280201],[-49.304901,-25.280163],[-49.304998,-25.280103]]}},{"type":"Feature","properties":{"alt":1045.0,"mestra":true},"geometry":{"type":"LineString","coordinates":[[-49.305009,-25.280046],[-49.304816,-25.280012],[-49.304704,-25.279973],[-49.30466,-25.279919],[-49.304642,-25.279854],[-49.304646,-25.279798],[-49.304676,-25.279725]]}},{"type":"Feature","properties":{"alt":1045.0,"mestra":true},"geometry":{"type":"LineString","coordinates":[[-49.303092,-25.282748],[-49.303072,-25.282759]]}},{"type":"Feature","properties":{"alt":1045.0,"mestra":true},"geometry":{"type":"LineString","coordinates":[[-49.302664,-25.279196],[-49.302669,-25.27921],[-49.302653,-25.279216],[-49.302649,-25.2792],[-49.302664,-25.279196]]}},{"type":"Feature","properties":{"alt":1045.0,"mestra":true},"geometry":{"type":"LineString","coordinates":[[-49.303377,-25.279305],[-49.303366,-25.27932],[-49.303376,-25.279324],[-49.303377,-25.279305]]}},{"type":"Feature","properties":{"alt":1045.0,"mestra":true},"geometry":{"type":"LineString","coordinates":[[-49.303213,-25.279345],[-49.303194,-25.279346],[-49.303174,-25.279364],[-49.303192,-25.279382],[-49.303212,-25.279384],[-49.303219,-25.279374],[-49.303213,-25.279345]]}},{"type":"Feature","properties":{"alt":1045.0,"mestra":true},"geometry":{"type":"LineString","coordinates":[[-49.302166,-25.279804],[-49.302154,-25.279816],[-49.302156,-25.279853],[-49.302175,-25.279872],[-49.302189,-25.279863],[-49.302186,-25.279823],[-49.302166,-25.279804]]}},{"type":"Feature","properties":{"alt":1045.0,"mestra":true},"geometry":{"type":"LineString","coordinates":[[-49.301818,-25.279877],[-49.301821,-25.279896],[-49.301786,-25.279918],[-49.301787,-25.279887],[-49.301818,-25.279877]]}},{"type":"Feature","properties":{"alt":1045.0,"mestra":true},"geometry":{"type":"LineString","coordinates":[[-49.303542,-25.279924],[-49.303521,-25.279917],[-49.303501,-25.279923],[-49.303484,-25.279961],[-49.303496,-25.280166],[-49.303476,-25.280251],[-49.303455,-25.280254],[-49.303446,-25.280239],[-49.303451,-25.280174],[-49.303396,-25.280044],[-49.303421,-25.279998],[-49.303417,-25.27997],[-49.303388,-25.279945],[-49.303358,-25.279938],[-49.303299,-25.279978],[-49.303309,-25.280061],[-49.303359,-25.280164],[-49.303342,-25.280201],[-49.303291,-25.280238],[-49.303312,-25.28027],[-49.303363,-25.280303],[-49.303364,-25.280322],[-49.303323,-25.280349],[-49.30329,-25.280417],[-49.303249,-25.280414],[-49.303209,-25.280395],[-49.303148,-25.280338],[-49.303128,-25.280338],[-49.303114,-25.280356],[-49.303146,-25.280412],[-49.303154,-25.280459],[-49.303204,-25.280487],[-49.303176,-25.280561],[-49.303215,-25.280608],[-49.303213,-25.280654],[-49.303266,-25.280701],[-49.303263,-25.280738],[-49.303275,-25.280758],[-49.303305,-25.280773],[-49.303336,-25.280734],[-49.303417,-25.280781],[-49.303429,-25.280796],[-49.303427,-25.280825],[-49.303458,-25.280835],[-49.303519,-25.280824],[-49.303549,-25.280779],[-49.303516,-25.280732],[-49.30347,-25.280703],[-49.303472,-25.280685],[-49.30351,-25.280658],[-49.303542,-25.280612],[-49.303511,-25.280537],[-49.30353,-25.2805],[-49.303477,-25.280323],[-49.303486,-25.280287],[-49.303508,-25.280305],[-49.303561,-25.280417],[-49.303597,-25.280445],[-49.303636,-25.280538],[-49.303655,-25.28055],[-49.303676,-25.280545],[-49.303699,-25.280493],[-49.303672,-25.280437],[-49.303678,-25.2804],[-49.303644,-25.280344],[-49.303646,-25.280316],[-49.303675,-25.280288],[-49.303678,-25.28027],[-49.303659,-25.280254],[-49.303629,-25.280255],[-49.303609,-25.280241],[-49.303601,-25.280185],[-49.303627,-25.280149],[-49.303628,-25.280102],[-49.303591,-25.280065],[-49.303583,-25.279981],[-49.303558,-25.279962],[-49.303542,-25.279924]]}},{"type":"Feature","properties":{"alt":1045.0,"mestra":true},"geometry":{"type":"LineString","coordinates":[[-49.303255,-25.279973],[-49.303204,-25.279981],[-49.30321,-25.280014],[-49.303265,-25.280013],[-49.30327,-25.279987],[-49.303255,-25.279973]]}},{"type":"Feature","properties":{"alt":1045.0,"mestra":true},"geometry":{"type":"LineString","coordinates":[[-49.303152,-25.28004],[-49.303137,-25.28005],[-49.303135,-25.280069],[-49.303152,-25.280081],[-49.303177,-25.280078],[-49.303172,-25.280051],[-49.303152,-25.28004]]}},{"type":"Feature","properties":{"alt":1045.0,"mestra":true},"geometry":{"type":"LineString","coordinates":[[-49.301061,-25.280017],[-49.30102,-25.280009],[-49.300948,-25.28002],[-49.300932,-25.280025],[-49.300924,-25.280043],[-49.300948,-25.280066],[-49.301009,-25.28009],[-49.30107,-25.280085],[-49.301151,-25.280108],[-49.301233,-25.280095],[-49.301292,-25.280131],[-49.301426,-25.280164],[-49.301466,-25.280187],[-49.301487,-25.280185],[-49.301497,-25.28017],[-49.301472,-25.280115],[-49.301429,-25.280077],[-49.301325,-25.280068],[-49.301233,-25.280082],[-49.301201,-25.280046],[-49.301111,-25.280045],[-49.301061,-25.280017]]}},{"type":"Feature","properties":{"alt":1045.0,"mestra":true},"geometry":{"type":"LineString","coordinates":[[-49.303845,-25.280108],[-49.303845,-25.280118],[-49.303854,-25.280114],[-49.303845,-25.280108]]}},{"type":"Feature","properties":{"alt":1045.0,"mestra":true},"geometry":{"type":"LineString","coordinates":[[-49.301835,-25.280089],[-49.301805,-25.280085],[-49.301753,-25.280103],[-49.301621,-25.280102],[-49.301593,-25.280134],[-49.301598,-25.280181],[-49.30164,-25.280206],[-49.301732,-25.280153],[-49.301834,-25.280188],[-49.301931,-25.280157],[-49.30194,-25.280138],[-49.301927,-25.280118],[-49.301835,-25.280089]]}},{"type":"Feature","properties":{"alt":1045.0,"mestra":true},"geometry":{"type":"LineString","coordinates":[[-49.301008,-25.280095],[-49.301008,-25.280103],[-49.301008,-25.280095]]}},{"type":"Feature","properties":{"alt":1045.0,"mestra":true},"geometry":{"type":"LineString","coordinates":[[-49.300731,-25.280254],[-49.300699,-25.280263],[-49.300713,-25.280291],[-49.300751,-25.280297],[-49.300777,-25.280283],[-49.300768,-25.280264],[-49.300731,-25.280254]]}},{"type":"Feature","properties":{"alt":1045.0,"mestra":true},"geometry":{"type":"LineString","coordinates":[[-49.30322,-25.280327],[-49.303213,-25.280348],[-49.303229,-25.28036],[-49.303241,-25.280348],[-49.30322,-25.280327]]}},{"type":"Feature","properties":{"alt":1045.0,"mestra":true},"geometry":{"type":"LineString","coordinates":[[-49.304801,-25.280366],[-49.304857,-25.280376],[-49.304884,-25.280414],[-49.304859,-25.28045],[-49.304863,-25.280478],[-49.30485,-25.280495],[-49.304768,-25.280505],[-49.304738,-25.280477],[-49.304772,-25.280449],[-49.304761,-25.280403],[-49.30478,-25.280367],[-49.304801,-25.280366]]}},{"type":"Feature","properties":{"alt":1045.0,"mestra":true},"geometry":{"type":"LineString","coordinates":[[-49.303994,-25.280449],[-49.304009,-25.280459],[-49.304004,-25.280468],[-49.303971,-25.280468],[-49.303994,-25.280449]]}},{"type":"Feature","properties":{"alt":1045.0,"mestra":true},"geometry":{"type":"LineString","coordinates":[[-49.304748,-25.280512],[-49.304757,-25.280579],[-49.304736,-25.2806],[-49.304716,-25.280604],[-49.304697,-25.280588],[-49.304695,-25.280569],[-49.304748,-25.280512]]}},{"type":"Feature","properties":{"alt":1045.0,"mestra":true},"geometry":{"type":"LineString","coordinates":[[-49.303318,-25.280588],[-49.303353,-25.2806],[-49.303403,-25.280666],[-49.303326,-25.28072],[-49.303308,-25.280702],[-49.303317,-25.280665],[-49.30329,-25.280599],[-49.303298,-25.280585],[-49.303318,-25.280588]]}},{"type":"Feature","properties":{"alt":1045.0,"mestra":true},"geometry":{"type":"LineString","coordinates":[[-49.304603,-25.280677],[-49.304613,-25.280689],[-49.304592,-25.280712],[-49.304583,-25.280707],[-49.304603,-25.280677]]}},{"type":"Feature","properties":{"alt":1045.0,"mestra":true},"geometry":{"type":"LineString","coordinates":[[-49.304092,-25.280719],[-49.304055,-25.280729],[-49.304061,-25.280766],[-49.304071,-25.280777],[-49.304132,-25.280774],[-49.304144,-25.280758],[-49.304139,-25.280739],[-49.304092,-25.280719]]}},{"type":"Feature","properties":{"alt":1045.0,"mestra":true},"geometry":{"type":"LineString","coordinates":[[-49.303142,-25.280771],[-49.303127,-25.280774],[-49.303131,-25.280796],[-49.303152,-25.280784],[-49.303142,-25.280771]]}},{"type":"Feature","properties":{"alt":1046.0,"mestra":false},"geometry":{"type":"LineString","coordinates":[[-49.303123,-25.277935],[-49.303063,-25.277952],[-49.303028,-25.277982],[-49.302967,-25.277944],[-49.302698,-25.277933]]}},{"type":"Feature","properties":{"alt":1046.0,"mestra":false},"geometry":{"type":"LineString","coordinates":[[-49.303887,-25.278039],[-49.303856,-25.278119],[-49.303811,-25.278135],[-49.303748,-25.278109],[-49.30369,-25.278043]]}},{"type":"Feature","properties":{"alt":1046.0,"mestra":false},"geometry":{"type":"LineString","coordinates":[[-49.305032,-25.279886],[-49.305042,-25.279888]]}},{"type":"Feature","properties":{"alt":1046.0,"mestra":false},"geometry":{"type":"LineString","coordinates":[[-49.300512,-25.279837],[-49.300674,-25.279927],[-49.300766,-25.279944],[-49.300806,-25.279963],[-49.300847,-25.279949],[-49.301031,-25.27993],[-49.301164,-25.279942],[-49.301245,-25.27997],[-49.301337,-25.279961],[-49.301408,-25.279988],[-49.301439,-25.279988],[-49.30148,-25.279958],[-49.301541,-25.279974],[-49.301561,-25.280002],[-49.301623,-25.279968],[-49.301715,-25.279957],[-49.301765,-25.279932],[-49.301797,-25.279876],[-49.301828,-25.279879],[-49.301803,-25.279924],[-49.301817,-25.279927],[-49.301874,-25.279906],[-49.301885,-25.279878],[-49.301951,-25.279838],[-49.302052,-25.279873],[-49.302063,-25.279815],[-49.302115,-25.279746],[-49.302197,-25.279767],[-49.302269,-25.279744],[-49.30233,-25.279748],[-49.302402,-25.279716],[-49.302423,-25.279671],[-49.302467,-25.279653],[-49.302475,-25.279602],[-49.302545,-25.279644],[-49.302566,-25.27964],[-49.302603,-25.279571],[-49.302582,-25.279459],[-49.302589,-25.279442],[-49.302671,-25.279402],[-49.302753,-25.279397],[-49.302783,-25.279406],[-49.302865,-25.27937],[-49.302867,-25.279342],[-49.302847,-25.279314],[-49.302878,-25.27923],[-49.302929,-25.279238],[-49.302989,-25.279186],[-49.302951,-25.279116],[-49.302918,-25.278999],[-49.302953,-25.278948],[-49.302991,-25.278917],[-49.302978,-25.278842],[-49.303018,-25.278833],[-49.303047,-25.278802],[-49.303088,-25.278793],[-49.303149,-25.278827],[-49.303238,-25.278938],[-49.303264,-25.279068],[-49.303307,-25.279106],[-49.303311,-25.279143],[-49.303328,-25.279163],[-49.303343,-25.279162],[-49.303359,-25.279111],[-49.303389,-25.279134],[-49.303431,-25.279093],[-49.303503,-25.279064],[-49.303543,-25.279115],[-49.303566,-25.27922],[-49.303639,-25.279369],[-49.303671,-25.2795],[-49.303653,-25.279546],[-49.303713,-25.279621],[-49.303707,-25.279695],[-49.30378,-25.279742],[-49.303798,-25.279798],[-49.303776,-25.279844],[-49.303828,-25.2799],[-49.303838,-25.279928],[-49.303837,-25.279948],[-49.303776,-25.279964],[-49.30376,-25.280002],[-49.303805,-25.280057],[-49.303836,-25.280056],[-49.303867,-25.280033],[-49.303885,-25.280077],[-49.303881,-25.280133],[-49.303946,-25.280245],[-49.303969,-25.28031],[-49.303971,-25.280347],[-49.303941,-25.280384],[-49.30396,-25.28044],[-49.303947,-25.280458],[-49.303888,-25.280486],[-49.303882,-25.280532],[-49.303967,-25.280551],[-49.303982,-25.28057],[-49.303971,-25.28061],[-49.304032,-25.280617],[-49.304052,-25.280662],[-49.304082,-25.280672],[-49.304126,-25.280628],[-49.304115,-25.280553],[-49.304125,-25.280528],[-49.304156,-25.280517],[-49.304237,-25.280542],[-49.304288,-25.280569],[-49.304318,-25.280628],[-49.304353,-25.280639],[-49.304354,-25.280704],[-49.304367,-25.280724],[-49.304398,-25.280708],[-49.304412,-25.280668],[-49.304383,-25.280621],[-49.30438,-25.280556],[-49.30439,-25.280539],[-49.304451,-25.280548],[-49.30446,-25.280594],[-49.304444,-25.28065],[-49.30446,-25.280665],[-49.304491,-25.280667],[-49.304523,-25.280641],[-49.3045,-25.280576],[-49.30451,-25.280521],[-49.304544,-25.280499],[-49.304595,-25.280496],[-49.304626,-25.280531],[-49.304622,-25.280578],[-49.304645,-25.280606],[-49.304603,-25.280646],[-49.304564,-25.280651],[-49.304562,-25.28067],[-49.304572,-25.28069],[-49.304603,-25.280662],[-49.304622,-25.28068],[-49.304594,-25.280754],[-49.304632,-25.280773],[-49.304683,-25.280766],[-49.304703,-25.280746],[-49.304705,-25.280643],[-49.304715,-25.280616],[-49.304681,-25.280578],[-49.304742,-25.280505],[-49.304732,-25.280467],[-49.304769,-25.280446],[-49.304756,-25.280403],[-49.304776,-25.280366],[-49.304791,-25.280355],[-49.304832,-25.280361],[-49.30489,-25.280386],[-49.304895,-25.280321],[-49.304883,-25.280284],[-49.304904,-25.2802],[-49.304886,-25.280154],[-49.304938,-25.280108],[-49.30495,-25.28008],[-49.304938,-25.280052],[-49.304907,-25.280035],[-49.304816,-25.280019],[-49.304735,-25.279984],[-49.304676,-25.279975],[-49.304635,-25.279854],[-49.304654,-25.279724]]}},{"type":"Feature","properties":{"alt":1046.0,"mestra":false},"geometry":{"type":"LineString","coordinates":[[-49.303093,-25.282748],[-49.303074,-25.282759]]}},{"type":"Feature","properties":{"alt":1046.0,"mestra":false},"geometry":{"type":"LineString","coordinates":[[-49.302664,-25.27919],[-49.302676,-25.27921],[-49.302653,-25.279222],[-49.302643,-25.2792],[-49.302664,-25.27919]]}},{"type":"Feature","properties":{"alt":1046.0,"mestra":false},"geometry":{"type":"LineString","coordinates":[[-49.302939,-25.279244],[-49.302929,-25.279244],[-49.302925,-25.279259],[-49.302938,-25.279275],[-49.302951,-25.279269],[-49.302939,-25.279244]]}},{"type":"Feature","properties":{"alt":1046.0,"mestra":false},"geometry":{"type":"LineString","coordinates":[[-49.303203,-25.279354],[-49.303202,-25.27937],[-49.303203,-25.279354]]}},{"type":"Feature","properties":{"alt":1046.0,"mestra":false},"geometry":{"type":"LineString","coordinates":[[-49.303531,-25.279923],[-49.303506,-25.279925],[-49.303493,-25.279962],[-49.30351,-25.280064],[-49.3035,-25.280138],[-49.303539,-25.280166],[-49.303523,-25.280194],[-49.303509,-25.280268],[-49.303543,-25.280333],[-49.303563,-25.280408],[-49.303606,-25.280443],[-49.303639,-25.280529],[-49.303666,-25.280544],[-49.303696,-25.280483],[-49.303668,-25.280437],[-49.303677,-25.280409],[-49.303647,-25.280362],[-49.303641,-25.280325],[-49.303672,-25.280288],[-49.303674,-25.28027],[-49.303601,-25.280241],[-49.303598,-25.280176],[-49.303624,-25.280149],[-49.303626,-25.280102],[-49.303588,-25.280065],[-49.303589,-25.280018],[-49.303573,-25.279981],[-49.303555,-25.279971],[-49.303547,-25.279934],[-49.303531,-25.279923]]}},{"type":"Feature","properties":{"alt":1046.0,"mestra":false},"geometry":{"type":"LineString","coordinates":[[-49.303368,-25.279939],[-49.303308,-25.279978],[-49.303313,-25.280061],[-49.303364,-25.280155],[-49.303344,-25.280209],[-49.303298,-25.280238],[-49.303322,-25.280273],[-49.303363,-25.280287],[-49.303375,-25.280322],[-49.303328,-25.280349],[-49.3033,-25.280418],[-49.303249,-25.280421],[-49.303168,-25.280377],[-49.303151,-25.280384],[-49.303147,-25.280403],[-49.303157,-25.280453],[-49.303223,-25.280497],[-49.303188,-25.280533],[-49.303183,-25.280561],[-49.303196,-25.280583],[-49.303233,-25.280608],[-49.303218,-25.280645],[-49.303273,-25.280701],[-49.303266,-25.280729],[-49.303275,-25.28075],[-49.303305,-25.280768],[-49.303323,-25.280739],[-49.3033,-25.280702],[-49.303313,-25.280655],[-49.303283,-25.28059],[-49.303298,-25.280579],[-49.303357,-25.2806],[-49.303368,-25.280628],[-49.303404,-25.280656],[-49.303398,-25.280679],[-49.30335,-25.280702],[-49.303344,-25.28073],[-49.303427,-25.280787],[-49.303439,-25.280824],[-49.303468,-25.280831],[-49.303519,-25.28082],[-49.303543,-25.280788],[-49.303512,-25.280732],[-49.30348,-25.280721],[-49.303465,-25.280694],[-49.303507,-25.280658],[-49.303538,-25.280602],[-49.303506,-25.280537],[-49.303526,-25.2805],[-49.303517,-25.280444],[-49.303492,-25.280398],[-49.303463,-25.280277],[-49.303435,-25.280248],[-49.303444,-25.280184],[-49.303423,-25.280137],[-49.303418,-25.280091],[-49.303391,-25.280044],[-49.303416,-25.279979],[-49.303408,-25.279961],[-49.303368,-25.279939]]}},{"type":"Feature","properties":{"alt":1046.0,"mestra":false},"geometry":{"type":"LineString","coordinates":[[-49.303255,-25.279977],[-49.303205,-25.279986],[-49.303214,-25.280011],[-49.303255,-25.280013],[-49.303266,-25.279996],[-49.303255,-25.279977]]}},{"type":"Feature","properties":{"alt":1046.0,"mestra":false},"geometry":{"type":"LineString","coordinates":[[-49.30104,-25.280015],[-49.300958,-25.280025],[-49.300947,-25.280044],[-49.300999,-25.280068],[-49.301072,-25.280064],[-49.301072,-25.280036],[-49.30104,-25.280015]]}},{"type":"Feature","properties":{"alt":1046.0,"mestra":false},"geometry":{"type":"LineString","coordinates":[[-49.303162,-25.280045],[-49.303142,-25.280047],[-49.303135,-25.280059],[-49.303152,-25.280079],[-49.303177,-25.280069],[-49.303162,-25.280045]]}},{"type":"Feature","properties":{"alt":1046.0,"mestra":false},"geometry":{"type":"LineString","coordinates":[[-49.301815,-25.280089],[-49.301743,-25.280111],[-49.301621,-25.280109],[-49.301598,-25.280135],[-49.301602,-25.280181],[-49.301624,-25.2802],[-49.30165,-25.280202],[-49.301732,-25.280144],[-49.301824,-25.280185],[-49.301922,-25.280157],[-49.301928,-25.280138],[-49.301916,-25.280121],[-49.301815,-25.280089]]}},{"type":"Feature","properties":{"alt":1046.0,"mestra":false},"geometry":{"type":"LineString","coordinates":[[-49.301427,-25.280086],[-49.301366,-25.28008],[-49.301332,-25.280094],[-49.301374,-25.280132],[-49.301406,-25.280139],[-49.301451,-25.280114],[-49.301427,-25.280086]]}},{"type":"Feature","properties":{"alt":1046.0,"mestra":false},"geometry":{"type":"LineString","coordinates":[[-49.301477,-25.28016],[-49.301463,-25.28017],[-49.301477,-25.28018],[-49.301486,-25.28017],[-49.301477,-25.28016]]}},{"type":"Feature","properties":{"alt":1046.0,"mestra":false},"geometry":{"type":"LineString","coordinates":[[-49.303558,-25.28022],[-49.30359,-25.280241],[-49.303593,-25.280287],[-49.303577,-25.280306],[-49.30356,-25.280296],[-49.303542,-25.280231],[-49.303558,-25.28022]]}},{"type":"Feature","properties":{"alt":1046.0,"mestra":false},"geometry":{"type":"LineString","coordinates":[[-49.303219,-25.280339],[-49.303219,-25.280339]]}},{"type":"Feature","properties":{"alt":1046.0,"mestra":false},"geometry":{"type":"LineString","coordinates":[[-49.30323,-25.280341],[-49.30323,-25.28035],[-49.30323,-25.280341]]}},{"type":"Feature","properties":{"alt":1046.0,"mestra":false},"geometry":{"type":"LineString","coordinates":[[-49.304586,-25.280407],[-49.304576,-25.280416],[-49.304568,-25.28041],[-49.304586,-25.280407]]}},{"type":"Feature","properties":{"alt":1046.0,"mestra":false},"geometry":{"type":"LineString","coordinates":[[-49.304892,-25.280436],[-49.304865,-25.28045],[-49.304868,-25.280478],[-49.30485,-25.280501],[-49.304768,-25.280521],[-49.304768,-25.280552],[-49.304829,-25.280526],[-49.30487,-25.280542],[-49.304893,-25.280534],[-49.304915,-25.280488],[-49.304894,-25.28046],[-49.304892,-25.280436]]}},{"type":"Feature","properties":{"alt":1046.0,"mestra":false},"geometry":{"type":"LineString","coordinates":[[-49.304647,-25.280445],[-49.304645,-25.280457],[-49.304631,-25.280457],[-49.304647,-25.280445]]}},{"type":"Feature","properties":{"alt":1046.0,"mestra":false},"geometry":{"type":"LineString","coordinates":[[-49.304708,-25.280451],[-49.304723,-25.280467],[-49.304708,-25.280466],[-49.304708,-25.280451]]}},{"type":"Feature","properties":{"alt":1046.0,"mestra":false},"geometry":{"type":"LineString","coordinates":[[-49.304014,-25.28045],[-49.304016,-25.280469],[-49.304,-25.280478],[-49.303956,-25.280468],[-49.303983,-25.280444],[-49.304014,-25.28045]]}},{"type":"Feature","properties":{"alt":1046.0,"mestra":false},"geometry":{"type":"LineString","coordinates":[[-49.304777,-25.280592],[-49.304716,-25.280616],[-49.304732,-25.280662],[-49.304776,-25.280696],[-49.304817,-25.2807],[-49.304847,-25.280718],[-49.304855,-25.280701],[-49.304827,-25.280675],[-49.304818,-25.280625],[-49.304777,-25.280592]]}},{"type":"Feature","properties":{"alt":1046.0,"mestra":false},"geometry":{"type":"LineString","coordinates":[[-49.304092,-25.280728],[-49.304068,-25.280729],[-49.304071,-25.280765],[-49.304132,-25.28077],[-49.304133,-25.280739],[-49.304092,-25.280728]]}},{"type":"Feature","properties":{"alt":1046.0,"mestra":false},"geometry":{"type":"LineString","coordinates":[[-49.303142,-25.280773],[-49.30313,-25.280774],[-49.303132,-25.280793],[-49.303148,-25.280783],[-49.303142,-25.280773]]}},{"type":"Feature","properties":{"alt":1047.0,"mestra":false},"geometry":{"type":"LineString","coordinates":[[-49.303126,-25.277935],[-49.303066,-25.277952],[-49.303028,-25.277984],[-49.302967,-25.277946],[-49.302698,-25.277933]]}},{"type":"Feature","properties":{"alt":1047.0,"mestra":false},"geometry":{"type":"LineString","coordinates":[[-49.303893,-25.278044],[-49.30386,-25.278119],[-49.303811,-25.278137],[-49.303755,-25.278118],[-49.303685,-25.278048]]}},{"type":"Feature","properties":{"alt":1047.0,"mestra":false},"geometry":{"type":"LineString","coordinates":[[-49.300513,-25.279803],[-49.300634,-25.279893],[-49.300806,-25.279955],[-49.301021,-25.279927],[-49.301133,-25.279931],[-49.301235,-25.279961],[-49.301337,-25.279954],[-49.301408,-25.279984],[-49.301439,-25.279983],[-49.301459,-25.27996],[-49.30148,-25.279955],[-49.301541,-25.279971],[-49.301571,-25.279997],[-49.301623,-25.279957],[-49.301756,-25.279929],[-49.301797,-25.279873],[-49.301835,-25.279877],[-49.301818,-25.279914],[-49.301827,-25.279917],[-49.301866,-25.279906],[-49.301877,-25.279878],[-49.301951,-25.279831],[-49.302002,-25.279851],[-49.302032,-25.27985],[-49.302116,-25.27974],[-49.302156,-25.279731],[-49.302207,-25.279748],[-49.302269,-25.279733],[-49.302309,-25.279745],[-49.30235,-25.279732],[-49.302399,-25.279708],[-49.302413,-25.279671],[-49.302459,-25.279653],[-49.302462,-25.279606],[-49.302475,-25.279595],[-49.302545,-25.279641],[-49.302567,-25.279635],[-49.302597,-25.279571],[-49.302577,-25.279506],[-49.302575,-25.279459],[-49.302589,-25.27943],[-49.302671,-25.279392],[-49.302784,-25.27939],[-49.302835,-25.279379],[-49.30286,-25.27936],[-49.302856,-25.279341],[-49.302822,-25.279323],[-49.30286,-25.279268],[-49.302862,-25.279212],[-49.302929,-25.279215],[-49.302969,-25.279176],[-49.302946,-25.279148],[-49.302942,-25.279083],[-49.302911,-25.278999],[-49.302951,-25.278944],[-49.302988,-25.278917],[-49.30297,-25.278833],[-49.303006,-25.278829],[-49.303016,-25.278815],[-49.302991,-25.278787],[-49.302977,-25.278727],[-49.303019,-25.27875],[-49.303027,-25.278789],[-49.303068,-25.278775],[-49.303108,-25.278783],[-49.303139,-25.278763],[-49.30316,-25.278775],[-49.303177,-25.278835],[-49.303219,-25.278893],[-49.303256,-25.27891],[-49.303274,-25.279013],[-49.303299,-25.279053],[-49.303325,-25.27905],[-49.30334,-25.278986],[-49.303351,-25.27899],[-49.303382,-25.278957],[-49.303423,-25.278942],[-49.303494,-25.278981],[-49.303533,-25.279041],[-49.303555,-25.279146],[-49.303574,-25.279174],[-49.303574,-25.27922],[-49.303599,-25.279248],[-49.303607,-25.279295],[-49.303651,-25.279369],[-49.303647,-25.279407],[-49.303676,-25.2795],[-49.303656,-25.279546],[-49.303719,-25.279621],[-49.303711,-25.279695],[-49.303759,-25.279717],[-49.303795,-25.279752],[-49.30381,-25.279798],[-49.303779,-25.279844],[-49.303808,-25.279881],[-49.30384,-25.279901],[-49.303851,-25.279938],[-49.303847,-25.279957],[-49.30378,-25.279965],[-49.303763,-25.280002],[-49.303794,-25.280048],[-49.303815,-25.280056],[-49.303841,-25.280049],[-49.303867,-25.28001],[-49.303877,-25.280022],[-49.303897,-25.280077],[-49.303884,-25.280133],[-49.303923,-25.280208],[-49.303957,-25.280245],[-49.30398,-25.28031],[-49.303977,-25.280347],[-49.303943,-25.280394],[-49.303973,-25.280438],[-49.304014,-25.280443],[-49.30403,-25.280459],[-49.303993,-25.280484],[-49.303922,-25.280471],[-49.303891,-25.280489],[-49.30388,-25.280513],[-49.30389,-25.280534],[-49.303972,-25.280551],[-49.303985,-25.28057],[-49.303981,-25.280612],[-49.304032,-25.28061],[-49.304053,-25.280655],[-49.304072,-25.280667],[-49.304093,-25.280662],[-49.304125,-25.280618],[-49.304108,-25.280535],[-49.304166,-25.280506],[-49.304197,-25.280526],[-49.304227,-25.280522],[-49.304278,-25.280545],[-49.304308,-25.280611],[-49.304338,-25.280633],[-49.304369,-25.280634],[-49.304384,-25.280538],[-49.304451,-25.280542],[-49.304468,-25.280585],[-49.304454,-25.28065],[-49.304491,-25.280662],[-49.304515,-25.280641],[-49.304493,-25.280576],[-49.304499,-25.28053],[-49.304544,-25.280495],[-49.304605,-25.280491],[-49.304635,-25.280531],[-49.304634,-25.280568],[-49.304645,-25.280578],[-49.304707,-25.280545],[-49.304734,-25.280495],[-49.304701,-25.280467],[-49.304695,-25.280449],[-49.304708,-25.280444],[-49.304728,-25.280462],[-49.304763,-25.280449],[-49.304767,-25.280431],[-49.304752,-25.280403],[-49.304779,-25.280357],[-49.304832,-25.280352],[-49.304872,-25.280372],[-49.304885,-25.280367],[-49.304889,-25.280321],[-49.304877,-25.280284],[-49.304894,-25.2802],[-49.304878,-25.280154],[-49.304924,-25.28008],[-49.304897,-25.280042],[-49.304806,-25.280024],[-49.304723,-25.279985],[-49.304695,-25.279986]]}},{"type":"Feature","properties":{"alt":1047.0,"mestra":false},"geometry":{"type":"LineString","coordinates":[[-49.304641,-25.279945],[-49.304627,-25.279826],[-49.30465,-25.279724]]}},{"type":"Feature","properties":{"alt":1047.0,"mestra":false},"geometry":{"type":"LineString","coordinates":[[-49.303093,-25.282749],[-49.303076,-25.282759]]}},{"type":"Feature","properties":{"alt":1047.0,"mestra":false},"geometry":{"type":"LineString","coordinates":[[-49.302748,-25.279016],[-49.302732,-25.279016],[-49.302748,-25.279016]]}},{"type":"Feature","properties":{"alt":1047.0,"mestra":false},"geometry":{"type":"LineString","coordinates":[[-49.302674,-25.27919],[-49.302678,-25.279219],[-49.302653,-25.279226],[-49.302638,-25.2792],[-49.302654,-25.279188],[-49.302674,-25.27919]]}},{"type":"Feature","properties":{"alt":1047.0,"mestra":false},"geometry":{"type":"LineString","coordinates":[[-49.303521,-25.279924],[-49.3035,-25.279952],[-49.303517,-25.280064],[-49.303506,-25.280129],[-49.303518,-25.280146],[-49.303564,-25.280157],[-49.303546,-25.280203],[-49.303588,-25.280222],[-49.303591,-25.280176],[-49.30362,-25.280149],[-49.303623,-25.280102],[-49.303586,-25.280065],[-49.303581,-25.280012],[-49.303561,-25.279994],[-49.30353,-25.27999],[-49.303547,-25.279944],[-49.303521,-25.279924]]}},{"type":"Feature","properties":{"alt":1047.0,"mestra":false},"geometry":{"type":"LineString","coordinates":[[-49.303368,-25.279941],[-49.303315,-25.279978],[-49.303317,-25.280062],[-49.303375,-25.280146],[-49.303344,-25.280223],[-49.303313,-25.280234],[-49.303307,-25.280247],[-49.303323,-25.280265],[-49.303353,-25.280256],[-49.30339,-25.280313],[-49.303332,-25.280352],[-49.3033,-25.280424],[-49.303249,-25.280428],[-49.303168,-25.280389],[-49.303155,-25.280403],[-49.303157,-25.28044],[-49.303167,-25.280454],[-49.303252,-25.280497],[-49.303248,-25.280509],[-49.303217,-25.280515],[-49.303195,-25.280533],[-49.303188,-25.280552],[-49.3032,-25.28058],[-49.303236,-25.280592],[-49.303288,-25.28057],[-49.303359,-25.280599],[-49.303373,-25.280628],[-49.303399,-25.280647],[-49.303407,-25.280675],[-49.303357,-25.2807],[-49.303351,-25.28073],[-49.303387,-25.280763],[-49.303422,-25.280777],[-49.303452,-25.280824],[-49.303468,-25.280827],[-49.303519,-25.280816],[-49.30354,-25.280785],[-49.30351,-25.280733],[-49.303479,-25.280726],[-49.303462,-25.280694],[-49.30347,-25.280675],[-49.303503,-25.280657],[-49.303534,-25.280602],[-49.303502,-25.280537],[-49.303522,-25.2805],[-49.303513,-25.280444],[-49.303453,-25.280286],[-49.303421,-25.280258],[-49.303439,-25.280193],[-49.303411,-25.280137],[-49.303414,-25.28009],[-49.303387,-25.280044],[-49.303413,-25.279979],[-49.303404,-25.27996],[-49.303368,-25.279941]]}},{"type":"Feature","properties":{"alt":1047.0,"mestra":false},"geometry":{"type":"LineString","coordinates":[[-49.303255,-25.279984],[-49.303214,-25.279986],[-49.303215,-25.280005],[-49.303255,-25.280007],[-49.303255,-25.279984]]}},{"type":"Feature","properties":{"alt":1047.0,"mestra":false},"geometry":{"type":"LineString","coordinates":[[-49.303162,-25.280048],[-49.303142,-25.280049],[-49.303137,-25.280059],[-49.303152,-25.280078],[-49.303173,-25.280069],[-49.303162,-25.280048]]}},{"type":"Feature","properties":{"alt":1047.0,"mestra":false},"geometry":{"type":"LineString","coordinates":[[-49.30104,-25.280024],[-49.301003,-25.280026],[-49.300976,-25.280044],[-49.301036,-25.280054],[-49.301052,-25.280045],[-49.30104,-25.280024]]}},{"type":"Feature","properties":{"alt":1047.0,"mestra":false},"geometry":{"type":"LineString","coordinates":[[-49.301825,-25.280097],[-49.301804,-25.280095],[-49.301752,-25.280118],[-49.301742,-25.280127],[-49.301747,-25.280146],[-49.301824,-25.280182],[-49.301916,-25.28015],[-49.301906,-25.280126],[-49.301825,-25.280097]]}},{"type":"Feature","properties":{"alt":1047.0,"mestra":false},"geometry":{"type":"LineString","coordinates":[[-49.301682,-25.280115],[-49.301641,-25.280111],[-49.301608,-25.280125],[-49.3016,-25.280162],[-49.301619,-25.280194],[-49.30165,-25.280199],[-49.301697,-25.280164],[-49.301709,-25.280136],[-49.301682,-25.280115]]}},{"type":"Feature","properties":{"alt":1047.0,"mestra":false},"geometry":{"type":"LineString","coordinates":[[-49.303659,-25.28026],[-49.303599,-25.28026],[-49.303598,-25.280303],[-49.303565,-25.280324],[-49.303554,-25.280352],[-49.303569,-25.280408],[-49.303608,-25.280436],[-49.303642,-25.280492],[-49.303648,-25.280529],[-49.303666,-25.280537],[-49.303689,-25.280483],[-49.303663,-25.280437],[-49.303669,-25.2804],[-49.30364,-25.280344],[-49.303643,-25.280307],[-49.303672,-25.280279],[-49.303659,-25.28026]]}},{"type":"Feature","properties":{"alt":1047.0,"mestra":false},"geometry":{"type":"LineString","coordinates":[[-49.304596,-25.280393],[-49.304603,-25.280401],[-49.304586,-25.280423],[-49.304556,-25.280419],[-49.304555,-25.280409],[-49.304596,-25.280393]]}},{"type":"Feature","properties":{"alt":1047.0,"mestra":false},"geometry":{"type":"LineString","coordinates":[[-49.304647,-25.280437],[-49.304657,-25.280448],[-49.304646,-25.280479],[-49.304618,-25.280457],[-49.304647,-25.280437]]}},{"type":"Feature","properties":{"alt":1047.0,"mestra":false},"geometry":{"type":"LineString","coordinates":[[-49.304881,-25.280446],[-49.304871,-25.280455],[-49.304876,-25.280478],[-49.304843,-25.280515],[-49.30487,-25.280537],[-49.304897,-25.280525],[-49.304904,-25.280497],[-49.304881,-25.280446]]}},{"type":"Feature","properties":{"alt":1047.0,"mestra":false},"geometry":{"type":"LineString","coordinates":[[-49.30436,-25.280513],[-49.30436,-25.280521],[-49.304347,-25.280519],[-49.30436,-25.280513]]}},{"type":"Feature","properties":{"alt":1047.0,"mestra":false},"geometry":{"type":"LineString","coordinates":[[-49.304767,-25.280606],[-49.304738,-25.280616],[-49.304744,-25.280662],[-49.304776,-25.280689],[-49.304796,-25.28069],[-49.304815,-25.280673],[-49.304812,-25.280635],[-49.304767,-25.280606]]}},{"type":"Feature","properties":{"alt":1047.0,"mestra":false},"geometry":{"type":"LineString","coordinates":[[-49.304685,-25.280611],[-49.304619,-25.280642],[-49.304632,-25.28068],[-49.304615,-25.280726],[-49.304622,-25.280756],[-49.304673,-25.28076],[-49.304691,-25.280745],[-49.304686,-25.280717],[-49.3047,-25.280681],[-49.304685,-25.280611]]}},{"type":"Feature","properties":{"alt":1047.0,"mestra":false},"geometry":{"type":"LineString","coordinates":[[-49.303277,-25.280601],[-49.303227,-25.280636],[-49.303241,-25.280664],[-49.303286,-25.280697],[-49.303307,-25.280676],[-49.30331,-25.280655],[-49.303277,-25.280601]]}},{"type":"Feature","properties":{"alt":1047.0,"mestra":false},"geometry":{"type":"LineString","coordinates":[[-49.304379,-25.280638],[-49.304368,-25.280642],[-49.304358,-25.280695],[-49.304378,-25.280715],[-49.304404,-25.280668],[-49.304379,-25.280638]]}},{"type":"Feature","properties":{"alt":1047.0,"mestra":false},"geometry":{"type":"LineString","coordinates":[[-49.303296,-25.280716],[-49.303275,-25.280726],[-49.303275,-25.280738],[-49.303305,-25.280761],[-49.303315,-25.280739],[-49.303296,-25.280716]]}},{"type":"Feature","properties":{"alt":1047.0,"mestra":false},"geometry":{"type":"LineString","coordinates":[[-49.304112,-25.280738],[-49.304081,-25.280748],[-49.304122,-25.280768],[-49.304133,-25.280748],[-49.304112,-25.280738]]}},{"type":"Feature","properties":{"alt":1047.0,"mestra":false},"geometry":{"type":"LineString","coordinates":[[-49.303142,-25.280781],[-49.303132,-25.280787],[-49.303142,-25.280781]]}},{"type":"Feature","properties":{"alt":1048.0,"mestra":false},"geometry":{"type":"LineString","coordinates":[[-49.303128,-25.277935],[-49.30307,-25.277953],[-49.303028,-25.277985],[-49.302967,-25.277948],[-49.302697,-25.277934]]}},{"type":"Feature","properties":{"alt":1048.0,"mestra":false},"geometry":{"type":"LineString","coordinates":[[-49.300574,-25.277928],[-49.300555,-25.277961],[-49.300552,-25.278146],[-49.300533,-25.278305]]}},{"type":"Feature","properties":{"alt":1048.0,"mestra":false},"geometry":{"type":"LineString","coordinates":[[-49.303898,-25.278049],[-49.303863,-25.278119],[-49.303811,-25.278139],[-49.303749,-25.278118],[-49.303681,-25.278052]]}},{"type":"Feature","properties":{"alt":1048.0,"mestra":false},"geometry":{"type":"LineString","coordinates":[[-49.305063,-25.278379],[-49.305053,-25.278399]]}},{"type":"Feature","properties":{"alt":1048.0,"mestra":false},"geometry":{"type":"LineString","coordinates":[[-49.300513,-25.279755],[-49.300606,-25.279863],[-49.300806,-25.279947],[-49.301011,-25.279925],[-49.301082,-25.279931],[-49.301144,-25.279916],[-49.301235,-25.279952],[-49.301337,-25.279946],[-49.301408,-25.279981],[-49.301439,-25.279978],[-49.301459,-25.279956],[-49.30148,-25.279953],[-49.301541,-25.279967],[-49.301571,-25.279991],[-49.301613,-25.27995],[-49.301653,-25.27995],[-49.301746,-25.279924],[-49.301797,-25.27987],[-49.301838,-25.279868],[-49.301837,-25.279905],[-49.301848,-25.279906],[-49.301865,-25.279896],[-49.301867,-25.279878],[-49.301951,-25.279826],[-49.302002,-25.279844],[-49.302033,-25.279837],[-49.302105,-25.279742],[-49.302146,-25.279721],[-49.302197,-25.279732],[-49.302259,-25.279718],[-49.302309,-25.279736],[-49.30235,-25.279727],[-49.302392,-25.279705],[-49.302413,-25.279664],[-49.302454,-25.279649],[-49.302465,-25.279592],[-49.302485,-25.27959],[-49.302546,-25.279637],[-49.302566,-25.27963],[-49.30259,-25.279571],[-49.302572,-25.279552],[-49.302572,-25.27945],[-49.302589,-25.279421],[-49.302658,-25.279386],[-49.302669,-25.279349],[-49.302684,-25.279349],[-49.302701,-25.279377],[-49.302723,-25.279384],[-49.302774,-25.279381],[-49.302804,-25.279365],[-49.302835,-25.27937],[-49.302846,-25.27936],[-49.302815,-25.279347],[-49.302806,-25.279323],[-49.302855,-25.279258],[-49.302858,-25.279193],[-49.302887,-25.279175],[-49.302919,-25.279196],[-49.302942,-25.279185],[-49.30292,-25.279157],[-49.302934,-25.279129],[-49.302935,-25.279083],[-49.302905,-25.278999],[-49.302987,-25.278907],[-49.302959,-25.278823],[-49.302996,-25.278826],[-49.303004,-25.278815],[-49.302984,-25.278796],[-49.302981,-25.278759],[-49.30295,-25.278721],[-49.302951,-25.278712],[-49.302987,-25.278701],[-49.303095,-25.278769],[-49.30313,-25.278739],[-49.30315,-25.278739],[-49.303179,-25.27877],[-49.303198,-25.278826],[-49.30324,-25.278881],[-49.303266,-25.278873],[-49.303292,-25.278816],[-49.303322,-25.278819],[-49.303404,-25.278784],[-49.303449,-25.278811],[-49.303439,-25.278931],[-49.303499,-25.278978],[-49.30356,-25.279062],[-49.30356,-25.279137],[-49.303582,-25.279174],[-49.303581,-25.27922],[-49.30361,-25.279248],[-49.303612,-25.279295],[-49.30366,-25.27936],[-49.303652,-25.279407],[-49.303681,-25.2795],[-49.303659,-25.279546],[-49.303725,-25.279621],[-49.303716,-25.279695],[-49.303759,-25.279713],[-49.303807,-25.279761],[-49.30382,-25.279808],[-49.303786,-25.279826],[-49.303785,-25.279854],[-49.303818,-25.279884],[-49.303845,-25.279891],[-49.303854,-25.27991],[-49.303866,-25.279966],[-49.303786,-25.279965],[-49.303767,-25.280002],[-49.303795,-25.280045],[-49.303826,-25.280052],[-49.303842,-25.28004],[-49.303867,-25.279976],[-49.303877,-25.279992],[-49.303907,-25.280078],[-49.303886,-25.280114],[-49.30389,-25.280142],[-49.303933,-25.280217],[-49.303967,-25.280245],[-49.303989,-25.280311],[-49.303983,-25.280348],[-49.303946,-25.280394],[-49.303973,-25.280429],[-49.304038,-25.28045],[-49.304038,-25.280469],[-49.304024,-25.28048],[-49.303973,-25.28049],[-49.303932,-25.280472],[-49.303904,-25.280486],[-49.303885,-25.280513],[-49.303894,-25.280532],[-49.303972,-25.280547],[-49.303989,-25.28057],[-49.303985,-25.280607],[-49.304042,-25.280605],[-49.304059,-25.280655],[-49.304093,-25.280658],[-49.304121,-25.280618],[-49.304104,-25.280525],[-49.304156,-25.280489],[-49.304197,-25.280507],[-49.304238,-25.280499],[-49.304288,-25.28054],[-49.304308,-25.280602],[-49.304338,-25.280628],[-49.304364,-25.280621],[-49.304374,-25.280593],[-49.304375,-25.280538],[-49.304334,-25.280519],[-49.30435,-25.280504],[-49.30437,-25.280508],[-49.30438,-25.280526],[-49.304461,-25.280539],[-49.304471,-25.280574],[-49.304482,-25.280576],[-49.304497,-25.28052],[-49.304544,-25.28049],[-49.304585,-25.280488],[-49.304605,-25.280476],[-49.304617,-25.280503],[-49.304656,-25.280536],[-49.304686,-25.280546],[-49.304707,-25.280541],[-49.304728,-25.280495],[-49.304695,-25.280467],[-49.304692,-25.280439],[-49.304728,-25.280456],[-49.304759,-25.280449],[-49.304764,-25.280431],[-49.304748,-25.280403],[-49.304781,-25.280352],[-49.304842,-25.280345],[-49.304862,-25.280362],[-49.30488,-25.280358],[-49.304871,-25.280293],[-49.304886,-25.2802],[-49.304871,-25.280154],[-49.304906,-25.280071],[-49.304877,-25.280043],[-49.304805,-25.280031],[-49.304714,-25.279987],[-49.304697,-25.279988]]}},{"type":"Feature","properties":{"alt":1048.0,"mestra":false},"geometry":{"type":"LineString","coordinates":[[-49.304629,-25.279937],[-49.304621,-25.279817],[-49.304646,-25.279724]]}},{"type":"Feature","properties":{"alt":1048.0,"mestra":false},"geometry":{"type":"LineString","coordinates":[[-49.303093,-25.282749],[-49.303077,-25.282759]]}},{"type":"Feature","properties":{"alt":1048.0,"mestra":false},"geometry":{"type":"LineString","coordinates":[[-49.302748,-25.279005],[-49.30276,-25.279016],[-49.302751,-25.279025],[-49.302697,-25.279015],[-49.302707,-25.279005],[-49.302748,-25.279005]]}},{"type":"Feature","properties":{"alt":1048.0,"mestra":false},"geometry":{"type":"LineString","coordinates":[[-49.302674,-25.279186],[-49.302685,-25.279219],[-49.302663,-25.279234],[-49.302638,-25.279219],[-49.302633,-25.2792],[-49.302654,-25.279185],[-49.302674,-25.279186]]}},{"type":"Feature","properties":{"alt":1048.0,"mestra":false},"geometry":{"type":"LineString","coordinates":[[-49.303531,-25.279931],[-49.303507,-25.279943],[-49.303509,-25.279971],[-49.30352,-25.279978],[-49.303543,-25.279953],[-49.303531,-25.279931]]}},{"type":"Feature","properties":{"alt":1048.0,"mestra":false},"geometry":{"type":"LineString","coordinates":[[-49.303378,-25.279947],[-49.303358,-25.279945],[-49.303323,-25.279969],[-49.303321,-25.280062],[-49.303345,-25.2801],[-49.303396,-25.280126],[-49.30341,-25.28009],[-49.303378,-25.280034],[-49.303406,-25.280007],[-49.30341,-25.279979],[-49.303378,-25.279947]]}},{"type":"Feature","properties":{"alt":1048.0,"mestra":false},"geometry":{"type":"LineString","coordinates":[[-49.303245,-25.279984],[-49.303224,-25.279986],[-49.303224,-25.280004],[-49.303247,-25.280005],[-49.303245,-25.279984]]}},{"type":"Feature","properties":{"alt":1048.0,"mestra":false},"geometry":{"type":"LineString","coordinates":[[-49.303561,-25.280004],[-49.303512,-25.280008],[-49.303523,-25.280064],[-49.303513,-25.280129],[-49.303528,-25.280143],[-49.3036,-25.28016],[-49.303615,-25.280148],[-49.30362,-25.280102],[-49.303588,-25.280074],[-49.303582,-25.280018],[-49.303561,-25.280004]]}},{"type":"Feature","properties":{"alt":1048.0,"mestra":false},"geometry":{"type":"LineString","coordinates":[[-49.303162,-25.28005],[-49.303144,-25.28005],[-49.303142,-25.280069],[-49.303169,-25.280069],[-49.303162,-25.28005]]}},{"type":"Feature","properties":{"alt":1048.0,"mestra":false},"geometry":{"type":"LineString","coordinates":[[-49.301804,-25.2801],[-49.301755,-25.280127],[-49.301755,-25.280146],[-49.301778,-25.280164],[-49.301834,-25.280179],[-49.301875,-25.280152],[-49.301902,-25.280147],[-49.301896,-25.280134],[-49.301804,-25.2801]]}},{"type":"Feature","properties":{"alt":1048.0,"mestra":false},"geometry":{"type":"LineString","coordinates":[[-49.301671,-25.280122],[-49.301641,-25.280118],[-49.30161,-25.280132],[-49.301606,-25.280172],[-49.301619,-25.28019],[-49.30165,-25.280194],[-49.301691,-25.280163],[-49.301693,-25.280136],[-49.301671,-25.280122]]}},{"type":"Feature","properties":{"alt":1048.0,"mestra":false},"geometry":{"type":"LineString","coordinates":[[-49.303406,-25.280154],[-49.303385,-25.280156],[-49.30336,-25.280201],[-49.303357,-25.280229],[-49.303384,-25.280259],[-49.303394,-25.28026],[-49.303431,-25.280211],[-49.303431,-25.280183],[-49.303406,-25.280154]]}},{"type":"Feature","properties":{"alt":1048.0,"mestra":false},"geometry":{"type":"LineString","coordinates":[[-49.303579,-25.280179],[-49.303559,-25.280194],[-49.303578,-25.280209],[-49.303589,-25.280204],[-49.303579,-25.280179]]}},{"type":"Feature","properties":{"alt":1048.0,"mestra":false},"geometry":{"type":"LineString","coordinates":[[-49.303659,-25.280264],[-49.303608,-25.280266],[-49.303604,-25.280306],[-49.303568,-25.280333],[-49.30356,-25.280352],[-49.303574,-25.280408],[-49.303615,-25.280436],[-49.303636,-25.280474],[-49.303666,-25.280455],[-49.303664,-25.2804],[-49.303634,-25.280325],[-49.303638,-25.280306],[-49.303669,-25.280279],[-49.303659,-25.280264]]}},{"type":"Feature","properties":{"alt":1048.0,"mestra":false},"geometry":{"type":"LineString","coordinates":[[-49.303434,-25.280293],[-49.303339,-25.280349],[-49.3033,-25.280428],[-49.303249,-25.280437],[-49.303178,-25.280398],[-49.303165,-25.280403],[-49.303162,-25.280422],[-49.303167,-25.280445],[-49.303248,-25.280474],[-49.303259,-25.280488],[-49.303258,-25.280521],[-49.303217,-25.280523],[-49.303197,-25.280543],[-49.303206,-25.280576],[-49.303237,-25.280583],[-49.303278,-25.280554],[-49.303363,-25.2806],[-49.303413,-25.280666],[-49.303398,-25.280688],[-49.303364,-25.280702],[-49.303358,-25.28073],[-49.303387,-25.280759],[-49.303428,-25.280777],[-49.303468,-25.280823],[-49.303512,-25.280815],[-49.303536,-25.280778],[-49.30351,-25.280738],[-49.303479,-25.280732],[-49.303457,-25.280694],[-49.30347,-25.280669],[-49.303501,-25.280656],[-49.30353,-25.280602],[-49.303498,-25.280537],[-49.303518,-25.2805],[-49.30351,-25.280444],[-49.303434,-25.280293]]}},{"type":"Feature","properties":{"alt":1048.0,"mestra":false},"geometry":{"type":"LineString","coordinates":[[-49.304699,-25.28037],[-49.304707,-25.280374],[-49.304699,-25.280378],[-49.304699,-25.28037]]}},{"type":"Feature","properties":{"alt":1048.0,"mestra":false},"geometry":{"type":"LineString","coordinates":[[-49.304607,-25.280384],[-49.304616,-25.280392],[-49.304596,-25.280423],[-49.304555,-25.280428],[-49.304547,-25.28041],[-49.304555,-25.280401],[-49.304607,-25.280384]]}},{"type":"Feature","properties":{"alt":1048.0,"mestra":false},"geometry":{"type":"LineString","coordinates":[[-49.304657,-25.280434],[-49.304656,-25.280499],[-49.304608,-25.280466],[-49.304626,-25.280439],[-49.304657,-25.280434]]}},{"type":"Feature","properties":{"alt":1048.0,"mestra":false},"geometry":{"type":"LineString","coordinates":[[-49.304891,-25.28049],[-49.304881,-25.280488],[-49.304855,-25.280515],[-49.30487,-25.280532],[-49.30489,-25.280525],[-49.304891,-25.28049]]}},{"type":"Feature","properties":{"alt":1048.0,"mestra":false},"geometry":{"type":"LineString","coordinates":[[-49.304481,-25.280589],[-49.304465,-25.280641],[-49.304491,-25.280653],[-49.304505,-25.280632],[-49.304481,-25.280589]]}},{"type":"Feature","properties":{"alt":1048.0,"mestra":false},"geometry":{"type":"LineString","coordinates":[[-49.304767,-25.280632],[-49.304756,-25.280629],[-49.304756,-25.280663],[-49.304776,-25.280679],[-49.304797,-25.280677],[-49.304803,-25.280645],[-49.304767,-25.280632]]}},{"type":"Feature","properties":{"alt":1048.0,"mestra":false},"geometry":{"type":"LineString","coordinates":[[-49.304675,-25.280631],[-49.304629,-25.280652],[-49.304653,-25.280695],[-49.304674,-25.2807],[-49.30469,-25.28068],[-49.304675,-25.280631]]}},{"type":"Feature","properties":{"alt":1048.0,"mestra":false},"geometry":{"type":"LineString","coordinates":[[-49.303277,-25.280615],[-49.303239,-25.280645],[-49.303256,-25.280673],[-49.303286,-25.280688],[-49.303307,-25.280655],[-49.303277,-25.280615]]}},{"type":"Feature","properties":{"alt":1048.0,"mestra":false},"geometry":{"type":"LineString","coordinates":[[-49.304389,-25.280655],[-49.304378,-25.280652],[-49.304367,-25.280667],[-49.304368,-25.280691],[-49.304378,-25.280695],[-49.304394,-25.280668],[-49.304389,-25.280655]]}},{"type":"Feature","properties":{"alt":1048.0,"mestra":false},"geometry":{"type":"LineString","coordinates":[[-49.304653,-25.280714],[-49.304633,-25.280717],[-49.304636,-25.280735],[-49.304673,-25.280746],[-49.304653,-25.280714]]}},{"type":"Feature","properties":{"alt":1048.0,"mestra":false},"geometry":{"type":"LineString","coordinates":[[-49.304122,-25.280748],[-49.304107,-25.280757],[-49.304122,-25.28076],[-49.304122,-25.280748]]}},{"type":"Feature","properties":{"alt":1048.0,"mestra":false},"geometry":{"type":"LineString","coordinates":[[-49.303296,-25.280734],[-49.303295,-25.280747],[-49.303296,-25.280734]]}},{"type":"Feature","properties":{"alt":1049.0,"mestra":false},"geometry":{"type":"LineString","coordinates":[[-49.303131,-25.277935],[-49.303075,-25.277953],[-49.303028,-25.277987],[-49.302967,-25.27795],[-49.302697,-25.277934]]}},{"type":"Feature","properties":{"alt":1049.0,"mestra":false},"geometry":{"type":"LineString","coordinates":[[-49.300725,-25.277928],[-49.300693,-25.277999],[-49.300672,-25.27825],[-49.300623,-25.278546],[-49.300582,-25.278657],[-49.300527,-25.278746]]}},{"type":"Feature","properties":{"alt":1049.0,"mestra":false},"geometry":{"type":"LineString","coordinates":[[-49.303902,-25.278053],[-49.303867,-25.278119],[-49.303822,-25.278141],[-49.30376,-25.278127],[-49.303678,-25.278063]]}},{"type":"Feature","properties":{"alt":1049.0,"mestra":false},"geometry":{"type":"LineString","coordinates":[[-49.300514,-25.279697],[-49.300604,-25.279847],[-49.300807,-25.279939],[-49.30095,-25.279918],[-49.301082,-25.279925],[-49.301154,-25.2799],[-49.301235,-25.279941],[-49.301337,-25.279938],[-49.301398,-25.279975],[-49.301434,-25.279975],[-49.30147,-25.279949],[-49.301541,-25.279963],[-49.301571,-25.279982],[-49.301613,-25.279941],[-49.301653,-25.279943],[-49.301746,-25.279915],[-49.301797,-25.279866],[-49.301879,-25.279863],[-49.301951,-25.279821],[-49.302002,-25.279838],[-49.302022,-25.279834],[-49.302105,-25.279735],[-49.302147,-25.279712],[-49.302197,-25.279719],[-49.302228,-25.2797],[-49.302279,-25.279708],[-49.30231,-25.279726],[-49.30234,-25.279725],[-49.302381,-25.279706],[-49.302406,-25.279661],[-49.302449,-25.279643],[-49.302449,-25.279606],[-49.302465,-25.27957],[-49.302535,-25.279627],[-49.302563,-25.279626],[-49.30258,-25.27958],[-49.302553,-25.279561],[-49.302552,-25.279487],[-49.302579,-25.279422],[-49.302642,-25.279386],[-49.302655,-25.279349],[-49.302672,-25.279337],[-49.302693,-25.279341],[-49.302723,-25.279373],[-49.302778,-25.279369],[-49.302796,-25.279341],[-49.302795,-25.2793],[-49.302847,-25.279257],[-49.30285,-25.279175],[-49.302922,-25.279129],[-49.302927,-25.279083],[-49.302899,-25.278999],[-49.302984,-25.278907],[-49.30295,-25.278823],[-49.302972,-25.278805],[-49.302978,-25.278768],[-49.302924,-25.278702],[-49.302967,-25.278696],[-49.302978,-25.278675],[-49.302967,-25.27866],[-49.302914,-25.278647],[-49.302938,-25.278595],[-49.302979,-25.278543],[-49.30302,-25.278541],[-49.303043,-25.278555],[-49.303097,-25.278714],[-49.303109,-25.278723],[-49.30314,-25.278716],[-49.303165,-25.278724],[-49.303202,-25.278761],[-49.30322,-25.278803],[-49.303241,-25.278813],[-49.303292,-25.278772],[-49.303284,-25.278744],[-49.303259,-25.278725],[-49.303298,-25.278651],[-49.303387,-25.278545],[-49.303407,-25.278576],[-49.303411,-25.278634],[-49.303432,-25.27869],[-49.303407,-25.278727],[-49.303408,-25.278764],[-49.303458,-25.278811],[-49.303446,-25.278857],[-49.303446,-25.278931],[-49.303504,-25.278976],[-49.303524,-25.279015],[-49.303586,-25.279063],[-49.303566,-25.279127],[-49.303588,-25.279174],[-49.303587,-25.27922],[-49.30362,-25.279249],[-49.303616,-25.279295],[-49.30367,-25.27937],[-49.303657,-25.279407],[-49.303686,-25.2795],[-49.303662,-25.279546],[-49.30373,-25.279621],[-49.303718,-25.279692],[-49.303759,-25.279709],[-49.303809,-25.279752],[-49.303829,-25.279826],[-49.303798,-25.279821],[-49.303784,-25.279844],[-49.303818,-25.279879],[-49.303848,-25.279878],[-49.303858,-25.279892],[-49.303915,-25.280068],[-49.30389,-25.280133],[-49.303929,-25.280208],[-49.303975,-25.280245],[-49.303996,-25.280298],[-49.303988,-25.280348],[-49.303949,-25.280394],[-49.303973,-25.280424],[-49.304035,-25.280435],[-49.304048,-25.28045],[-49.304044,-25.280478],[-49.303993,-25.280494],[-49.303922,-25.28048],[-49.30389,-25.280524],[-49.303972,-25.280544],[-49.303993,-25.28057],[-49.303991,-25.280603],[-49.30405,-25.280599],[-49.304058,-25.280645],[-49.304082,-25.280658],[-49.304117,-25.280618],[-49.304096,-25.280525],[-49.304134,-25.280498],[-49.304146,-25.28047],[-49.304187,-25.280489],[-49.304258,-25.280484],[-49.304319,-25.280515],[-49.30436,-25.280495],[-49.304391,-25.28052],[-49.304452,-25.28053],[-49.304544,-25.280486],[-49.304585,-25.280484],[-49.304607,-25.280448],[-49.304637,-25.280429],[-49.304698,-25.280431],[-49.304728,-25.280452],[-49.304752,-25.280449],[-49.30476,-25.280431],[-49.304743,-25.280403],[-49.304781,-25.280348],[-49.304852,-25.280334],[-49.304862,-25.280352],[-49.304874,-25.280349],[-49.304864,-25.280311],[-49.30488,-25.2802],[-49.304865,-25.280163],[-49.304872,-25.280107],[-49.30489,-25.28007],[-49.304875,-25.280052],[-49.304805,-25.28004],[-49.304699,-25.27999]]}},{"type":"Feature","properties":{"alt":1049.0,"mestra":false},"geometry":{"type":"LineString","coordinates":[[-49.304611,-25.279936],[-49.304626,-25.27991],[-49.304616,-25.279798],[-49.304642,-25.279724]]}},{"type":"Feature","properties":{"alt":1049.0,"mestra":false},"geometry":{"type":"LineString","coordinates":[[-49.303093,-25.282749],[-49.303079,-25.282759]]}},{"type":"Feature","properties":{"alt":1049.0,"mestra":false},"geometry":{"type":"LineString","coordinates":[[-49.302886,-25.278664],[-49.302885,-25.278678],[-49.302886,-25.278664]]}},{"type":"Feature","properties":{"alt":1049.0,"mestra":false},"geometry":{"type":"LineString","coordinates":[[-49.302758,-25.279002],[-49.302767,-25.279016],[-49.302758,-25.279029],[-49.302695,-25.279025],[-49.302707,-25.279001],[-49.302758,-25.279002]]}},{"type":"Feature","properties":{"alt":1049.0,"mestra":false},"geometry":{"type":"LineString","coordinates":[[-49.302664,-25.279181],[-49.302692,-25.279201],[-49.302691,-25.279229],[-49.302674,-25.279241],[-49.302653,-25.279236],[-49.302629,-25.279209],[-49.302635,-25.279191],[-49.302664,-25.279181]]}},{"type":"Feature","properties":{"alt":1049.0,"mestra":false},"geometry":{"type":"LineString","coordinates":[[-49.303531,-25.279936],[-49.303513,-25.279943],[-49.303521,-25.27997],[-49.303538,-25.279953],[-49.303531,-25.279936]]}},{"type":"Feature","properties":{"alt":1049.0,"mestra":false},"geometry":{"type":"LineString","coordinates":[[-49.303378,-25.279949],[-49.303358,-25.279947],[-49.303327,-25.279969],[-49.303336,-25.280034],[-49.303326,-25.280062],[-49.303355,-25.280099],[-49.303396,-25.280116],[-49.303407,-25.2801],[-49.303401,-25.280081],[-49.303377,-25.280047],[-49.30335,-25.280034],[-49.303387,-25.280023],[-49.303405,-25.279998],[-49.303404,-25.27997],[-49.303378,-25.279949]]}},{"type":"Feature","properties":{"alt":1049.0,"mestra":false},"geometry":{"type":"LineString","coordinates":[[-49.303817,-25.279964],[-49.303786,-25.27997],[-49.30377,-25.279993],[-49.303794,-25.280039],[-49.303815,-25.280049],[-49.303837,-25.28004],[-49.303854,-25.279993],[-49.303848,-25.279975],[-49.303817,-25.279964]]}},{"type":"Feature","properties":{"alt":1049.0,"mestra":false},"geometry":{"type":"LineString","coordinates":[[-49.303551,-25.280008],[-49.303516,-25.280017],[-49.303529,-25.280064],[-49.303521,-25.280129],[-49.3036,-25.280153],[-49.30361,-25.280148],[-49.303616,-25.280102],[-49.303585,-25.280074],[-49.303576,-25.280018],[-49.303551,-25.280008]]}},{"type":"Feature","properties":{"alt":1049.0,"mestra":false},"geometry":{"type":"LineString","coordinates":[[-49.303152,-25.280049],[-49.303142,-25.280062],[-49.303162,-25.280071],[-49.303166,-25.28006],[-49.303152,-25.280049]]}},{"type":"Feature","properties":{"alt":1049.0,"mestra":false},"geometry":{"type":"LineString","coordinates":[[-49.301825,-25.280108],[-49.301794,-25.280108],[-49.301765,-25.280127],[-49.301769,-25.280155],[-49.301824,-25.280176],[-49.30185,-25.280165],[-49.301872,-25.280138],[-49.301825,-25.280108]]}},{"type":"Feature","properties":{"alt":1049.0,"mestra":false},"geometry":{"type":"LineString","coordinates":[[-49.301651,-25.280126],[-49.30162,-25.280131],[-49.301611,-25.280144],[-49.301611,-25.280172],[-49.30163,-25.28019],[-49.30166,-25.280183],[-49.301686,-25.280154],[-49.301674,-25.280135],[-49.301651,-25.280126]]}},{"type":"Feature","properties":{"alt":1049.0,"mestra":false},"geometry":{"type":"LineString","coordinates":[[-49.303416,-25.280171],[-49.303395,-25.280167],[-49.303371,-25.280192],[-49.303366,-25.28022],[-49.303384,-25.280242],[-49.303425,-25.280211],[-49.303416,-25.280171]]}},{"type":"Feature","properties":{"alt":1049.0,"mestra":false},"geometry":{"type":"LineString","coordinates":[[-49.303659,-25.280268],[-49.303618,-25.28027],[-49.303613,-25.280306],[-49.303566,-25.280352],[-49.303576,-25.280404],[-49.303621,-25.280436],[-49.303636,-25.280464],[-49.303657,-25.280455],[-49.303658,-25.280399],[-49.30363,-25.280316],[-49.303664,-25.280279],[-49.303659,-25.280268]]}},{"type":"Feature","properties":{"alt":1049.0,"mestra":false},"geometry":{"type":"LineString","coordinates":[[-49.303424,-25.280321],[-49.303344,-25.280349],[-49.30331,-25.280428],[-49.303267,-25.280441],[-49.303252,-25.28046],[-49.303271,-25.280534],[-49.303311,-25.280572],[-49.303366,-25.2806],[-49.303417,-25.280666],[-49.303409,-25.280684],[-49.303367,-25.280709],[-49.303364,-25.28073],[-49.303393,-25.280758],[-49.303428,-25.280771],[-49.303468,-25.280819],[-49.303509,-25.280811],[-49.303528,-25.280778],[-49.303506,-25.280741],[-49.303479,-25.280744],[-49.30345,-25.280685],[-49.303501,-25.280652],[-49.303527,-25.280602],[-49.303493,-25.280537],[-49.303513,-25.2805],[-49.303507,-25.280444],[-49.303464,-25.28035],[-49.303424,-25.280321]]}},{"type":"Feature","properties":{"alt":1049.0,"mestra":false},"geometry":{"type":"LineString","coordinates":[[-49.304709,-25.280364],[-49.304709,-25.280391],[-49.304687,-25.280374],[-49.304709,-25.280364]]}},{"type":"Feature","properties":{"alt":1049.0,"mestra":false},"geometry":{"type":"LineString","coordinates":[[-49.304627,-25.280376],[-49.304629,-25.280392],[-49.304596,-25.280431],[-49.304565,-25.280438],[-49.304546,-25.280428],[-49.304545,-25.2804],[-49.304627,-25.280376]]}},{"type":"Feature","properties":{"alt":1049.0,"mestra":false},"geometry":{"type":"LineString","coordinates":[[-49.303188,-25.28042],[-49.303178,-25.280417],[-49.303177,-25.280433],[-49.303191,-25.280431],[-49.303188,-25.28042]]}},{"type":"Feature","properties":{"alt":1049.0,"mestra":false},"geometry":{"type":"LineString","coordinates":[[-49.304677,-25.28044],[-49.304663,-25.280457],[-49.304659,-25.280513],[-49.304669,-25.280532],[-49.304696,-25.280541],[-49.304721,-25.280495],[-49.304677,-25.28044]]}},{"type":"Feature","properties":{"alt":1049.0,"mestra":false},"geometry":{"type":"LineString","coordinates":[[-49.304636,-25.280484],[-49.304626,-25.280481],[-49.304617,-25.280494],[-49.304636,-25.28051],[-49.304636,-25.280484]]}},{"type":"Feature","properties":{"alt":1049.0,"mestra":false},"geometry":{"type":"LineString","coordinates":[[-49.304881,-25.2805],[-49.304869,-25.280506],[-49.30487,-25.280523],[-49.304886,-25.280516],[-49.304881,-25.2805]]}},{"type":"Feature","properties":{"alt":1049.0,"mestra":false},"geometry":{"type":"LineString","coordinates":[[-49.304329,-25.280527],[-49.304309,-25.280522],[-49.3043,-25.280546],[-49.304318,-25.280609],[-49.304348,-25.280622],[-49.304367,-25.280593],[-49.30437,-25.280547],[-49.304329,-25.280527]]}},{"type":"Feature","properties":{"alt":1049.0,"mestra":false},"geometry":{"type":"LineString","coordinates":[[-49.303237,-25.280532],[-49.303205,-25.280543],[-49.303216,-25.280574],[-49.303249,-25.280562],[-49.303252,-25.280543],[-49.303237,-25.280532]]}},{"type":"Feature","properties":{"alt":1049.0,"mestra":false},"geometry":{"type":"LineString","coordinates":[[-49.303277,-25.280625],[-49.303254,-25.280636],[-49.30325,-25.280655],[-49.303266,-25.280675],[-49.303286,-25.280681],[-49.303302,-25.280655],[-49.303277,-25.280625]]}},{"type":"Feature","properties":{"alt":1049.0,"mestra":false},"geometry":{"type":"LineString","coordinates":[[-49.304664,-25.280658],[-49.304652,-25.280671],[-49.304674,-25.280681],[-49.304664,-25.280658]]}},{"type":"Feature","properties":{"alt":1050.0,"mestra":true},"geometry":{"type":"LineString","coordinates":[[-49.303135,-25.277935],[-49.303079,-25.277954],[-49.303028,-25.277989],[-49.302967,-25.277951],[-49.302696,-25.277935]]}},{"type":"Feature","properties":{"alt":1050.0,"mestra":true},"geometry":{"type":"LineString","coordinates":[[-49.300831,-25.278008],[-49.30081,-25.278047],[-49.300714,-25.278603],[-49.30064,-25.27875],[-49.300525,-25.278903]]}},{"type":"Feature","properties":{"alt":1050.0,"mestra":true},"geometry":{"type":"LineString","coordinates":[[-49.303905,-25.278055],[-49.303871,-25.278119],[-49.303821,-25.278143],[-49.303753,-25.278127],[-49.303675,-25.278066]]}},{"type":"Feature","properties":{"alt":1050.0,"mestra":true},"geometry":{"type":"LineString","coordinates":[[-49.305055,-25.278959],[-49.305045,-25.278962]]}},{"type":"Feature","properties":{"alt":1050.0,"mestra":true},"geometry":{"type":"LineString","coordinates":[[-49.305035,-25.279671],[-49.305045,-25.279675]]}},{"type":"Feature","properties":{"alt":1050.0,"mestra":true},"geometry":{"type":"LineString","coordinates":[[-49.300515,-25.279628],[-49.300611,-25.279836],[-49.300716,-25.279877],[-49.300766,-25.279914],[-49.300827,-25.279931],[-49.30094,-25.279905],[-49.301062,-25.27992],[-49.301164,-25.279888],[-49.301245,-25.279931],[-49.301337,-25.27993],[-49.301378,-25.279963],[-49.301418,-25.279973],[-49.30147,-25.279946],[-49.301572,-25.279964],[-49.301613,-25.27993],[-49.301654,-25.279935],[-49.301733,-25.279913],[-49.301797,-25.279862],[-49.301908,-25.27985],[-49.301951,-25.279816],[-49.302002,-25.279832],[-49.302022,-25.279827],[-49.3021,-25.279732],[-49.302147,-25.279705],[-49.302198,-25.279708],[-49.302229,-25.279686],[-49.30229,-25.279694],[-49.302329,-25.279716],[-49.302364,-25.279707],[-49.302381,-25.279697],[-49.302394,-25.279661],[-49.302444,-25.279635],[-49.30244,-25.27956],[-49.302451,-25.279551],[-49.302485,-25.27956],[-49.302525,-25.279612],[-49.302556,-25.279626],[-49.30257,-25.279589],[-49.302544,-25.279561],[-49.302537,-25.2795],[-49.302517,-25.279515],[-49.302507,-25.279482],[-49.302548,-25.279473],[-49.302579,-25.279413],[-49.302622,-25.279395],[-49.302662,-25.27933],[-49.302703,-25.279316],[-49.302723,-25.279359],[-49.302743,-25.279367],[-49.302771,-25.279359],[-49.302782,-25.279322],[-49.302764,-25.279285],[-49.302837,-25.279249],[-49.302833,-25.279175],[-49.302913,-25.27912],[-49.302918,-25.279092],[-49.3029,-25.279064],[-49.302894,-25.278999],[-49.302979,-25.278907],[-49.302942,-25.278823],[-49.302968,-25.278796],[-49.302974,-25.278768],[-49.302946,-25.278741],[-49.302915,-25.278748],[-49.302906,-25.278739],[-49.30291,-25.278693],[-49.302957,-25.278692],[-49.302966,-25.278675],[-49.302947,-25.278664],[-49.302916,-25.278665],[-49.302875,-25.278698],[-49.302877,-25.278665],[-49.302911,-25.278637],[-49.302969,-25.278535],[-49.303041,-25.27851],[-49.303142,-25.278562],[-49.303213,-25.278577],[-49.303254,-25.278603],[-49.303264,-25.278586],[-49.30325,-25.27853],[-49.303263,-25.278447],[-49.30335,-25.278301],[-49.30336,-25.278299],[-49.303429,-25.278569],[-49.303418,-25.278625],[-49.30344,-25.27869],[-49.303409,-25.278745],[-49.303425,-25.278778],[-49.303461,-25.278801],[-49.303448,-25.278922],[-49.303504,-25.27897],[-49.303524,-25.27901],[-49.303597,-25.279053],[-49.303571,-25.279137],[-49.303592,-25.279165],[-49.303592,-25.27922],[-49.303628,-25.279249],[-49.30362,-25.279295],[-49.303676,-25.279361],[-49.303662,-25.279407],[-49.30369,-25.2795],[-49.303665,-25.279546],[-49.303736,-25.279621],[-49.303719,-25.279686],[-49.303799,-25.279736],[-49.303828,-25.27978],[-49.303843,-25.279845],[-49.303839,-25.279851],[-49.303808,-25.279826],[-49.303787,-25.279844],[-49.303818,-25.279875],[-49.303849,-25.279857],[-49.303871,-25.279901],[-49.303925,-25.280069],[-49.303892,-25.280115],[-49.303892,-25.280133],[-49.303936,-25.280213],[-49.303978,-25.280236],[-49.304003,-25.280301],[-49.303993,-25.280348],[-49.303953,-25.280394],[-49.303984,-25.280426],[-49.304045,-25.280431],[-49.304065,-25.280457],[-49.304106,-25.28047],[-49.304075,-25.280489],[-49.304013,-25.280493],[-49.303972,-25.280507],[-49.303924,-25.280486],[-49.303898,-25.280523],[-49.303972,-25.280538],[-49.303998,-25.28057],[-49.303998,-25.280598],[-49.304059,-25.28059],[-49.304059,-25.280636],[-49.304083,-25.280653],[-49.304112,-25.280618],[-49.30409,-25.280516],[-49.304119,-25.280498],[-49.304126,-25.28047],[-49.304147,-25.280455],[-49.304167,-25.280454],[-49.304197,-25.280478],[-49.304259,-25.280465],[-49.304309,-25.280504],[-49.304329,-25.280506],[-49.30436,-25.280488],[-49.304401,-25.280515],[-49.304452,-25.280523],[-49.304472,-25.280509],[-49.304503,-25.280508],[-49.304544,-25.28048],[-49.304591,-25.280475],[-49.304596,-25.280442],[-49.304555,-25.280445],[-49.30454,-25.280428],[-49.304537,-25.2804],[-49.304638,-25.280363],[-49.304642,-25.280392],[-49.304616,-25.280423],[-49.304688,-25.280421],[-49.304728,-25.280447],[-49.304749,-25.280447],[-49.304756,-25.280431],[-49.304732,-25.280403],[-49.304778,-25.280347],[-49.304822,-25.280338],[-49.304859,-25.280302],[-49.304874,-25.280209],[-49.304859,-25.280172],[-49.304855,-25.280098],[-49.304874,-25.28007],[-49.304856,-25.280056],[-49.304805,-25.280051],[-49.304701,-25.279992]]}},{"type":"Feature","properties":{"alt":1050.0,"mestra":true},"geometry":{"type":"LineString","coordinates":[[-49.304608,-25.279932],[-49.304618,-25.279909],[-49.304608,-25.279798],[-49.304639,-25.279724]]}},{"type":"Feature","properties":{"alt":1050.0,"mestra":true},"geometry":{"type":"LineString","coordinates":[[-49.303094,-25.282749],[-49.303081,-25.282759]]}},{"type":"Feature","properties":{"alt":1050.0,"mestra":true},"geometry":{"type":"LineString","coordinates":[[-49.303152,-25.278609],[-49.303121,-25.278611],[-49.303107,-25.27863],[-49.303127,-25.278695],[-49.303222,-25.2787],[-49.303236,-25.278669],[-49.303231,-25.27865],[-49.303152,-25.278609]]}},{"type":"Feature","properties":{"alt":1050.0,"mestra":true},"geometry":{"type":"LineString","coordinates":[[-49.302875,-25.278708],[-49.302875,-25.278708]]}},{"type":"Feature","properties":{"alt":1050.0,"mestra":true},"geometry":{"type":"LineString","coordinates":[[-49.302873,-25.278833],[-49.30287,-25.27886],[-49.302848,-25.278859],[-49.302847,-25.278841],[-49.302873,-25.278833]]}},{"type":"Feature","properties":{"alt":1050.0,"mestra":true},"geometry":{"type":"LineString","coordinates":[[-49.302759,-25.278996],[-49.302772,-25.279016],[-49.30276,-25.279035],[-49.302691,-25.279024],[-49.302708,-25.278997],[-49.302759,-25.278996]]}},{"type":"Feature","properties":{"alt":1050.0,"mestra":true},"geometry":{"type":"LineString","coordinates":[[-49.302674,-25.27918],[-49.302694,-25.279191],[-49.302707,-25.279238],[-49.302673,-25.279257],[-49.302623,-25.2792],[-49.302644,-25.279181],[-49.302674,-25.27918]]}},{"type":"Feature","properties":{"alt":1050.0,"mestra":true},"geometry":{"type":"LineString","coordinates":[[-49.303531,-25.279951],[-49.303521,-25.279946],[-49.303521,-25.279957],[-49.303531,-25.279951]]}},{"type":"Feature","properties":{"alt":1050.0,"mestra":true},"geometry":{"type":"LineString","coordinates":[[-49.303368,-25.279948],[-49.30334,-25.27996],[-49.303328,-25.279978],[-49.303346,-25.280022],[-49.303387,-25.280018],[-49.303402,-25.279998],[-49.3034,-25.27997],[-49.303368,-25.279948]]}},{"type":"Feature","properties":{"alt":1050.0,"mestra":true},"geometry":{"type":"LineString","coordinates":[[-49.303837,-25.279975],[-49.303796,-25.27997],[-49.303775,-25.279986],[-49.303775,-25.280003],[-49.303805,-25.280042],[-49.303826,-25.280043],[-49.303836,-25.280031],[-49.303848,-25.279993],[-49.303837,-25.279975]]}},{"type":"Feature","properties":{"alt":1050.0,"mestra":true},"geometry":{"type":"LineString","coordinates":[[-49.303561,-25.280015],[-49.30353,-25.280014],[-49.30352,-25.280027],[-49.303535,-25.280064],[-49.303528,-25.28012],[-49.3036,-25.28014],[-49.303612,-25.280102],[-49.303581,-25.280074],[-49.303576,-25.280027],[-49.303561,-25.280015]]}},{"type":"Feature","properties":{"alt":1050.0,"mestra":true},"geometry":{"type":"LineString","coordinates":[[-49.303366,-25.28005],[-49.303336,-25.280052],[-49.303335,-25.280071],[-49.303376,-25.280105],[-49.303396,-25.280109],[-49.303397,-25.280081],[-49.303366,-25.28005]]}},{"type":"Feature","properties":{"alt":1050.0,"mestra":true},"geometry":{"type":"LineString","coordinates":[[-49.303162,-25.280059],[-49.303145,-25.28006],[-49.303152,-25.280071],[-49.303162,-25.280059]]}},{"type":"Feature","properties":{"alt":1050.0,"mestra":true},"geometry":{"type":"LineString","coordinates":[[-49.301835,-25.280118],[-49.301794,-25.280115],[-49.301771,-25.280146],[-49.301795,-25.280165],[-49.301834,-25.28017],[-49.301858,-25.280138],[-49.301835,-25.280118]]}},{"type":"Feature","properties":{"alt":1050.0,"mestra":true},"geometry":{"type":"LineString","coordinates":[[-49.301641,-25.280135],[-49.30162,-25.280143],[-49.301617,-25.280163],[-49.30164,-25.280183],[-49.301671,-25.280154],[-49.301641,-25.280135]]}},{"type":"Feature","properties":{"alt":1050.0,"mestra":true},"geometry":{"type":"LineString","coordinates":[[-49.303416,-25.280182],[-49.303395,-25.28018],[-49.303384,-25.280192],[-49.303384,-25.280226],[-49.303415,-25.280215],[-49.303416,-25.280182]]}},{"type":"Feature","properties":{"alt":1050.0,"mestra":true},"geometry":{"type":"LineString","coordinates":[[-49.303649,-25.280273],[-49.303625,-25.280278],[-49.303628,-25.28029],[-49.303658,-25.280279],[-49.303649,-25.280273]]}},{"type":"Feature","properties":{"alt":1050.0,"mestra":true},"geometry":{"type":"LineString","coordinates":[[-49.303618,-25.280317],[-49.303575,-25.280343],[-49.303575,-25.280389],[-49.303584,-25.280408],[-49.303647,-25.28045],[-49.303652,-25.280399],[-49.303618,-25.280317]]}},{"type":"Feature","properties":{"alt":1050.0,"mestra":true},"geometry":{"type":"LineString","coordinates":[[-49.303424,-25.280328],[-49.303342,-25.280356],[-49.303311,-25.280433],[-49.303279,-25.280442],[-49.303265,-25.28046],[-49.303281,-25.280534],[-49.303316,-25.280572],[-49.303369,-25.2806],[-49.303428,-25.280675],[-49.303378,-25.280714],[-49.303372,-25.28073],[-49.303406,-25.280758],[-49.303428,-25.28076],[-49.303459,-25.280805],[-49.303478,-25.280814],[-49.303506,-25.280806],[-49.303517,-25.280778],[-49.3035,-25.280747],[-49.303474,-25.28075],[-49.303432,-25.280685],[-49.303501,-25.280648],[-49.303524,-25.280602],[-49.303487,-25.280537],[-49.303508,-25.280509],[-49.303504,-25.280444],[-49.303464,-25.280357],[-49.303424,-25.280328]]}},{"type":"Feature","properties":{"alt":1050.0,"mestra":true},"geometry":{"type":"LineString","coordinates":[[-49.304709,-25.280358],[-49.304719,-25.280404],[-49.304681,-25.280374],[-49.304689,-25.28036],[-49.304709,-25.280358]]}},{"type":"Feature","properties":{"alt":1050.0,"mestra":true},"geometry":{"type":"LineString","coordinates":[[-49.304677,-25.280452],[-49.304667,-25.280513],[-49.304696,-25.280536],[-49.304718,-25.280504],[-49.304677,-25.280452]]}},{"type":"Feature","properties":{"alt":1050.0,"mestra":true},"geometry":{"type":"LineString","coordinates":[[-49.304626,-25.280492],[-49.304634,-25.280494],[-49.304626,-25.280492]]}},{"type":"Feature","properties":{"alt":1050.0,"mestra":true},"geometry":{"type":"LineString","coordinates":[[-49.304329,-25.280534],[-49.304309,-25.280534],[-49.304306,-25.280546],[-49.304318,-25.280597],[-49.304338,-25.280615],[-49.304359,-25.280596],[-49.304365,-25.280556],[-49.30436,-25.280544],[-49.304329,-25.280534]]}},{"type":"Feature","properties":{"alt":1050.0,"mestra":true},"geometry":{"type":"LineString","coordinates":[[-49.303227,-25.280545],[-49.303217,-25.280552],[-49.303227,-25.280562],[-49.303236,-25.280552],[-49.303227,-25.280545]]}},{"type":"Feature","properties":{"alt":1050.0,"mestra":true},"geometry":{"type":"LineString","coordinates":[[-49.303277,-25.280634],[-49.303259,-25.280655],[-49.303286,-25.280673],[-49.303297,-25.280654],[-49.303277,-25.280634]]}},{"type":"Feature","properties":{"alt":1051.0,"mestra":false},"geometry":{"type":"LineString","coordinates":[[-49.303138,-25.277935],[-49.303028,-25.27799],[-49.302952,-25.277951],[-49.302696,-25.277935]]}},{"type":"Feature","properties":{"alt":1051.0,"mestra":false},"geometry":{"type":"LineString","coordinates":[[-49.303906,-25.278055],[-49.303866,-25.278129],[-49.303821,-25.278145],[-49.303747,-25.278127],[-49.303672,-25.278069]]}},{"type":"Feature","properties":{"alt":1051.0,"mestra":false},"geometry":{"type":"LineString","coordinates":[[-49.30092,-25.278072],[-49.300897,-25.278113],[-49.300825,-25.278539],[-49.300795,-25.278641],[-49.300703,-25.278797],[-49.300523,-25.279021]]}},{"type":"Feature","properties":{"alt":1051.0,"mestra":false},"geometry":{"type":"LineString","coordinates":[[-49.305036,-25.279588],[-49.305046,-25.279593]]}},{"type":"Feature","properties":{"alt":1051.0,"mestra":false},"geometry":{"type":"LineString","coordinates":[[-49.300516,-25.279545],[-49.300556,-25.279616],[-49.300624,-25.279828],[-49.300726,-25.279868],[-49.300776,-25.279907],[-49.300837,-25.279917],[-49.30094,-25.279886],[-49.301062,-25.279913],[-49.301113,-25.279888],[-49.301165,-25.279879],[-49.301256,-25.279923],[-49.301337,-25.279921],[-49.301378,-25.279959],[-49.301408,-25.279968],[-49.30143,-25.279966],[-49.30146,-25.279943],[-49.301562,-25.279951],[-49.301613,-25.279917],[-49.301654,-25.279925],[-49.301716,-25.279913],[-49.301777,-25.279866],[-49.301839,-25.279845],[-49.3019,-25.27985],[-49.301951,-25.279812],[-49.302023,-25.279821],[-49.302072,-25.279769],[-49.302095,-25.279726],[-49.302147,-25.279698],[-49.302198,-25.279698],[-49.302218,-25.279676],[-49.302371,-25.279693],[-49.302382,-25.279652],[-49.302429,-25.279634],[-49.302429,-25.27956],[-49.302445,-25.279543],[-49.302494,-25.279551],[-49.302511,-25.279588],[-49.302546,-25.279617],[-49.302558,-25.279589],[-49.302505,-25.279533],[-49.302497,-25.27948],[-49.302548,-25.279465],[-49.302579,-25.279406],[-49.302614,-25.279395],[-49.302647,-25.27933],[-49.302682,-25.279303],[-49.302619,-25.279209],[-49.302622,-25.279191],[-49.302654,-25.279176],[-49.302693,-25.279182],[-49.302726,-25.279229],[-49.302765,-25.279255],[-49.302825,-25.279239],[-49.302817,-25.279174],[-49.302848,-25.279147],[-49.302889,-25.279132],[-49.302902,-25.27911],[-49.302903,-25.279092],[-49.302874,-25.279054],[-49.302889,-25.279036],[-49.302889,-25.278999],[-49.302938,-25.278935],[-49.302975,-25.278907],[-49.302935,-25.278823],[-49.302966,-25.27879],[-49.30297,-25.278768],[-49.302946,-25.278748],[-49.302915,-25.278765],[-49.30289,-25.27873],[-49.302895,-25.278708],[-49.30288,-25.27873],[-49.302864,-25.278727],[-49.302875,-25.278659],[-49.302906,-25.278637],[-49.302969,-25.278527],[-49.30301,-25.278519],[-49.303041,-25.278494],[-49.303142,-25.278541],[-49.303163,-25.278516],[-49.303194,-25.278523],[-49.303213,-25.278511],[-49.303249,-25.278214],[-49.303365,-25.277956],[-49.303386,-25.27794],[-49.303398,-25.277975],[-49.303357,-25.278049],[-49.303377,-25.278095],[-49.303366,-25.278169],[-49.303378,-25.278197],[-49.303402,-25.278411],[-49.303442,-25.278569],[-49.303423,-25.278625],[-49.303446,-25.27869],[-49.303414,-25.278745],[-49.303425,-25.278773],[-49.303465,-25.278801],[-49.303453,-25.278922],[-49.303504,-25.278965],[-49.303524,-25.279006],[-49.303609,-25.279054],[-49.303576,-25.279127],[-49.303597,-25.279155],[-49.303597,-25.27922],[-49.303635,-25.279249],[-49.303621,-25.279276],[-49.303624,-25.279295],[-49.303684,-25.27937],[-49.303668,-25.279407],[-49.303684,-25.279435],[-49.303695,-25.2795],[-49.303668,-25.279546],[-49.303744,-25.279621],[-49.303724,-25.279686],[-49.3038,-25.279733],[-49.303829,-25.279772],[-49.303935,-25.280069],[-49.303896,-25.280112],[-49.303895,-25.280133],[-49.303936,-25.280209],[-49.303983,-25.280236],[-49.304007,-25.280292],[-49.304013,-25.280329],[-49.30396,-25.280384],[-49.303962,-25.280403],[-49.303994,-25.280426],[-49.304045,-25.280423],[-49.304116,-25.280445],[-49.304167,-25.280435],[-49.304208,-25.280462],[-49.304249,-25.280452],[-49.304282,-25.280462],[-49.304296,-25.28049],[-49.304319,-25.280502],[-49.30436,-25.280478],[-49.304442,-25.280518],[-49.304472,-25.280496],[-49.304513,-25.280498],[-49.304544,-25.280467],[-49.304585,-25.280475],[-49.304585,-25.280447],[-49.304544,-25.280461],[-49.30453,-25.2804],[-49.304535,-25.280391],[-49.304576,-25.280386],[-49.304648,-25.280337],[-49.304668,-25.280357],[-49.304715,-25.280356],[-49.304727,-25.280393],[-49.304739,-25.280395],[-49.304781,-25.280342],[-49.304822,-25.280333],[-49.304848,-25.280311],[-49.304869,-25.280209],[-49.304851,-25.280172],[-49.30485,-25.280116],[-49.304798,-25.280088],[-49.304787,-25.280051],[-49.304703,-25.279994]]}},{"type":"Feature","properties":{"alt":1051.0,"mestra":false},"geometry":{"type":"LineString","coordinates":[[-49.304604,-25.279929],[-49.304601,-25.279798],[-49.304624,-25.279724]]}},{"type":"Feature","properties":{"alt":1051.0,"mestra":false},"geometry":{"type":"LineString","coordinates":[[-49.303094,-25.282749],[-49.303082,-25.282759]]}},{"type":"Feature","properties":{"alt":1051.0,"mestra":false},"geometry":{"type":"LineString","coordinates":[[-49.302947,-25.278674],[-49.302929,-25.278675],[-49.302947,-25.278685],[-49.302947,-25.278674]]}},{"type":"Feature","properties":{"alt":1051.0,"mestra":false},"geometry":{"type":"LineString","coordinates":[[-49.302884,-25.278813],[-49.302894,-25.278823],[-49.302877,-25.278869],[-49.302827,-25.278859],[-49.302843,-25.278818],[-49.302884,-25.278813]]}},{"type":"Feature","properties":{"alt":1051.0,"mestra":false},"geometry":{"type":"LineString","coordinates":[[-49.302769,-25.278996],[-49.302778,-25.279016],[-49.302768,-25.279037],[-49.302697,-25.279034],[-49.302686,-25.279024],[-49.302699,-25.278997],[-49.302769,-25.278996]]}},{"type":"Feature","properties":{"alt":1051.0,"mestra":false},"geometry":{"type":"LineString","coordinates":[[-49.303666,-25.279034],[-49.303705,-25.279064],[-49.303706,-25.279092],[-49.303733,-25.27912],[-49.303726,-25.279144],[-49.303685,-25.279101],[-49.303691,-25.279073],[-49.303662,-25.279045],[-49.303666,-25.279034]]}},{"type":"Feature","properties":{"alt":1051.0,"mestra":false},"geometry":{"type":"LineString","coordinates":[[-49.302757,-25.279107],[-49.302763,-25.279118],[-49.302736,-25.279146],[-49.302773,-25.279165],[-49.302756,-25.279183],[-49.302709,-25.279145],[-49.302737,-25.279101],[-49.302757,-25.279107]]}},{"type":"Feature","properties":{"alt":1051.0,"mestra":false},"geometry":{"type":"LineString","coordinates":[[-49.303614,-25.279122],[-49.303615,-25.279137],[-49.303604,-25.27914],[-49.303614,-25.279122]]}},{"type":"Feature","properties":{"alt":1051.0,"mestra":false},"geometry":{"type":"LineString","coordinates":[[-49.302744,-25.279309],[-49.302736,-25.279313],[-49.302744,-25.279327],[-49.302755,-25.279322],[-49.302744,-25.279309]]}},{"type":"Feature","properties":{"alt":1051.0,"mestra":false},"geometry":{"type":"LineString","coordinates":[[-49.303808,-25.279831],[-49.303791,-25.279844],[-49.303818,-25.279869],[-49.303828,-25.279866],[-49.303808,-25.279831]]}},{"type":"Feature","properties":{"alt":1051.0,"mestra":false},"geometry":{"type":"LineString","coordinates":[[-49.303368,-25.27995],[-49.303335,-25.279969],[-49.303333,-25.279988],[-49.303346,-25.280013],[-49.303377,-25.280016],[-49.303393,-25.280007],[-49.303401,-25.279979],[-49.303368,-25.27995]]}},{"type":"Feature","properties":{"alt":1051.0,"mestra":false},"geometry":{"type":"LineString","coordinates":[[-49.303816,-25.279973],[-49.303796,-25.279974],[-49.30378,-25.279993],[-49.303816,-25.280041],[-49.30383,-25.28003],[-49.303841,-25.279993],[-49.303816,-25.279973]]}},{"type":"Feature","properties":{"alt":1051.0,"mestra":false},"geometry":{"type":"LineString","coordinates":[[-49.303551,-25.280017],[-49.303527,-25.280027],[-49.303541,-25.280064],[-49.303534,-25.280101],[-49.303549,-25.280117],[-49.3036,-25.280119],[-49.303605,-25.280102],[-49.303577,-25.280074],[-49.303571,-25.280027],[-49.303551,-25.280017]]}},{"type":"Feature","properties":{"alt":1051.0,"mestra":false},"geometry":{"type":"LineString","coordinates":[[-49.303366,-25.280057],[-49.303346,-25.280059],[-49.303345,-25.280071],[-49.303393,-25.2801],[-49.303366,-25.280057]]}},{"type":"Feature","properties":{"alt":1051.0,"mestra":false},"geometry":{"type":"LineString","coordinates":[[-49.303152,-25.280057],[-49.303152,-25.280066],[-49.303152,-25.280057]]}},{"type":"Feature","properties":{"alt":1051.0,"mestra":false},"geometry":{"type":"LineString","coordinates":[[-49.301835,-25.280127],[-49.301804,-25.280122],[-49.301782,-25.280146],[-49.301827,-25.280165],[-49.301845,-25.280147],[-49.301835,-25.280127]]}},{"type":"Feature","properties":{"alt":1051.0,"mestra":false},"geometry":{"type":"LineString","coordinates":[[-49.303405,-25.280195],[-49.303405,-25.280205],[-49.303405,-25.280195]]}},{"type":"Feature","properties":{"alt":1051.0,"mestra":false},"geometry":{"type":"LineString","coordinates":[[-49.304556,-25.280326],[-49.304556,-25.280326]]}},{"type":"Feature","properties":{"alt":1051.0,"mestra":false},"geometry":{"type":"LineString","coordinates":[[-49.303618,-25.28033],[-49.303582,-25.280343],[-49.303578,-25.280389],[-49.30359,-25.280408],[-49.303637,-25.280424],[-49.303645,-25.28039],[-49.303618,-25.28033]]}},{"type":"Feature","properties":{"alt":1051.0,"mestra":false},"geometry":{"type":"LineString","coordinates":[[-49.303434,-25.280338],[-49.303403,-25.280334],[-49.303352,-25.280351],[-49.303324,-25.280396],[-49.303317,-25.280433],[-49.303278,-25.280451],[-49.303274,-25.280469],[-49.303285,-25.280525],[-49.303312,-25.280563],[-49.303362,-25.280591],[-49.303439,-25.280667],[-49.303501,-25.280644],[-49.303521,-25.280602],[-49.303481,-25.280537],[-49.303503,-25.280509],[-49.303501,-25.280444],[-49.303464,-25.280363],[-49.303434,-25.280338]]}},{"type":"Feature","properties":{"alt":1051.0,"mestra":false},"geometry":{"type":"LineString","coordinates":[[-49.304668,-25.280368],[-49.304637,-25.280415],[-49.3047,-25.280411],[-49.304668,-25.280368]]}},{"type":"Feature","properties":{"alt":1051.0,"mestra":false},"geometry":{"type":"LineString","coordinates":[[-49.304729,-25.280418],[-49.304717,-25.280421],[-49.304726,-25.28044],[-49.304749,-25.280442],[-49.304751,-25.280431],[-49.304729,-25.280418]]}},{"type":"Feature","properties":{"alt":1051.0,"mestra":false},"geometry":{"type":"LineString","coordinates":[[-49.304677,-25.280467],[-49.304677,-25.280467]]}},{"type":"Feature","properties":{"alt":1051.0,"mestra":false},"geometry":{"type":"LineString","coordinates":[[-49.304687,-25.280477],[-49.304673,-25.280513],[-49.304697,-25.280531],[-49.304713,-25.280504],[-49.304687,-25.280477]]}},{"type":"Feature","properties":{"alt":1051.0,"mestra":false},"geometry":{"type":"LineString","coordinates":[[-49.303932,-25.280493],[-49.303911,-25.280518],[-49.303951,-25.280523],[-49.30395,-25.280505],[-49.303932,-25.280493]]}},{"type":"Feature","properties":{"alt":1051.0,"mestra":false},"geometry":{"type":"LineString","coordinates":[[-49.304064,-25.280503],[-49.304013,-25.280498],[-49.303973,-25.280524],[-49.304011,-25.280589],[-49.304053,-25.280582],[-49.30408,-25.28059],[-49.304062,-25.280618],[-49.304065,-25.280636],[-49.304083,-25.280647],[-49.304107,-25.280609],[-49.304092,-25.28059],[-49.304081,-25.280516],[-49.304064,-25.280503]]}},{"type":"Feature","properties":{"alt":1051.0,"mestra":false},"geometry":{"type":"LineString","coordinates":[[-49.304349,-25.280546],[-49.304314,-25.280546],[-49.304327,-25.280593],[-49.304338,-25.280598],[-49.30436,-25.280575],[-49.304349,-25.280546]]}},{"type":"Feature","properties":{"alt":1051.0,"mestra":false},"geometry":{"type":"LineString","coordinates":[[-49.303429,-25.280703],[-49.303408,-25.280703],[-49.303384,-25.28073],[-49.303438,-25.280754],[-49.303468,-25.280809],[-49.303495,-25.280806],[-49.303504,-25.280797],[-49.303499,-25.280766],[-49.303469,-25.280753],[-49.303429,-25.280703]]}},{"type":"Feature","properties":{"alt":1052.0,"mestra":false},"geometry":{"type":"LineString","coordinates":[[-49.30315,-25.277935],[-49.303028,-25.277992],[-49.302935,-25.277951],[-49.302695,-25.277936]]}},{"type":"Feature","properties":{"alt":1052.0,"mestra":false},"geometry":{"type":"LineString","coordinates":[[-49.303456,-25.278026],[-49.303415,-25.278047],[-49.303376,-25.27816],[-49.303394,-25.278197],[-49.303413,-25.278411],[-49.303452,-25.278569],[-49.303428,-25.278625],[-49.303448,-25.278699],[-49.30342,-25.278727],[-49.303418,-25.278754],[-49.303468,-25.278801],[-49.303455,-25.278866],[-49.303462,-25.278931],[-49.303504,-25.278961],[-49.303534,-25.279012],[-49.303618,-25.279054],[-49.303603,-25.2791],[-49.303629,-25.279128],[-49.303603,-25.279163],[-49.303599,-25.279211],[-49.303613,-25.279229],[-49.303643,-25.27924],[-49.303624,-25.279286],[-49.303682,-25.279353],[-49.303691,-25.279379],[-49.303675,-25.279407],[-49.303691,-25.279435],[-49.303701,-25.2795],[-49.303672,-25.279546],[-49.303754,-25.279621],[-49.303729,-25.279684],[-49.303804,-25.279733],[-49.303833,-25.279771],[-49.303864,-25.279873],[-49.303895,-25.27991],[-49.303944,-25.280069],[-49.303898,-25.280115],[-49.3039,-25.280142],[-49.303938,-25.280208],[-49.303983,-25.280227],[-49.304022,-25.28032],[-49.303964,-25.28039],[-49.303966,-25.280403],[-49.303994,-25.280423],[-49.304198,-25.280421],[-49.304289,-25.280459],[-49.304303,-25.28049],[-49.304319,-25.280498],[-49.304339,-25.280491],[-49.304361,-25.280457],[-49.304381,-25.280487],[-49.304442,-25.28051],[-49.304473,-25.280469],[-49.304493,-25.280497],[-49.304525,-25.280484],[-49.304533,-25.280447],[-49.304525,-25.280389],[-49.304576,-25.280383],[-49.304659,-25.280322],[-49.304679,-25.280351],[-49.304719,-25.280354],[-49.304739,-25.28039],[-49.30477,-25.280347],[-49.304817,-25.280329],[-49.304847,-25.280302],[-49.304863,-25.280209],[-49.304842,-25.280172],[-49.304845,-25.280124],[-49.304784,-25.280093],[-49.304775,-25.280054],[-49.3047,-25.279998]]}},{"type":"Feature","properties":{"alt":1052.0,"mestra":false},"geometry":{"type":"LineString","coordinates":[[-49.303907,-25.278055],[-49.303879,-25.27812],[-49.303832,-25.278147],[-49.303761,-25.278137],[-49.303669,-25.27808]]}},{"type":"Feature","properties":{"alt":1052.0,"mestra":false},"geometry":{"type":"LineString","coordinates":[[-49.301,-25.278129],[-49.300972,-25.27817],[-49.300905,-25.278559],[-49.300865,-25.278674],[-49.300771,-25.278823],[-49.300522,-25.279124]]}},{"type":"Feature","properties":{"alt":1052.0,"mestra":false},"geometry":{"type":"LineString","coordinates":[[-49.305052,-25.279181],[-49.305042,-25.279185]]}},{"type":"Feature","properties":{"alt":1052.0,"mestra":false},"geometry":{"type":"LineString","coordinates":[[-49.300518,-25.279439],[-49.300579,-25.279566],[-49.300649,-25.279817],[-49.300797,-25.279901],[-49.300838,-25.279902],[-49.300889,-25.279881],[-49.30095,-25.279872],[-49.301062,-25.279897],[-49.301073,-25.279886],[-49.301048,-25.279868],[-49.301053,-25.279856],[-49.301083,-25.279868],[-49.301165,-25.27987],[-49.301256,-25.279913],[-49.301297,-25.279903],[-49.301338,-25.279911],[-49.301358,-25.27992],[-49.301382,-25.279956],[-49.301419,-25.279962],[-49.30146,-25.279938],[-49.301541,-25.279938],[-49.301613,-25.279904],[-49.301724,-25.279904],[-49.301777,-25.279859],[-49.301839,-25.279838],[-49.3019,-25.279846],[-49.301941,-25.27981],[-49.302023,-25.279815],[-49.302069,-25.27976],[-49.302075,-25.279722],[-49.302147,-25.279691],[-49.302188,-25.279693],[-49.302219,-25.279666],[-49.30227,-25.279662],[-49.302321,-25.279675],[-49.302371,-25.279642],[-49.302409,-25.279634],[-49.30242,-25.279615],[-49.302424,-25.279547],[-49.302485,-25.279532],[-49.302497,-25.279463],[-49.302548,-25.279459],[-49.302575,-25.279404],[-49.30261,-25.279391],[-49.302642,-25.279324],[-49.302668,-25.279303],[-49.302614,-25.279209],[-49.302615,-25.279191],[-49.302644,-25.279174],[-49.302708,-25.279173],[-49.302703,-25.279136],[-49.302737,-25.27909],[-49.302788,-25.279105],[-49.302828,-25.279104],[-49.302869,-25.279121],[-49.302879,-25.279115],[-49.302883,-25.279092],[-49.30286,-25.279066],[-49.302839,-25.279057],[-49.302809,-25.279065],[-49.302795,-25.279053],[-49.302801,-25.279044],[-49.30287,-25.279031],[-49.302888,-25.27899],[-49.302968,-25.278907],[-49.302953,-25.27886],[-49.302918,-25.278823],[-49.302966,-25.278778],[-49.302946,-25.278754],[-49.30291,-25.278804],[-49.302911,-25.278832],[-49.302883,-25.278883],[-49.30281,-25.278868],[-49.302833,-25.278815],[-49.302884,-25.278801],[-49.302901,-25.278786],[-49.302899,-25.278758],[-49.302856,-25.27872],[-49.302874,-25.278655],[-49.302908,-25.278628],[-49.302962,-25.278527],[-49.30301,-25.278515],[-49.303041,-25.278477],[-49.303082,-25.278487],[-49.303122,-25.278513],[-49.303139,-25.278501],[-49.303154,-25.278452],[-49.303184,-25.278481],[-49.303196,-25.278474],[-49.303236,-25.278103],[-49.303264,-25.278001],[-49.303243,-25.277936]]}},{"type":"Feature","properties":{"alt":1052.0,"mestra":false},"geometry":{"type":"LineString","coordinates":[[-49.304581,-25.279926],[-49.304601,-25.2799],[-49.304594,-25.279798],[-49.304611,-25.279724]]}},{"type":"Feature","properties":{"alt":1052.0,"mestra":false},"geometry":{"type":"LineString","coordinates":[[-49.303098,-25.28275],[-49.30309,-25.282759]]}},{"type":"Feature","properties":{"alt":1052.0,"mestra":false},"geometry":{"type":"LineString","coordinates":[[-49.302759,-25.278987],[-49.302779,-25.279003],[-49.302778,-25.279038],[-49.302758,-25.279045],[-49.302687,-25.279031],[-49.302697,-25.278994],[-49.302759,-25.278987]]}},{"type":"Feature","properties":{"alt":1052.0,"mestra":false},"geometry":{"type":"LineString","coordinates":[[-49.303666,-25.279022],[-49.303697,-25.27905],[-49.303751,-25.279064],[-49.303754,-25.279092],[-49.303789,-25.279121],[-49.303777,-25.279168],[-49.303756,-25.279173],[-49.303726,-25.279163],[-49.303682,-25.27911],[-49.303672,-25.279064],[-49.303646,-25.279045],[-49.303666,-25.279022]]}},{"type":"Feature","properties":{"alt":1052.0,"mestra":false},"geometry":{"type":"LineString","coordinates":[[-49.302526,-25.279578],[-49.302536,-25.279591],[-49.302526,-25.279578]]}},{"type":"Feature","properties":{"alt":1052.0,"mestra":false},"geometry":{"type":"LineString","coordinates":[[-49.303808,-25.279838],[-49.303798,-25.279835],[-49.303798,-25.279848],[-49.303818,-25.279854],[-49.303808,-25.279838]]}},{"type":"Feature","properties":{"alt":1052.0,"mestra":false},"geometry":{"type":"LineString","coordinates":[[-49.303378,-25.279957],[-49.303357,-25.279955],[-49.30334,-25.279969],[-49.303347,-25.280006],[-49.303377,-25.280011],[-49.303393,-25.279997],[-49.303397,-25.279979],[-49.303378,-25.279957]]}},{"type":"Feature","properties":{"alt":1052.0,"mestra":false},"geometry":{"type":"LineString","coordinates":[[-49.303827,-25.279983],[-49.303806,-25.27998],[-49.303789,-25.279993],[-49.303816,-25.280033],[-49.303832,-25.280003],[-49.303827,-25.279983]]}},{"type":"Feature","properties":{"alt":1052.0,"mestra":false},"geometry":{"type":"LineString","coordinates":[[-49.303561,-25.280026],[-49.303535,-25.280027],[-49.303548,-25.280064],[-49.303539,-25.280092],[-49.303549,-25.280101],[-49.303587,-25.280102],[-49.303561,-25.280026]]}},{"type":"Feature","properties":{"alt":1052.0,"mestra":false},"geometry":{"type":"LineString","coordinates":[[-49.304567,-25.280317],[-49.304573,-25.280326],[-49.304563,-25.280336],[-49.304536,-25.280342],[-49.304537,-25.280326],[-49.304567,-25.280317]]}},{"type":"Feature","properties":{"alt":1052.0,"mestra":false},"geometry":{"type":"LineString","coordinates":[[-49.303617,-25.280342],[-49.303587,-25.280347],[-49.303582,-25.280389],[-49.303596,-25.280408],[-49.303627,-25.280418],[-49.303639,-25.28039],[-49.303617,-25.280342]]}},{"type":"Feature","properties":{"alt":1052.0,"mestra":false},"geometry":{"type":"LineString","coordinates":[[-49.303424,-25.280339],[-49.303347,-25.280359],[-49.30332,-25.280438],[-49.303289,-25.280452],[-49.303282,-25.280469],[-49.303293,-25.280525],[-49.303318,-25.280563],[-49.303367,-25.280591],[-49.30344,-25.28066],[-49.303501,-25.280641],[-49.303517,-25.280602],[-49.303474,-25.280537],[-49.303499,-25.280509],[-49.303498,-25.280444],[-49.303457,-25.28036],[-49.303424,-25.280339]]}},{"type":"Feature","properties":{"alt":1052.0,"mestra":false},"geometry":{"type":"LineString","coordinates":[[-49.304739,-25.280428],[-49.304727,-25.28043],[-49.304739,-25.280441],[-49.304739,-25.280428]]}},{"type":"Feature","properties":{"alt":1052.0,"mestra":false},"geometry":{"type":"LineString","coordinates":[[-49.304575,-25.280454],[-49.304566,-25.280466],[-49.304575,-25.280471],[-49.304585,-25.280466],[-49.304575,-25.280454]]}},{"type":"Feature","properties":{"alt":1052.0,"mestra":false},"geometry":{"type":"LineString","coordinates":[[-49.304697,-25.280493],[-49.304687,-25.280488],[-49.304679,-25.280504],[-49.304697,-25.280525],[-49.304708,-25.280504],[-49.304697,-25.280493]]}},{"type":"Feature","properties":{"alt":1052.0,"mestra":false},"geometry":{"type":"LineString","coordinates":[[-49.304034,-25.280506],[-49.30399,-25.280515],[-49.303982,-25.280533],[-49.303992,-25.280551],[-49.304022,-25.280575],[-49.304084,-25.280574],[-49.304074,-25.280518],[-49.304034,-25.280506]]}},{"type":"Feature","properties":{"alt":1052.0,"mestra":false},"geometry":{"type":"LineString","coordinates":[[-49.303931,-25.280511],[-49.303931,-25.280511]]}},{"type":"Feature","properties":{"alt":1052.0,"mestra":false},"geometry":{"type":"LineString","coordinates":[[-49.304349,-25.280554],[-49.304326,-25.280556],[-49.304339,-25.28058],[-49.304351,-25.280574],[-49.304349,-25.280554]]}},{"type":"Feature","properties":{"alt":1052.0,"mestra":false},"geometry":{"type":"LineString","coordinates":[[-49.304093,-25.280604],[-49.304073,-25.28061],[-49.304073,-25.280635],[-49.304094,-25.280627],[-49.304093,-25.280604]]}},{"type":"Feature","properties":{"alt":1052.0,"mestra":false},"geometry":{"type":"LineString","coordinates":[[-49.303418,-25.28072],[-49.303418,-25.28072]]}},{"type":"Feature","properties":{"alt":1052.0,"mestra":false},"geometry":{"type":"LineString","coordinates":[[-49.303459,-25.280758],[-49.303459,-25.280787],[-49.303478,-25.280805],[-49.303489,-25.280801],[-49.303494,-25.280778],[-49.303459,-25.280758]]}},{"type":"Feature","properties":{"alt":1053.0,"mestra":false},"geometry":{"type":"LineString","coordinates":[[-49.303908,-25.278055],[-49.303883,-25.27812],[-49.303832,-25.278149],[-49.303754,-25.278137],[-49.303667,-25.278082]]}},{"type":"Feature","properties":{"alt":1053.0,"mestra":false},"geometry":{"type":"LineString","coordinates":[[-49.303455,-25.278065],[-49.303414,-25.278086],[-49.303383,-25.27816],[-49.303404,-25.278198],[-49.303424,-25.27843],[-49.303462,-25.278569],[-49.303432,-25.278615],[-49.303453,-25.27869],[-49.303423,-25.278727],[-49.303421,-25.278755],[-49.30347,-25.278801],[-49.303458,-25.278857],[-49.303461,-25.278922],[-49.303507,-25.27896],[-49.303531,-25.279006],[-49.303625,-25.279044],[-49.303667,-25.279012],[-49.303707,-25.279049],[-49.303748,-25.27905],[-49.303779,-25.279037],[-49.303803,-25.279065],[-49.303818,-25.279121],[-49.303812,-25.279158],[-49.303787,-25.279183],[-49.303725,-25.279186],[-49.303715,-25.279185],[-49.303701,-25.279138],[-49.303674,-25.27911],[-49.303666,-25.279064],[-49.303635,-25.27905],[-49.303625,-25.279056],[-49.303608,-25.279091],[-49.303636,-25.279128],[-49.303608,-25.279165],[-49.303603,-25.279211],[-49.303613,-25.279225],[-49.303649,-25.27923],[-49.303628,-25.279286],[-49.303687,-25.279351],[-49.303701,-25.279398],[-49.303691,-25.279416],[-49.303711,-25.279453],[-49.303722,-25.279444],[-49.303729,-25.279454],[-49.303721,-25.279465],[-49.303711,-25.279454],[-49.303701,-25.279459],[-49.303704,-25.279509],[-49.303675,-25.279537],[-49.303709,-25.279565],[-49.30372,-25.279593],[-49.303769,-25.279621],[-49.303739,-25.279651],[-49.303731,-25.279677],[-49.30381,-25.279735],[-49.303838,-25.279771],[-49.303868,-25.279873],[-49.303908,-25.27992],[-49.303956,-25.280078],[-49.303908,-25.280105],[-49.303899,-25.280133],[-49.30394,-25.280208],[-49.303989,-25.280227],[-49.304032,-25.28033],[-49.303974,-25.280387],[-49.303972,-25.280403],[-49.304004,-25.28042],[-49.304127,-25.280414],[-49.304168,-25.280396],[-49.304208,-25.280401],[-49.304259,-25.280443],[-49.3043,-25.280459],[-49.304309,-25.280491],[-49.304333,-25.280491],[-49.304339,-25.280454],[-49.304361,-25.280446],[-49.304388,-25.280482],[-49.304442,-25.280504],[-49.304473,-25.280461],[-49.304503,-25.280491],[-49.304515,-25.280484],[-49.304526,-25.280447],[-49.304509,-25.2804],[-49.304525,-25.280377],[-49.304576,-25.28038],[-49.304659,-25.280314],[-49.304669,-25.280312],[-49.304679,-25.280345],[-49.304719,-25.280348],[-49.304739,-25.280384],[-49.304771,-25.280343],[-49.304812,-25.28032],[-49.304812,-25.280299],[-49.304843,-25.280298],[-49.304857,-25.280209],[-49.304831,-25.280172],[-49.304836,-25.280125],[-49.304775,-25.280097],[-49.304762,-25.28006],[-49.304694,-25.280002]]}},{"type":"Feature","properties":{"alt":1053.0,"mestra":false},"geometry":{"type":"LineString","coordinates":[[-49.301093,-25.278064],[-49.301041,-25.278143],[-49.301058,-25.27818],[-49.301039,-25.278226],[-49.300982,-25.278559],[-49.300954,-25.278652],[-49.300855,-25.278818],[-49.300591,-25.27913],[-49.300552,-25.279232],[-49.300552,-25.279343],[-49.30062,-25.279557],[-49.300635,-25.279687],[-49.300658,-25.279762],[-49.300688,-25.279818],[-49.300747,-25.279847],[-49.300777,-25.279884],[-49.300797,-25.279889],[-49.300971,-25.279847],[-49.301002,-25.279852],[-49.301094,-25.279834],[-49.301246,-25.2799],[-49.301301,-25.279881],[-49.301368,-25.279914],[-49.301388,-25.279952],[-49.301419,-25.279956],[-49.301444,-25.279938],[-49.30145,-25.279907],[-49.30147,-25.27991],[-49.301475,-25.279929],[-49.301501,-25.279934],[-49.301572,-25.279899],[-49.301721,-25.279895],[-49.301765,-25.279858],[-49.301839,-25.279832],[-49.3019,-25.279841],[-49.301931,-25.279806],[-49.302023,-25.279808],[-49.302054,-25.279759],[-49.302053,-25.279722],[-49.302065,-25.279708],[-49.302106,-25.279707],[-49.302147,-25.279682],[-49.302188,-25.279685],[-49.302219,-25.279657],[-49.30226,-25.279652],[-49.30231,-25.279668],[-49.302402,-25.279624],[-49.302419,-25.279541],[-49.302479,-25.279523],[-49.302484,-25.279467],[-49.302497,-25.279452],[-49.302528,-25.27946],[-49.302548,-25.279453],[-49.302569,-25.279399],[-49.302608,-25.279385],[-49.302648,-25.279302],[-49.302637,-25.279247],[-49.302607,-25.279209],[-49.302609,-25.279191],[-49.302634,-25.279173],[-49.302695,-25.279167],[-49.302698,-25.279136],[-49.302727,-25.27908],[-49.302779,-25.279081],[-49.302774,-25.279053],[-49.302687,-25.279036],[-49.30269,-25.278997],[-49.302759,-25.278983],[-49.302779,-25.278993],[-49.302799,-25.279033],[-49.30286,-25.279026],[-49.302888,-25.27898],[-49.302957,-25.278907],[-49.302951,-25.27887],[-49.302934,-25.278848],[-49.302903,-25.278855],[-49.302898,-25.278888],[-49.302882,-25.278899],[-49.302842,-25.278881],[-49.302811,-25.278883],[-49.302803,-25.278859],[-49.30284,-25.278794],[-49.302874,-25.278796],[-49.302894,-25.278776],[-49.302884,-25.27875],[-49.302855,-25.278729],[-49.302854,-25.278711],[-49.30287,-25.278655],[-49.302904,-25.278628],[-49.30292,-25.278582],[-49.302956,-25.278526],[-49.303013,-25.278509],[-49.303027,-25.27849],[-49.303031,-25.27845],[-49.303123,-25.278474],[-49.303135,-25.278366],[-49.303165,-25.278373],[-49.303182,-25.278362],[-49.303208,-25.278266],[-49.303215,-25.278149],[-49.303252,-25.278038],[-49.303255,-25.277992],[-49.303232,-25.277958],[-49.303202,-25.277943],[-49.303079,-25.277965],[-49.303028,-25.277993],[-49.302917,-25.277951],[-49.302695,-25.277936]]}},{"type":"Feature","properties":{"alt":1053.0,"mestra":false},"geometry":{"type":"LineString","coordinates":[[-49.304573,-25.279919],[-49.304594,-25.279891],[-49.304585,-25.279788],[-49.304602,-25.279724]]}},{"type":"Feature","properties":{"alt":1053.0,"mestra":false},"geometry":{"type":"LineString","coordinates":[[-49.302956,-25.278764],[-49.30294,-25.278768],[-49.302945,-25.27879],[-49.30296,-25.278777],[-49.302956,-25.278764]]}},{"type":"Feature","properties":{"alt":1053.0,"mestra":false},"geometry":{"type":"LineString","coordinates":[[-49.303378,-25.27996],[-49.303345,-25.279969],[-49.303357,-25.280003],[-49.303388,-25.279997],[-49.303392,-25.279979],[-49.303378,-25.27996]]}},{"type":"Feature","properties":{"alt":1053.0,"mestra":false},"geometry":{"type":"LineString","coordinates":[[-49.30355,-25.280036],[-49.30355,-25.280036]]}},{"type":"Feature","properties":{"alt":1053.0,"mestra":false},"geometry":{"type":"LineString","coordinates":[[-49.304577,-25.280312],[-49.304584,-25.280327],[-49.304576,-25.280336],[-49.304536,-25.280351],[-49.304527,-25.280345],[-49.304544,-25.280317],[-49.304577,-25.280312]]}},{"type":"Feature","properties":{"alt":1053.0,"mestra":false},"geometry":{"type":"LineString","coordinates":[[-49.303607,-25.280349],[-49.303587,-25.280361],[-49.303585,-25.280389],[-49.303596,-25.280404],[-49.303627,-25.280411],[-49.303631,-25.280381],[-49.303607,-25.280349]]}},{"type":"Feature","properties":{"alt":1053.0,"mestra":false},"geometry":{"type":"LineString","coordinates":[[-49.303434,-25.28035],[-49.303403,-25.280342],[-49.303352,-25.280359],[-49.303325,-25.280442],[-49.303294,-25.28047],[-49.3033,-25.280516],[-49.303325,-25.280563],[-49.30345,-25.280654],[-49.303498,-25.280639],[-49.303513,-25.280602],[-49.303496,-25.280565],[-49.303467,-25.280546],[-49.303495,-25.280509],[-49.303495,-25.280444],[-49.303459,-25.280369],[-49.303434,-25.28035]]}},{"type":"Feature","properties":{"alt":1053.0,"mestra":false},"geometry":{"type":"LineString","coordinates":[[-49.304433,-25.280432],[-49.304433,-25.280432]]}},{"type":"Feature","properties":{"alt":1053.0,"mestra":false},"geometry":{"type":"LineString","coordinates":[[-49.304697,-25.280503],[-49.304687,-25.280504],[-49.304697,-25.280515],[-49.304697,-25.280503]]}},{"type":"Feature","properties":{"alt":1053.0,"mestra":false},"geometry":{"type":"LineString","coordinates":[[-49.304044,-25.280514],[-49.304003,-25.280512],[-49.303992,-25.280542],[-49.30403,-25.280571],[-49.304073,-25.280572],[-49.304081,-25.280562],[-49.304074,-25.280527],[-49.304044,-25.280514]]}},{"type":"Feature","properties":{"alt":1053.0,"mestra":false},"geometry":{"type":"LineString","coordinates":[[-49.303479,-25.280783],[-49.303479,-25.280783]]}},{"type":"Feature","properties":{"alt":1054.0,"mestra":false},"geometry":{"type":"LineString","coordinates":[[-49.303909,-25.278055],[-49.303888,-25.27812],[-49.303832,-25.278151],[-49.303747,-25.278137],[-49.303664,-25.278085]]}},{"type":"Feature","properties":{"alt":1054.0,"mestra":false},"geometry":{"type":"LineString","coordinates":[[-49.303455,-25.278087],[-49.303424,-25.2781],[-49.303392,-25.27816],[-49.303413,-25.278198],[-49.30343,-25.27843],[-49.30347,-25.27856],[-49.303458,-25.278597],[-49.303436,-25.278616],[-49.303456,-25.278699],[-49.303426,-25.278727],[-49.303424,-25.278755],[-49.303473,-25.278801],[-49.303459,-25.278866],[-49.303467,-25.278922],[-49.303511,-25.27896],[-49.303534,-25.279006],[-49.303615,-25.27904],[-49.303636,-25.279034],[-49.303667,-25.279002],[-49.303691,-25.279036],[-49.303717,-25.279048],[-49.303793,-25.279028],[-49.303832,-25.279056],[-49.303848,-25.279103],[-49.303849,-25.27914],[-49.303828,-25.279166],[-49.303797,-25.279188],[-49.303746,-25.279197],[-49.303715,-25.279217],[-49.303695,-25.279194],[-49.3037,-25.279147],[-49.303667,-25.27911],[-49.303665,-25.279073],[-49.303635,-25.279057],[-49.303614,-25.279091],[-49.303642,-25.279128],[-49.303613,-25.279165],[-49.303607,-25.279211],[-49.303613,-25.279221],[-49.303656,-25.279221],[-49.303663,-25.27923],[-49.303632,-25.279286],[-49.30374,-25.279426],[-49.303732,-25.279473],[-49.30368,-25.279539],[-49.303715,-25.279556],[-49.303724,-25.279593],[-49.303777,-25.279621],[-49.30377,-25.279639],[-49.30374,-25.279658],[-49.303737,-25.279677],[-49.303842,-25.279771],[-49.303871,-25.279873],[-49.303913,-25.279911],[-49.303963,-25.280069],[-49.303965,-25.280088],[-49.303917,-25.280102],[-49.303902,-25.280133],[-49.303943,-25.280208],[-49.303994,-25.280227],[-49.304041,-25.28033],[-49.303979,-25.280403],[-49.304004,-25.280416],[-49.304076,-25.2804],[-49.304117,-25.280408],[-49.304178,-25.280377],[-49.304249,-25.2804],[-49.304256,-25.280434],[-49.304309,-25.280453],[-49.304307,-25.280481],[-49.304319,-25.280491],[-49.304337,-25.280472],[-49.304327,-25.280444],[-49.304371,-25.280437],[-49.304392,-25.280473],[-49.304442,-25.280498],[-49.304462,-25.280455],[-49.304514,-25.280457],[-49.304513,-25.280419],[-49.304463,-25.28039],[-49.304505,-25.280386],[-49.304524,-25.280363],[-49.304526,-25.280327],[-49.304556,-25.280308],[-49.304587,-25.280304],[-49.304607,-25.280337],[-49.304669,-25.280301],[-49.304679,-25.280338],[-49.30472,-25.280342],[-49.30474,-25.280372],[-49.304801,-25.28032],[-49.304812,-25.28029],[-49.30484,-25.280283],[-49.30483,-25.280255],[-49.30485,-25.280209],[-49.304823,-25.280181],[-49.304825,-25.280125],[-49.304764,-25.280097],[-49.304743,-25.280059],[-49.304688,-25.280008]]}},{"type":"Feature","properties":{"alt":1054.0,"mestra":false},"geometry":{"type":"LineString","coordinates":[[-49.301161,-25.278109],[-49.301137,-25.278134],[-49.30111,-25.278208],[-49.301053,-25.27856],[-49.301018,-25.278671],[-49.300915,-25.278837],[-49.300647,-25.27914],[-49.300608,-25.279242],[-49.300607,-25.279344],[-49.300663,-25.279549],[-49.300676,-25.279725],[-49.300696,-25.279772],[-49.300735,-25.279818],[-49.300798,-25.279845],[-49.300859,-25.279849],[-49.300915,-25.279839],[-49.300931,-25.279797],[-49.301022,-25.27983],[-49.301125,-25.279806],[-49.301162,-25.279814],[-49.301205,-25.279873],[-49.301246,-25.279888],[-49.301277,-25.279869],[-49.301308,-25.279872],[-49.301378,-25.279905],[-49.301391,-25.279937],[-49.301419,-25.279945],[-49.30145,-25.279897],[-49.301501,-25.279923],[-49.301559,-25.279893],[-49.301716,-25.279874],[-49.301839,-25.279824],[-49.3019,-25.279833],[-49.301921,-25.2798],[-49.302013,-25.279798],[-49.302023,-25.279778],[-49.302014,-25.27974],[-49.302055,-25.279695],[-49.302111,-25.279695],[-49.302117,-25.279651],[-49.302178,-25.279677],[-49.302199,-25.27964],[-49.302311,-25.279659],[-49.302341,-25.279635],[-49.302393,-25.279621],[-49.302414,-25.279525],[-49.302466,-25.279523],[-49.302476,-25.279467],[-49.30249,-25.279449],[-49.302518,-25.279438],[-49.302528,-25.279452],[-49.302548,-25.279445],[-49.302559,-25.279373],[-49.30259,-25.279388],[-49.302605,-25.279376],[-49.302637,-25.279293],[-49.302634,-25.279256],[-49.302601,-25.279209],[-49.302604,-25.27919],[-49.302634,-25.279167],[-49.302689,-25.279164],[-49.302715,-25.27908],[-49.30274,-25.279053],[-49.302727,-25.279042],[-49.302687,-25.279039],[-49.302678,-25.279024],[-49.302686,-25.278997],[-49.302769,-25.27898],[-49.302799,-25.279025],[-49.30285,-25.279023],[-49.30294,-25.278907],[-49.302945,-25.27887],[-49.302924,-25.278856],[-49.302892,-25.27891],[-49.302872,-25.27891],[-49.302842,-25.278889],[-49.302811,-25.278893],[-49.302798,-25.278859],[-49.302819,-25.278831],[-49.302822,-25.278785],[-49.302884,-25.278776],[-49.302881,-25.278758],[-49.302851,-25.278729],[-49.302865,-25.278659],[-49.302901,-25.278628],[-49.302917,-25.278577],[-49.302951,-25.278526],[-49.30301,-25.278507],[-49.303025,-25.278481],[-49.303021,-25.278443],[-49.303093,-25.278408],[-49.303109,-25.278361],[-49.303105,-25.278241],[-49.303167,-25.278256],[-49.303187,-25.278245],[-49.3032,-25.278158],[-49.303248,-25.278038],[-49.303248,-25.277992],[-49.303222,-25.277965],[-49.303191,-25.277956],[-49.303079,-25.277969],[-49.303028,-25.277995],[-49.302896,-25.277951],[-49.302694,-25.277936]]}},{"type":"Feature","properties":{"alt":1054.0,"mestra":false},"geometry":{"type":"LineString","coordinates":[[-49.304571,-25.279918],[-49.304587,-25.279891],[-49.304578,-25.279788],[-49.304594,-25.279724]]}},{"type":"Feature","properties":{"alt":1054.0,"mestra":false},"geometry":{"type":"LineString","coordinates":[[-49.303368,-25.27996],[-49.303347,-25.279978],[-49.303367,-25.279999],[-49.303388,-25.279979],[-49.303368,-25.27996]]}},{"type":"Feature","properties":{"alt":1054.0,"mestra":false},"geometry":{"type":"LineString","coordinates":[[-49.304587,-25.280341],[-49.304545,-25.280354],[-49.30454,-25.280373],[-49.304576,-25.280376],[-49.304594,-25.280355],[-49.304587,-25.280341]]}},{"type":"Feature","properties":{"alt":1054.0,"mestra":false},"geometry":{"type":"LineString","coordinates":[[-49.303423,-25.28035],[-49.303403,-25.280346],[-49.303349,-25.280368],[-49.303333,-25.280433],[-49.303355,-25.28048],[-49.303319,-25.280498],[-49.303317,-25.280516],[-49.303339,-25.280569],[-49.30346,-25.280648],[-49.303493,-25.280639],[-49.303509,-25.280611],[-49.303492,-25.280565],[-49.30346,-25.280546],[-49.30349,-25.280509],[-49.303492,-25.280444],[-49.303454,-25.280368],[-49.303423,-25.28035]]}},{"type":"Feature","properties":{"alt":1054.0,"mestra":false},"geometry":{"type":"LineString","coordinates":[[-49.303607,-25.280359],[-49.303596,-25.280362],[-49.30359,-25.280389],[-49.303617,-25.280405],[-49.303627,-25.28039],[-49.303607,-25.280359]]}},{"type":"Feature","properties":{"alt":1054.0,"mestra":false},"geometry":{"type":"LineString","coordinates":[[-49.304443,-25.280426],[-49.304443,-25.280444],[-49.304409,-25.280436],[-49.304412,-25.280425],[-49.304443,-25.280426]]}},{"type":"Feature","properties":{"alt":1054.0,"mestra":false},"geometry":{"type":"LineString","coordinates":[[-49.304054,-25.280522],[-49.304013,-25.280516],[-49.304001,-25.280524],[-49.304002,-25.280543],[-49.304033,-25.280565],[-49.304074,-25.280564],[-49.304074,-25.280538],[-49.304054,-25.280522]]}},{"type":"Feature","properties":{"alt":1055.0,"mestra":true},"geometry":{"type":"LineString","coordinates":[[-49.30391,-25.278055],[-49.30391,-25.278083],[-49.303886,-25.278129],[-49.303832,-25.278154],[-49.303739,-25.278137],[-49.303669,-25.278101],[-49.303661,-25.278087]]}},{"type":"Feature","properties":{"alt":1055.0,"mestra":true},"geometry":{"type":"LineString","coordinates":[[-49.303459,-25.27809],[-49.30343,-25.278114],[-49.303414,-25.278161],[-49.303442,-25.278393],[-49.303435,-25.27843],[-49.303458,-25.278467],[-49.303475,-25.27856],[-49.30344,-25.278625],[-49.303459,-25.278699],[-49.303429,-25.278727],[-49.303425,-25.278745],[-49.303475,-25.278802],[-49.303461,-25.278866],[-49.30347,-25.278913],[-49.303514,-25.278959],[-49.303528,-25.278997],[-49.303564,-25.27902],[-49.303625,-25.279036],[-49.303657,-25.278991],[-49.303696,-25.279036],[-49.303717,-25.279044],[-49.303799,-25.279023],[-49.303856,-25.279047],[-49.303878,-25.279112],[-49.303871,-25.27914],[-49.303832,-25.279177],[-49.303747,-25.279204],[-49.303725,-25.279241],[-49.303684,-25.279208],[-49.303694,-25.279147],[-49.303659,-25.27911],[-49.30366,-25.279073],[-49.303635,-25.279063],[-49.303619,-25.279091],[-49.303652,-25.279119],[-49.303615,-25.279174],[-49.303612,-25.279211],[-49.303633,-25.279221],[-49.303679,-25.279212],[-49.303638,-25.279286],[-49.303662,-25.279325],[-49.303693,-25.279346],[-49.303712,-25.279388],[-49.303746,-25.279417],[-49.303742,-25.279463],[-49.303708,-25.279528],[-49.303723,-25.279547],[-49.303721,-25.279584],[-49.303783,-25.279622],[-49.303777,-25.27964],[-49.303746,-25.279658],[-49.303746,-25.279677],[-49.303846,-25.279771],[-49.303874,-25.279873],[-49.30392,-25.279911],[-49.303968,-25.280055],[-49.303975,-25.280088],[-49.303917,-25.280105],[-49.303903,-25.280124],[-49.303946,-25.280208],[-49.303997,-25.280224],[-49.304049,-25.28033],[-49.304046,-25.280345],[-49.304015,-25.280357],[-49.303988,-25.280403],[-49.304004,-25.280409],[-49.304076,-25.280388],[-49.304127,-25.280397],[-49.304178,-25.280362],[-49.304209,-25.280378],[-49.3043,-25.280395],[-49.3043,-25.280407],[-49.30428,-25.280404],[-49.304261,-25.280416],[-49.304263,-25.280434],[-49.304279,-25.280442],[-49.304433,-25.280416],[-49.304463,-25.280448],[-49.304493,-25.280457],[-49.304513,-25.280446],[-49.304513,-25.280428],[-49.304454,-25.280399],[-49.304448,-25.280381],[-49.304505,-25.280376],[-49.304522,-25.280326],[-49.304557,-25.280305],[-49.304598,-25.280296],[-49.304618,-25.280325],[-49.30469,-25.28028],[-49.304686,-25.280337],[-49.30472,-25.280337],[-49.30474,-25.280358],[-49.30475,-25.280355],[-49.304793,-25.28032],[-49.304825,-25.280274],[-49.304807,-25.280246],[-49.304837,-25.280227],[-49.30484,-25.280209],[-49.304811,-25.280181],[-49.30482,-25.280144],[-49.304813,-25.280125],[-49.304753,-25.280102],[-49.304683,-25.280013]]}},{"type":"Feature","properties":{"alt":1055.0,"mestra":true},"geometry":{"type":"LineString","coordinates":[[-49.301209,-25.278154],[-49.301167,-25.278274],[-49.301114,-25.278589],[-49.301069,-25.278709],[-49.300955,-25.278875],[-49.30072,-25.279122],[-49.300671,-25.279215],[-49.300658,-25.279335],[-49.300713,-25.279558],[-49.300711,-25.279707],[-49.30075,-25.2798],[-49.300778,-25.279815],[-49.300869,-25.279826],[-49.300887,-25.279811],[-49.300871,-25.279774],[-49.300901,-25.279765],[-49.300931,-25.279769],[-49.301023,-25.279814],[-49.301094,-25.279794],[-49.301176,-25.279796],[-49.301207,-25.279815],[-49.30121,-25.279842],[-49.301226,-25.279858],[-49.301267,-25.279852],[-49.301348,-25.27987],[-49.301409,-25.279908],[-49.30146,-25.27989],[-49.301501,-25.279914],[-49.301542,-25.27989],[-49.301654,-25.27988],[-49.301808,-25.279834],[-49.301839,-25.279809],[-49.30188,-25.27982],[-49.3019,-25.279794],[-49.301989,-25.279786],[-49.302,-25.279777],[-49.302003,-25.279731],[-49.302041,-25.279685],[-49.302088,-25.279686],[-49.3021,-25.27963],[-49.302117,-25.27961],[-49.302148,-25.279631],[-49.302157,-25.279657],[-49.302181,-25.279631],[-49.3023,-25.279649],[-49.302331,-25.279628],[-49.302389,-25.279615],[-49.302401,-25.279513],[-49.302415,-25.279485],[-49.302425,-25.279479],[-49.302437,-25.279504],[-49.302455,-25.279511],[-49.302472,-25.279458],[-49.302518,-25.279423],[-49.302542,-25.27944],[-49.302555,-25.279403],[-49.302549,-25.279374],[-49.30256,-25.279364],[-49.30259,-25.279379],[-49.302622,-25.279321],[-49.302629,-25.279256],[-49.302595,-25.2792],[-49.302634,-25.279162],[-49.302685,-25.279157],[-49.302689,-25.279126],[-49.302728,-25.279053],[-49.302678,-25.279034],[-49.302682,-25.278997],[-49.302697,-25.278985],[-49.302769,-25.278976],[-49.302789,-25.278986],[-49.302802,-25.279016],[-49.302849,-25.279017],[-49.302871,-25.278971],[-49.302902,-25.278943],[-49.302892,-25.278926],[-49.302837,-25.278933],[-49.302825,-25.278905],[-49.302801,-25.278896],[-49.302792,-25.278859],[-49.302821,-25.278813],[-49.302812,-25.278785],[-49.302864,-25.278765],[-49.302847,-25.27872],[-49.302865,-25.278652],[-49.302898,-25.278628],[-49.302915,-25.278572],[-49.302947,-25.278526],[-49.303014,-25.278499],[-49.303015,-25.278444],[-49.303093,-25.278361],[-49.303086,-25.278296],[-49.303056,-25.278231],[-49.303066,-25.278184],[-49.303076,-25.278179],[-49.303106,-25.278194],[-49.303127,-25.278185],[-49.303147,-25.278202],[-49.303167,-25.278195],[-49.303169,-25.278176],[-49.303215,-25.278121],[-49.30322,-25.278084],[-49.303245,-25.278038],[-49.303246,-25.278001],[-49.303232,-25.277979],[-49.303191,-25.277966],[-49.303079,-25.277972],[-49.303028,-25.277996],[-49.302873,-25.27795],[-49.302694,-25.277937]]}},{"type":"Feature","properties":{"alt":1055.0,"mestra":true},"geometry":{"type":"LineString","coordinates":[[-49.30457,-25.279918],[-49.304581,-25.279891],[-49.304572,-25.279788],[-49.304586,-25.279724]]}},{"type":"Feature","properties":{"alt":1055.0,"mestra":true},"geometry":{"type":"LineString","coordinates":[[-49.302924,-25.278875],[-49.302923,-25.278884],[-49.302924,-25.278875]]}},{"type":"Feature","properties":{"alt":1055.0,"mestra":true},"geometry":{"type":"LineString","coordinates":[[-49.3037,-25.279534],[-49.303688,-25.279537],[-49.303709,-25.279537],[-49.3037,-25.279534]]}},{"type":"Feature","properties":{"alt":1055.0,"mestra":true},"geometry":{"type":"LineString","coordinates":[[-49.303368,-25.279968],[-49.303357,-25.279978],[-49.303367,-25.279988],[-49.303378,-25.279979],[-49.303368,-25.279968]]}},{"type":"Feature","properties":{"alt":1055.0,"mestra":true},"geometry":{"type":"LineString","coordinates":[[-49.304577,-25.280348],[-49.304553,-25.280354],[-49.304548,-25.280373],[-49.304576,-25.280373],[-49.304586,-25.280354],[-49.304577,-25.280348]]}},{"type":"Feature","properties":{"alt":1055.0,"mestra":true},"geometry":{"type":"LineString","coordinates":[[-49.303423,-25.280357],[-49.303403,-25.280351],[-49.303352,-25.280373],[-49.303339,-25.280433],[-49.303376,-25.280498],[-49.30334,-25.280535],[-49.303338,-25.280554],[-49.303369,-25.280575],[-49.30339,-25.280574],[-49.30341,-25.280556],[-49.303434,-25.280564],[-49.303433,-25.28062],[-49.30345,-25.280641],[-49.30347,-25.280643],[-49.303491,-25.280636],[-49.303506,-25.280611],[-49.303492,-25.280572],[-49.303452,-25.280555],[-49.303455,-25.280536],[-49.303486,-25.280509],[-49.303488,-25.280444],[-49.303454,-25.280378],[-49.303423,-25.280357]]}},{"type":"Feature","properties":{"alt":1055.0,"mestra":true},"geometry":{"type":"LineString","coordinates":[[-49.303607,-25.28037],[-49.303595,-25.28038],[-49.303606,-25.280399],[-49.303619,-25.28039],[-49.303607,-25.28037]]}},{"type":"Feature","properties":{"alt":1055.0,"mestra":true},"geometry":{"type":"LineString","coordinates":[[-49.304402,-25.280442],[-49.304401,-25.280469],[-49.304443,-25.280492],[-49.304449,-25.280455],[-49.304402,-25.280442]]}},{"type":"Feature","properties":{"alt":1055.0,"mestra":true},"geometry":{"type":"LineString","coordinates":[[-49.30433,-25.280469],[-49.30432,-25.280463],[-49.304314,-25.280481],[-49.30433,-25.280482],[-49.30433,-25.280469]]}},{"type":"Feature","properties":{"alt":1055.0,"mestra":true},"geometry":{"type":"LineString","coordinates":[[-49.304064,-25.280532],[-49.304014,-25.280533],[-49.304053,-25.280564],[-49.304071,-25.280553],[-49.304064,-25.280532]]}},{"type":"Feature","properties":{"alt":1056.0,"mestra":false},"geometry":{"type":"LineString","coordinates":[[-49.303911,-25.278055],[-49.303914,-25.278083],[-49.303899,-25.27812],[-49.303842,-25.278155],[-49.303758,-25.278146],[-49.303667,-25.278108],[-49.303659,-25.278095]]}},{"type":"Feature","properties":{"alt":1056.0,"mestra":false},"geometry":{"type":"LineString","coordinates":[[-49.303462,-25.278094],[-49.303434,-25.278132],[-49.303428,-25.278179],[-49.303451,-25.278384],[-49.30344,-25.27843],[-49.303465,-25.278458],[-49.30348,-25.27856],[-49.303446,-25.278625],[-49.303463,-25.278699],[-49.303427,-25.278745],[-49.303435,-25.278764],[-49.303476,-25.278794],[-49.303463,-25.278866],[-49.303474,-25.278913],[-49.303514,-25.278954],[-49.303531,-25.278997],[-49.303575,-25.279022],[-49.303625,-25.279033],[-49.303657,-25.278982],[-49.303707,-25.279039],[-49.303738,-25.279041],[-49.303779,-25.279018],[-49.30383,-25.279025],[-49.30386,-25.279014],[-49.303883,-25.279047],[-49.303882,-25.279085],[-49.303897,-25.279113],[-49.303879,-25.279149],[-49.303811,-25.279195],[-49.303756,-25.279204],[-49.303735,-25.279247],[-49.303714,-25.279248],[-49.303684,-25.27923],[-49.303645,-25.279286],[-49.303752,-25.279417],[-49.303724,-25.27951],[-49.303724,-25.279574],[-49.303735,-25.279593],[-49.303788,-25.279622],[-49.303755,-25.279677],[-49.303849,-25.279771],[-49.303849,-25.279799],[-49.303873,-25.279827],[-49.303876,-25.279873],[-49.303926,-25.279911],[-49.303974,-25.280041],[-49.303978,-25.280096],[-49.303927,-25.280102],[-49.303906,-25.280124],[-49.303941,-25.280199],[-49.303998,-25.280218],[-49.304035,-25.280302],[-49.304096,-25.280385],[-49.304138,-25.280377],[-49.304152,-25.28034],[-49.304169,-25.280331],[-49.304209,-25.280366],[-49.30426,-25.280367],[-49.304301,-25.280385],[-49.30432,-25.280422],[-49.304434,-25.280408],[-49.304443,-25.280371],[-49.304495,-25.280372],[-49.304518,-25.280326],[-49.304547,-25.280306],[-49.304598,-25.280287],[-49.304628,-25.280316],[-49.30469,-25.280272],[-49.304698,-25.280282],[-49.304689,-25.280333],[-49.30473,-25.280333],[-49.30475,-25.280348],[-49.304812,-25.280274],[-49.304793,-25.280246],[-49.304812,-25.280218],[-49.304801,-25.280181],[-49.304811,-25.280134],[-49.304733,-25.280098],[-49.304678,-25.280017]]}},{"type":"Feature","properties":{"alt":1056.0,"mestra":false},"geometry":{"type":"LineString","coordinates":[[-49.301271,-25.278193],[-49.301238,-25.278245],[-49.301179,-25.27858],[-49.301138,-25.2787],[-49.301022,-25.278875],[-49.300759,-25.279151],[-49.300715,-25.279252],[-49.300712,-25.279354],[-49.300764,-25.279559],[-49.300778,-25.27968],[-49.300809,-25.279765],[-49.300922,-25.279741],[-49.301023,-25.279788],[-49.301186,-25.279785],[-49.301318,-25.279849],[-49.301379,-25.27986],[-49.30142,-25.279884],[-49.301471,-25.279886],[-49.301501,-25.279904],[-49.301542,-25.279882],[-49.301654,-25.279873],[-49.301798,-25.279826],[-49.301812,-25.279812],[-49.301809,-25.279775],[-49.30187,-25.279787],[-49.301972,-25.279782],[-49.302024,-25.279684],[-49.302078,-25.279667],[-49.302107,-25.279598],[-49.302168,-25.27962],[-49.30227,-25.279631],[-49.302321,-25.279616],[-49.302377,-25.279615],[-49.302387,-25.279587],[-49.302363,-25.279559],[-49.302405,-25.279472],[-49.302456,-25.279467],[-49.302518,-25.279416],[-49.302538,-25.279411],[-49.302548,-25.279403],[-49.302548,-25.279366],[-49.30259,-25.279356],[-49.30262,-25.279311],[-49.302624,-25.279256],[-49.302588,-25.279209],[-49.302624,-25.279161],[-49.302676,-25.279154],[-49.302677,-25.279126],[-49.302707,-25.279062],[-49.302675,-25.279034],[-49.302684,-25.278987],[-49.30279,-25.278972],[-49.302809,-25.27901],[-49.30285,-25.279007],[-49.302856,-25.278952],[-49.302821,-25.278941],[-49.302795,-25.278896],[-49.302788,-25.278859],[-49.302819,-25.278813],[-49.302808,-25.278785],[-49.30285,-25.278757],[-49.302845,-25.27872],[-49.302861,-25.278655],[-49.302896,-25.278626],[-49.302918,-25.278555],[-49.302952,-25.278517],[-49.303011,-25.278499],[-49.30301,-25.278444],[-49.303079,-25.278342],[-49.303064,-25.278344],[-49.303055,-25.278324],[-49.303054,-25.278276],[-49.303004,-25.27823],[-49.303058,-25.278157],[-49.303158,-25.278164],[-49.303199,-25.278138],[-49.303244,-25.27801],[-49.303232,-25.277985],[-49.303201,-25.277974],[-49.303079,-25.277976],[-49.303028,-25.277998],[-49.302847,-25.27795],[-49.302693,-25.277937]]}},{"type":"Feature","properties":{"alt":1056.0,"mestra":false},"geometry":{"type":"LineString","coordinates":[[-49.304569,-25.279918],[-49.304565,-25.279798],[-49.304583,-25.279722]]}},{"type":"Feature","properties":{"alt":1056.0,"mestra":false},"geometry":{"type":"LineString","coordinates":[[-49.302994,-25.278229],[-49.303004,-25.27823],[-49.302983,-25.278263],[-49.302971,-25.27823],[-49.302994,-25.278229]]}},{"type":"Feature","properties":{"alt":1056.0,"mestra":false},"geometry":{"type":"LineString","coordinates":[[-49.303645,-25.279067],[-49.303623,-25.279082],[-49.303645,-25.279106],[-49.303657,-25.279082],[-49.303645,-25.279067]]}},{"type":"Feature","properties":{"alt":1056.0,"mestra":false},"geometry":{"type":"LineString","coordinates":[[-49.303665,-25.279126],[-49.303622,-25.279174],[-49.303623,-25.279214],[-49.303661,-25.279203],[-49.303685,-25.279166],[-49.303685,-25.27914],[-49.303665,-25.279126]]}},{"type":"Feature","properties":{"alt":1056.0,"mestra":false},"geometry":{"type":"LineString","coordinates":[[-49.304486,-25.280278],[-49.304486,-25.280278]]}},{"type":"Feature","properties":{"alt":1056.0,"mestra":false},"geometry":{"type":"LineString","coordinates":[[-49.304577,-25.280354],[-49.304556,-25.280359],[-49.304556,-25.280372],[-49.304576,-25.280366],[-49.304577,-25.280354]]}},{"type":"Feature","properties":{"alt":1056.0,"mestra":false},"geometry":{"type":"LineString","coordinates":[[-49.304046,-25.280357],[-49.304017,-25.280366],[-49.30403,-25.280394],[-49.304053,-25.280385],[-49.304046,-25.280357]]}},{"type":"Feature","properties":{"alt":1056.0,"mestra":false},"geometry":{"type":"LineString","coordinates":[[-49.303413,-25.280358],[-49.303363,-25.280368],[-49.303343,-25.280414],[-49.303381,-25.280476],[-49.303386,-25.280526],[-49.303431,-25.280547],[-49.303481,-25.280509],[-49.303484,-25.280444],[-49.303445,-25.280378],[-49.303413,-25.280358]]}},{"type":"Feature","properties":{"alt":1056.0,"mestra":false},"geometry":{"type":"LineString","coordinates":[[-49.304494,-25.280417],[-49.30446,-25.280418],[-49.304468,-25.280446],[-49.304507,-25.280446],[-49.304508,-25.280428],[-49.304494,-25.280417]]}},{"type":"Feature","properties":{"alt":1056.0,"mestra":false},"geometry":{"type":"LineString","coordinates":[[-49.30429,-25.280414],[-49.304269,-25.280416],[-49.30427,-25.280434],[-49.304297,-25.280435],[-49.304305,-25.280425],[-49.30429,-25.280414]]}},{"type":"Feature","properties":{"alt":1056.0,"mestra":false},"geometry":{"type":"LineString","coordinates":[[-49.304432,-25.280454],[-49.304411,-25.280464],[-49.304442,-25.280486],[-49.304447,-25.280464],[-49.304432,-25.280454]]}},{"type":"Feature","properties":{"alt":1056.0,"mestra":false},"geometry":{"type":"LineString","coordinates":[[-49.304064,-25.280542],[-49.304054,-25.280535],[-49.304037,-25.280543],[-49.304053,-25.280557],[-49.304064,-25.280542]]}},{"type":"Feature","properties":{"alt":1056.0,"mestra":false},"geometry":{"type":"LineString","coordinates":[[-49.303482,-25.28057],[-49.303461,-25.280569],[-49.30344,-25.280592],[-49.303444,-25.28062],[-49.30346,-25.280639],[-49.303491,-25.280631],[-49.303501,-25.280616],[-49.303482,-25.28057]]}},{"type":"Feature","properties":{"alt":1057.0,"mestra":false},"geometry":{"type":"LineString","coordinates":[[-49.303913,-25.278055],[-49.303919,-25.278083],[-49.303906,-25.27812],[-49.303852,-25.278155],[-49.303781,-25.278155],[-49.303659,-25.278113]]}},{"type":"Feature","properties":{"alt":1057.0,"mestra":false},"geometry":{"type":"LineString","coordinates":[[-49.303476,-25.278097],[-49.303444,-25.278133],[-49.303437,-25.278189],[-49.30346,-25.278384],[-49.303446,-25.278421],[-49.303475,-25.278458],[-49.303483,-25.27856],[-49.303457,-25.278634],[-49.303464,-25.278709],[-49.303436,-25.278726],[-49.30343,-25.278745],[-49.303477,-25.278792],[-49.303466,-25.278866],[-49.303474,-25.278904],[-49.303514,-25.278949],[-49.303534,-25.278997],[-49.303605,-25.279029],[-49.303636,-25.279022],[-49.303657,-25.278973],[-49.303695,-25.279027],[-49.303717,-25.279039],[-49.303779,-25.279015],[-49.30383,-25.279016],[-49.303861,-25.279],[-49.303896,-25.27901],[-49.303911,-25.279035],[-49.3039,-25.279085],[-49.303918,-25.279104],[-49.303892,-25.27915],[-49.303858,-25.279165],[-49.303828,-25.279195],[-49.303756,-25.27921],[-49.303735,-25.279255],[-49.303714,-25.279257],[-49.303684,-25.279241],[-49.303664,-25.279258],[-49.303659,-25.279286],[-49.303672,-25.279323],[-49.303703,-25.279342],[-49.303719,-25.27938],[-49.303756,-25.279417],[-49.303728,-25.27951],[-49.303737,-25.279556],[-49.303729,-25.279575],[-49.303742,-25.279593],[-49.303791,-25.279615],[-49.303787,-25.27964],[-49.303763,-25.279668],[-49.303765,-25.279686],[-49.30385,-25.279767],[-49.303852,-25.279799],[-49.303877,-25.279827],[-49.303879,-25.279873],[-49.30392,-25.279895],[-49.303938,-25.27992],[-49.30398,-25.280032],[-49.303987,-25.280097],[-49.303927,-25.280105],[-49.303908,-25.280124],[-49.303944,-25.280199],[-49.304005,-25.280218],[-49.304047,-25.280303],[-49.304077,-25.280317],[-49.304108,-25.280307],[-49.304138,-25.280326],[-49.304179,-25.280312],[-49.304219,-25.280347],[-49.30427,-25.280354],[-49.304341,-25.280414],[-49.304423,-25.2804],[-49.304433,-25.280366],[-49.304495,-25.280363],[-49.304524,-25.280317],[-49.304598,-25.280282],[-49.304628,-25.280312],[-49.3047,-25.280265],[-49.304708,-25.280272],[-49.304693,-25.280328],[-49.30475,-25.280327],[-49.304781,-25.280311],[-49.304803,-25.280273],[-49.304782,-25.280255],[-49.304798,-25.280218],[-49.304792,-25.28019],[-49.304804,-25.280134],[-49.30473,-25.280106],[-49.304673,-25.280021]]}},{"type":"Feature","properties":{"alt":1057.0,"mestra":false},"geometry":{"type":"LineString","coordinates":[[-49.301317,-25.278236],[-49.30128,-25.278331],[-49.301232,-25.278609],[-49.30119,-25.27872],[-49.301076,-25.278888],[-49.300811,-25.279161],[-49.300769,-25.279253],[-49.300763,-25.279355],[-49.300836,-25.279671],[-49.300861,-25.279721],[-49.300922,-25.279722],[-49.301125,-25.279779],[-49.301217,-25.279771],[-49.301298,-25.279821],[-49.301501,-25.279884],[-49.301614,-25.279857],[-49.301665,-25.279857],[-49.301665,-25.279844],[-49.301614,-25.279843],[-49.301607,-25.279828],[-49.301666,-25.279807],[-49.301717,-25.279809],[-49.301768,-25.279794],[-49.301799,-25.279754],[-49.301962,-25.279773],[-49.302019,-25.279675],[-49.302076,-25.279657],[-49.302107,-25.279587],[-49.302179,-25.279614],[-49.30228,-25.279618],[-49.302332,-25.279578],[-49.302378,-25.279522],[-49.302385,-25.279485],[-49.302405,-25.27946],[-49.302456,-25.279459],[-49.302536,-25.279403],[-49.302543,-25.279366],[-49.302584,-25.279348],[-49.302613,-25.279311],[-49.302618,-25.279256],[-49.302582,-25.279209],[-49.302694,-25.279071],[-49.302669,-25.279024],[-49.302675,-25.278987],[-49.302803,-25.278952],[-49.302785,-25.278859],[-49.302815,-25.278822],[-49.302806,-25.278775],[-49.302845,-25.278748],[-49.302842,-25.27872],[-49.302862,-25.278646],[-49.302896,-25.27862],[-49.302917,-25.278545],[-49.302949,-25.278515],[-49.303,-25.278505],[-49.303014,-25.27849],[-49.303003,-25.278453],[-49.303049,-25.278379],[-49.303052,-25.278342],[-49.303034,-25.278292],[-49.302983,-25.278279],[-49.302963,-25.278229],[-49.303014,-25.278204],[-49.303056,-25.278138],[-49.303087,-25.278134],[-49.303127,-25.278159],[-49.303179,-25.278149],[-49.303207,-25.278121],[-49.30324,-25.278029],[-49.303238,-25.278001],[-49.303211,-25.277982],[-49.303079,-25.27798],[-49.303028,-25.278],[-49.302814,-25.27795],[-49.302693,-25.277938]]}},{"type":"Feature","properties":{"alt":1057.0,"mestra":false},"geometry":{"type":"LineString","coordinates":[[-49.304567,-25.279918],[-49.304558,-25.279807],[-49.304581,-25.279719]]}},{"type":"Feature","properties":{"alt":1057.0,"mestra":false},"geometry":{"type":"LineString","coordinates":[[-49.303658,-25.278868],[-49.303658,-25.278881],[-49.303658,-25.278868]]}},{"type":"Feature","properties":{"alt":1057.0,"mestra":false},"geometry":{"type":"LineString","coordinates":[[-49.302841,-25.27896],[-49.302811,-25.278961],[-49.30283,-25.279],[-49.302841,-25.27896]]}},{"type":"Feature","properties":{"alt":1057.0,"mestra":false},"geometry":{"type":"LineString","coordinates":[[-49.303645,-25.279073],[-49.30363,-25.279082],[-49.303645,-25.279098],[-49.303645,-25.279073]]}},{"type":"Feature","properties":{"alt":1057.0,"mestra":false},"geometry":{"type":"LineString","coordinates":[[-49.303675,-25.279136],[-49.30365,-25.279147],[-49.303627,-25.279193],[-49.303633,-25.279208],[-49.303682,-25.279156],[-49.303675,-25.279136]]}},{"type":"Feature","properties":{"alt":1057.0,"mestra":false},"geometry":{"type":"LineString","coordinates":[[-49.302363,-25.279584],[-49.302339,-25.279586],[-49.302336,-25.279596],[-49.302372,-25.279608],[-49.302378,-25.279596],[-49.302363,-25.279584]]}},{"type":"Feature","properties":{"alt":1057.0,"mestra":false},"geometry":{"type":"LineString","coordinates":[[-49.304496,-25.280276],[-49.304486,-25.280289],[-49.304472,-25.280279],[-49.304496,-25.280276]]}},{"type":"Feature","properties":{"alt":1057.0,"mestra":false},"geometry":{"type":"LineString","coordinates":[[-49.304566,-25.280361],[-49.304566,-25.280361]]}},{"type":"Feature","properties":{"alt":1057.0,"mestra":false},"geometry":{"type":"LineString","coordinates":[[-49.304035,-25.280368],[-49.304035,-25.280381],[-49.304035,-25.280368]]}},{"type":"Feature","properties":{"alt":1057.0,"mestra":false},"geometry":{"type":"LineString","coordinates":[[-49.303413,-25.280368],[-49.303372,-25.280371],[-49.303351,-25.280415],[-49.303387,-25.280461],[-49.303401,-25.280518],[-49.303431,-25.280537],[-49.303475,-25.280509],[-49.30348,-25.280444],[-49.303463,-25.28041],[-49.303413,-25.280368]]}},{"type":"Feature","properties":{"alt":1057.0,"mestra":false},"geometry":{"type":"LineString","coordinates":[[-49.304494,-25.280422],[-49.304474,-25.28042],[-49.304466,-25.280437],[-49.304499,-25.280446],[-49.304506,-25.280437],[-49.304494,-25.280422]]}},{"type":"Feature","properties":{"alt":1057.0,"mestra":false},"geometry":{"type":"LineString","coordinates":[[-49.30428,-25.28042],[-49.30428,-25.280431],[-49.304288,-25.280425],[-49.30428,-25.28042]]}},{"type":"Feature","properties":{"alt":1057.0,"mestra":false},"geometry":{"type":"LineString","coordinates":[[-49.304432,-25.28046],[-49.304427,-25.280473],[-49.304442,-25.280477],[-49.304432,-25.28046]]}},{"type":"Feature","properties":{"alt":1057.0,"mestra":false},"geometry":{"type":"LineString","coordinates":[[-49.303481,-25.280579],[-49.30345,-25.280592],[-49.30346,-25.280631],[-49.303495,-25.28062],[-49.303481,-25.280579]]}},{"type":"Feature","properties":{"alt":1058.0,"mestra":false},"geometry":{"type":"LineString","coordinates":[[-49.303914,-25.278055],[-49.30392,-25.278111],[-49.303897,-25.278138],[-49.30386,-25.278156],[-49.303791,-25.278159],[-49.303659,-25.27812]]}},{"type":"Feature","properties":{"alt":1058.0,"mestra":false},"geometry":{"type":"LineString","coordinates":[[-49.303482,-25.278103],[-49.30345,-25.278142],[-49.303444,-25.278189],[-49.303452,-25.278319],[-49.303469,-25.278384],[-49.303453,-25.278421],[-49.303485,-25.278458],[-49.303486,-25.27856],[-49.30346,-25.278653],[-49.303468,-25.278709],[-49.30344,-25.278727],[-49.303433,-25.278745],[-49.30348,-25.278792],[-49.303468,-25.278866],[-49.303477,-25.278904],[-49.303519,-25.27895],[-49.303534,-25.278993],[-49.303605,-25.279026],[-49.303637,-25.279017],[-49.303657,-25.27893],[-49.303691,-25.279017],[-49.303717,-25.279036],[-49.303779,-25.279012],[-49.30382,-25.279011],[-49.303861,-25.27899],[-49.303916,-25.279001],[-49.303937,-25.27903],[-49.303945,-25.279095],[-49.303899,-25.27915],[-49.303858,-25.27917],[-49.303837,-25.279198],[-49.303766,-25.279208],[-49.303745,-25.279252],[-49.303724,-25.279266],[-49.303694,-25.279263],[-49.303673,-25.279305],[-49.303712,-25.279342],[-49.303723,-25.279374],[-49.30376,-25.279417],[-49.303732,-25.279519],[-49.303738,-25.279584],[-49.303785,-25.279603],[-49.303798,-25.279622],[-49.303769,-25.279686],[-49.30385,-25.279761],[-49.303855,-25.279799],[-49.303881,-25.279827],[-49.303879,-25.279868],[-49.303947,-25.27992],[-49.30399,-25.280032],[-49.303997,-25.280097],[-49.303978,-25.280108],[-49.303927,-25.280108],[-49.303911,-25.280124],[-49.303946,-25.280198],[-49.304038,-25.280206],[-49.304029,-25.280246],[-49.304047,-25.280285],[-49.304128,-25.28029],[-49.3042,-25.280269],[-49.304226,-25.280295],[-49.30424,-25.280331],[-49.304271,-25.280342],[-49.304341,-25.2804],[-49.304362,-25.280393],[-49.304402,-25.280398],[-49.304415,-25.28039],[-49.304423,-25.280355],[-49.304485,-25.280362],[-49.30452,-25.280317],[-49.304598,-25.280277],[-49.304618,-25.280301],[-49.304638,-25.280306],[-49.30468,-25.280268],[-49.304711,-25.280257],[-49.304725,-25.280263],[-49.304696,-25.280319],[-49.30473,-25.28032],[-49.304781,-25.2803],[-49.304792,-25.280283],[-49.304768,-25.280255],[-49.30479,-25.280218],[-49.304785,-25.28019],[-49.3048,-25.280144],[-49.304784,-25.280126],[-49.304743,-25.28012],[-49.304713,-25.280099],[-49.304658,-25.280026]]}},{"type":"Feature","properties":{"alt":1058.0,"mestra":false},"geometry":{"type":"LineString","coordinates":[[-49.301415,-25.278177],[-49.301362,-25.27823]]}},{"type":"Feature","properties":{"alt":1058.0,"mestra":false},"geometry":{"type":"LineString","coordinates":[[-49.301378,-25.278276],[-49.301348,-25.278322],[-49.301294,-25.2786],[-49.30124,-25.278739],[-49.301124,-25.278904],[-49.300863,-25.27917],[-49.300821,-25.279263],[-49.300815,-25.279365],[-49.30086,-25.279588],[-49.300897,-25.2797],[-49.301125,-25.279767],[-49.301228,-25.279746],[-49.301298,-25.279802],[-49.301349,-25.279801],[-49.30143,-25.279842],[-49.301563,-25.279858],[-49.301581,-25.279847],[-49.301583,-25.279819],[-49.301645,-25.279799],[-49.301748,-25.279787],[-49.30179,-25.279747],[-49.301952,-25.27976],[-49.301994,-25.279712],[-49.302014,-25.279669],[-49.302074,-25.279648],[-49.302108,-25.27958],[-49.302179,-25.279607],[-49.30227,-25.279613],[-49.302302,-25.279571],[-49.302332,-25.279558],[-49.302367,-25.279522],[-49.302375,-25.279485],[-49.302398,-25.279457],[-49.302446,-25.279457],[-49.302492,-25.27943],[-49.302534,-25.279394],[-49.302546,-25.279357],[-49.30258,-25.27934],[-49.302611,-25.279303],[-49.302617,-25.279265],[-49.302582,-25.279225],[-49.302579,-25.279199],[-49.302686,-25.279062],[-49.302661,-25.278996],[-49.302637,-25.278977],[-49.302657,-25.278966],[-49.302728,-25.278973],[-49.30279,-25.278942],[-49.302783,-25.278849],[-49.302812,-25.278822],[-49.302802,-25.278775],[-49.302836,-25.278748],[-49.302859,-25.278646],[-49.302893,-25.278619],[-49.30291,-25.278545],[-49.302949,-25.278512],[-49.30299,-25.278507],[-49.303011,-25.27849],[-49.302999,-25.278453],[-49.303044,-25.278379],[-49.303048,-25.278342],[-49.303025,-25.278295],[-49.302975,-25.278276],[-49.302962,-25.27822],[-49.303007,-25.278202],[-49.303036,-25.278143],[-49.303074,-25.27812],[-49.303088,-25.278088],[-49.303117,-25.278151],[-49.303179,-25.278145],[-49.303204,-25.278121],[-49.303238,-25.278029],[-49.303234,-25.278001],[-49.303211,-25.277986],[-49.303079,-25.277986],[-49.303028,-25.278002],[-49.302692,-25.277938]]}},{"type":"Feature","properties":{"alt":1058.0,"mestra":false},"geometry":{"type":"LineString","coordinates":[[-49.304566,-25.279918],[-49.30455,-25.279807],[-49.304558,-25.279751],[-49.304579,-25.279717]]}},{"type":"Feature","properties":{"alt":1058.0,"mestra":false},"geometry":{"type":"LineString","coordinates":[[-49.303037,-25.278043],[-49.303037,-25.278053],[-49.303037,-25.278043]]}},{"type":"Feature","properties":{"alt":1058.0,"mestra":false},"geometry":{"type":"LineString","coordinates":[[-49.30371,-25.278795],[-49.303718,-25.278814],[-49.303658,-25.2789],[-49.303641,-25.278868],[-49.30371,-25.278795]]}},{"type":"Feature","properties":{"alt":1058.0,"mestra":false},"geometry":{"type":"LineString","coordinates":[[-49.302606,-25.278965],[-49.302595,-25.278968],[-49.302606,-25.278965]]}},{"type":"Feature","properties":{"alt":1058.0,"mestra":false},"geometry":{"type":"LineString","coordinates":[[-49.303665,-25.279143],[-49.303664,-25.27916],[-49.303673,-25.279147],[-49.303665,-25.279143]]}},{"type":"Feature","properties":{"alt":1058.0,"mestra":false},"geometry":{"type":"LineString","coordinates":[[-49.303684,-25.279257],[-49.303684,-25.279257]]}},{"type":"Feature","properties":{"alt":1058.0,"mestra":false},"geometry":{"type":"LineString","coordinates":[[-49.304496,-25.280269],[-49.304496,-25.280291],[-49.304465,-25.280279],[-49.304476,-25.280266],[-49.304496,-25.280269]]}},{"type":"Feature","properties":{"alt":1058.0,"mestra":false},"geometry":{"type":"LineString","coordinates":[[-49.304353,-25.280284],[-49.304332,-25.280291],[-49.304353,-25.280284]]}},{"type":"Feature","properties":{"alt":1058.0,"mestra":false},"geometry":{"type":"LineString","coordinates":[[-49.303403,-25.280376],[-49.303372,-25.280385],[-49.303365,-25.280415],[-49.3034,-25.280452],[-49.303411,-25.280512],[-49.303441,-25.280527],[-49.303472,-25.2805],[-49.303476,-25.280444],[-49.303462,-25.280416],[-49.303403,-25.280376]]}},{"type":"Feature","properties":{"alt":1058.0,"mestra":false},"geometry":{"type":"LineString","coordinates":[[-49.304494,-25.280427],[-49.304473,-25.280427],[-49.304472,-25.280437],[-49.304494,-25.280443],[-49.304494,-25.280427]]}},{"type":"Feature","properties":{"alt":1058.0,"mestra":false},"geometry":{"type":"LineString","coordinates":[[-49.303481,-25.280591],[-49.303458,-25.280601],[-49.303471,-25.280626],[-49.303491,-25.280612],[-49.303481,-25.280591]]}},{"type":"Feature","properties":{"alt":1059.0,"mestra":false},"geometry":{"type":"LineString","coordinates":[[-49.303965,-25.278074],[-49.303945,-25.27808],[-49.303907,-25.278138],[-49.303852,-25.278162],[-49.30378,-25.278159],[-49.303658,-25.278127]]}},{"type":"Feature","properties":{"alt":1059.0,"mestra":false},"geometry":{"type":"LineString","coordinates":[[-49.303497,-25.278107],[-49.303461,-25.278143],[-49.303451,-25.27818],[-49.303457,-25.278319],[-49.303479,-25.278384],[-49.303465,-25.278421],[-49.303483,-25.27843],[-49.303495,-25.278458],[-49.303483,-25.278514],[-49.303489,-25.27857],[-49.303462,-25.278662],[-49.303471,-25.278709],[-49.303435,-25.278745],[-49.303482,-25.278792],[-49.30347,-25.278866],[-49.303481,-25.278904],[-49.303515,-25.278937],[-49.303543,-25.278997],[-49.303626,-25.279023],[-49.303637,-25.279008],[-49.303644,-25.278915],[-49.303632,-25.278868],[-49.303706,-25.278776],[-49.303721,-25.278772],[-49.303734,-25.278777],[-49.303727,-25.278814],[-49.303668,-25.278915],[-49.303675,-25.278971],[-49.303697,-25.27902],[-49.303738,-25.279032],[-49.303779,-25.279009],[-49.30382,-25.279005],[-49.303861,-25.278978],[-49.303932,-25.278979],[-49.303976,-25.279021],[-49.303954,-25.279067],[-49.303959,-25.279104],[-49.30392,-25.279124],[-49.303899,-25.27916],[-49.303858,-25.279175],[-49.303837,-25.279203],[-49.303765,-25.279213],[-49.303751,-25.27925],[-49.303714,-25.27928],[-49.303693,-25.279314],[-49.303732,-25.279343],[-49.303732,-25.27937],[-49.303763,-25.279408],[-49.303736,-25.279519],[-49.303746,-25.279584],[-49.303791,-25.279602],[-49.303803,-25.279622],[-49.303773,-25.279677],[-49.303776,-25.279696],[-49.303854,-25.279762],[-49.303858,-25.279799],[-49.303885,-25.279827],[-49.30388,-25.279864],[-49.303956,-25.27992],[-49.303998,-25.280032],[-49.304007,-25.280097],[-49.303988,-25.280111],[-49.303927,-25.280111],[-49.303914,-25.280124],[-49.303946,-25.280193],[-49.303966,-25.280201],[-49.304007,-25.280191],[-49.304021,-25.280162],[-49.304008,-25.280144],[-49.304039,-25.280136],[-49.304069,-25.280191],[-49.304044,-25.280255],[-49.304061,-25.280274],[-49.304088,-25.280283],[-49.304149,-25.280271],[-49.30417,-25.280257],[-49.30418,-25.280228],[-49.304201,-25.280232],[-49.304249,-25.280286],[-49.30425,-25.280324],[-49.304311,-25.280371],[-49.304331,-25.280377],[-49.304362,-25.280366],[-49.304392,-25.280391],[-49.304406,-25.28038],[-49.304403,-25.280343],[-49.304413,-25.280338],[-49.304444,-25.280357],[-49.304474,-25.280361],[-49.304515,-25.280317],[-49.304598,-25.280272],[-49.304638,-25.280302],[-49.30469,-25.280257],[-49.304741,-25.280255],[-49.304774,-25.280236],[-49.30479,-25.280134],[-49.304733,-25.280122],[-49.304713,-25.280107],[-49.304651,-25.280032]]}},{"type":"Feature","properties":{"alt":1059.0,"mestra":false},"geometry":{"type":"LineString","coordinates":[[-49.301518,-25.278141],[-49.301464,-25.27819]]}},{"type":"Feature","properties":{"alt":1059.0,"mestra":false},"geometry":{"type":"LineString","coordinates":[[-49.301474,-25.278222],[-49.301413,-25.278295],[-49.301423,-25.278333],[-49.301395,-25.278406],[-49.301359,-25.278592],[-49.301299,-25.278739],[-49.301176,-25.278914],[-49.300919,-25.279171],[-49.300877,-25.279254],[-49.300864,-25.279337],[-49.300893,-25.27957],[-49.300918,-25.279663],[-49.300948,-25.27971],[-49.301064,-25.279742],[-49.301136,-25.279749],[-49.301187,-25.279741],[-49.301228,-25.279718],[-49.30129,-25.279741],[-49.301431,-25.279825],[-49.301492,-25.279835],[-49.301645,-25.279788],[-49.301727,-25.279783],[-49.301789,-25.279739],[-49.301952,-25.279742],[-49.301993,-25.279703],[-49.302006,-25.279666],[-49.302066,-25.279648],[-49.302108,-25.279574],[-49.302189,-25.279603],[-49.302262,-25.279604],[-49.302301,-25.279549],[-49.302322,-25.279551],[-49.302343,-25.279538],[-49.302364,-25.279512],[-49.302364,-25.279485],[-49.302395,-25.279452],[-49.302446,-25.279453],[-49.302487,-25.27943],[-49.302526,-25.279394],[-49.302541,-25.279357],[-49.302611,-25.279293],[-49.302612,-25.279265],[-49.302578,-25.279227],[-49.302574,-25.279199],[-49.302676,-25.279061],[-49.302656,-25.279006],[-49.302585,-25.278977],[-49.302586,-25.278953],[-49.302596,-25.278947],[-49.302626,-25.27896],[-49.302718,-25.278971],[-49.302776,-25.278942],[-49.302777,-25.278849],[-49.30281,-25.278822],[-49.302799,-25.278775],[-49.302832,-25.278738],[-49.302856,-25.278646],[-49.30289,-25.278619],[-49.302891,-25.278572],[-49.302908,-25.278542],[-49.302949,-25.278508],[-49.30299,-25.278504],[-49.303008,-25.27849],[-49.302998,-25.278443],[-49.303043,-25.27837],[-49.303033,-25.278314],[-49.302973,-25.27828],[-49.302957,-25.27822],[-49.303004,-25.278198],[-49.303029,-25.278138],[-49.303063,-25.27811],[-49.303066,-25.278082],[-49.303078,-25.278075],[-49.303103,-25.278092],[-49.303108,-25.278129],[-49.303122,-25.278148],[-49.303158,-25.278149],[-49.303189,-25.278134],[-49.303235,-25.278029],[-49.303232,-25.278003],[-49.303211,-25.277991],[-49.303079,-25.277991],[-49.303038,-25.278004],[-49.302946,-25.277998],[-49.302692,-25.277939]]}},{"type":"Feature","properties":{"alt":1059.0,"mestra":false},"geometry":{"type":"LineString","coordinates":[[-49.304565,-25.279918],[-49.304541,-25.279797],[-49.304553,-25.279742],[-49.304576,-25.279715]]}},{"type":"Feature","properties":{"alt":1059.0,"mestra":false},"geometry":{"type":"LineString","coordinates":[[-49.303037,-25.278034],[-49.303053,-25.278045],[-49.303047,-25.278063],[-49.303029,-25.278054],[-49.303037,-25.278034]]}},{"type":"Feature","properties":{"alt":1059.0,"mestra":false},"geometry":{"type":"LineString","coordinates":[[-49.304772,-25.280273],[-49.30472,-25.280281],[-49.304703,-25.280309],[-49.30472,-25.280316],[-49.304777,-25.280292],[-49.304783,-25.280283],[-49.304772,-25.280273]]}},{"type":"Feature","properties":{"alt":1059.0,"mestra":false},"geometry":{"type":"LineString","coordinates":[[-49.304496,-25.280265],[-49.304508,-25.280279],[-49.304496,-25.280296],[-49.304463,-25.280288],[-49.304466,-25.280264],[-49.304496,-25.280265]]}},{"type":"Feature","properties":{"alt":1059.0,"mestra":false},"geometry":{"type":"LineString","coordinates":[[-49.304374,-25.280276],[-49.30436,-25.280296],[-49.304332,-25.280307],[-49.304322,-25.280299],[-49.304322,-25.280275],[-49.304374,-25.280276]]}},{"type":"Feature","properties":{"alt":1059.0,"mestra":false},"geometry":{"type":"LineString","coordinates":[[-49.303423,-25.280406],[-49.303401,-25.280415],[-49.303418,-25.280499],[-49.303442,-25.280515],[-49.303464,-25.280499],[-49.303469,-25.280444],[-49.303453,-25.280415],[-49.303423,-25.280406]]}},{"type":"Feature","properties":{"alt":1059.0,"mestra":false},"geometry":{"type":"LineString","coordinates":[[-49.304484,-25.280433],[-49.304484,-25.280433]]}},{"type":"Feature","properties":{"alt":1060.0,"mestra":true},"geometry":{"type":"LineString","coordinates":[[-49.303973,-25.278081],[-49.303919,-25.278139],[-49.303862,-25.278163],[-49.303791,-25.278164],[-49.303658,-25.278132]]}},{"type":"Feature","properties":{"alt":1060.0,"mestra":true},"geometry":{"type":"LineString","coordinates":[[-49.303503,-25.278113],[-49.303466,-25.278152],[-49.303457,-25.27818],[-49.303469,-25.278273],[-49.303462,-25.278319],[-49.303483,-25.278356],[-49.303504,-25.278459],[-49.303486,-25.278505],[-49.303491,-25.27857],[-49.303465,-25.278662],[-49.303473,-25.278718],[-49.303446,-25.27873],[-49.30344,-25.278745],[-49.303484,-25.278792],[-49.303473,-25.278866],[-49.303484,-25.278904],[-49.303518,-25.278932],[-49.303544,-25.278995],[-49.303592,-25.279016],[-49.303626,-25.279019],[-49.303634,-25.278989],[-49.303617,-25.278952],[-49.303632,-25.278924],[-49.303608,-25.278877],[-49.303701,-25.278771],[-49.303741,-25.278767],[-49.303751,-25.278777],[-49.303676,-25.278915],[-49.303699,-25.279017],[-49.303738,-25.279029],[-49.303779,-25.279006],[-49.303815,-25.279],[-49.303861,-25.278962],[-49.303902,-25.278974],[-49.303943,-25.278955],[-49.30401,-25.27904],[-49.304008,-25.279058],[-49.303971,-25.279113],[-49.30392,-25.27913],[-49.303899,-25.279166],[-49.303868,-25.279172],[-49.303837,-25.279208],[-49.303766,-25.279219],[-49.303721,-25.279305],[-49.303728,-25.279315],[-49.303744,-25.279294],[-49.303765,-25.279324],[-49.303744,-25.279371],[-49.303769,-25.279417],[-49.30374,-25.279519],[-49.303751,-25.279575],[-49.303799,-25.279603],[-49.30381,-25.279622],[-49.303777,-25.279677],[-49.303779,-25.279696],[-49.303857,-25.279762],[-49.303861,-25.279799],[-49.303888,-25.279818],[-49.30388,-25.279855],[-49.303889,-25.279873],[-49.30393,-25.279888],[-49.303964,-25.279921],[-49.304014,-25.28007],[-49.304072,-25.280117],[-49.304079,-25.280162],[-49.304113,-25.280163],[-49.30414,-25.280187],[-49.304171,-25.28018],[-49.304242,-25.280199],[-49.304255,-25.280314],[-49.304303,-25.280342],[-49.304311,-25.280359],[-49.304382,-25.280365],[-49.304393,-25.280317],[-49.304404,-25.280315],[-49.304443,-25.280353],[-49.304474,-25.280357],[-49.30451,-25.280316],[-49.304598,-25.280266],[-49.304639,-25.280299],[-49.30469,-25.280252],[-49.304772,-25.28023],[-49.304774,-25.28019],[-49.30479,-25.280153],[-49.304784,-25.280134],[-49.304724,-25.280124],[-49.304645,-25.280037]]}},{"type":"Feature","properties":{"alt":1060.0,"mestra":true},"geometry":{"type":"LineString","coordinates":[[-49.301581,-25.278191],[-49.301524,-25.278252],[-49.301523,-25.278278],[-49.301482,-25.278352],[-49.30142,-25.278611],[-49.301356,-25.278749],[-49.301218,-25.278933],[-49.300976,-25.279172],[-49.300934,-25.279245],[-49.300916,-25.279329],[-49.300922,-25.279542],[-49.300958,-25.2797],[-49.301085,-25.279736],[-49.301167,-25.279728],[-49.301218,-25.279694],[-49.30131,-25.279722],[-49.301384,-25.279789],[-49.301461,-25.27982],[-49.301594,-25.279796],[-49.301646,-25.279775],[-49.301717,-25.279776],[-49.301789,-25.27973],[-49.301922,-25.279734],[-49.301963,-25.279723],[-49.301983,-25.279703],[-49.301994,-25.279666],[-49.302065,-25.279639],[-49.302108,-25.279567],[-49.302169,-25.27959],[-49.30222,-25.279597],[-49.302261,-25.279583],[-49.302292,-25.279542],[-49.302333,-25.279537],[-49.302353,-25.279484],[-49.302395,-25.279445],[-49.302446,-25.279449],[-49.30248,-25.27943],[-49.302524,-25.279384],[-49.302569,-25.279311],[-49.302604,-25.279293],[-49.302606,-25.279265],[-49.302573,-25.279227],[-49.302568,-25.279199],[-49.302609,-25.279126],[-49.302662,-25.27908],[-49.302666,-25.279052],[-49.302646,-25.279008],[-49.302575,-25.278981],[-49.302577,-25.278958],[-49.302596,-25.278939],[-49.302708,-25.278965],[-49.302757,-25.278951],[-49.302781,-25.278886],[-49.302772,-25.278849],[-49.302807,-25.278822],[-49.302796,-25.278775],[-49.302834,-25.278718],[-49.302855,-25.278639],[-49.302886,-25.278618],[-49.302885,-25.278572],[-49.302939,-25.27851],[-49.30299,-25.278502],[-49.303006,-25.27849],[-49.302992,-25.278453],[-49.303036,-25.278379],[-49.303038,-25.278333],[-49.303021,-25.278305],[-49.302973,-25.278286],[-49.302951,-25.27823],[-49.303003,-25.278193],[-49.303017,-25.278137],[-49.303039,-25.27811],[-49.303016,-25.278103],[-49.303011,-25.278091],[-49.303043,-25.278082],[-49.303022,-25.278054],[-49.303025,-25.278036],[-49.303048,-25.27803],[-49.303067,-25.278063],[-49.303098,-25.278078],[-49.303117,-25.278137],[-49.303138,-25.278148],[-49.303168,-25.278142],[-49.303198,-25.278121],[-49.303232,-25.278029],[-49.303231,-25.27801],[-49.303211,-25.277995],[-49.302946,-25.278004],[-49.302722,-25.277962],[-49.302689,-25.277941]]}},{"type":"Feature","properties":{"alt":1060.0,"mestra":true},"geometry":{"type":"LineString","coordinates":[[-49.304563,-25.279918],[-49.304546,-25.27989],[-49.304532,-25.279797],[-49.304544,-25.279742],[-49.304564,-25.279713]]}},{"type":"Feature","properties":{"alt":1060.0,"mestra":true},"geometry":{"type":"LineString","coordinates":[[-49.302493,-25.279041],[-49.302507,-25.279059],[-49.302482,-25.279077],[-49.302469,-25.279059],[-49.302493,-25.279041]]}},{"type":"Feature","properties":{"alt":1060.0,"mestra":true},"geometry":{"type":"LineString","coordinates":[[-49.302563,-25.279113],[-49.302567,-25.279125],[-49.302533,-25.279153],[-49.302497,-25.279152],[-49.302501,-25.279137],[-49.302563,-25.279113]]}},{"type":"Feature","properties":{"alt":1060.0,"mestra":true},"geometry":{"type":"LineString","coordinates":[[-49.304019,-25.280106],[-49.303998,-25.280119],[-49.303937,-25.280111],[-49.303917,-25.280124],[-49.303956,-25.280198],[-49.304008,-25.280176],[-49.303993,-25.280134],[-49.304021,-25.280125],[-49.304029,-25.280116],[-49.304019,-25.280106]]}},{"type":"Feature","properties":{"alt":1060.0,"mestra":true},"geometry":{"type":"LineString","coordinates":[[-49.304712,-25.280149],[-49.304712,-25.280149]]}},{"type":"Feature","properties":{"alt":1060.0,"mestra":true},"geometry":{"type":"LineString","coordinates":[[-49.304089,-25.280204],[-49.30406,-25.280246],[-49.304067,-25.280267],[-49.304088,-25.280275],[-49.304119,-25.280259],[-49.304158,-25.280257],[-49.30415,-25.280224],[-49.304109,-25.280221],[-49.304089,-25.280204]]}},{"type":"Feature","properties":{"alt":1060.0,"mestra":true},"geometry":{"type":"LineString","coordinates":[[-49.304486,-25.280259],[-49.304509,-25.28027],[-49.304496,-25.280301],[-49.304452,-25.280288],[-49.304461,-25.28026],[-49.304486,-25.280259]]}},{"type":"Feature","properties":{"alt":1060.0,"mestra":true},"geometry":{"type":"LineString","coordinates":[[-49.304384,-25.280259],[-49.304414,-25.280289],[-49.304394,-25.280304],[-49.304373,-25.2803],[-49.304322,-25.280318],[-49.304312,-25.280272],[-49.304384,-25.280259]]}},{"type":"Feature","properties":{"alt":1060.0,"mestra":true},"geometry":{"type":"LineString","coordinates":[[-49.30473,-25.28029],[-49.30472,-25.280304],[-49.304739,-25.280291],[-49.30473,-25.28029]]}},{"type":"Feature","properties":{"alt":1060.0,"mestra":true},"geometry":{"type":"LineString","coordinates":[[-49.303453,-25.280429],[-49.303432,-25.280434],[-49.303442,-25.280461],[-49.303455,-25.280453],[-49.303453,-25.280429]]}},{"type":"Feature","properties":{"alt":1061.0,"mestra":false},"geometry":{"type":"LineString","coordinates":[[-49.303978,-25.278096],[-49.303922,-25.278148],[-49.303862,-25.278167],[-49.303791,-25.278166],[-49.303658,-25.278138]]}},{"type":"Feature","properties":{"alt":1061.0,"mestra":false},"geometry":{"type":"LineString","coordinates":[[-49.303517,-25.278117],[-49.303474,-25.278154],[-49.303461,-25.278189],[-49.303476,-25.278263],[-49.303468,-25.278319],[-49.303492,-25.278351],[-49.303514,-25.278459],[-49.303489,-25.278505],[-49.303493,-25.27857],[-49.303469,-25.278662],[-49.303478,-25.278718],[-49.303444,-25.278745],[-49.303487,-25.278792],[-49.303475,-25.278866],[-49.303484,-25.278898],[-49.303527,-25.278932],[-49.303544,-25.27899],[-49.303621,-25.279017],[-49.303627,-25.27898],[-49.303595,-25.278951],[-49.303621,-25.278924],[-49.303594,-25.278877],[-49.303701,-25.278764],[-49.303752,-25.278758],[-49.303767,-25.278777],[-49.303683,-25.278915],[-49.303688,-25.27898],[-49.303704,-25.279018],[-49.303738,-25.279026],[-49.30381,-25.278997],[-49.303831,-25.278956],[-49.303912,-25.278961],[-49.303941,-25.278927],[-49.303964,-25.27892],[-49.303976,-25.278937],[-49.303965,-25.278974],[-49.303983,-25.278986],[-49.304014,-25.278976],[-49.304034,-25.279058],[-49.303978,-25.279123],[-49.303927,-25.279131],[-49.303903,-25.279168],[-49.303868,-25.279175],[-49.303837,-25.279213],[-49.303769,-25.279222],[-49.303749,-25.279269],[-49.303774,-25.279325],[-49.303751,-25.279371],[-49.303773,-25.279417],[-49.303746,-25.279528],[-49.303761,-25.279577],[-49.303821,-25.279622],[-49.303787,-25.279668],[-49.303783,-25.279696],[-49.303861,-25.279762],[-49.303865,-25.279799],[-49.303895,-25.279818],[-49.303883,-25.279855],[-49.303889,-25.27987],[-49.30393,-25.279884],[-49.30397,-25.27992],[-49.304029,-25.280069],[-49.30408,-25.2801],[-49.30411,-25.280143],[-49.304141,-25.280143],[-49.304151,-25.280154],[-49.304181,-25.280149],[-49.304193,-25.280174],[-49.304212,-25.280183],[-49.304253,-25.28017],[-49.304277,-25.280193],[-49.304247,-25.280249],[-49.304266,-25.280286],[-49.304261,-25.280314],[-49.304281,-25.28033],[-49.304301,-25.28033],[-49.304313,-25.280314],[-49.304308,-25.280268],[-49.304364,-25.280257],[-49.304384,-25.280238],[-49.30441,-25.280241],[-49.304415,-25.280269],[-49.304435,-25.280282],[-49.304466,-25.280253],[-49.304514,-25.28027],[-49.304506,-25.280302],[-49.304445,-25.2803],[-49.304424,-25.280311],[-49.304436,-25.280343],[-49.304464,-25.280355],[-49.304485,-25.280348],[-49.304506,-25.280313],[-49.304589,-25.280271],[-49.304593,-25.280253],[-49.304578,-25.28023],[-49.304603,-25.280234],[-49.304605,-25.280253],[-49.304639,-25.280295],[-49.30469,-25.280246],[-49.304733,-25.280226],[-49.304763,-25.280227],[-49.304784,-25.280141],[-49.304743,-25.280134],[-49.304712,-25.28017],[-49.304691,-25.280175],[-49.304706,-25.280124],[-49.304639,-25.280042]]}},{"type":"Feature","properties":{"alt":1061.0,"mestra":false},"geometry":{"type":"LineString","coordinates":[[-49.301648,-25.278243],[-49.301607,-25.278288],[-49.301563,-25.278371],[-49.301482,-25.27863],[-49.301409,-25.278768],[-49.301258,-25.278952],[-49.301047,-25.279154],[-49.300988,-25.279246],[-49.300967,-25.279329],[-49.30096,-25.279533],[-49.300978,-25.279691],[-49.301002,-25.27971],[-49.301065,-25.279729],[-49.301105,-25.279723],[-49.301135,-25.279702],[-49.301153,-25.279656],[-49.301188,-25.279644],[-49.301249,-25.279684],[-49.30133,-25.279712],[-49.301451,-25.279799],[-49.301574,-25.279789],[-49.30159,-25.279745],[-49.301577,-25.279717],[-49.301585,-25.279715],[-49.30163,-25.279727],[-49.301676,-25.279763],[-49.301707,-25.279766],[-49.301789,-25.279719],[-49.301881,-25.279727],[-49.301953,-25.279711],[-49.301973,-25.279694],[-49.301984,-25.279661],[-49.302054,-25.279639],[-49.302118,-25.279548],[-49.302169,-25.279576],[-49.30222,-25.279585],[-49.302282,-25.279539],[-49.302323,-25.279527],[-49.302342,-25.279484],[-49.302395,-25.279437],[-49.302446,-25.279444],[-49.302486,-25.279421],[-49.302547,-25.279338],[-49.302553,-25.27931],[-49.302591,-25.279292],[-49.302603,-25.279274],[-49.302572,-25.279235],[-49.302561,-25.27919],[-49.302522,-25.279162],[-49.302491,-25.279156],[-49.302491,-25.279139],[-49.302502,-25.279118],[-49.302553,-25.279103],[-49.302614,-25.27911],[-49.302655,-25.27907],[-49.302643,-25.279015],[-49.30256,-25.278986],[-49.302576,-25.278943],[-49.302596,-25.278933],[-49.302708,-25.278957],[-49.302749,-25.278947],[-49.302776,-25.278886],[-49.302768,-25.278849],[-49.302804,-25.278822],[-49.302793,-25.278775],[-49.302834,-25.278711],[-49.302853,-25.278637],[-49.302879,-25.278618],[-49.30288,-25.278572],[-49.302939,-25.278505],[-49.303003,-25.27849],[-49.302985,-25.278453],[-49.303025,-25.278397],[-49.303036,-25.278342],[-49.303015,-25.278304],[-49.302972,-25.27829],[-49.302947,-25.278229],[-49.303004,-25.278184],[-49.302996,-25.278073],[-49.303014,-25.278063],[-49.303027,-25.278024],[-49.303048,-25.278019],[-49.303108,-25.278083],[-49.303125,-25.278139],[-49.303158,-25.278143],[-49.303195,-25.278121],[-49.303229,-25.278029],[-49.303227,-25.27801],[-49.303211,-25.277999],[-49.303048,-25.278016],[-49.302987,-25.278004],[-49.302946,-25.27801],[-49.302824,-25.277982],[-49.302712,-25.277971],[-49.302679,-25.27795]]}},{"type":"Feature","properties":{"alt":1061.0,"mestra":false},"geometry":{"type":"LineString","coordinates":[[-49.304562,-25.279919],[-49.304537,-25.27989],[-49.304522,-25.279797],[-49.304538,-25.279732],[-49.304559,-25.279709]]}},{"type":"Feature","properties":{"alt":1061.0,"mestra":false},"geometry":{"type":"LineString","coordinates":[[-49.302524,-25.278982],[-49.302512,-25.278995],[-49.302514,-25.278978],[-49.302524,-25.278982]]}},{"type":"Feature","properties":{"alt":1061.0,"mestra":false},"geometry":{"type":"LineString","coordinates":[[-49.302513,-25.27903],[-49.30252,-25.27906],[-49.302492,-25.279109],[-49.302455,-25.279087],[-49.30245,-25.279059],[-49.302483,-25.27903],[-49.302513,-25.27903]]}},{"type":"Feature","properties":{"alt":1061.0,"mestra":false},"geometry":{"type":"LineString","coordinates":[[-49.302583,-25.279144],[-49.302563,-25.279146],[-49.302562,-25.279173],[-49.302583,-25.279144]]}},{"type":"Feature","properties":{"alt":1061.0,"mestra":false},"geometry":{"type":"LineString","coordinates":[[-49.303934,-25.2796],[-49.303964,-25.279633],[-49.303943,-25.279666],[-49.303913,-25.279614],[-49.303934,-25.2796]]}},{"type":"Feature","properties":{"alt":1061.0,"mestra":false},"geometry":{"type":"LineString","coordinates":[[-49.301422,-25.279686],[-49.301438,-25.279697],[-49.301432,-25.279706],[-49.301396,-25.279705],[-49.301395,-25.279696],[-49.301422,-25.279686]]}},{"type":"Feature","properties":{"alt":1061.0,"mestra":false},"geometry":{"type":"LineString","coordinates":[[-49.303947,-25.280114],[-49.303927,-25.280118],[-49.303921,-25.280133],[-49.303955,-25.280189],[-49.303966,-25.28019],[-49.303965,-25.280171],[-49.303982,-25.280153],[-49.303981,-25.280125],[-49.303947,-25.280114]]}},{"type":"Feature","properties":{"alt":1061.0,"mestra":false},"geometry":{"type":"LineString","coordinates":[[-49.304088,-25.280227],[-49.304072,-25.280256],[-49.304088,-25.280266],[-49.304103,-25.280247],[-49.304088,-25.280227]]}},{"type":"Feature","properties":{"alt":1061.0,"mestra":false},"geometry":{"type":"LineString","coordinates":[[-49.304139,-25.280235],[-49.304125,-25.280247],[-49.304139,-25.280254],[-49.304151,-25.280247],[-49.304139,-25.280235]]}},{"type":"Feature","properties":{"alt":1061.0,"mestra":false},"geometry":{"type":"LineString","coordinates":[[-49.304373,-25.28031],[-49.304342,-25.280315],[-49.304331,-25.280342],[-49.304372,-25.280351],[-49.304383,-25.280334],[-49.304373,-25.28031]]}},{"type":"Feature","properties":{"alt":1062.0,"mestra":false},"geometry":{"type":"LineString","coordinates":[[-49.303983,-25.2781],[-49.303947,-25.278148],[-49.303882,-25.278168],[-49.303801,-25.27817],[-49.303658,-25.278144]]}},{"type":"Feature","properties":{"alt":1062.0,"mestra":false},"geometry":{"type":"LineString","coordinates":[[-49.303523,-25.278122],[-49.303474,-25.278164],[-49.303466,-25.278189],[-49.303485,-25.278273],[-49.303472,-25.278311],[-49.303502,-25.278347],[-49.303524,-25.27845],[-49.303492,-25.278505],[-49.303495,-25.27857],[-49.303473,-25.278662],[-49.303481,-25.278727],[-49.303456,-25.278746],[-49.303491,-25.278792],[-49.303485,-25.278891],[-49.303505,-25.278911],[-49.303546,-25.278923],[-49.303535,-25.278951],[-49.303544,-25.278985],[-49.303616,-25.279013],[-49.303623,-25.278989],[-49.303582,-25.278951],[-49.303608,-25.278924],[-49.303585,-25.278877],[-49.303701,-25.278759],[-49.303752,-25.278749],[-49.303779,-25.278777],[-49.303748,-25.278805],[-49.303687,-25.278925],[-49.303694,-25.27899],[-49.303709,-25.279018],[-49.303738,-25.279023],[-49.303809,-25.278991],[-49.30381,-25.278949],[-49.303821,-25.27894],[-49.303902,-25.278954],[-49.303927,-25.278918],[-49.303974,-25.278899],[-49.304004,-25.278919],[-49.303983,-25.278969],[-49.304025,-25.278952],[-49.304035,-25.278956],[-49.30404,-25.279077],[-49.303981,-25.279135],[-49.30393,-25.279136],[-49.303909,-25.279169],[-49.303868,-25.279179],[-49.303842,-25.279214],[-49.303776,-25.279223],[-49.303755,-25.279269],[-49.303781,-25.279325],[-49.303758,-25.279371],[-49.303779,-25.279417],[-49.30375,-25.279528],[-49.303768,-25.279575],[-49.303839,-25.279622],[-49.3038,-25.279654],[-49.303786,-25.279696],[-49.303858,-25.279752],[-49.303869,-25.279799],[-49.303902,-25.279818],[-49.303889,-25.279866],[-49.30393,-25.279879],[-49.30397,-25.27991],[-49.304008,-25.279967],[-49.304047,-25.28007],[-49.30409,-25.280088],[-49.304132,-25.280066],[-49.304157,-25.28008],[-49.304157,-25.280118],[-49.304171,-25.280133],[-49.304233,-25.280113],[-49.304273,-25.280141],[-49.304324,-25.280151],[-49.304328,-25.280185],[-49.304272,-25.280208],[-49.304253,-25.280239],[-49.304274,-25.280286],[-49.304267,-25.280314],[-49.304281,-25.280326],[-49.304308,-25.280314],[-49.304294,-25.280277],[-49.304301,-25.280268],[-49.304323,-25.280253],[-49.304364,-25.28025],[-49.304384,-25.280229],[-49.304435,-25.280226],[-49.304456,-25.280244],[-49.304515,-25.280261],[-49.304514,-25.280298],[-49.304526,-25.2803],[-49.304588,-25.280262],[-49.304558,-25.280234],[-49.304568,-25.280221],[-49.304613,-25.280234],[-49.304639,-25.28029],[-49.304732,-25.280209],[-49.304752,-25.280212],[-49.304779,-25.280143],[-49.304743,-25.280139],[-49.304712,-25.280181],[-49.304681,-25.280182],[-49.304696,-25.280124],[-49.304634,-25.280047]]}},{"type":"Feature","properties":{"alt":1062.0,"mestra":false},"geometry":{"type":"LineString","coordinates":[[-49.301717,-25.278298],[-49.301637,-25.278409],[-49.30155,-25.27864],[-49.30147,-25.278778],[-49.301334,-25.278935],[-49.301111,-25.279145],[-49.301046,-25.279237],[-49.30102,-25.279321],[-49.301004,-25.279534],[-49.301016,-25.279599],[-49.301015,-25.279692],[-49.301033,-25.279711],[-49.301075,-25.279722],[-49.301105,-25.279711],[-49.30113,-25.279684],[-49.301137,-25.279647],[-49.301189,-25.279623],[-49.301239,-25.279661],[-49.3013,-25.279687],[-49.301361,-25.279692],[-49.301422,-25.279677],[-49.301472,-25.279697],[-49.301476,-25.279706],[-49.301395,-25.279733],[-49.301452,-25.279775],[-49.301554,-25.279767],[-49.301563,-25.279735],[-49.30154,-25.279707],[-49.301555,-25.279704],[-49.301642,-25.279718],[-49.301697,-25.279747],[-49.301762,-25.27971],[-49.301769,-25.279679],[-49.301881,-25.279718],[-49.30195,-25.279693],[-49.301974,-25.279652],[-49.302046,-25.279627],[-49.302108,-25.279543],[-49.302159,-25.279544],[-49.3022,-25.279567],[-49.30223,-25.279566],[-49.302311,-25.279521],[-49.302332,-25.279484],[-49.302375,-25.279457],[-49.302395,-25.279425],[-49.302446,-25.279438],[-49.302479,-25.279421],[-49.30254,-25.279338],[-49.30254,-25.279299],[-49.302594,-25.279274],[-49.302566,-25.279236],[-49.302552,-25.279191],[-49.302521,-25.279167],[-49.302488,-25.279161],[-49.302488,-25.279124],[-49.302443,-25.279087],[-49.302437,-25.279059],[-49.302484,-25.279013],[-49.302504,-25.278962],[-49.302555,-25.278973],[-49.302579,-25.27893],[-49.302698,-25.278948],[-49.302739,-25.27894],[-49.302772,-25.278886],[-49.302764,-25.278849],[-49.302801,-25.278822],[-49.302789,-25.278794],[-49.302792,-25.278766],[-49.302834,-25.278704],[-49.302848,-25.278637],[-49.302865,-25.278618],[-49.302866,-25.278609],[-49.302834,-25.278599],[-49.302866,-25.278588],[-49.302939,-25.278499],[-49.303,-25.27849],[-49.302977,-25.278452],[-49.303022,-25.278397],[-49.303033,-25.27836],[-49.303023,-25.278318],[-49.302972,-25.278294],[-49.302944,-25.278229],[-49.303,-25.278184],[-49.302981,-25.278072],[-49.303019,-25.278017],[-49.302987,-25.278009],[-49.302946,-25.278017],[-49.302824,-25.277989],[-49.302701,-25.27798],[-49.302658,-25.27796]]}},{"type":"Feature","properties":{"alt":1062.0,"mestra":false},"geometry":{"type":"LineString","coordinates":[[-49.304555,-25.279924],[-49.304527,-25.27989],[-49.304511,-25.279797],[-49.304528,-25.279732],[-49.304555,-25.279705]]}},{"type":"Feature","properties":{"alt":1062.0,"mestra":false},"geometry":{"type":"LineString","coordinates":[[-49.303221,-25.278009],[-49.303119,-25.27801],[-49.303076,-25.278027],[-49.303133,-25.278139],[-49.303158,-25.27814],[-49.303192,-25.278121],[-49.303224,-25.278038],[-49.303221,-25.278009]]}},{"type":"Feature","properties":{"alt":1062.0,"mestra":false},"geometry":{"type":"LineString","coordinates":[[-49.303599,-25.278762],[-49.303622,-25.278803],[-49.303608,-25.278811],[-49.303588,-25.278804],[-49.30357,-25.278775],[-49.303578,-25.278762],[-49.303599,-25.278762]]}},{"type":"Feature","properties":{"alt":1062.0,"mestra":false},"geometry":{"type":"LineString","coordinates":[[-49.302565,-25.279002],[-49.302534,-25.279015],[-49.302522,-25.279099],[-49.302614,-25.279093],[-49.302634,-25.279079],[-49.302642,-25.279024],[-49.302626,-25.279012],[-49.302595,-25.279017],[-49.302565,-25.279002]]}},{"type":"Feature","properties":{"alt":1062.0,"mestra":false},"geometry":{"type":"LineString","coordinates":[[-49.303955,-25.279573],[-49.303965,-25.279577],[-49.303973,-25.279642],[-49.303943,-25.279703],[-49.303932,-25.279702],[-49.303925,-25.279651],[-49.303902,-25.279614],[-49.303955,-25.279573]]}},{"type":"Feature","properties":{"alt":1062.0,"mestra":false},"geometry":{"type":"LineString","coordinates":[[-49.303967,-25.280123],[-49.303926,-25.280124],[-49.303946,-25.280161],[-49.303975,-25.280143],[-49.303967,-25.280123]]}},{"type":"Feature","properties":{"alt":1062.0,"mestra":false},"geometry":{"type":"LineString","coordinates":[[-49.304233,-25.280137],[-49.304205,-25.280146],[-49.30421,-25.280174],[-49.30424,-25.280156],[-49.304244,-25.280146],[-49.304233,-25.280137]]}},{"type":"Feature","properties":{"alt":1062.0,"mestra":false},"geometry":{"type":"LineString","coordinates":[[-49.304487,-25.280166],[-49.304497,-25.280177],[-49.304467,-25.280177],[-49.304487,-25.280166]]}},{"type":"Feature","properties":{"alt":1062.0,"mestra":false},"geometry":{"type":"LineString","coordinates":[[-49.304548,-25.280233],[-49.304535,-25.280243],[-49.304548,-25.280233]]}},{"type":"Feature","properties":{"alt":1062.0,"mestra":false},"geometry":{"type":"LineString","coordinates":[[-49.304435,-25.280248],[-49.304422,-25.28026],[-49.304435,-25.280272],[-49.304443,-25.28026],[-49.304435,-25.280248]]}},{"type":"Feature","properties":{"alt":1062.0,"mestra":false},"geometry":{"type":"LineString","coordinates":[[-49.304465,-25.280305],[-49.304444,-25.280308],[-49.304432,-25.280325],[-49.304442,-25.280344],[-49.304464,-25.280352],[-49.304485,-25.280343],[-49.304495,-25.280316],[-49.304465,-25.280305]]}},{"type":"Feature","properties":{"alt":1062.0,"mestra":false},"geometry":{"type":"LineString","coordinates":[[-49.304363,-25.280315],[-49.304339,-25.280324],[-49.304342,-25.280341],[-49.304373,-25.280341],[-49.304363,-25.280315]]}},{"type":"Feature","properties":{"alt":1063.0,"mestra":false},"geometry":{"type":"LineString","coordinates":[[-49.304006,-25.278102],[-49.303976,-25.278149],[-49.303923,-25.27817],[-49.303811,-25.278173],[-49.303658,-25.278148]]}},{"type":"Feature","properties":{"alt":1063.0,"mestra":false},"geometry":{"type":"LineString","coordinates":[[-49.303528,-25.278127],[-49.303476,-25.278171],[-49.30347,-25.278189],[-49.303494,-25.278273],[-49.303481,-25.27831],[-49.303508,-25.278329],[-49.303534,-25.27845],[-49.303494,-25.278505],[-49.303498,-25.27857],[-49.303483,-25.278607],[-49.303491,-25.278635],[-49.303477,-25.278662],[-49.303489,-25.278718],[-49.303475,-25.278755],[-49.303495,-25.278802],[-49.303483,-25.278867],[-49.303492,-25.278894],[-49.303515,-25.278908],[-49.303535,-25.278905],[-49.30361,-25.278849],[-49.303614,-25.278831],[-49.303578,-25.278812],[-49.30356,-25.278784],[-49.303568,-25.278756],[-49.303619,-25.278754],[-49.303627,-25.278785],[-49.303659,-25.278794],[-49.303694,-25.278758],[-49.303752,-25.278739],[-49.303782,-25.278759],[-49.30379,-25.278777],[-49.303751,-25.278809],[-49.303693,-25.278925],[-49.303698,-25.27899],[-49.303717,-25.279018],[-49.303738,-25.279019],[-49.303801,-25.278991],[-49.30381,-25.278934],[-49.303902,-25.27894],[-49.303913,-25.278904],[-49.303974,-25.278888],[-49.304046,-25.278898],[-49.304082,-25.278957],[-49.304051,-25.279077],[-49.304023,-25.279098],[-49.304012,-25.279123],[-49.303971,-25.279157],[-49.303944,-25.279141],[-49.30393,-25.279144],[-49.303909,-25.279177],[-49.303868,-25.279184],[-49.303847,-25.279215],[-49.303776,-25.279232],[-49.303765,-25.279259],[-49.303762,-25.279278],[-49.303787,-25.279325],[-49.303764,-25.279371],[-49.303786,-25.279408],[-49.303766,-25.279454],[-49.303758,-25.279538],[-49.303778,-25.279575],[-49.303868,-25.279623],[-49.303867,-25.279632],[-49.303811,-25.279649],[-49.30379,-25.279696],[-49.303865,-25.279752],[-49.30387,-25.27979],[-49.303904,-25.279808],[-49.303893,-25.279864],[-49.30394,-25.279878],[-49.303971,-25.2799],[-49.304051,-25.280014],[-49.304081,-25.28001],[-49.304132,-25.28003],[-49.304196,-25.28009],[-49.304304,-25.280112],[-49.304355,-25.280138],[-49.304354,-25.280195],[-49.304283,-25.280209],[-49.30426,-25.28023],[-49.30426,-25.280258],[-49.304282,-25.280275],[-49.304323,-25.280247],[-49.304353,-25.280248],[-49.304374,-25.280221],[-49.304446,-25.280216],[-49.304467,-25.280242],[-49.304506,-25.280253],[-49.304527,-25.280226],[-49.304578,-25.280213],[-49.304609,-25.280223],[-49.30463,-25.280211],[-49.304642,-25.280225],[-49.304625,-25.280253],[-49.304639,-25.280282],[-49.304649,-25.280277],[-49.30471,-25.280207],[-49.30467,-25.280179],[-49.304688,-25.280133],[-49.304684,-25.280114],[-49.304619,-25.280051]]}},{"type":"Feature","properties":{"alt":1063.0,"mestra":false},"geometry":{"type":"LineString","coordinates":[[-49.301789,-25.278356],[-49.301716,-25.278447],[-49.301617,-25.27866],[-49.301528,-25.278798],[-49.301176,-25.279137],[-49.3011,-25.279238],[-49.301072,-25.279321],[-49.301053,-25.279534],[-49.301075,-25.27959],[-49.301107,-25.279621],[-49.301148,-25.279624],[-49.301189,-25.279608],[-49.301239,-25.279644],[-49.301315,-25.279677],[-49.301423,-25.279672],[-49.301677,-25.279712],[-49.301718,-25.279705],[-49.301754,-25.279672],[-49.30178,-25.279664],[-49.301851,-25.279705],[-49.301881,-25.279709],[-49.301943,-25.279684],[-49.301979,-25.279619],[-49.302025,-25.27962],[-49.302066,-25.2796],[-49.302108,-25.279536],[-49.302159,-25.279534],[-49.30221,-25.279558],[-49.302298,-25.279521],[-49.302321,-25.279484],[-49.302377,-25.279448],[-49.302382,-25.279429],[-49.302364,-25.279392],[-49.302396,-25.2794],[-49.302436,-25.27943],[-49.302477,-25.279412],[-49.302488,-25.279385],[-49.302531,-25.279338],[-49.302521,-25.279273],[-49.302557,-25.279264],[-49.302557,-25.279218],[-49.302521,-25.279173],[-49.302482,-25.279161],[-49.302481,-25.279124],[-49.302435,-25.279086],[-49.302431,-25.279051],[-49.302467,-25.279013],[-49.302504,-25.278935],[-49.302545,-25.278966],[-49.302576,-25.278926],[-49.302698,-25.278942],[-49.302739,-25.278916],[-49.302768,-25.278877],[-49.302766,-25.27884],[-49.302797,-25.278822],[-49.302785,-25.278794],[-49.302789,-25.278766],[-49.302843,-25.278674],[-49.302844,-25.278627],[-49.302825,-25.278599],[-49.302866,-25.278578],[-49.302917,-25.278517],[-49.302919,-25.278475],[-49.302949,-25.278491],[-49.302995,-25.27849],[-49.30299,-25.27847],[-49.302966,-25.278452],[-49.302998,-25.278425],[-49.303028,-25.27837],[-49.303022,-25.278323],[-49.302972,-25.278298],[-49.302941,-25.278229],[-49.302996,-25.278184],[-49.302972,-25.278063],[-49.302993,-25.278026],[-49.302793,-25.277993],[-49.302681,-25.27799],[-49.302652,-25.278006]]}},{"type":"Feature","properties":{"alt":1063.0,"mestra":false},"geometry":{"type":"LineString","coordinates":[[-49.304539,-25.279948],[-49.304517,-25.279899],[-49.3045,-25.279797],[-49.304512,-25.279741],[-49.304541,-25.279701]]}},{"type":"Feature","properties":{"alt":1063.0,"mestra":false},"geometry":{"type":"LineString","coordinates":[[-49.303211,-25.27801],[-49.303119,-25.278016],[-49.303091,-25.278027],[-49.303088,-25.278046],[-49.303138,-25.278137],[-49.303189,-25.27812],[-49.303221,-25.278038],[-49.303211,-25.27801]]}},{"type":"Feature","properties":{"alt":1063.0,"mestra":false},"geometry":{"type":"LineString","coordinates":[[-49.303863,-25.278803],[-49.303908,-25.278871],[-49.303893,-25.278896],[-49.303841,-25.278889],[-49.303852,-25.278843],[-49.303821,-25.278805],[-49.303863,-25.278803]]}},{"type":"Feature","properties":{"alt":1063.0,"mestra":false},"geometry":{"type":"LineString","coordinates":[[-49.303565,-25.278947],[-49.303545,-25.278946],[-49.303545,-25.278974],[-49.303613,-25.278998],[-49.303565,-25.278947]]}},{"type":"Feature","properties":{"alt":1063.0,"mestra":false},"geometry":{"type":"LineString","coordinates":[[-49.304065,-25.278974],[-49.304053,-25.278975],[-49.304055,-25.278992],[-49.30407,-25.278985],[-49.304065,-25.278974]]}},{"type":"Feature","properties":{"alt":1063.0,"mestra":false},"geometry":{"type":"LineString","coordinates":[[-49.302564,-25.279013],[-49.302543,-25.279032],[-49.302534,-25.279078],[-49.302543,-25.279088],[-49.302604,-25.279077],[-49.302632,-25.279042],[-49.302626,-25.279021],[-49.302595,-25.279029],[-49.302564,-25.279013]]}},{"type":"Feature","properties":{"alt":1063.0,"mestra":false},"geometry":{"type":"LineString","coordinates":[[-49.304471,-25.279164],[-49.304484,-25.279175],[-49.304479,-25.279184],[-49.304445,-25.279184],[-49.304449,-25.279165],[-49.304471,-25.279164]]}},{"type":"Feature","properties":{"alt":1063.0,"mestra":false},"geometry":{"type":"LineString","coordinates":[[-49.303955,-25.279549],[-49.30398,-25.279568],[-49.303985,-25.279642],[-49.303968,-25.279707],[-49.303942,-25.279722],[-49.303922,-25.279711],[-49.303919,-25.27966],[-49.303891,-25.279614],[-49.303955,-25.279549]]}},{"type":"Feature","properties":{"alt":1063.0,"mestra":false},"geometry":{"type":"LineString","coordinates":[[-49.301107,-25.279643],[-49.301066,-25.279649],[-49.301052,-25.279701],[-49.301085,-25.279708],[-49.301116,-25.279685],[-49.301121,-25.279665],[-49.301107,-25.279643]]}},{"type":"Feature","properties":{"alt":1063.0,"mestra":false},"geometry":{"type":"LineString","coordinates":[[-49.301513,-25.279742],[-49.30145,-25.279752],[-49.301503,-25.279756],[-49.301513,-25.279742]]}},{"type":"Feature","properties":{"alt":1063.0,"mestra":false},"geometry":{"type":"LineString","coordinates":[[-49.304081,-25.280028],[-49.304061,-25.280029],[-49.304051,-25.280051],[-49.304062,-25.28007],[-49.30408,-25.280076],[-49.304099,-25.280052],[-49.304081,-25.280028]]}},{"type":"Feature","properties":{"alt":1063.0,"mestra":false},"geometry":{"type":"LineString","coordinates":[[-49.303957,-25.280124],[-49.303934,-25.280124],[-49.303947,-25.28015],[-49.303967,-25.280136],[-49.303957,-25.280124]]}},{"type":"Feature","properties":{"alt":1063.0,"mestra":false},"geometry":{"type":"LineString","coordinates":[[-49.304773,-25.280143],[-49.304743,-25.280145],[-49.304728,-25.280189],[-49.304752,-25.280192],[-49.304775,-25.280162],[-49.304773,-25.280143]]}},{"type":"Feature","properties":{"alt":1063.0,"mestra":false},"geometry":{"type":"LineString","coordinates":[[-49.304488,-25.280146],[-49.304519,-25.280177],[-49.304507,-25.280207],[-49.304456,-25.280193],[-49.304437,-25.280167],[-49.304488,-25.280146]]}},{"type":"Feature","properties":{"alt":1063.0,"mestra":false},"geometry":{"type":"LineString","coordinates":[[-49.304568,-25.280245],[-49.304527,-25.280258],[-49.304526,-25.280295],[-49.304578,-25.280271],[-49.304568,-25.280245]]}},{"type":"Feature","properties":{"alt":1063.0,"mestra":false},"geometry":{"type":"LineString","coordinates":[[-49.304292,-25.280289],[-49.304272,-25.280304],[-49.304281,-25.280321],[-49.304303,-25.280314],[-49.304292,-25.280289]]}},{"type":"Feature","properties":{"alt":1063.0,"mestra":false},"geometry":{"type":"LineString","coordinates":[[-49.304475,-25.280313],[-49.304443,-25.280316],[-49.304448,-25.280344],[-49.304464,-25.280348],[-49.304485,-25.280336],[-49.304485,-25.280317],[-49.304475,-25.280313]]}},{"type":"Feature","properties":{"alt":1063.0,"mestra":false},"geometry":{"type":"LineString","coordinates":[[-49.304363,-25.280323],[-49.304346,-25.280333],[-49.304362,-25.280336],[-49.304363,-25.280323]]}},{"type":"Feature","properties":{"alt":1064.0,"mestra":false},"geometry":{"type":"LineString","coordinates":[[-49.303534,-25.278132],[-49.303484,-25.27817],[-49.303475,-25.278189],[-49.3035,-25.278245],[-49.303542,-25.27845],[-49.303505,-25.278486],[-49.303495,-25.278514],[-49.3035,-25.27857],[-49.303485,-25.278607],[-49.303494,-25.278635],[-49.303481,-25.278672],[-49.303496,-25.278709],[-49.303483,-25.278755],[-49.3035,-25.278802],[-49.303495,-25.278889],[-49.303529,-25.278895],[-49.3036,-25.27884],[-49.303541,-25.278793],[-49.303558,-25.278754],[-49.303629,-25.278746],[-49.303635,-25.278776],[-49.303659,-25.278787],[-49.303691,-25.278754],[-49.303752,-25.278729],[-49.303801,-25.278759],[-49.303813,-25.278787],[-49.303894,-25.278791],[-49.303905,-25.278806],[-49.3039,-25.278834],[-49.303934,-25.278887],[-49.304056,-25.27887],[-49.304084,-25.278938],[-49.304119,-25.278985],[-49.304085,-25.279013],[-49.304088,-25.279041],[-49.30404,-25.279123],[-49.304001,-25.279142],[-49.303981,-25.279182],[-49.30394,-25.279151],[-49.303909,-25.279185],[-49.303871,-25.279186],[-49.303847,-25.27922],[-49.303778,-25.279241],[-49.303769,-25.279278],[-49.303793,-25.279325],[-49.303769,-25.279371],[-49.303795,-25.279408],[-49.30377,-25.279454],[-49.303761,-25.279529],[-49.303771,-25.279557],[-49.303822,-25.279597],[-49.303883,-25.279597],[-49.303922,-25.279577],[-49.303955,-25.279531],[-49.304003,-25.279568],[-49.303986,-25.279615],[-49.304015,-25.279643],[-49.303988,-25.27968],[-49.303972,-25.279773],[-49.303932,-25.279748],[-49.303892,-25.279753],[-49.303912,-25.279697],[-49.303903,-25.279656],[-49.303821,-25.27965],[-49.303797,-25.279696],[-49.303875,-25.279752],[-49.303878,-25.27979],[-49.303913,-25.279809],[-49.3039,-25.279866],[-49.303961,-25.279871],[-49.304001,-25.279922],[-49.304021,-25.279915],[-49.304082,-25.279956],[-49.304123,-25.279968],[-49.304129,-25.280006],[-49.304152,-25.280029],[-49.304213,-25.280059],[-49.304223,-25.280084],[-49.304274,-25.280097],[-49.304338,-25.280083],[-49.304369,-25.280139],[-49.304376,-25.280204],[-49.304395,-25.28022],[-49.304438,-25.280204],[-49.304416,-25.280158],[-49.30445,-25.280149],[-49.304468,-25.280117],[-49.304478,-25.280117],[-49.304498,-25.280127],[-49.304529,-25.280168],[-49.304528,-25.280215],[-49.304579,-25.280205],[-49.304607,-25.280216],[-49.30463,-25.280202],[-49.30467,-25.280222],[-49.304691,-25.280217],[-49.304693,-25.280207],[-49.304664,-25.280179],[-49.304682,-25.280124],[-49.304627,-25.280086],[-49.304612,-25.280058]]}},{"type":"Feature","properties":{"alt":1064.0,"mestra":false},"geometry":{"type":"LineString","coordinates":[[-49.304015,-25.278178],[-49.303831,-25.278178],[-49.303658,-25.278153]]}},{"type":"Feature","properties":{"alt":1064.0,"mestra":false},"geometry":{"type":"LineString","coordinates":[[-49.301866,-25.278412],[-49.301796,-25.278491],[-49.301676,-25.278697],[-49.301587,-25.278817],[-49.30126,-25.27911],[-49.301165,-25.27922],[-49.301133,-25.279285],[-49.301117,-25.279359],[-49.301106,-25.279554],[-49.301112,-25.279591],[-49.301128,-25.279605],[-49.301169,-25.27958],[-49.301239,-25.279627],[-49.301344,-25.279668],[-49.301525,-25.279671],[-49.301636,-25.279697],[-49.301688,-25.279696],[-49.30178,-25.279653],[-49.301871,-25.279702],[-49.301933,-25.27968],[-49.301954,-25.279632],[-49.301976,-25.27961],[-49.302025,-25.279613],[-49.302067,-25.279595],[-49.302098,-25.279535],[-49.302159,-25.279526],[-49.30221,-25.279549],[-49.302243,-25.27953],[-49.302233,-25.279502],[-49.302253,-25.279502],[-49.302264,-25.279521],[-49.302292,-25.279518],[-49.302313,-25.279481],[-49.302375,-25.279441],[-49.302346,-25.279392],[-49.302352,-25.279382],[-49.302396,-25.279389],[-49.302447,-25.279417],[-49.302463,-25.279412],[-49.302469,-25.279384],[-49.302495,-25.279365],[-49.302519,-25.279319],[-49.302509,-25.279264],[-49.302548,-25.279236],[-49.302552,-25.279218],[-49.302521,-25.279178],[-49.302481,-25.279166],[-49.302475,-25.279124],[-49.302431,-25.279088],[-49.302422,-25.279068],[-49.302478,-25.278939],[-49.302501,-25.278911],[-49.302525,-25.278903],[-49.302545,-25.278954],[-49.302575,-25.278921],[-49.302688,-25.278936],[-49.302729,-25.278912],[-49.302754,-25.278877],[-49.302761,-25.27884],[-49.302793,-25.278822],[-49.302781,-25.278803],[-49.302786,-25.278766],[-49.302839,-25.278674],[-49.302836,-25.278627],[-49.302818,-25.278599],[-49.302865,-25.278572],[-49.302913,-25.278517],[-49.302909,-25.278468],[-49.30294,-25.278471],[-49.302962,-25.278489],[-49.30299,-25.27849],[-49.30299,-25.278476],[-49.302958,-25.278452],[-49.302994,-25.278425],[-49.303024,-25.27837],[-49.303017,-25.278323],[-49.302972,-25.278302],[-49.302938,-25.278229],[-49.302994,-25.278174],[-49.302956,-25.278038],[-49.302803,-25.278001],[-49.302656,-25.278009]]}},{"type":"Feature","properties":{"alt":1064.0,"mestra":false},"geometry":{"type":"LineString","coordinates":[[-49.30452,-25.279214],[-49.304511,-25.279199],[-49.30445,-25.279196],[-49.304429,-25.279174],[-49.30445,-25.279152],[-49.304522,-25.279158]]}},{"type":"Feature","properties":{"alt":1064.0,"mestra":false},"geometry":{"type":"LineString","coordinates":[[-49.304533,-25.279953],[-49.30451,-25.279927],[-49.304488,-25.279797],[-49.3045,-25.279741],[-49.304536,-25.279697]]}},{"type":"Feature","properties":{"alt":1064.0,"mestra":false},"geometry":{"type":"LineString","coordinates":[[-49.303211,-25.278018],[-49.30318,-25.278027],[-49.303129,-25.27802],[-49.303096,-25.278036],[-49.303138,-25.278132],[-49.303169,-25.27813],[-49.303189,-25.278114],[-49.303198,-25.278065],[-49.303215,-25.278038],[-49.303211,-25.278018]]}},{"type":"Feature","properties":{"alt":1064.0,"mestra":false},"geometry":{"type":"LineString","coordinates":[[-49.303834,-25.278719],[-49.303848,-25.278732],[-49.303848,-25.27875],[-49.303813,-25.278755],[-49.303816,-25.278722],[-49.303834,-25.278719]]}},{"type":"Feature","properties":{"alt":1064.0,"mestra":false},"geometry":{"type":"LineString","coordinates":[[-49.303792,-25.278803],[-49.303755,-25.278814],[-49.303699,-25.278925],[-49.303703,-25.27899],[-49.303728,-25.279015],[-49.3038,-25.278984],[-49.303797,-25.278944],[-49.303811,-25.278926],[-49.303862,-25.278934],[-49.30388,-25.278927],[-49.303862,-25.278909],[-49.303826,-25.278898],[-49.30384,-25.278843],[-49.303792,-25.278803]]}},{"type":"Feature","properties":{"alt":1064.0,"mestra":false},"geometry":{"type":"LineString","coordinates":[[-49.302574,-25.279028],[-49.302554,-25.279032],[-49.302544,-25.279069],[-49.302553,-25.279079],[-49.302605,-25.279061],[-49.302605,-25.279042],[-49.302574,-25.279028]]}},{"type":"Feature","properties":{"alt":1064.0,"mestra":false},"geometry":{"type":"LineString","coordinates":[[-49.303926,-25.279459],[-49.303935,-25.279475],[-49.303915,-25.279484],[-49.303911,-25.279465],[-49.303926,-25.279459]]}},{"type":"Feature","properties":{"alt":1064.0,"mestra":false},"geometry":{"type":"LineString","coordinates":[[-49.302036,-25.279553],[-49.302036,-25.279553]]}},{"type":"Feature","properties":{"alt":1064.0,"mestra":false},"geometry":{"type":"LineString","coordinates":[[-49.304112,-25.279994],[-49.30412,-25.279997],[-49.304112,-25.279994]]}},{"type":"Feature","properties":{"alt":1064.0,"mestra":false},"geometry":{"type":"LineString","coordinates":[[-49.303947,-25.280131],[-49.303947,-25.280131]]}},{"type":"Feature","properties":{"alt":1064.0,"mestra":false},"geometry":{"type":"LineString","coordinates":[[-49.304763,-25.280144],[-49.304743,-25.280153],[-49.304742,-25.280184],[-49.30477,-25.280162],[-49.304763,-25.280144]]}},{"type":"Feature","properties":{"alt":1064.0,"mestra":false},"geometry":{"type":"LineString","coordinates":[[-49.304476,-25.280212],[-49.30447,-25.280233],[-49.304507,-25.280245],[-49.304507,-25.280228],[-49.304476,-25.280212]]}},{"type":"Feature","properties":{"alt":1064.0,"mestra":false},"geometry":{"type":"LineString","coordinates":[[-49.304323,-25.28021],[-49.304269,-25.280221],[-49.304261,-25.280249],[-49.304272,-25.280264],[-49.304292,-25.280265],[-49.304323,-25.28024],[-49.304354,-25.280236],[-49.304353,-25.280222],[-49.304323,-25.28021]]}},{"type":"Feature","properties":{"alt":1064.0,"mestra":false},"geometry":{"type":"LineString","coordinates":[[-49.304558,-25.280251],[-49.304536,-25.280261],[-49.304526,-25.280284],[-49.30457,-25.280271],[-49.304575,-25.280262],[-49.304558,-25.280251]]}},{"type":"Feature","properties":{"alt":1064.0,"mestra":false},"geometry":{"type":"LineString","coordinates":[[-49.304292,-25.280296],[-49.304278,-25.280305],[-49.304281,-25.280315],[-49.304296,-25.280314],[-49.304292,-25.280296]]}},{"type":"Feature","properties":{"alt":1064.0,"mestra":false},"geometry":{"type":"LineString","coordinates":[[-49.304465,-25.280315],[-49.304445,-25.280325],[-49.304464,-25.280345],[-49.304482,-25.280325],[-49.304465,-25.280315]]}},{"type":"Feature","properties":{"alt":1065.0,"mestra":true},"geometry":{"type":"LineString","coordinates":[[-49.303539,-25.278137],[-49.303481,-25.278189],[-49.303524,-25.278292],[-49.303549,-25.27845],[-49.303499,-25.278505],[-49.303502,-25.27857],[-49.303488,-25.278607],[-49.303498,-25.278635],[-49.303486,-25.278672],[-49.303511,-25.278718],[-49.303496,-25.278772],[-49.303507,-25.278776],[-49.303517,-25.278759],[-49.303552,-25.278747],[-49.303619,-25.278736],[-49.30364,-25.278744],[-49.303648,-25.278776],[-49.30366,-25.27878],[-49.303691,-25.278747],[-49.303732,-25.278732],[-49.303773,-25.278684],[-49.303761,-25.278721],[-49.303772,-25.27874],[-49.303802,-25.27874],[-49.303814,-25.278703],[-49.303856,-25.278722],[-49.303871,-25.27876],[-49.303898,-25.278769],[-49.303915,-25.27879],[-49.303915,-25.278834],[-49.303954,-25.278868],[-49.304067,-25.278855],[-49.304087,-25.278883],[-49.30409,-25.278938],[-49.304139,-25.278995],[-49.304095,-25.279019],[-49.304125,-25.27905],[-49.304115,-25.279076],[-49.304084,-25.279068],[-49.304074,-25.279074],[-49.304057,-25.279105],[-49.304062,-25.279133],[-49.304012,-25.279145],[-49.303991,-25.279194],[-49.30396,-25.279199],[-49.30394,-25.279177],[-49.303909,-25.279194],[-49.303878,-25.279188],[-49.303847,-25.279225],[-49.303786,-25.279241],[-49.303775,-25.279269],[-49.303799,-25.279325],[-49.303776,-25.27938],[-49.303805,-25.279418],[-49.303773,-25.279455],[-49.303781,-25.27951],[-49.30377,-25.279538],[-49.303781,-25.279559],[-49.303822,-25.279592],[-49.303852,-25.279594],[-49.30391,-25.279577],[-49.303935,-25.279531],[-49.303955,-25.279521],[-49.303986,-25.279548],[-49.304026,-25.279557],[-49.30404,-25.279578],[-49.304036,-25.279603],[-49.304005,-25.279594],[-49.303994,-25.279605],[-49.304,-25.279624],[-49.304025,-25.279629],[-49.304031,-25.279643],[-49.304024,-25.27968],[-49.303999,-25.279698],[-49.304006,-25.279735],[-49.303994,-25.279763],[-49.304006,-25.2798],[-49.303992,-25.279811],[-49.303921,-25.279771],[-49.303896,-25.279781],[-49.303923,-25.279818],[-49.303901,-25.279855],[-49.304012,-25.279859],[-49.304043,-25.279875],[-49.304045,-25.279912],[-49.304082,-25.27994],[-49.304143,-25.27994],[-49.304137,-25.279997],[-49.304146,-25.280015],[-49.304224,-25.280047],[-49.304234,-25.280072],[-49.304274,-25.280084],[-49.304346,-25.28007],[-49.304368,-25.280092],[-49.304395,-25.280215],[-49.304415,-25.280213],[-49.30443,-25.280195],[-49.304398,-25.280167],[-49.304403,-25.280148],[-49.304447,-25.280132],[-49.304446,-25.280084],[-49.304425,-25.280056],[-49.304479,-25.280047],[-49.304521,-25.28002]]}},{"type":"Feature","properties":{"alt":1065.0,"mestra":true},"geometry":{"type":"LineString","coordinates":[[-49.304015,-25.278182],[-49.303943,-25.278196],[-49.303657,-25.278155]]}},{"type":"Feature","properties":{"alt":1065.0,"mestra":true},"geometry":{"type":"LineString","coordinates":[[-49.301943,-25.278471],[-49.301867,-25.27855],[-49.301667,-25.278818],[-49.301339,-25.279083],[-49.301214,-25.27923],[-49.301167,-25.279341],[-49.301161,-25.279461],[-49.30117,-25.27952],[-49.301212,-25.279555],[-49.30125,-25.279612],[-49.301361,-25.279659],[-49.301535,-25.27966],[-49.301626,-25.279685],[-49.301688,-25.279685],[-49.30178,-25.27964],[-49.301851,-25.279689],[-49.301881,-25.279692],[-49.301925,-25.279674],[-49.301964,-25.27961],[-49.301985,-25.279601],[-49.302026,-25.279606],[-49.302062,-25.279592],[-49.302083,-25.279537],[-49.302098,-25.279528],[-49.302149,-25.279519],[-49.30221,-25.27954],[-49.302225,-25.279529],[-49.302223,-25.279502],[-49.302241,-25.279492],[-49.302272,-25.279513],[-49.302289,-25.279512],[-49.302308,-25.279475],[-49.30237,-25.279438],[-49.302338,-25.279392],[-49.302345,-25.279376],[-49.302447,-25.279393],[-49.302486,-25.279356],[-49.302509,-25.279301],[-49.302499,-25.279263],[-49.302546,-25.279218],[-49.302517,-25.27918],[-49.302479,-25.27917],[-49.30247,-25.279124],[-49.30242,-25.279077],[-49.302418,-25.279049],[-49.302445,-25.279003],[-49.302466,-25.278929],[-49.302494,-25.278902],[-49.302525,-25.278893],[-49.302556,-25.278914],[-49.302668,-25.27893],[-49.302725,-25.278904],[-49.302756,-25.27884],[-49.302783,-25.278821],[-49.302774,-25.278803],[-49.302782,-25.278766],[-49.302836,-25.278674],[-49.302817,-25.27859],[-49.302856,-25.278574],[-49.302908,-25.278517],[-49.302899,-25.27847],[-49.30295,-25.278458],[-49.302989,-25.278425],[-49.303017,-25.278379],[-49.303013,-25.278326],[-49.30297,-25.278304],[-49.302935,-25.278229],[-49.30299,-25.278174],[-49.302971,-25.278091],[-49.302945,-25.278045],[-49.302813,-25.278009],[-49.30266,-25.278015]]}},{"type":"Feature","properties":{"alt":1065.0,"mestra":true},"geometry":{"type":"LineString","coordinates":[[-49.304512,-25.279221],[-49.30444,-25.279199],[-49.304419,-25.279165],[-49.304436,-25.279147],[-49.304512,-25.279136],[-49.304522,-25.279121]]}},{"type":"Feature","properties":{"alt":1065.0,"mestra":true},"geometry":{"type":"LineString","coordinates":[[-49.304522,-25.279972],[-49.304493,-25.279927],[-49.304475,-25.279797],[-49.304492,-25.279732],[-49.304531,-25.279692]]}},{"type":"Feature","properties":{"alt":1065.0,"mestra":true},"geometry":{"type":"LineString","coordinates":[[-49.30315,-25.278027],[-49.303119,-25.278027],[-49.303102,-25.278046],[-49.303148,-25.278131],[-49.303187,-25.278112],[-49.303197,-25.278047],[-49.30315,-25.278027]]}},{"type":"Feature","properties":{"alt":1065.0,"mestra":true},"geometry":{"type":"LineString","coordinates":[[-49.30298,-25.278475],[-49.30296,-25.27848],[-49.30298,-25.278487],[-49.30298,-25.278475]]}},{"type":"Feature","properties":{"alt":1065.0,"mestra":true},"geometry":{"type":"LineString","coordinates":[[-49.303516,-25.278797],[-49.303507,-25.278811],[-49.303519,-25.278839],[-49.303538,-25.278858],[-49.303566,-25.278858],[-49.30356,-25.27883],[-49.303516,-25.278797]]}},{"type":"Feature","properties":{"alt":1065.0,"mestra":true},"geometry":{"type":"LineString","coordinates":[[-49.303792,-25.278814],[-49.303761,-25.278817],[-49.303703,-25.278934],[-49.303708,-25.27899],[-49.303728,-25.279009],[-49.303796,-25.278981],[-49.303792,-25.278935],[-49.303834,-25.278852],[-49.303822,-25.278831],[-49.303792,-25.278814]]}},{"type":"Feature","properties":{"alt":1065.0,"mestra":true},"geometry":{"type":"LineString","coordinates":[[-49.302574,-25.279041],[-49.30256,-25.279051],[-49.302564,-25.279067],[-49.30259,-25.27906],[-49.302574,-25.279041]]}},{"type":"Feature","properties":{"alt":1065.0,"mestra":true},"geometry":{"type":"LineString","coordinates":[[-49.303917,-25.279378],[-49.303926,-25.279401],[-49.303896,-25.279413],[-49.303896,-25.279382],[-49.303917,-25.279378]]}},{"type":"Feature","properties":{"alt":1065.0,"mestra":true},"geometry":{"type":"LineString","coordinates":[[-49.303926,-25.279438],[-49.303957,-25.279475],[-49.303915,-25.279496],[-49.303901,-25.279484],[-49.303898,-25.279456],[-49.303926,-25.279438]]}},{"type":"Feature","properties":{"alt":1065.0,"mestra":true},"geometry":{"type":"LineString","coordinates":[[-49.302047,-25.279543],[-49.302054,-25.279555],[-49.302036,-25.279565],[-49.302026,-25.279546],[-49.302047,-25.279543]]}},{"type":"Feature","properties":{"alt":1065.0,"mestra":true},"geometry":{"type":"LineString","coordinates":[[-49.303851,-25.279659],[-49.303821,-25.279662],[-49.303808,-25.279696],[-49.303871,-25.27974],[-49.303895,-25.279716],[-49.303902,-25.279681],[-49.303851,-25.279659]]}},{"type":"Feature","properties":{"alt":1065.0,"mestra":true},"geometry":{"type":"LineString","coordinates":[[-49.304285,-25.280034],[-49.304295,-25.280056],[-49.304259,-25.280045],[-49.304265,-25.280032],[-49.304285,-25.280034]]}},{"type":"Feature","properties":{"alt":1065.0,"mestra":true},"geometry":{"type":"LineString","coordinates":[[-49.304407,-25.280054],[-49.304422,-25.280065],[-49.304376,-25.280082],[-49.304376,-25.280061],[-49.304407,-25.280054]]}},{"type":"Feature","properties":{"alt":1065.0,"mestra":true},"geometry":{"type":"LineString","coordinates":[[-49.30459,-25.280092],[-49.304569,-25.280104],[-49.304582,-25.280122],[-49.304559,-25.280145],[-49.304558,-25.280113],[-49.304519,-25.280094],[-49.304496,-25.280103],[-49.304538,-25.280162],[-49.304538,-25.280211],[-49.304579,-25.280196],[-49.30465,-25.280193],[-49.304676,-25.280142],[-49.304676,-25.280124],[-49.304662,-25.280111],[-49.30459,-25.280092]]}},{"type":"Feature","properties":{"alt":1065.0,"mestra":true},"geometry":{"type":"LineString","coordinates":[[-49.304763,-25.280151],[-49.304752,-25.280152],[-49.304749,-25.280171],[-49.304763,-25.280151]]}},{"type":"Feature","properties":{"alt":1065.0,"mestra":true},"geometry":{"type":"LineString","coordinates":[[-49.304313,-25.280215],[-49.304272,-25.280222],[-49.304264,-25.280239],[-49.304272,-25.280259],[-49.304307,-25.280249],[-49.304322,-25.280231],[-49.304313,-25.280215]]}},{"type":"Feature","properties":{"alt":1065.0,"mestra":true},"geometry":{"type":"LineString","coordinates":[[-49.304547,-25.280266],[-49.304538,-25.28027],[-49.304547,-25.280266]]}},{"type":"Feature","properties":{"alt":1065.0,"mestra":true},"geometry":{"type":"LineString","coordinates":[[-49.304465,-25.280322],[-49.304454,-25.280335],[-49.304472,-25.280335],[-49.304465,-25.280322]]}},{"type":"Feature","properties":{"alt":1066.0,"mestra":false},"geometry":{"type":"LineString","coordinates":[[-49.303544,-25.278141],[-49.303486,-25.278189],[-49.303494,-25.278215],[-49.30352,-25.278236],[-49.303552,-25.278394],[-49.303552,-25.278458],[-49.303501,-25.278505],[-49.303505,-25.27857],[-49.303491,-25.278607],[-49.303501,-25.278635],[-49.303492,-25.278672],[-49.303528,-25.278728],[-49.303568,-25.27874],[-49.30364,-25.278733],[-49.30366,-25.278768],[-49.303691,-25.27874],[-49.303724,-25.27873],[-49.303763,-25.278679],[-49.303783,-25.278675],[-49.303793,-25.278703],[-49.303773,-25.278713],[-49.303772,-25.278733],[-49.303793,-25.278738],[-49.303793,-25.278703],[-49.303814,-25.278695],[-49.303879,-25.278723],[-49.303916,-25.27876],[-49.303934,-25.278834],[-49.303965,-25.278858],[-49.304067,-25.278848],[-49.30408,-25.278855],[-49.304102,-25.278892],[-49.304091,-25.278929],[-49.304152,-25.278995],[-49.304113,-25.279022],[-49.304139,-25.27905],[-49.304124,-25.279087],[-49.304104,-25.279103],[-49.304074,-25.279089],[-49.304066,-25.279105],[-49.304085,-25.279133],[-49.30408,-25.279142],[-49.304011,-25.279159],[-49.304004,-25.279197],[-49.303971,-25.279225],[-49.303974,-25.279253],[-49.303941,-25.279243],[-49.303939,-25.279202],[-49.303889,-25.279194],[-49.303876,-25.279196],[-49.303857,-25.279225],[-49.30379,-25.27925],[-49.303783,-25.279278],[-49.303806,-25.279325],[-49.303783,-25.27938],[-49.303832,-25.279418],[-49.303778,-25.279454],[-49.303779,-25.279482],[-49.303803,-25.27951],[-49.303782,-25.279534],[-49.303784,-25.279547],[-49.303822,-25.279585],[-49.303852,-25.279588],[-49.303906,-25.279567],[-49.303921,-25.27953],[-49.303944,-25.279512],[-49.303945,-25.279503],[-49.303905,-25.279501],[-49.30386,-25.279428],[-49.303901,-25.279363],[-49.303881,-25.279326],[-49.303928,-25.279301],[-49.303943,-25.279317],[-49.303921,-25.279363],[-49.303957,-25.279406],[-49.303967,-25.279447],[-49.30405,-25.279569],[-49.304055,-25.279625],[-49.304043,-25.279662],[-49.304054,-25.279699],[-49.304017,-25.279763],[-49.304025,-25.279791],[-49.304004,-25.279837],[-49.304111,-25.279885],[-49.304113,-25.279907],[-49.304074,-25.279913],[-49.304084,-25.279931],[-49.304103,-25.279934],[-49.304123,-25.279914],[-49.304152,-25.279932],[-49.304144,-25.279997],[-49.304163,-25.280023],[-49.304224,-25.280039],[-49.304275,-25.280021],[-49.304315,-25.280058],[-49.304341,-25.280055],[-49.304367,-25.280036],[-49.304448,-25.28003],[-49.304469,-25.28001],[-49.304481,-25.279964],[-49.304461,-25.279889],[-49.304465,-25.279769],[-49.304484,-25.279722],[-49.304525,-25.279686]]}},{"type":"Feature","properties":{"alt":1066.0,"mestra":false},"geometry":{"type":"LineString","coordinates":[[-49.304014,-25.278212],[-49.303943,-25.278211],[-49.303862,-25.278188],[-49.303655,-25.278157]]}},{"type":"Feature","properties":{"alt":1066.0,"mestra":false},"geometry":{"type":"LineString","coordinates":[[-49.30202,-25.278534],[-49.301917,-25.278629],[-49.301735,-25.278837],[-49.301452,-25.279028],[-49.301356,-25.279111],[-49.301295,-25.279185],[-49.301219,-25.279323],[-49.301195,-25.279434],[-49.301205,-25.279518],[-49.301267,-25.279555],[-49.301265,-25.279583],[-49.301281,-25.279602],[-49.301383,-25.27965],[-49.301474,-25.27966],[-49.301535,-25.279652],[-49.301678,-25.279674],[-49.30178,-25.279629],[-49.301851,-25.279679],[-49.301882,-25.279683],[-49.301912,-25.27967],[-49.301926,-25.279637],[-49.301964,-25.279602],[-49.302056,-25.27959],[-49.302073,-25.279555],[-49.302067,-25.27955],[-49.302062,-25.279565],[-49.302036,-25.27957],[-49.302019,-25.279555],[-49.302026,-25.279539],[-49.302139,-25.279511],[-49.3022,-25.279526],[-49.302231,-25.279487],[-49.302282,-25.279499],[-49.302296,-25.279475],[-49.302363,-25.279438],[-49.302335,-25.2794],[-49.302335,-25.279373],[-49.302437,-25.279381],[-49.302467,-25.279356],[-49.302502,-25.279301],[-49.302493,-25.279254],[-49.302539,-25.279218],[-49.302521,-25.279189],[-49.302472,-25.27917],[-49.302464,-25.279124],[-49.302427,-25.279096],[-49.302413,-25.279068],[-49.302454,-25.27892],[-49.302474,-25.278898],[-49.302515,-25.278885],[-49.302546,-25.278888],[-49.302576,-25.278911],[-49.302658,-25.278923],[-49.302719,-25.278901],[-49.30273,-25.278867],[-49.302766,-25.278821],[-49.302798,-25.27872],[-49.302834,-25.278664],[-49.302809,-25.27859],[-49.302856,-25.278569],[-49.302904,-25.278517],[-49.302899,-25.278462],[-49.30294,-25.278455],[-49.302981,-25.278428],[-49.302991,-25.278395],[-49.30301,-25.278379],[-49.303008,-25.278332],[-49.302965,-25.278304],[-49.302932,-25.278229],[-49.302986,-25.278174],[-49.302967,-25.278091],[-49.30294,-25.278053],[-49.302894,-25.278031],[-49.302803,-25.278016],[-49.30269,-25.278023],[-49.302661,-25.278042]]}},{"type":"Feature","properties":{"alt":1066.0,"mestra":false},"geometry":{"type":"LineString","coordinates":[[-49.304507,-25.279234],[-49.304429,-25.279199],[-49.304411,-25.279165],[-49.30443,-25.27914],[-49.304491,-25.279128],[-49.304514,-25.279112]]}},{"type":"Feature","properties":{"alt":1066.0,"mestra":false},"geometry":{"type":"LineString","coordinates":[[-49.303149,-25.278036],[-49.303129,-25.278032],[-49.30311,-25.278046],[-49.303139,-25.27812],[-49.303158,-25.278127],[-49.303183,-25.278112],[-49.303186,-25.278074],[-49.30318,-25.278057],[-49.303149,-25.278036]]}},{"type":"Feature","properties":{"alt":1066.0,"mestra":false},"geometry":{"type":"LineString","coordinates":[[-49.302754,-25.278588],[-49.302763,-25.278598],[-49.302744,-25.278611],[-49.30274,-25.278589],[-49.302754,-25.278588]]}},{"type":"Feature","properties":{"alt":1066.0,"mestra":false},"geometry":{"type":"LineString","coordinates":[[-49.303812,-25.278831],[-49.303781,-25.278825],[-49.303771,-25.278833],[-49.303787,-25.27887],[-49.30375,-25.278873],[-49.30371,-25.278934],[-49.303714,-25.27899],[-49.303728,-25.279003],[-49.30379,-25.278981],[-49.303784,-25.278935],[-49.303803,-25.27888],[-49.303826,-25.278852],[-49.303812,-25.278831]]}},{"type":"Feature","properties":{"alt":1066.0,"mestra":false},"geometry":{"type":"LineString","coordinates":[[-49.303855,-25.279418],[-49.303836,-25.279418],[-49.303855,-25.279418]]}},{"type":"Feature","properties":{"alt":1066.0,"mestra":false},"geometry":{"type":"LineString","coordinates":[[-49.304006,-25.279518],[-49.303984,-25.279522],[-49.303996,-25.279542],[-49.304013,-25.279531],[-49.304006,-25.279518]]}},{"type":"Feature","properties":{"alt":1066.0,"mestra":false},"geometry":{"type":"LineString","coordinates":[[-49.303861,-25.279685],[-49.303841,-25.279681],[-49.303835,-25.279696],[-49.303852,-25.279724],[-49.303871,-25.279729],[-49.303884,-25.279706],[-49.303861,-25.279685]]}},{"type":"Feature","properties":{"alt":1066.0,"mestra":false},"geometry":{"type":"LineString","coordinates":[[-49.303962,-25.2798],[-49.30394,-25.2798],[-49.303932,-25.279837],[-49.303981,-25.279848],[-49.303992,-25.279837],[-49.303962,-25.2798]]}},{"type":"Feature","properties":{"alt":1066.0,"mestra":false},"geometry":{"type":"LineString","coordinates":[[-49.304254,-25.280061],[-49.304254,-25.280061]]}},{"type":"Feature","properties":{"alt":1066.0,"mestra":false},"geometry":{"type":"LineString","coordinates":[[-49.304396,-25.280108],[-49.304385,-25.28012],[-49.304396,-25.280132],[-49.304413,-25.280121],[-49.304396,-25.280108]]}},{"type":"Feature","properties":{"alt":1066.0,"mestra":false},"geometry":{"type":"LineString","coordinates":[[-49.304661,-25.280118],[-49.3046,-25.280123],[-49.304548,-25.28017],[-49.304542,-25.280206],[-49.304582,-25.280187],[-49.30465,-25.280182],[-49.304673,-25.280133],[-49.304661,-25.280118]]}},{"type":"Feature","properties":{"alt":1066.0,"mestra":false},"geometry":{"type":"LineString","coordinates":[[-49.304416,-25.28019],[-49.304395,-25.28019],[-49.304395,-25.280207],[-49.304418,-25.280204],[-49.304416,-25.28019]]}},{"type":"Feature","properties":{"alt":1066.0,"mestra":false},"geometry":{"type":"LineString","coordinates":[[-49.304303,-25.280218],[-49.304272,-25.280227],[-49.304272,-25.280254],[-49.304302,-25.280248],[-49.304314,-25.280231],[-49.304303,-25.280218]]}},{"type":"Feature","properties":{"alt":1067.0,"mestra":false},"geometry":{"type":"LineString","coordinates":[[-49.303558,-25.278146],[-49.303492,-25.278199],[-49.303529,-25.278227],[-49.303562,-25.278394],[-49.303556,-25.278459],[-49.303511,-25.278492],[-49.303502,-25.278514],[-49.303498,-25.278663],[-49.303532,-25.278719],[-49.303568,-25.278735],[-49.30364,-25.278726],[-49.30367,-25.278741],[-49.303711,-25.27873],[-49.303794,-25.278646],[-49.303804,-25.278684],[-49.303882,-25.278713],[-49.303935,-25.278754],[-49.303937,-25.278788],[-49.303973,-25.278854],[-49.304067,-25.278843],[-49.304087,-25.278854],[-49.304111,-25.278892],[-49.304096,-25.278931],[-49.304136,-25.278974],[-49.304173,-25.278986],[-49.304137,-25.279023],[-49.304152,-25.27906],[-49.304093,-25.279145],[-49.304022,-25.27917],[-49.304013,-25.279225],[-49.30399,-25.279268],[-49.303939,-25.279254],[-49.303923,-25.279215],[-49.303888,-25.279204],[-49.303868,-25.279232],[-49.303806,-25.279247],[-49.303793,-25.279269],[-49.303816,-25.279316],[-49.303789,-25.279371],[-49.303824,-25.279396],[-49.303875,-25.279397],[-49.303886,-25.279363],[-49.303853,-25.279316],[-49.303887,-25.279268],[-49.303908,-25.279287],[-49.303928,-25.279285],[-49.303967,-25.279317],[-49.303936,-25.279354],[-49.303967,-25.279388],[-49.304057,-25.279547],[-49.304087,-25.279644],[-49.30408,-25.27969],[-49.304053,-25.279727],[-49.304018,-25.279838],[-49.304043,-25.279852],[-49.304063,-25.279849],[-49.30411,-25.279876],[-49.304161,-25.279932],[-49.304148,-25.279997],[-49.304163,-25.280019],[-49.304224,-25.280033],[-49.304275,-25.280011],[-49.304326,-25.280045],[-49.304367,-25.280016],[-49.304432,-25.280019],[-49.304452,-25.28],[-49.304463,-25.279954],[-49.304452,-25.279926],[-49.304414,-25.279889],[-49.304448,-25.279843],[-49.304458,-25.279741],[-49.304521,-25.279673]]}},{"type":"Feature","properties":{"alt":1067.0,"mestra":false},"geometry":{"type":"LineString","coordinates":[[-49.304004,-25.278242],[-49.303862,-25.278193],[-49.303654,-25.278158]]}},{"type":"Feature","properties":{"alt":1067.0,"mestra":false},"geometry":{"type":"LineString","coordinates":[[-49.302116,-25.278605],[-49.301977,-25.278699],[-49.301805,-25.278857],[-49.301585,-25.278973],[-49.301493,-25.279034],[-49.301399,-25.279112],[-49.301345,-25.279176],[-49.301248,-25.27936],[-49.301226,-25.279472],[-49.301237,-25.279518],[-49.301344,-25.279575],[-49.301404,-25.279641],[-49.301453,-25.279652],[-49.301525,-25.279643],[-49.301617,-25.279656],[-49.301688,-25.27965],[-49.301791,-25.27962],[-49.301861,-25.279663],[-49.301882,-25.279663],[-49.301893,-25.279628],[-49.301975,-25.279593],[-49.302026,-25.279594],[-49.302049,-25.279583],[-49.302018,-25.279564],[-49.302017,-25.279536],[-49.302129,-25.279503],[-49.30219,-25.27951],[-49.302231,-25.279481],[-49.302272,-25.279486],[-49.302324,-25.279442],[-49.302347,-25.279438],[-49.302327,-25.279401],[-49.302327,-25.279373],[-49.302345,-25.279364],[-49.302437,-25.27937],[-49.302489,-25.27931],[-49.302494,-25.279291],[-49.302476,-25.279254],[-49.302521,-25.279227],[-49.302529,-25.279208],[-49.302511,-25.279188],[-49.30247,-25.279176],[-49.302464,-25.279133],[-49.302408,-25.279068],[-49.302406,-25.27903],[-49.302438,-25.27891],[-49.302464,-25.278883],[-49.302505,-25.278875],[-49.302546,-25.278877],[-49.302576,-25.278904],[-49.302627,-25.278915],[-49.302668,-25.278916],[-49.302716,-25.278895],[-49.302796,-25.27871],[-49.302826,-25.278664],[-49.302798,-25.27859],[-49.302856,-25.278565],[-49.302887,-25.278531],[-49.302902,-25.278507],[-49.302893,-25.278461],[-49.302979,-25.278425],[-49.302998,-25.278369],[-49.302998,-25.278332],[-49.302962,-25.278309],[-49.302929,-25.278229],[-49.302983,-25.278174],[-49.302963,-25.27809],[-49.302945,-25.278067],[-49.302905,-25.278041],[-49.302823,-25.278026],[-49.302711,-25.278032],[-49.302665,-25.278045]]}},{"type":"Feature","properties":{"alt":1067.0,"mestra":false},"geometry":{"type":"LineString","coordinates":[[-49.304501,-25.27924],[-49.304423,-25.279202],[-49.304404,-25.279165],[-49.30442,-25.279136],[-49.304508,-25.279106]]}},{"type":"Feature","properties":{"alt":1067.0,"mestra":false},"geometry":{"type":"LineString","coordinates":[[-49.303139,-25.278043],[-49.30312,-25.278055],[-49.303147,-25.27812],[-49.303158,-25.278122],[-49.303179,-25.278111],[-49.30318,-25.278074],[-49.303139,-25.278043]]}},{"type":"Feature","properties":{"alt":1067.0,"mestra":false},"geometry":{"type":"LineString","coordinates":[[-49.302774,-25.278587],[-49.302781,-25.278599],[-49.302743,-25.278627],[-49.30273,-25.278589],[-49.302744,-25.278581],[-49.302774,-25.278587]]}},{"type":"Feature","properties":{"alt":1067.0,"mestra":false},"geometry":{"type":"LineString","coordinates":[[-49.303783,-25.27872],[-49.303783,-25.27873],[-49.303783,-25.27872]]}},{"type":"Feature","properties":{"alt":1067.0,"mestra":false},"geometry":{"type":"LineString","coordinates":[[-49.303812,-25.278839],[-49.30379,-25.278842],[-49.303812,-25.278856],[-49.303812,-25.278839]]}},{"type":"Feature","properties":{"alt":1067.0,"mestra":false},"geometry":{"type":"LineString","coordinates":[[-49.30376,-25.278897],[-49.30375,-25.278896],[-49.303716,-25.278943],[-49.303718,-25.278985],[-49.303738,-25.279],[-49.303786,-25.278972],[-49.30376,-25.278897]]}},{"type":"Feature","properties":{"alt":1067.0,"mestra":false},"geometry":{"type":"LineString","coordinates":[[-49.303844,-25.279453],[-49.303793,-25.279448],[-49.303781,-25.279464],[-49.30382,-25.27952],[-49.30381,-25.279548],[-49.303825,-25.279576],[-49.303842,-25.279582],[-49.303894,-25.279558],[-49.303903,-25.27953],[-49.303874,-25.279478],[-49.303844,-25.279453]]}},{"type":"Feature","properties":{"alt":1067.0,"mestra":false},"geometry":{"type":"LineString","coordinates":[[-49.303961,-25.279817],[-49.303951,-25.279815],[-49.303948,-25.279828],[-49.303961,-25.279837],[-49.30397,-25.279828],[-49.303961,-25.279817]]}},{"type":"Feature","properties":{"alt":1067.0,"mestra":false},"geometry":{"type":"LineString","coordinates":[[-49.304651,-25.280122],[-49.3046,-25.280133],[-49.304548,-25.28018],[-49.304548,-25.280201],[-49.304579,-25.280182],[-49.304645,-25.280179],[-49.304666,-25.280133],[-49.304651,-25.280122]]}},{"type":"Feature","properties":{"alt":1067.0,"mestra":false},"geometry":{"type":"LineString","coordinates":[[-49.304293,-25.280221],[-49.304272,-25.280235],[-49.304282,-25.280254],[-49.304305,-25.28024],[-49.304293,-25.280221]]}},{"type":"Feature","properties":{"alt":1068.0,"mestra":false},"geometry":{"type":"LineString","coordinates":[[-49.303564,-25.278151],[-49.303537,-25.278199],[-49.303536,-25.278255],[-49.303555,-25.278292],[-49.303572,-25.278394],[-49.303557,-25.278422],[-49.303561,-25.278459],[-49.303506,-25.278505],[-49.303511,-25.278561],[-49.303498,-25.278607],[-49.303505,-25.278663],[-49.303538,-25.278716],[-49.303579,-25.278731],[-49.303671,-25.278708],[-49.303711,-25.278721],[-49.303794,-25.278623],[-49.303827,-25.278685],[-49.303956,-25.278746],[-49.303946,-25.278788],[-49.30397,-25.278816],[-49.303975,-25.278847],[-49.304077,-25.278841],[-49.304115,-25.278883],[-49.304099,-25.278929],[-49.304137,-25.278969],[-49.304188,-25.278973],[-49.304229,-25.278957],[-49.304241,-25.278968],[-49.304237,-25.278987],[-49.304187,-25.278989],[-49.304148,-25.279013],[-49.304145,-25.279032],[-49.304164,-25.27906],[-49.304095,-25.279152],[-49.304036,-25.279179],[-49.30403,-25.279198],[-49.304045,-25.279226],[-49.304012,-25.279253],[-49.304014,-25.279309],[-49.304001,-25.279355],[-49.303984,-25.279373],[-49.30403,-25.279476],[-49.304068,-25.279528],[-49.304069,-25.279578],[-49.30409,-25.279607],[-49.304097,-25.279644],[-49.304093,-25.27969],[-49.304064,-25.279727],[-49.304024,-25.279828],[-49.304043,-25.279844],[-49.304063,-25.279838],[-49.304114,-25.279873],[-49.304164,-25.279928],[-49.304152,-25.279997],[-49.304163,-25.280015],[-49.304214,-25.280027],[-49.304244,-25.280019],[-49.304266,-25.279998],[-49.304259,-25.279961],[-49.304276,-25.279952],[-49.304285,-25.279961],[-49.304278,-25.279998],[-49.304316,-25.280032],[-49.304336,-25.280033],[-49.304377,-25.280003],[-49.304408,-25.280009],[-49.304431,-25.28],[-49.304446,-25.279954],[-49.304394,-25.279888],[-49.304405,-25.279842],[-49.30443,-25.279824],[-49.304445,-25.279731],[-49.304494,-25.279674],[-49.304515,-25.279668]]}},{"type":"Feature","properties":{"alt":1068.0,"mestra":false},"geometry":{"type":"LineString","coordinates":[[-49.304007,-25.278244],[-49.303943,-25.278238],[-49.303845,-25.278193],[-49.303652,-25.278159]]}},{"type":"Feature","properties":{"alt":1068.0,"mestra":false},"geometry":{"type":"LineString","coordinates":[[-49.302238,-25.278695],[-49.302201,-25.278723],[-49.302068,-25.278764],[-49.301898,-25.278867],[-49.301605,-25.278996],[-49.301461,-25.279094],[-49.30138,-25.279186],[-49.301286,-25.27937],[-49.301254,-25.279453],[-49.301263,-25.279509],[-49.301383,-25.279566],[-49.30144,-25.279641],[-49.301525,-25.279633],[-49.301607,-25.279647],[-49.301729,-25.279633],[-49.301842,-25.279595],[-49.301913,-25.279604],[-49.302005,-25.279582],[-49.302013,-25.279573],[-49.302005,-25.279545],[-49.302016,-25.27953],[-49.302098,-25.279497],[-49.30219,-25.279494],[-49.302221,-25.279475],[-49.302272,-25.279476],[-49.302303,-25.279447],[-49.302331,-25.279364],[-49.302438,-25.279356],[-49.302487,-25.2793],[-49.302479,-25.279273],[-49.302453,-25.279254],[-49.302459,-25.279228],[-49.3025,-25.279222],[-49.302516,-25.279208],[-49.302501,-25.279193],[-49.30246,-25.27918],[-49.302458,-25.279133],[-49.302418,-25.279096],[-49.3024,-25.279058],[-49.302401,-25.278947],[-49.302412,-25.278901],[-49.302454,-25.278849],[-49.302495,-25.278848],[-49.302565,-25.278875],[-49.302597,-25.278904],[-49.302658,-25.278911],[-49.302709,-25.278894],[-49.302818,-25.278655],[-49.302795,-25.278612],[-49.302743,-25.278639],[-49.302725,-25.278589],[-49.302744,-25.278576],[-49.302795,-25.278583],[-49.302853,-25.278562],[-49.302896,-25.278517],[-49.302888,-25.278459],[-49.302909,-25.278444],[-49.30294,-25.278443],[-49.302979,-25.278415],[-49.302988,-25.278341],[-49.302957,-25.278322],[-49.302946,-25.278257],[-49.302926,-25.278229],[-49.302935,-25.278211],[-49.302977,-25.278183],[-49.302955,-25.278084],[-49.302913,-25.278053],[-49.302854,-25.278038],[-49.302669,-25.278049]]}},{"type":"Feature","properties":{"alt":1068.0,"mestra":false},"geometry":{"type":"LineString","coordinates":[[-49.304494,-25.279254],[-49.304414,-25.279202],[-49.304398,-25.279165],[-49.30442,-25.279127],[-49.304503,-25.279102]]}},{"type":"Feature","properties":{"alt":1068.0,"mestra":false},"geometry":{"type":"LineString","coordinates":[[-49.303159,-25.27807],[-49.303144,-25.278074],[-49.303148,-25.278111],[-49.303159,-25.278116],[-49.303177,-25.278093],[-49.303159,-25.27807]]}},{"type":"Feature","properties":{"alt":1068.0,"mestra":false},"geometry":{"type":"LineString","coordinates":[[-49.303515,-25.278189],[-49.3035,-25.278199],[-49.303514,-25.278212],[-49.303533,-25.278199],[-49.303515,-25.278189]]}},{"type":"Feature","properties":{"alt":1068.0,"mestra":false},"geometry":{"type":"LineString","coordinates":[[-49.303816,-25.278573],[-49.303802,-25.278583],[-49.303805,-25.278567],[-49.303816,-25.278573]]}},{"type":"Feature","properties":{"alt":1068.0,"mestra":false},"geometry":{"type":"LineString","coordinates":[[-49.303749,-25.278934],[-49.303724,-25.278953],[-49.303725,-25.278981],[-49.303738,-25.278992],[-49.303777,-25.278972],[-49.303749,-25.278934]]}},{"type":"Feature","properties":{"alt":1068.0,"mestra":false},"geometry":{"type":"LineString","coordinates":[[-49.303909,-25.279221],[-49.303891,-25.279224],[-49.303888,-25.279237],[-49.303918,-25.279255],[-49.303909,-25.279221]]}},{"type":"Feature","properties":{"alt":1068.0,"mestra":false},"geometry":{"type":"LineString","coordinates":[[-49.303826,-25.279258],[-49.303816,-25.279271],[-49.303829,-25.27927],[-49.303826,-25.279258]]}},{"type":"Feature","properties":{"alt":1068.0,"mestra":false},"geometry":{"type":"LineString","coordinates":[[-49.303959,-25.279269],[-49.303932,-25.279271],[-49.303969,-25.279301],[-49.303981,-25.27929],[-49.303959,-25.279269]]}},{"type":"Feature","properties":{"alt":1068.0,"mestra":false},"geometry":{"type":"LineString","coordinates":[[-49.303836,-25.279323],[-49.303815,-25.279336],[-49.303799,-25.279371],[-49.303865,-25.279393],[-49.303877,-25.279363],[-49.303836,-25.279323]]}},{"type":"Feature","properties":{"alt":1068.0,"mestra":false},"geometry":{"type":"LineString","coordinates":[[-49.303813,-25.279464],[-49.303793,-25.279464],[-49.303793,-25.279473],[-49.303833,-25.279512],[-49.303877,-25.27953],[-49.303874,-25.279508],[-49.303844,-25.279474],[-49.303813,-25.279464]]}},{"type":"Feature","properties":{"alt":1068.0,"mestra":false},"geometry":{"type":"LineString","coordinates":[[-49.304339,-25.279821],[-49.304365,-25.279869],[-49.304359,-25.279884],[-49.304335,-25.279878],[-49.304297,-25.279841],[-49.304298,-25.279831],[-49.304339,-25.279821]]}},{"type":"Feature","properties":{"alt":1068.0,"mestra":false},"geometry":{"type":"LineString","coordinates":[[-49.304651,-25.280129],[-49.30461,-25.280134],[-49.304566,-25.280178],[-49.30464,-25.280175],[-49.304658,-25.280142],[-49.304651,-25.280129]]}},{"type":"Feature","properties":{"alt":1068.0,"mestra":false},"geometry":{"type":"LineString","coordinates":[[-49.304558,-25.280184],[-49.304558,-25.280184]]}},{"type":"Feature","properties":{"alt":1068.0,"mestra":false},"geometry":{"type":"LineString","coordinates":[[-49.304293,-25.280226],[-49.304279,-25.28023],[-49.304282,-25.28025],[-49.304299,-25.28024],[-49.304293,-25.280226]]}},{"type":"Feature","properties":{"alt":1069.0,"mestra":false},"geometry":{"type":"LineString","coordinates":[[-49.303589,-25.278155],[-49.303559,-25.27819],[-49.303542,-25.278255],[-49.303565,-25.278292],[-49.303579,-25.278376],[-49.30358,-25.278394],[-49.303561,-25.278422],[-49.303567,-25.27845],[-49.303514,-25.278496],[-49.303507,-25.278514],[-49.303515,-25.278561],[-49.303503,-25.278607],[-49.303514,-25.278663],[-49.30354,-25.278709],[-49.303579,-25.278725],[-49.30364,-25.278712],[-49.303671,-25.278688],[-49.303712,-25.278708],[-49.303766,-25.278656],[-49.303795,-25.278563],[-49.303816,-25.278546],[-49.303827,-25.278574],[-49.303808,-25.278611],[-49.30382,-25.278666],[-49.303845,-25.27869],[-49.303963,-25.278742],[-49.303952,-25.278788],[-49.303978,-25.278817],[-49.303982,-25.278844],[-49.304067,-25.278835],[-49.304092,-25.278846],[-49.304121,-25.278892],[-49.304104,-25.278929],[-49.304147,-25.278969],[-49.304188,-25.278965],[-49.304229,-25.278937],[-49.304259,-25.278959],[-49.30426,-25.278987],[-49.304218,-25.279001],[-49.304177,-25.278998],[-49.304153,-25.279013],[-49.30415,-25.279032],[-49.304174,-25.27906],[-49.304142,-25.279088],[-49.304102,-25.279152],[-49.304041,-25.279188],[-49.304057,-25.279226],[-49.304027,-25.279327],[-49.30403,-25.27943],[-49.304048,-25.279485],[-49.304074,-25.279514],[-49.304076,-25.279569],[-49.304099,-25.279597],[-49.304103,-25.279644],[-49.304097,-25.279699],[-49.304067,-25.279736],[-49.304035,-25.279829],[-49.304063,-25.279829],[-49.304166,-25.279923],[-49.304163,-25.280011],[-49.304237,-25.280016],[-49.304255,-25.279998],[-49.304251,-25.279961],[-49.304276,-25.279945],[-49.304295,-25.279961],[-49.30429,-25.280008],[-49.304316,-25.280027],[-49.304336,-25.280026],[-49.304367,-25.28],[-49.304424,-25.279981],[-49.304432,-25.279954],[-49.304419,-25.279926],[-49.304379,-25.279893],[-49.304348,-25.279898],[-49.304316,-25.279878],[-49.304279,-25.279831],[-49.304311,-25.279804],[-49.304309,-25.279747],[-49.30437,-25.279813],[-49.304401,-25.279797],[-49.304419,-25.27974],[-49.304484,-25.279657]]}},{"type":"Feature","properties":{"alt":1069.0,"mestra":false},"geometry":{"type":"LineString","coordinates":[[-49.30401,-25.278247],[-49.303963,-25.278257],[-49.303851,-25.2782],[-49.303651,-25.278161]]}},{"type":"Feature","properties":{"alt":1069.0,"mestra":false},"geometry":{"type":"LineString","coordinates":[[-49.302502,-25.278831],[-49.302619,-25.278903],[-49.302658,-25.278905],[-49.302708,-25.278885],[-49.302707,-25.278858],[-49.302741,-25.278821],[-49.302804,-25.278655],[-49.302794,-25.278626],[-49.302753,-25.278648],[-49.302733,-25.278641],[-49.302724,-25.278581],[-49.302754,-25.27857],[-49.302815,-25.278575],[-49.302846,-25.278563],[-49.302892,-25.278516],[-49.30288,-25.27847],[-49.302889,-25.278453],[-49.302973,-25.278415],[-49.302972,-25.278345],[-49.302919,-25.27835],[-49.302952,-25.278294],[-49.302924,-25.27822],[-49.302975,-25.278174],[-49.302954,-25.27809],[-49.302904,-25.278057],[-49.302853,-25.278046],[-49.30267,-25.278061]]}},{"type":"Feature","properties":{"alt":1069.0,"mestra":false},"geometry":{"type":"LineString","coordinates":[[-49.304487,-25.279261],[-49.304409,-25.279205],[-49.304392,-25.279165],[-49.30441,-25.279124],[-49.304495,-25.279085]]}},{"type":"Feature","properties":{"alt":1069.0,"mestra":false},"geometry":{"type":"LineString","coordinates":[[-49.303159,-25.278092],[-49.303159,-25.278092]]}},{"type":"Feature","properties":{"alt":1069.0,"mestra":false},"geometry":{"type":"LineString","coordinates":[[-49.302781,-25.278113],[-49.302795,-25.278126],[-49.302791,-25.278137],[-49.30277,-25.278116],[-49.302781,-25.278113]]}},{"type":"Feature","properties":{"alt":1069.0,"mestra":false},"geometry":{"type":"LineString","coordinates":[[-49.303652,-25.278617],[-49.303651,-25.278651],[-49.303633,-25.278627],[-49.303652,-25.278617]]}},{"type":"Feature","properties":{"alt":1069.0,"mestra":false},"geometry":{"type":"LineString","coordinates":[[-49.302281,-25.278842],[-49.302169,-25.278843],[-49.302046,-25.278873],[-49.301708,-25.278983],[-49.301543,-25.279063],[-49.301469,-25.279122],[-49.301412,-25.279195],[-49.301291,-25.279444],[-49.301292,-25.279492],[-49.301363,-25.279526],[-49.301454,-25.279606],[-49.301607,-25.279637],[-49.301689,-25.279618],[-49.30174,-25.279623],[-49.301852,-25.27958],[-49.301985,-25.279576],[-49.302006,-25.27953],[-49.302068,-25.279503],[-49.302089,-25.279472],[-49.302129,-25.279484],[-49.30227,-25.279465],[-49.302285,-25.279447],[-49.302282,-25.2794],[-49.302322,-25.279364],[-49.302415,-25.279346],[-49.302468,-25.279311],[-49.30248,-25.279291],[-49.302443,-25.279254],[-49.302438,-25.279189],[-49.302451,-25.279133],[-49.302388,-25.279049],[-49.302332,-25.278872],[-49.302281,-25.278842]]}},{"type":"Feature","properties":{"alt":1069.0,"mestra":false},"geometry":{"type":"LineString","coordinates":[[-49.303739,-25.278959],[-49.303738,-25.278978],[-49.303752,-25.278972],[-49.303739,-25.278959]]}},{"type":"Feature","properties":{"alt":1069.0,"mestra":false},"geometry":{"type":"LineString","coordinates":[[-49.303846,-25.279339],[-49.303825,-25.279339],[-49.303811,-25.279362],[-49.303865,-25.279382],[-49.303868,-25.279363],[-49.303846,-25.279339]]}},{"type":"Feature","properties":{"alt":1069.0,"mestra":false},"geometry":{"type":"LineString","coordinates":[[-49.304238,-25.279763],[-49.304238,-25.279763]]}},{"type":"Feature","properties":{"alt":1069.0,"mestra":false},"geometry":{"type":"LineString","coordinates":[[-49.304379,-25.279847],[-49.304379,-25.279855],[-49.304379,-25.279847]]}},{"type":"Feature","properties":{"alt":1069.0,"mestra":false},"geometry":{"type":"LineString","coordinates":[[-49.304641,-25.280137],[-49.30461,-25.280141],[-49.304586,-25.28016],[-49.304589,-25.280169],[-49.304635,-25.280169],[-49.304647,-25.280151],[-49.304641,-25.280137]]}},{"type":"Feature","properties":{"alt":1069.0,"mestra":false},"geometry":{"type":"LineString","coordinates":[[-49.304292,-25.280232],[-49.304282,-25.280242],[-49.304292,-25.280232]]}},{"type":"Feature","properties":{"alt":1070.0,"mestra":true},"geometry":{"type":"LineString","coordinates":[[-49.303594,-25.27816],[-49.303547,-25.278255],[-49.303573,-25.278292],[-49.303586,-25.278395],[-49.303567,-25.278422],[-49.303568,-25.278459],[-49.303521,-25.278492],[-49.30351,-25.278514],[-49.303519,-25.278561],[-49.303508,-25.278607],[-49.303548,-25.27871],[-49.303579,-25.27872],[-49.303644,-25.278701],[-49.303656,-25.278674],[-49.303624,-25.278627],[-49.303642,-25.278607],[-49.303665,-25.278618],[-49.303671,-25.278656],[-49.303702,-25.278687],[-49.303732,-25.278681],[-49.303766,-25.278647],[-49.303792,-25.278555],[-49.303816,-25.278523],[-49.303835,-25.278574],[-49.303817,-25.278611],[-49.303827,-25.278666],[-49.303855,-25.27869],[-49.303966,-25.278736],[-49.303972,-25.278752],[-49.303957,-25.278789],[-49.303984,-25.278817],[-49.303985,-25.278836],[-49.304026,-25.278842],[-49.304067,-25.278832],[-49.304099,-25.278846],[-49.304125,-25.278893],[-49.304109,-25.278929],[-49.304147,-25.278963],[-49.304188,-25.278958],[-49.304229,-25.27892],[-49.304282,-25.278959],[-49.304271,-25.278996],[-49.304218,-25.279008],[-49.304187,-25.278999],[-49.304157,-25.279013],[-49.304154,-25.279032],[-49.304184,-25.27906],[-49.304146,-25.279088],[-49.304103,-25.279157],[-49.304049,-25.279189],[-49.304063,-25.279226],[-49.304046,-25.2793],[-49.304047,-25.27943],[-49.304058,-25.279476],[-49.304083,-25.279504],[-49.30408,-25.27956],[-49.304103,-25.279588],[-49.304109,-25.279635],[-49.304105,-25.279699],[-49.304073,-25.279736],[-49.304054,-25.27981],[-49.304174,-25.279925],[-49.304164,-25.280006],[-49.304234,-25.280011],[-49.304246,-25.279998],[-49.304251,-25.279952],[-49.304276,-25.279939],[-49.304301,-25.279952],[-49.304292,-25.279999],[-49.304316,-25.280023],[-49.304336,-25.280022],[-49.30441,-25.279972],[-49.304419,-25.279944],[-49.3044,-25.279916],[-49.304379,-25.279901],[-49.304338,-25.279899],[-49.304274,-25.279841],[-49.304269,-25.279822],[-49.304303,-25.279767],[-49.304283,-25.279739],[-49.30431,-25.279738],[-49.30435,-25.279769],[-49.30438,-25.279768],[-49.30448,-25.279653]]}},{"type":"Feature","properties":{"alt":1070.0,"mestra":true},"geometry":{"type":"LineString","coordinates":[[-49.304013,-25.27825],[-49.303983,-25.278266],[-49.303952,-25.278267],[-49.303846,-25.278203],[-49.303678,-25.278178],[-49.303649,-25.278162]]}},{"type":"Feature","properties":{"alt":1070.0,"mestra":true},"geometry":{"type":"LineString","coordinates":[[-49.302511,-25.278823],[-49.302627,-25.278897],[-49.302693,-25.278885],[-49.302699,-25.278874],[-49.302679,-25.278879],[-49.302667,-25.278866],[-49.302689,-25.278836],[-49.302733,-25.278821],[-49.302775,-25.278691],[-49.302773,-25.278662],[-49.302733,-25.278654],[-49.302728,-25.278644],[-49.302719,-25.278579],[-49.302744,-25.278567],[-49.302805,-25.278571],[-49.302839,-25.278562],[-49.302889,-25.278516],[-49.302876,-25.278461],[-49.302899,-25.278427],[-49.30294,-25.278427],[-49.302968,-25.278406],[-49.302961,-25.278362],[-49.302908,-25.278359],[-49.302949,-25.278294],[-49.30292,-25.27822],[-49.302971,-25.278174],[-49.302945,-25.278085],[-49.302853,-25.278055],[-49.302669,-25.278077]]}},{"type":"Feature","properties":{"alt":1070.0,"mestra":true},"geometry":{"type":"LineString","coordinates":[[-49.304479,-25.279268],[-49.304406,-25.279211],[-49.304388,-25.279174],[-49.3044,-25.279124],[-49.304459,-25.27908]]}},{"type":"Feature","properties":{"alt":1070.0,"mestra":true},"geometry":{"type":"LineString","coordinates":[[-49.302781,-25.278105],[-49.302803,-25.278126],[-49.302791,-25.278146],[-49.30276,-25.278116],[-49.302761,-25.278107],[-49.302781,-25.278105]]}},{"type":"Feature","properties":{"alt":1070.0,"mestra":true},"geometry":{"type":"LineString","coordinates":[[-49.302889,-25.278402],[-49.302889,-25.278415],[-49.302889,-25.278402]]}},{"type":"Feature","properties":{"alt":1070.0,"mestra":true},"geometry":{"type":"LineString","coordinates":[[-49.302219,-25.278926],[-49.302086,-25.278925],[-49.301871,-25.278965],[-49.301687,-25.279019],[-49.301563,-25.279078],[-49.301496,-25.279131],[-49.301448,-25.279196],[-49.301329,-25.279454],[-49.301329,-25.279482],[-49.301374,-25.279507],[-49.301454,-25.279581],[-49.301607,-25.279626],[-49.30165,-25.279606],[-49.301658,-25.279585],[-49.30173,-25.279613],[-49.301873,-25.279564],[-49.301965,-25.279571],[-49.302006,-25.27952],[-49.302055,-25.2795],[-49.302089,-25.279461],[-49.302129,-25.279472],[-49.302242,-25.279453],[-49.302274,-25.279387],[-49.302335,-25.279351],[-49.302397,-25.279341],[-49.302428,-25.27931],[-49.302458,-25.279305],[-49.302469,-25.279291],[-49.302432,-25.279263],[-49.302423,-25.279198],[-49.302443,-25.279133],[-49.30234,-25.279],[-49.302269,-25.278947],[-49.302219,-25.278926]]}},{"type":"Feature","properties":{"alt":1070.0,"mestra":true},"geometry":{"type":"LineString","coordinates":[[-49.304248,-25.279748],[-49.304238,-25.279779],[-49.304222,-25.279766],[-49.304248,-25.279748]]}},{"type":"Feature","properties":{"alt":1070.0,"mestra":true},"geometry":{"type":"LineString","coordinates":[[-49.30463,-25.280147],[-49.304608,-25.28016],[-49.30463,-25.280161],[-49.30463,-25.280147]]}},{"type":"Feature","properties":{"alt":1071.0,"mestra":false},"geometry":{"type":"LineString","coordinates":[[-49.30362,-25.278163],[-49.303586,-25.278197],[-49.303554,-25.278255],[-49.303577,-25.278283],[-49.30359,-25.278404],[-49.303572,-25.278422],[-49.303565,-25.278469],[-49.303521,-25.278496],[-49.303514,-25.278514],[-49.303526,-25.278561],[-49.303515,-25.278598],[-49.303548,-25.278701],[-49.303579,-25.278713],[-49.303644,-25.278692],[-49.303613,-25.278599],[-49.303585,-25.27858],[-49.303601,-25.278567],[-49.303662,-25.278609],[-49.303712,-25.278667],[-49.303743,-25.278667],[-49.303768,-25.278629],[-49.303792,-25.278536],[-49.303816,-25.278508],[-49.303842,-25.278574],[-49.303825,-25.278611],[-49.303832,-25.278666],[-49.303916,-25.278713],[-49.303966,-25.278728],[-49.303977,-25.278752],[-49.303961,-25.278789],[-49.303996,-25.278832],[-49.304026,-25.27884],[-49.304067,-25.278829],[-49.304106,-25.278846],[-49.304129,-25.278893],[-49.304116,-25.27893],[-49.304147,-25.278958],[-49.304192,-25.278949],[-49.304209,-25.278917],[-49.304229,-25.27891],[-49.30429,-25.278938],[-49.304307,-25.27896],[-49.304312,-25.279006],[-49.304299,-25.27902],[-49.304259,-25.279001],[-49.304218,-25.279014],[-49.304187,-25.279003],[-49.304161,-25.279014],[-49.304158,-25.279032],[-49.304193,-25.27906],[-49.304189,-25.27907],[-49.304155,-25.279082],[-49.304105,-25.279161],[-49.304057,-25.279189],[-49.304068,-25.279235],[-49.304052,-25.2793],[-49.304057,-25.279421],[-49.304069,-25.279444],[-49.304103,-25.279467],[-49.304082,-25.279551],[-49.304111,-25.279588],[-49.304115,-25.2797],[-49.304078,-25.279736],[-49.304059,-25.279801],[-49.30409,-25.279848],[-49.30418,-25.279923],[-49.304171,-25.280006],[-49.304224,-25.280005],[-49.304245,-25.279951],[-49.304276,-25.279933],[-49.304309,-25.279952],[-49.304297,-25.279999],[-49.304316,-25.28002],[-49.304336,-25.280018],[-49.304404,-25.279963],[-49.30441,-25.279944],[-49.304392,-25.279916],[-49.30434,-25.279906],[-49.304297,-25.279878],[-49.304268,-25.279841],[-49.304262,-25.279813],[-49.304292,-25.279785],[-49.304295,-25.279757],[-49.304269,-25.279749],[-49.304237,-25.279786],[-49.304215,-25.279766],[-49.304289,-25.27973],[-49.30432,-25.279738],[-49.30435,-25.279763],[-49.30437,-25.27976],[-49.304402,-25.279716],[-49.304476,-25.27965]]}},{"type":"Feature","properties":{"alt":1071.0,"mestra":false},"geometry":{"type":"LineString","coordinates":[[-49.304034,-25.27826],[-49.304003,-25.278275],[-49.303942,-25.278276],[-49.303841,-25.278206],[-49.303678,-25.278183],[-49.303648,-25.278163]]}},{"type":"Feature","properties":{"alt":1071.0,"mestra":false},"geometry":{"type":"LineString","coordinates":[[-49.30252,-25.278815],[-49.302638,-25.27889],[-49.302658,-25.278885],[-49.302679,-25.278823],[-49.3027,-25.278813],[-49.302721,-25.278821],[-49.30272,-25.278805],[-49.3027,-25.27881],[-49.302699,-25.278802],[-49.302744,-25.278775],[-49.302767,-25.278701],[-49.302763,-25.278681],[-49.302722,-25.27866],[-49.302713,-25.278579],[-49.302754,-25.278561],[-49.302826,-25.278564],[-49.302877,-25.278525],[-49.302887,-25.278507],[-49.302868,-25.278461],[-49.302879,-25.27844],[-49.302856,-25.278423],[-49.30289,-25.278384],[-49.30293,-25.278414],[-49.302961,-25.278404],[-49.302951,-25.278374],[-49.30291,-25.278375],[-49.302897,-25.278359],[-49.302945,-25.278294],[-49.302942,-25.278265],[-49.302917,-25.27822],[-49.302967,-25.278174],[-49.302943,-25.27809],[-49.302894,-25.278069],[-49.302853,-25.278064],[-49.302757,-25.278079],[-49.30273,-25.278094],[-49.302669,-25.278095]]}},{"type":"Feature","properties":{"alt":1071.0,"mestra":false},"geometry":{"type":"LineString","coordinates":[[-49.304472,-25.279274],[-49.304398,-25.279213],[-49.304383,-25.279174],[-49.304395,-25.279118],[-49.304455,-25.279076]]}},{"type":"Feature","properties":{"alt":1071.0,"mestra":false},"geometry":{"type":"LineString","coordinates":[[-49.302781,-25.278097],[-49.302811,-25.278126],[-49.302814,-25.278144],[-49.302801,-25.278153],[-49.302781,-25.278152],[-49.302745,-25.278107],[-49.302761,-25.27809],[-49.302781,-25.278097]]}},{"type":"Feature","properties":{"alt":1071.0,"mestra":false},"geometry":{"type":"LineString","coordinates":[[-49.302187,-25.278981],[-49.302045,-25.278973],[-49.30185,-25.278997],[-49.301666,-25.279053],[-49.301551,-25.279113],[-49.301481,-25.279196],[-49.301431,-25.279325],[-49.30138,-25.279418],[-49.301449,-25.279558],[-49.301607,-25.279606],[-49.301629,-25.279569],[-49.301649,-25.27956],[-49.30173,-25.279592],[-49.301781,-25.279588],[-49.301894,-25.279546],[-49.301965,-25.279556],[-49.302021,-25.27949],[-49.302048,-25.279484],[-49.302079,-25.279456],[-49.302202,-25.279423],[-49.302325,-25.27935],[-49.302396,-25.279327],[-49.302407,-25.279309],[-49.302381,-25.279262],[-49.302418,-25.279235],[-49.302407,-25.279197],[-49.302433,-25.279133],[-49.30234,-25.279031],[-49.302187,-25.278981]]}},{"type":"Feature","properties":{"alt":1071.0,"mestra":false},"geometry":{"type":"LineString","coordinates":[[-49.302357,-25.279229],[-49.302367,-25.279246],[-49.302337,-25.279246],[-49.302337,-25.27923],[-49.302357,-25.279229]]}},{"type":"Feature","properties":{"alt":1072.0,"mestra":false},"geometry":{"type":"LineString","coordinates":[[-49.304035,-25.278289],[-49.303932,-25.278285],[-49.30386,-25.278221],[-49.30381,-25.278201],[-49.303658,-25.278189],[-49.303603,-25.2782],[-49.303563,-25.278255],[-49.303582,-25.278274],[-49.303596,-25.278404],[-49.303579,-25.278422],[-49.303569,-25.278469],[-49.303527,-25.278496],[-49.303518,-25.278514],[-49.30352,-25.278533],[-49.303546,-25.278561],[-49.303524,-25.278589],[-49.303553,-25.278691],[-49.303579,-25.278705],[-49.30362,-25.2787],[-49.303638,-25.278683],[-49.303601,-25.278609],[-49.303566,-25.27858],[-49.30357,-25.278561],[-49.303591,-25.278556],[-49.303622,-25.278565],[-49.303722,-25.278661],[-49.303749,-25.278656],[-49.303771,-25.27861],[-49.303784,-25.278536],[-49.303814,-25.27849],[-49.303822,-25.278453],[-49.303832,-25.278462],[-49.303823,-25.278499],[-49.303853,-25.278583],[-49.303835,-25.278611],[-49.303835,-25.278659],[-49.303848,-25.278676],[-49.303916,-25.278708],[-49.303967,-25.278716],[-49.303982,-25.278742],[-49.303965,-25.278789],[-49.303997,-25.278826],[-49.304026,-25.278838],[-49.304067,-25.278825],[-49.304108,-25.278842],[-49.304143,-25.278837],[-49.304123,-25.278855],[-49.304135,-25.278902],[-49.304128,-25.27893],[-49.304147,-25.27895],[-49.304188,-25.27894],[-49.304169,-25.278921],[-49.304199,-25.278899],[-49.304297,-25.278922],[-49.30433,-25.27896],[-49.304329,-25.279006],[-49.304299,-25.27904],[-49.304259,-25.279005],[-49.304207,-25.279023],[-49.304187,-25.279006],[-49.304165,-25.279014],[-49.304166,-25.279039],[-49.304204,-25.27906],[-49.304153,-25.279088],[-49.304113,-25.279161],[-49.304064,-25.279198],[-49.304075,-25.279254],[-49.304056,-25.2793],[-49.304069,-25.279337],[-49.304066,-25.279421],[-49.304115,-25.279468],[-49.3041,-25.279486],[-49.304086,-25.279551],[-49.304117,-25.279588],[-49.304116,-25.279684],[-49.304151,-25.279709],[-49.304083,-25.279736],[-49.304064,-25.279801],[-49.304144,-25.279897],[-49.304187,-25.279923],[-49.304173,-25.279999],[-49.304214,-25.279992],[-49.304245,-25.279942],[-49.304276,-25.279929],[-49.304317,-25.279952],[-49.304301,-25.279999],[-49.304316,-25.280016],[-49.304336,-25.280013],[-49.304398,-25.279955],[-49.3044,-25.279935],[-49.304384,-25.279916],[-49.304348,-25.279916],[-49.304297,-25.279885],[-49.304247,-25.279799],[-49.304208,-25.279766],[-49.304289,-25.279726],[-49.30436,-25.279757],[-49.304462,-25.279646]]}},{"type":"Feature","properties":{"alt":1072.0,"mestra":false},"geometry":{"type":"LineString","coordinates":[[-49.302526,-25.278808],[-49.302592,-25.278856],[-49.302638,-25.278865],[-49.302659,-25.27885],[-49.30269,-25.278792],[-49.302737,-25.278765],[-49.302758,-25.278691],[-49.302711,-25.278672],[-49.302708,-25.278579],[-49.302754,-25.278556],[-49.302826,-25.278558],[-49.30288,-25.278516],[-49.302868,-25.278476],[-49.302837,-25.278458],[-49.302838,-25.278436],[-49.302884,-25.278377],[-49.302891,-25.278349],[-49.302942,-25.278294],[-49.30294,-25.278267],[-49.302912,-25.278229],[-49.302918,-25.278211],[-49.302963,-25.278174],[-49.302934,-25.27809],[-49.302873,-25.278073],[-49.302795,-25.278089],[-49.302827,-25.278145],[-49.302801,-25.278161],[-49.30277,-25.278154],[-49.30274,-25.278122],[-49.302669,-25.278115]]}},{"type":"Feature","properties":{"alt":1072.0,"mestra":false},"geometry":{"type":"LineString","coordinates":[[-49.304465,-25.279281],[-49.304388,-25.279211],[-49.304377,-25.279164],[-49.304391,-25.279109],[-49.304451,-25.279062]]}},{"type":"Feature","properties":{"alt":1072.0,"mestra":false},"geometry":{"type":"LineString","coordinates":[[-49.30422,-25.278829],[-49.304236,-25.278866],[-49.304219,-25.278879],[-49.304196,-25.278856],[-49.30422,-25.278829]]}},{"type":"Feature","properties":{"alt":1072.0,"mestra":false},"geometry":{"type":"LineString","coordinates":[[-49.302116,-25.279007],[-49.301993,-25.279003],[-49.30186,-25.279018],[-49.301727,-25.279055],[-49.301604,-25.279105],[-49.301552,-25.279144],[-49.301513,-25.279196],[-49.301461,-25.279344],[-49.301423,-25.27939],[-49.301428,-25.279409],[-49.301527,-25.279477],[-49.301619,-25.279497],[-49.30171,-25.279575],[-49.30175,-25.27958],[-49.301801,-25.279571],[-49.301904,-25.279528],[-49.301955,-25.279538],[-49.302007,-25.279468],[-49.302048,-25.279465],[-49.302308,-25.279354],[-49.302333,-25.279336],[-49.302343,-25.27929],[-49.302313,-25.279252],[-49.302311,-25.279224],[-49.302409,-25.279175],[-49.302423,-25.279151],[-49.302417,-25.279123],[-49.30238,-25.279079],[-49.302329,-25.279051],[-49.302299,-25.279051],[-49.302247,-25.279084],[-49.302243,-25.279066],[-49.302207,-25.279033],[-49.302116,-25.279007]]}},{"type":"Feature","properties":{"alt":1072.0,"mestra":false},"geometry":{"type":"LineString","coordinates":[[-49.301588,-25.279549],[-49.301566,-25.27955],[-49.301561,-25.279559],[-49.301587,-25.279579],[-49.301601,-25.279569],[-49.301588,-25.279549]]}},{"type":"Feature","properties":{"alt":1072.0,"mestra":false},"geometry":{"type":"LineString","coordinates":[[-49.304289,-25.279757],[-49.304258,-25.279763],[-49.304251,-25.279794],[-49.304268,-25.2798],[-49.304287,-25.279785],[-49.304289,-25.279757]]}},{"type":"Feature","properties":{"alt":1073.0,"mestra":false},"geometry":{"type":"LineString","coordinates":[[-49.30404,-25.278294],[-49.303993,-25.278309],[-49.303932,-25.278298],[-49.303851,-25.278222],[-49.3038,-25.278203],[-49.303709,-25.278195],[-49.303617,-25.278206],[-49.303576,-25.278246],[-49.303604,-25.278358],[-49.303602,-25.278404],[-49.303581,-25.278432],[-49.303573,-25.278469],[-49.303524,-25.278514],[-49.303561,-25.278545],[-49.303622,-25.278556],[-49.303733,-25.278657],[-49.303767,-25.27861],[-49.303778,-25.278536],[-49.303808,-25.278481],[-49.303807,-25.278451],[-49.303817,-25.278442],[-49.303878,-25.278455],[-49.30388,-25.278472],[-49.303847,-25.278479],[-49.303831,-25.278499],[-49.303847,-25.278555],[-49.303876,-25.278583],[-49.303861,-25.278602],[-49.303862,-25.27862],[-49.30384,-25.278639],[-49.303845,-25.278667],[-49.303926,-25.278705],[-49.303957,-25.2787],[-49.303998,-25.278674],[-49.303981,-25.278705],[-49.303987,-25.278742],[-49.303969,-25.278789],[-49.304016,-25.278834],[-49.304067,-25.278821],[-49.304108,-25.278836],[-49.304149,-25.278832],[-49.304159,-25.278847],[-49.304133,-25.278865],[-49.304147,-25.278916],[-49.304196,-25.278884],[-49.304185,-25.278847],[-49.30422,-25.278814],[-49.304248,-25.278866],[-49.304242,-25.278894],[-49.30427,-25.278906],[-49.304301,-25.278897],[-49.304351,-25.278951],[-49.304345,-25.279016],[-49.304319,-25.279034],[-49.304298,-25.279069],[-49.304269,-25.279014],[-49.304248,-25.279007],[-49.304228,-25.279013],[-49.30421,-25.279033],[-49.304214,-25.279061],[-49.304155,-25.279089],[-49.30412,-25.279162],[-49.304074,-25.279198],[-49.304084,-25.279263],[-49.304061,-25.2793],[-49.304078,-25.279337],[-49.304075,-25.279421],[-49.304124,-25.279468],[-49.304107,-25.279486],[-49.304089,-25.279551],[-49.304122,-25.279588],[-49.304119,-25.279681],[-49.304159,-25.279709],[-49.304089,-25.279736],[-49.304067,-25.279792],[-49.304099,-25.279848],[-49.304133,-25.279867],[-49.304154,-25.279902],[-49.304195,-25.279923],[-49.304185,-25.27996],[-49.304194,-25.279983],[-49.304225,-25.279966],[-49.304246,-25.279934],[-49.304287,-25.279924],[-49.304334,-25.279962],[-49.304305,-25.279989],[-49.30431,-25.280008],[-49.304326,-25.280014],[-49.304357,-25.279971],[-49.30439,-25.279953],[-49.304392,-25.279935],[-49.304378,-25.279919],[-49.304348,-25.27992],[-49.304292,-25.279887],[-49.304202,-25.279766],[-49.304279,-25.279723],[-49.30431,-25.279726],[-49.30436,-25.279751],[-49.304392,-25.279699],[-49.304456,-25.27964]]}},{"type":"Feature","properties":{"alt":1073.0,"mestra":false},"geometry":{"type":"LineString","coordinates":[[-49.302534,-25.278793],[-49.302591,-25.278847],[-49.302623,-25.278857],[-49.302648,-25.278848],[-49.302681,-25.278792],[-49.302731,-25.278756],[-49.30275,-25.2787],[-49.302742,-25.278691],[-49.302722,-25.278696],[-49.302701,-25.278672],[-49.302712,-25.278626],[-49.302705,-25.27857],[-49.302755,-25.27855],[-49.302826,-25.278552],[-49.302873,-25.278516],[-49.302868,-25.278484],[-49.302827,-25.27847],[-49.302824,-25.278451],[-49.302838,-25.278414],[-49.302875,-25.278377],[-49.302882,-25.278349],[-49.302937,-25.278294],[-49.302936,-25.278266],[-49.302908,-25.27822],[-49.302956,-25.278183],[-49.302958,-25.278165],[-49.302924,-25.278092],[-49.302873,-25.27808],[-49.302819,-25.278098],[-49.302837,-25.278145],[-49.302821,-25.278165],[-49.30277,-25.278166],[-49.30274,-25.278136],[-49.302668,-25.278136]]}},{"type":"Feature","properties":{"alt":1073.0,"mestra":false},"geometry":{"type":"LineString","coordinates":[[-49.304442,-25.279286],[-49.30438,-25.279211],[-49.304371,-25.279155],[-49.304394,-25.279081],[-49.304442,-25.279054]]}},{"type":"Feature","properties":{"alt":1073.0,"mestra":false},"geometry":{"type":"LineString","coordinates":[[-49.303918,-25.278534],[-49.303941,-25.278556],[-49.303925,-25.278593],[-49.303927,-25.278621],[-49.303917,-25.278627],[-49.303877,-25.278583],[-49.303899,-25.278537],[-49.303918,-25.278534]]}},{"type":"Feature","properties":{"alt":1073.0,"mestra":false},"geometry":{"type":"LineString","coordinates":[[-49.30359,-25.278637],[-49.303569,-25.278682],[-49.303579,-25.278691],[-49.30362,-25.278692],[-49.303625,-25.278673],[-49.30359,-25.278637]]}},{"type":"Feature","properties":{"alt":1073.0,"mestra":false},"geometry":{"type":"LineString","coordinates":[[-49.304187,-25.279009],[-49.304163,-25.279023],[-49.304187,-25.279046],[-49.304205,-25.279033],[-49.304187,-25.279009]]}},{"type":"Feature","properties":{"alt":1073.0,"mestra":false},"geometry":{"type":"LineString","coordinates":[[-49.302044,-25.279026],[-49.301932,-25.279028],[-49.301839,-25.279043],[-49.301675,-25.279096],[-49.301603,-25.279133],[-49.301556,-25.279178],[-49.301523,-25.279243],[-49.301484,-25.279391],[-49.301497,-25.279438],[-49.301538,-25.279465],[-49.301599,-25.279473],[-49.301644,-25.279495],[-49.30169,-25.279524],[-49.30172,-25.279567],[-49.301771,-25.279566],[-49.301922,-25.279507],[-49.302007,-25.279454],[-49.302089,-25.279437],[-49.30213,-25.279403],[-49.302233,-25.279382],[-49.30231,-25.279345],[-49.302318,-25.279289],[-49.302293,-25.279243],[-49.302295,-25.279224],[-49.302327,-25.279187],[-49.302328,-25.279158],[-49.302338,-25.279153],[-49.302389,-25.27917],[-49.302407,-25.27916],[-49.30241,-25.27914],[-49.30239,-25.279102],[-49.302368,-25.279086],[-49.302329,-25.279079],[-49.302312,-25.279094],[-49.302308,-25.279134],[-49.302287,-25.279144],[-49.302235,-25.279112],[-49.302206,-25.279072],[-49.302176,-25.279053],[-49.302044,-25.279026]]}},{"type":"Feature","properties":{"alt":1073.0,"mestra":false},"geometry":{"type":"LineString","coordinates":[[-49.304288,-25.279074],[-49.304294,-25.279089],[-49.304278,-25.279092],[-49.30427,-25.27908],[-49.304288,-25.279074]]}},{"type":"Feature","properties":{"alt":1073.0,"mestra":false},"geometry":{"type":"LineString","coordinates":[[-49.304279,-25.279756],[-49.304257,-25.279775],[-49.304268,-25.279793],[-49.304289,-25.279776],[-49.304279,-25.279756]]}},{"type":"Feature","properties":{"alt":1074.0,"mestra":false},"geometry":{"type":"LineString","coordinates":[[-49.304045,-25.278308],[-49.304003,-25.278324],[-49.303931,-25.278313],[-49.303901,-25.278292],[-49.303854,-25.278231],[-49.30381,-25.278209],[-49.303719,-25.2782],[-49.303627,-25.278213],[-49.30359,-25.278246],[-49.303607,-25.278404],[-49.303586,-25.278432],[-49.303578,-25.278469],[-49.303534,-25.278505],[-49.303536,-25.278515],[-49.303561,-25.278535],[-49.303613,-25.278543],[-49.303652,-25.278586],[-49.303743,-25.278642],[-49.303764,-25.278608],[-49.303773,-25.278536],[-49.303801,-25.27849],[-49.303805,-25.278443],[-49.303828,-25.278436],[-49.303889,-25.278448],[-49.303892,-25.278472],[-49.303838,-25.2785],[-49.303857,-25.278557],[-49.303876,-25.278556],[-49.303882,-25.278528],[-49.303918,-25.278521],[-49.303952,-25.278556],[-49.303927,-25.278633],[-49.303886,-25.278654],[-49.303855,-25.278638],[-49.303847,-25.278657],[-49.303926,-25.278698],[-49.304008,-25.278662],[-49.30399,-25.278752],[-49.30397,-25.278779],[-49.304006,-25.278826],[-49.304036,-25.278833],[-49.304067,-25.278818],[-49.304108,-25.278834],[-49.304139,-25.278824],[-49.304179,-25.278842],[-49.304224,-25.278801],[-49.304226,-25.278773],[-49.304241,-25.278766],[-49.304261,-25.278773],[-49.304235,-25.278838],[-49.304269,-25.278885],[-49.304311,-25.278881],[-49.304341,-25.278922],[-49.304372,-25.278904],[-49.304423,-25.278914]]}},{"type":"Feature","properties":{"alt":1074.0,"mestra":false},"geometry":{"type":"LineString","coordinates":[[-49.30253,-25.278576],[-49.30255,-25.278587],[-49.302561,-25.278615],[-49.302559,-25.278635],[-49.302539,-25.278656]]}},{"type":"Feature","properties":{"alt":1074.0,"mestra":false},"geometry":{"type":"LineString","coordinates":[[-49.302542,-25.278777],[-49.302611,-25.278847],[-49.302718,-25.278756],[-49.302718,-25.278719],[-49.302694,-25.278672],[-49.302707,-25.278626],[-49.302697,-25.27857],[-49.302755,-25.278543],[-49.302826,-25.278543],[-49.302867,-25.278513],[-49.302858,-25.278485],[-49.302817,-25.278477],[-49.302816,-25.278451],[-49.302828,-25.278414],[-49.302867,-25.278377],[-49.302876,-25.27834],[-49.302911,-25.27832],[-49.302935,-25.278285],[-49.302932,-25.278264],[-49.302904,-25.278229],[-49.302906,-25.27821],[-49.302953,-25.278174],[-49.302922,-25.278099],[-49.302883,-25.278085],[-49.302839,-25.278098],[-49.302831,-25.278117],[-49.302846,-25.278154],[-49.302821,-25.278172],[-49.30277,-25.278177],[-49.302729,-25.278158],[-49.302666,-25.278154]]}},{"type":"Feature","properties":{"alt":1074.0,"mestra":false},"geometry":{"type":"LineString","coordinates":[[-49.304434,-25.279289],[-49.304372,-25.279211],[-49.304373,-25.27909],[-49.304358,-25.279053],[-49.304329,-25.279039],[-49.304312,-25.27908],[-49.304316,-25.279108],[-49.304298,-25.279109],[-49.304241,-25.27907],[-49.304277,-25.279061],[-49.304269,-25.27902],[-49.304248,-25.279009],[-49.304231,-25.279014],[-49.304218,-25.279033],[-49.304225,-25.279061],[-49.304155,-25.279092],[-49.304129,-25.279134],[-49.304128,-25.279171],[-49.304096,-25.27918],[-49.304079,-25.279207],[-49.304093,-25.279263],[-49.304065,-25.2793],[-49.30409,-25.279337],[-49.304077,-25.279356],[-49.304088,-25.279393],[-49.304082,-25.279421],[-49.304131,-25.279468],[-49.304114,-25.279486],[-49.304092,-25.279551],[-49.304126,-25.279588],[-49.304131,-25.279635],[-49.304119,-25.279672],[-49.304164,-25.279709],[-49.304157,-25.279721],[-49.304086,-25.279746],[-49.304073,-25.279801],[-49.304104,-25.279848],[-49.304134,-25.279863],[-49.304164,-25.279904],[-49.304215,-25.279922],[-49.304287,-25.279918],[-49.304337,-25.279953],[-49.304368,-25.279958],[-49.304384,-25.279944],[-49.304378,-25.279927],[-49.304338,-25.279922],[-49.304287,-25.27989],[-49.304195,-25.279765],[-49.304279,-25.279719],[-49.304361,-25.279743],[-49.304392,-25.279685],[-49.304449,-25.279634]]}},{"type":"Feature","properties":{"alt":1074.0,"mestra":false},"geometry":{"type":"LineString","coordinates":[[-49.304179,-25.278863],[-49.304146,-25.278865],[-49.304148,-25.278904],[-49.304168,-25.278903],[-49.304187,-25.278884],[-49.304179,-25.278863]]}},{"type":"Feature","properties":{"alt":1074.0,"mestra":false},"geometry":{"type":"LineString","coordinates":[[-49.304187,-25.279012],[-49.304166,-25.279023],[-49.304187,-25.279042],[-49.304199,-25.279033],[-49.304187,-25.279012]]}},{"type":"Feature","properties":{"alt":1074.0,"mestra":false},"geometry":{"type":"LineString","coordinates":[[-49.302023,-25.279045],[-49.301921,-25.279047],[-49.301839,-25.279061],[-49.301684,-25.279115],[-49.301619,-25.279151],[-49.301582,-25.279188],[-49.301554,-25.279243],[-49.301514,-25.27941],[-49.301522,-25.279438],[-49.30166,-25.279487],[-49.301731,-25.279481],[-49.301755,-25.279543],[-49.301792,-25.279549],[-49.301819,-25.279534],[-49.301833,-25.279511],[-49.301894,-25.279502],[-49.301918,-25.279461],[-49.302065,-25.279435],[-49.302131,-25.279389],[-49.302223,-25.279376],[-49.302301,-25.279335],[-49.302299,-25.27928],[-49.302275,-25.279233],[-49.302303,-25.279168],[-49.302155,-25.27907],[-49.302023,-25.279045]]}},{"type":"Feature","properties":{"alt":1074.0,"mestra":false},"geometry":{"type":"LineString","coordinates":[[-49.304279,-25.279761],[-49.304264,-25.279766],[-49.304268,-25.279788],[-49.304284,-25.279776],[-49.304279,-25.279761]]}},{"type":"Feature","properties":{"alt":1074.0,"mestra":false},"geometry":{"type":"LineString","coordinates":[[-49.304225,-25.279926],[-49.304205,-25.279928],[-49.304198,-25.27996],[-49.304225,-25.279954],[-49.304225,-25.279926]]}},{"type":"Feature","properties":{"alt":1074.0,"mestra":false},"geometry":{"type":"LineString","coordinates":[[-49.304337,-25.279976],[-49.304315,-25.27998],[-49.304316,-25.280009],[-49.30434,-25.279999],[-49.304337,-25.279976]]}},{"type":"Feature","properties":{"alt":1075.0,"mestra":true},"geometry":{"type":"LineString","coordinates":[[-49.304056,-25.278328],[-49.304023,-25.278341],[-49.303921,-25.278324],[-49.303851,-25.278234],[-49.303803,-25.278211],[-49.303719,-25.278205],[-49.303637,-25.278221],[-49.303598,-25.278256],[-49.303614,-25.278404],[-49.303551,-25.278515],[-49.303571,-25.278531],[-49.303622,-25.278542],[-49.303693,-25.27861],[-49.303743,-25.278627],[-49.303763,-25.278601],[-49.303769,-25.278527],[-49.303796,-25.27849],[-49.303801,-25.278443],[-49.303828,-25.27843],[-49.303899,-25.278439],[-49.303907,-25.278472],[-49.303847,-25.278499],[-49.303848,-25.278509],[-49.303918,-25.278512],[-49.303961,-25.278557],[-49.303937,-25.278631],[-49.303897,-25.278658],[-49.303893,-25.278676],[-49.303926,-25.278692],[-49.304008,-25.278654],[-49.304013,-25.278659],[-49.303999,-25.278743],[-49.303973,-25.278779],[-49.304011,-25.278826],[-49.304036,-25.278831],[-49.304067,-25.278813],[-49.304098,-25.27883],[-49.304149,-25.278819],[-49.304179,-25.278834],[-49.304214,-25.278801],[-49.304211,-25.278764],[-49.304231,-25.278751],[-49.304264,-25.278755],[-49.304278,-25.278774],[-49.304242,-25.278829],[-49.30425,-25.278849],[-49.304301,-25.278859],[-49.304343,-25.278835],[-49.304414,-25.278852]]}},{"type":"Feature","properties":{"alt":1075.0,"mestra":true},"geometry":{"type":"LineString","coordinates":[[-49.302536,-25.278498],[-49.302573,-25.278541],[-49.30259,-25.278596],[-49.302593,-25.278652],[-49.302573,-25.278717],[-49.302575,-25.278763],[-49.302607,-25.278792],[-49.302649,-25.278788],[-49.302705,-25.278746],[-49.302687,-25.278663],[-49.302702,-25.278616],[-49.302687,-25.27857],[-49.302765,-25.278531],[-49.302836,-25.278525],[-49.302842,-25.278507],[-49.302806,-25.278478],[-49.30282,-25.278414],[-49.302858,-25.278377],[-49.30287,-25.27832],[-49.302901,-25.278317],[-49.302925,-25.278294],[-49.302931,-25.278276],[-49.302903,-25.278238],[-49.302899,-25.27821],[-49.302945,-25.278174],[-49.30292,-25.278109],[-49.302883,-25.27809],[-49.30284,-25.278108],[-49.302854,-25.278154],[-49.302831,-25.278176],[-49.30277,-25.278187],[-49.302668,-25.278176],[-49.302659,-25.278161]]}},{"type":"Feature","properties":{"alt":1075.0,"mestra":true},"geometry":{"type":"LineString","coordinates":[[-49.30443,-25.279293],[-49.304367,-25.27922],[-49.30436,-25.279109],[-49.304339,-25.279065],[-49.304328,-25.279134],[-49.304227,-25.279072],[-49.304166,-25.279087],[-49.304131,-25.279143],[-49.304149,-25.27919],[-49.304105,-25.27918],[-49.304087,-25.279198],[-49.304083,-25.279226],[-49.304103,-25.279263],[-49.304072,-25.279291],[-49.30407,-25.279309],[-49.304115,-25.279338],[-49.304082,-25.279356],[-49.304082,-25.279374],[-49.3041,-25.279393],[-49.304088,-25.279421],[-49.304141,-25.279468],[-49.304119,-25.279489],[-49.304095,-25.279551],[-49.304131,-25.279588],[-49.304137,-25.279635],[-49.304122,-25.279672],[-49.304159,-25.279691],[-49.304169,-25.279709],[-49.304157,-25.279726],[-49.304105,-25.279736],[-49.304085,-25.279754],[-49.304074,-25.279792],[-49.304101,-25.279839],[-49.304135,-25.279858],[-49.304154,-25.279891],[-49.304175,-25.279903],[-49.304256,-25.279916],[-49.304286,-25.279906],[-49.304237,-25.27982],[-49.304195,-25.279784],[-49.304189,-25.279765],[-49.304279,-25.279715],[-49.30435,-25.279738],[-49.304382,-25.279682],[-49.304443,-25.27962]]}},{"type":"Feature","properties":{"alt":1075.0,"mestra":true},"geometry":{"type":"LineString","coordinates":[[-49.30416,-25.278722],[-49.30417,-25.278735],[-49.30416,-25.278745],[-49.304147,-25.278735],[-49.30416,-25.278722]]}},{"type":"Feature","properties":{"alt":1075.0,"mestra":true},"geometry":{"type":"LineString","coordinates":[[-49.304169,-25.278868],[-49.304147,-25.278874],[-49.304147,-25.278893],[-49.304158,-25.2789],[-49.304179,-25.278884],[-49.304169,-25.278868]]}},{"type":"Feature","properties":{"alt":1075.0,"mestra":true},"geometry":{"type":"LineString","coordinates":[[-49.304258,-25.279014],[-49.304224,-25.279024],[-49.304221,-25.279042],[-49.304237,-25.27906],[-49.304272,-25.279052],[-49.304258,-25.279014]]}},{"type":"Feature","properties":{"alt":1075.0,"mestra":true},"geometry":{"type":"LineString","coordinates":[[-49.304187,-25.279015],[-49.30417,-25.279023],[-49.304187,-25.279038],[-49.304187,-25.279015]]}},{"type":"Feature","properties":{"alt":1075.0,"mestra":true},"geometry":{"type":"LineString","coordinates":[[-49.302033,-25.279062],[-49.301941,-25.279061],[-49.301849,-25.279075],[-49.301737,-25.279116],[-49.301644,-25.279165],[-49.301586,-25.279244],[-49.301547,-25.27941],[-49.301554,-25.279429],[-49.301599,-25.27944],[-49.30165,-25.279471],[-49.301752,-25.279446],[-49.301824,-25.279458],[-49.301844,-25.279473],[-49.301895,-25.279446],[-49.301977,-25.279437],[-49.302011,-25.279406],[-49.302059,-25.279404],[-49.302141,-25.279377],[-49.302213,-25.279369],[-49.302241,-25.279353],[-49.302269,-25.279317],[-49.302275,-25.279279],[-49.302253,-25.279224],[-49.302286,-25.279188],[-49.302287,-25.279174],[-49.302145,-25.279088],[-49.302033,-25.279062]]}},{"type":"Feature","properties":{"alt":1075.0,"mestra":true},"geometry":{"type":"LineString","coordinates":[[-49.304279,-25.279765],[-49.304268,-25.279767],[-49.304268,-25.279781],[-49.304279,-25.279765]]}},{"type":"Feature","properties":{"alt":1075.0,"mestra":true},"geometry":{"type":"LineString","coordinates":[[-49.304317,-25.279911],[-49.304297,-25.279915],[-49.304315,-25.279934],[-49.304347,-25.279948],[-49.304372,-25.279944],[-49.304368,-25.279932],[-49.304337,-25.27993],[-49.304317,-25.279911]]}},{"type":"Feature","properties":{"alt":1075.0,"mestra":true},"geometry":{"type":"LineString","coordinates":[[-49.304215,-25.279941],[-49.304215,-25.279941]]}},{"type":"Feature","properties":{"alt":1075.0,"mestra":true},"geometry":{"type":"LineString","coordinates":[[-49.304337,-25.279989],[-49.304327,-25.279982],[-49.304314,-25.279999],[-49.304326,-25.280005],[-49.304337,-25.279989]]}},{"type":"Feature","properties":{"alt":1076.0,"mestra":false},"geometry":{"type":"LineString","coordinates":[[-49.302622,-25.278226],[-49.302606,-25.278249]]}},{"type":"Feature","properties":{"alt":1076.0,"mestra":false},"geometry":{"type":"LineString","coordinates":[[-49.304076,-25.278356],[-49.304033,-25.278372],[-49.303911,-25.278338],[-49.303857,-25.278249],[-49.303819,-25.278221],[-49.303739,-25.278209],[-49.303669,-25.278219],[-49.303604,-25.278256],[-49.303602,-25.278302],[-49.303617,-25.278339],[-49.303622,-25.278404],[-49.303562,-25.278515],[-49.303622,-25.278536],[-49.303701,-25.278609],[-49.303743,-25.278619],[-49.303763,-25.278582],[-49.303762,-25.278526],[-49.303792,-25.27849],[-49.303807,-25.278431],[-49.30392,-25.278421],[-49.303961,-25.278401],[-49.304002,-25.278404],[-49.304012,-25.278409],[-49.304011,-25.278429],[-49.30396,-25.27843],[-49.303933,-25.278454],[-49.30392,-25.2785],[-49.303972,-25.278547],[-49.303938,-25.27864],[-49.303899,-25.278667],[-49.303906,-25.278681],[-49.303926,-25.278686],[-49.304008,-25.278646],[-49.304018,-25.278653],[-49.304021,-25.278715],[-49.304048,-25.278724],[-49.304073,-25.278716],[-49.304017,-25.278737],[-49.303976,-25.278779],[-49.304016,-25.278826],[-49.304044,-25.278827],[-49.304067,-25.278808],[-49.304098,-25.278827],[-49.304149,-25.278811],[-49.30418,-25.278828],[-49.304206,-25.278801],[-49.304201,-25.278763],[-49.304221,-25.27874],[-49.304272,-25.278747],[-49.304286,-25.278764],[-49.30429,-25.278783],[-49.30425,-25.278829],[-49.304261,-25.278844],[-49.304291,-25.278842],[-49.304353,-25.278813],[-49.304414,-25.278814]]}},{"type":"Feature","properties":{"alt":1076.0,"mestra":false},"geometry":{"type":"LineString","coordinates":[[-49.302574,-25.278401],[-49.302569,-25.278448],[-49.302584,-25.278494],[-49.302642,-25.278523],[-49.302644,-25.278532],[-49.302606,-25.27855],[-49.302605,-25.278597],[-49.302615,-25.278717],[-49.30263,-25.278737],[-49.30265,-25.278739],[-49.302686,-25.278718],[-49.30268,-25.278662],[-49.302695,-25.278616],[-49.302674,-25.278579],[-49.302678,-25.27856],[-49.302794,-25.278497],[-49.302816,-25.278395],[-49.302845,-25.278367],[-49.302844,-25.27834],[-49.30286,-25.278308],[-49.302901,-25.278303],[-49.302922,-25.278285],[-49.30292,-25.278266],[-49.302893,-25.278238],[-49.302891,-25.27821],[-49.302932,-25.278164],[-49.30291,-25.278108],[-49.302873,-25.278095],[-49.302846,-25.278117],[-49.302862,-25.278154],[-49.302852,-25.278176],[-49.30278,-25.278196],[-49.302719,-25.278192],[-49.302657,-25.278204]]}},{"type":"Feature","properties":{"alt":1076.0,"mestra":false},"geometry":{"type":"LineString","coordinates":[[-49.304424,-25.279299],[-49.304356,-25.27922],[-49.304352,-25.279173],[-49.304338,-25.279153],[-49.304318,-25.279151],[-49.304298,-25.279124],[-49.304227,-25.279076],[-49.304157,-25.279097],[-49.304136,-25.279143],[-49.304159,-25.27919],[-49.304144,-25.2792],[-49.304103,-25.279187],[-49.304093,-25.279198],[-49.304086,-25.279226],[-49.304114,-25.279273],[-49.304073,-25.2793],[-49.304091,-25.279321],[-49.304138,-25.279329],[-49.304131,-25.279345],[-49.304086,-25.279356],[-49.30409,-25.279381],[-49.304119,-25.279393],[-49.304093,-25.279421],[-49.304163,-25.279468],[-49.304129,-25.279488],[-49.304097,-25.279542],[-49.304134,-25.279579],[-49.304133,-25.279607],[-49.304145,-25.279626],[-49.304125,-25.279672],[-49.304172,-25.2797],[-49.304166,-25.279728],[-49.304105,-25.27974],[-49.304085,-25.279762],[-49.304078,-25.279792],[-49.304106,-25.279839],[-49.304143,-25.279858],[-49.304168,-25.279895],[-49.304256,-25.279903],[-49.304266,-25.279896],[-49.304256,-25.279859],[-49.304227,-25.279816],[-49.304186,-25.279787],[-49.304187,-25.279758],[-49.304279,-25.279712],[-49.30435,-25.279721],[-49.304392,-25.279651],[-49.304436,-25.279612]]}},{"type":"Feature","properties":{"alt":1076.0,"mestra":false},"geometry":{"type":"LineString","coordinates":[[-49.303909,-25.278489],[-49.303873,-25.2785],[-49.303898,-25.278509],[-49.303915,-25.2785],[-49.303909,-25.278489]]}},{"type":"Feature","properties":{"alt":1076.0,"mestra":false},"geometry":{"type":"LineString","coordinates":[[-49.304072,-25.27851],[-49.304107,-25.278521],[-49.304112,-25.27854],[-49.304085,-25.278539],[-49.304072,-25.27851]]}},{"type":"Feature","properties":{"alt":1076.0,"mestra":false},"geometry":{"type":"LineString","coordinates":[[-49.304,-25.278523],[-49.304008,-25.278529],[-49.304,-25.278536],[-49.304,-25.278523]]}},{"type":"Feature","properties":{"alt":1076.0,"mestra":false},"geometry":{"type":"LineString","coordinates":[[-49.30404,-25.278575],[-49.304039,-25.278614],[-49.30404,-25.278575]]}},{"type":"Feature","properties":{"alt":1076.0,"mestra":false},"geometry":{"type":"LineString","coordinates":[[-49.304141,-25.278622],[-49.304149,-25.278624],[-49.304141,-25.278622]]}},{"type":"Feature","properties":{"alt":1076.0,"mestra":false},"geometry":{"type":"LineString","coordinates":[[-49.30415,-25.278703],[-49.30418,-25.278726],[-49.304175,-25.278745],[-49.30415,-25.27876],[-49.304136,-25.278716],[-49.30415,-25.278703]]}},{"type":"Feature","properties":{"alt":1076.0,"mestra":false},"geometry":{"type":"LineString","coordinates":[[-49.304168,-25.278879],[-49.304152,-25.278884],[-49.304158,-25.278893],[-49.304168,-25.278879]]}},{"type":"Feature","properties":{"alt":1076.0,"mestra":false},"geometry":{"type":"LineString","coordinates":[[-49.304248,-25.279013],[-49.304223,-25.279033],[-49.304227,-25.279048],[-49.304248,-25.279058],[-49.304267,-25.279043],[-49.304265,-25.279024],[-49.304248,-25.279013]]}},{"type":"Feature","properties":{"alt":1076.0,"mestra":false},"geometry":{"type":"LineString","coordinates":[[-49.304187,-25.27902],[-49.304174,-25.279023],[-49.304176,-25.279033],[-49.304189,-25.279032],[-49.304187,-25.27902]]}},{"type":"Feature","properties":{"alt":1076.0,"mestra":false},"geometry":{"type":"LineString","coordinates":[[-49.302053,-25.279081],[-49.301962,-25.279075],[-49.30187,-25.279086],[-49.301783,-25.279116],[-49.301681,-25.279171],[-49.301619,-25.279244],[-49.301586,-25.279411],[-49.30165,-25.279458],[-49.301681,-25.279455],[-49.301712,-25.279435],[-49.301814,-25.279428],[-49.301865,-25.279442],[-49.301967,-25.279425],[-49.30199,-25.279397],[-49.3021,-25.279385],[-49.302212,-25.279353],[-49.302254,-25.279299],[-49.30225,-25.279242],[-49.302175,-25.27913],[-49.302124,-25.279099],[-49.302053,-25.279081]]}},{"type":"Feature","properties":{"alt":1076.0,"mestra":false},"geometry":{"type":"LineString","coordinates":[[-49.304246,-25.279189],[-49.304277,-25.2792],[-49.304276,-25.279222],[-49.304225,-25.279214],[-49.304225,-25.279196],[-49.304246,-25.279189]]}},{"type":"Feature","properties":{"alt":1076.0,"mestra":false},"geometry":{"type":"LineString","coordinates":[[-49.304183,-25.279301],[-49.304183,-25.279301]]}},{"type":"Feature","properties":{"alt":1076.0,"mestra":false},"geometry":{"type":"LineString","coordinates":[[-49.304209,-25.279622],[-49.304209,-25.279636],[-49.304197,-25.279636],[-49.304209,-25.279622]]}},{"type":"Feature","properties":{"alt":1076.0,"mestra":false},"geometry":{"type":"LineString","coordinates":[[-49.304317,-25.279923],[-49.304317,-25.279923]]}},{"type":"Feature","properties":{"alt":1077.0,"mestra":false},"geometry":{"type":"LineString","coordinates":[[-49.302646,-25.278218],[-49.302648,-25.278216]]}},{"type":"Feature","properties":{"alt":1077.0,"mestra":false},"geometry":{"type":"LineString","coordinates":[[-49.304105,-25.278392],[-49.304011,-25.278448],[-49.303981,-25.278432],[-49.30396,-25.278437],[-49.303937,-25.278464],[-49.303931,-25.278501],[-49.303949,-25.278527],[-49.303979,-25.278535],[-49.304,-25.278516],[-49.304018,-25.278529],[-49.303971,-25.278566],[-49.303942,-25.278649],[-49.303978,-25.278663],[-49.304019,-25.278628],[-49.304036,-25.278706],[-49.304079,-25.278706],[-49.304086,-25.278716],[-49.303997,-25.278761],[-49.303981,-25.27878],[-49.303986,-25.278788],[-49.304006,-25.278797],[-49.304026,-25.278827],[-49.304067,-25.2788],[-49.304098,-25.278823],[-49.304125,-25.278818],[-49.304141,-25.2788],[-49.304122,-25.278707],[-49.30413,-25.278682],[-49.304167,-25.278698],[-49.304201,-25.278729],[-49.304283,-25.278743],[-49.304306,-25.278783],[-49.304267,-25.27882],[-49.304271,-25.278835],[-49.304298,-25.27883],[-49.304343,-25.27879],[-49.304415,-25.278767]]}},{"type":"Feature","properties":{"alt":1077.0,"mestra":false},"geometry":{"type":"LineString","coordinates":[[-49.302581,-25.278394],[-49.302606,-25.278485],[-49.302673,-25.27854],[-49.302714,-25.278538],[-49.302745,-25.278504],[-49.302789,-25.278487],[-49.302804,-25.278395],[-49.30283,-25.278367],[-49.302833,-25.27833],[-49.30286,-25.278293],[-49.302904,-25.278275],[-49.302878,-25.278247],[-49.302872,-25.278184],[-49.30278,-25.278206],[-49.302708,-25.278208],[-49.302667,-25.278227],[-49.302646,-25.278263],[-49.302615,-25.278284]]}},{"type":"Feature","properties":{"alt":1077.0,"mestra":false},"geometry":{"type":"LineString","coordinates":[[-49.304196,-25.278572],[-49.304189,-25.278633],[-49.304113,-25.278642],[-49.304148,-25.278596],[-49.304148,-25.278559],[-49.304132,-25.278548],[-49.304091,-25.27855],[-49.304048,-25.278511],[-49.304072,-25.27849],[-49.304153,-25.278495],[-49.304183,-25.278456]]}},{"type":"Feature","properties":{"alt":1077.0,"mestra":false},"geometry":{"type":"LineString","coordinates":[[-49.304379,-25.278679],[-49.304353,-25.278663],[-49.304335,-25.27863],[-49.304321,-25.278589],[-49.304332,-25.278566]]}},{"type":"Feature","properties":{"alt":1077.0,"mestra":false},"geometry":{"type":"LineString","coordinates":[[-49.304416,-25.279306],[-49.304341,-25.27922],[-49.304338,-25.279178],[-49.304305,-25.279182],[-49.3043,-25.279229],[-49.304286,-25.279245],[-49.304215,-25.279211],[-49.304217,-25.27919],[-49.304276,-25.279183],[-49.304305,-25.279164],[-49.304288,-25.279121],[-49.304227,-25.27908],[-49.304196,-25.279097],[-49.304161,-25.279097],[-49.304141,-25.279143],[-49.30417,-25.27919],[-49.304144,-25.279203],[-49.304103,-25.279194],[-49.304089,-25.279217],[-49.304138,-25.279301],[-49.304183,-25.279286],[-49.304195,-25.279292],[-49.304183,-25.279321],[-49.304141,-25.279355],[-49.304101,-25.279351],[-49.304087,-25.279365],[-49.3041,-25.279383],[-49.304131,-25.279394],[-49.304102,-25.279412],[-49.304103,-25.27943],[-49.30416,-25.27945],[-49.304181,-25.279478],[-49.30417,-25.279495],[-49.304139,-25.279496],[-49.3041,-25.279542],[-49.304138,-25.279577],[-49.304137,-25.279607],[-49.304153,-25.279626],[-49.304129,-25.279653],[-49.304128,-25.279672],[-49.304167,-25.279686],[-49.304176,-25.2797],[-49.304167,-25.279737],[-49.304105,-25.279744],[-49.304088,-25.279764],[-49.304083,-25.279792],[-49.304114,-25.279839],[-49.304145,-25.27985],[-49.304181,-25.279895],[-49.304246,-25.279893],[-49.304256,-25.279877],[-49.304247,-25.27985],[-49.304227,-25.279824],[-49.304183,-25.279802],[-49.304178,-25.279756],[-49.304279,-25.279707],[-49.30434,-25.279716],[-49.304393,-25.279623],[-49.304427,-25.279595]]}},{"type":"Feature","properties":{"alt":1077.0,"mestra":false},"geometry":{"type":"LineString","coordinates":[[-49.302893,-25.278104],[-49.302873,-25.2781],[-49.302853,-25.278117],[-49.302882,-25.278183],[-49.302916,-25.278164],[-49.302907,-25.278118],[-49.302893,-25.278104]]}},{"type":"Feature","properties":{"alt":1077.0,"mestra":false},"geometry":{"type":"LineString","coordinates":[[-49.3038,-25.27822],[-49.303688,-25.27822],[-49.303624,-25.278247],[-49.303609,-25.278265],[-49.303608,-25.278302],[-49.303624,-25.27833],[-49.303623,-25.278376],[-49.303637,-25.278404],[-49.303603,-25.278438],[-49.303574,-25.278506],[-49.303632,-25.278536],[-49.303703,-25.278603],[-49.303733,-25.278612],[-49.303755,-25.278601],[-49.303758,-25.278517],[-49.303788,-25.27849],[-49.303799,-25.278434],[-49.303828,-25.278418],[-49.303982,-25.278381],[-49.303971,-25.278367],[-49.30391,-25.278366],[-49.3039,-25.278357],[-49.303851,-25.278249],[-49.3038,-25.27822]]}},{"type":"Feature","properties":{"alt":1077.0,"mestra":false},"geometry":{"type":"LineString","coordinates":[[-49.303716,-25.278412],[-49.303726,-25.278424],[-49.303715,-25.278442],[-49.303673,-25.278433],[-49.303675,-25.278411],[-49.303716,-25.278412]]}},{"type":"Feature","properties":{"alt":1077.0,"mestra":false},"geometry":{"type":"LineString","coordinates":[[-49.302653,-25.27855],[-49.302627,-25.278551],[-49.302619,-25.278597],[-49.302633,-25.278708],[-49.30265,-25.278724],[-49.302671,-25.278709],[-49.302685,-25.278616],[-49.302657,-25.278588],[-49.302653,-25.27855]]}},{"type":"Feature","properties":{"alt":1077.0,"mestra":false},"geometry":{"type":"LineString","coordinates":[[-49.30405,-25.27857],[-49.304049,-25.278613],[-49.304029,-25.278625],[-49.304027,-25.278585],[-49.30404,-25.278567],[-49.30405,-25.27857]]}},{"type":"Feature","properties":{"alt":1077.0,"mestra":false},"geometry":{"type":"LineString","coordinates":[[-49.30411,-25.278649],[-49.30411,-25.278649]]}},{"type":"Feature","properties":{"alt":1077.0,"mestra":false},"geometry":{"type":"LineString","coordinates":[[-49.303927,-25.278656],[-49.303907,-25.278667],[-49.303916,-25.278679],[-49.303934,-25.278668],[-49.303927,-25.278656]]}},{"type":"Feature","properties":{"alt":1077.0,"mestra":false},"geometry":{"type":"LineString","coordinates":[[-49.30418,-25.278756],[-49.304159,-25.2788],[-49.304179,-25.278822],[-49.3042,-25.278791],[-49.30418,-25.278756]]}},{"type":"Feature","properties":{"alt":1077.0,"mestra":false},"geometry":{"type":"LineString","coordinates":[[-49.304258,-25.27902],[-49.30423,-25.279024],[-49.304227,-25.279042],[-49.304237,-25.279052],[-49.304264,-25.279043],[-49.304258,-25.27902]]}},{"type":"Feature","properties":{"alt":1077.0,"mestra":false},"geometry":{"type":"LineString","coordinates":[[-49.302012,-25.27909],[-49.30192,-25.279091],[-49.301849,-25.279107],[-49.30177,-25.279144],[-49.301691,-25.279199],[-49.30165,-25.279254],[-49.301635,-25.279356],[-49.301616,-25.279392],[-49.301637,-25.279439],[-49.30166,-25.279446],[-49.301701,-25.279427],[-49.301763,-25.279425],[-49.301794,-25.279411],[-49.301885,-25.27943],[-49.301957,-25.279414],[-49.301973,-25.279387],[-49.3021,-25.279379],[-49.302192,-25.279352],[-49.302213,-25.279316],[-49.302244,-25.279292],[-49.302241,-25.279242],[-49.302142,-25.279129],[-49.302084,-25.279103],[-49.302012,-25.27909]]}},{"type":"Feature","properties":{"alt":1077.0,"mestra":false},"geometry":{"type":"LineString","coordinates":[[-49.304112,-25.27929],[-49.304086,-25.279291],[-49.304081,-25.27931],[-49.304113,-25.27931],[-49.304112,-25.27929]]}},{"type":"Feature","properties":{"alt":1077.0,"mestra":false},"geometry":{"type":"LineString","coordinates":[[-49.304219,-25.27961],[-49.304209,-25.279643],[-49.304184,-25.279635],[-49.304219,-25.27961]]}},{"type":"Feature","properties":{"alt":1078.0,"mestra":false},"geometry":{"type":"LineString","coordinates":[[-49.304203,-25.278578],[-49.304216,-25.278587],[-49.304212,-25.278634],[-49.304236,-25.278662],[-49.304202,-25.278671],[-49.304172,-25.278652],[-49.304141,-25.278651],[-49.304132,-25.278661],[-49.304147,-25.278679],[-49.304181,-25.278688],[-49.304201,-25.27871],[-49.304283,-25.278729],[-49.304323,-25.278772],[-49.304354,-25.278757],[-49.304375,-25.278729]]}},{"type":"Feature","properties":{"alt":1078.0,"mestra":false},"geometry":{"type":"LineString","coordinates":[[-49.304375,-25.278726],[-49.304334,-25.278708],[-49.304305,-25.278625],[-49.304256,-25.278568]]}},{"type":"Feature","properties":{"alt":1078.0,"mestra":false},"geometry":{"type":"LineString","coordinates":[[-49.304407,-25.279314],[-49.304347,-25.279255],[-49.304286,-25.279254],[-49.304255,-25.279232],[-49.304225,-25.279227],[-49.304195,-25.279191],[-49.304143,-25.279207],[-49.304113,-25.279198],[-49.304097,-25.279208],[-49.304093,-25.279226],[-49.304112,-25.279252],[-49.304163,-25.279276],[-49.304193,-25.279279],[-49.304203,-25.279292],[-49.304162,-25.279372],[-49.304137,-25.279403],[-49.304103,-25.279421],[-49.30412,-25.279438],[-49.304169,-25.27945],[-49.304192,-25.279487],[-49.304109,-25.279533],[-49.304106,-25.279551],[-49.304139,-25.27957],[-49.304143,-25.279607],[-49.304168,-25.279631],[-49.304299,-25.279544],[-49.304281,-25.279579],[-49.304234,-25.279599],[-49.304218,-25.279645],[-49.304199,-25.27965],[-49.304168,-25.279637],[-49.304134,-25.279653],[-49.304137,-25.279676],[-49.304178,-25.279688],[-49.304183,-25.279737],[-49.304218,-25.279738],[-49.304279,-25.279703],[-49.304338,-25.279702],[-49.304367,-25.279638],[-49.304366,-25.2796],[-49.304395,-25.279573],[-49.304409,-25.279513]]}},{"type":"Feature","properties":{"alt":1078.0,"mestra":false},"geometry":{"type":"LineString","coordinates":[[-49.302883,-25.278106],[-49.302861,-25.278117],[-49.302893,-25.278141],[-49.302898,-25.278118],[-49.302883,-25.278106]]}},{"type":"Feature","properties":{"alt":1078.0,"mestra":false},"geometry":{"type":"LineString","coordinates":[[-49.303769,-25.27822],[-49.303688,-25.278227],[-49.303616,-25.278265],[-49.303616,-25.278302],[-49.303639,-25.27833],[-49.303628,-25.278358],[-49.303634,-25.278383],[-49.303726,-25.278405],[-49.303736,-25.278433],[-49.303725,-25.27845],[-49.303674,-25.278452],[-49.303654,-25.278426],[-49.303634,-25.278426],[-49.303613,-25.278442],[-49.303596,-25.278506],[-49.303663,-25.278554],[-49.303693,-25.278557],[-49.303703,-25.278594],[-49.303733,-25.278606],[-49.303749,-25.278601],[-49.303757,-25.278573],[-49.30374,-25.278517],[-49.303783,-25.27849],[-49.303797,-25.278432],[-49.303869,-25.278392],[-49.303879,-25.27837],[-49.303845,-25.278249],[-49.303816,-25.27823],[-49.303769,-25.27822]]}},{"type":"Feature","properties":{"alt":1078.0,"mestra":false},"geometry":{"type":"LineString","coordinates":[[-49.302851,-25.278205],[-49.302739,-25.278212],[-49.302708,-25.278223],[-49.302629,-25.278319],[-49.302628,-25.278365],[-49.30266,-25.278393],[-49.30262,-25.278411],[-49.302612,-25.278458],[-49.302673,-25.278528],[-49.302714,-25.278527],[-49.30274,-25.278496],[-49.302786,-25.278479],[-49.302786,-25.278404],[-49.302821,-25.278358],[-49.30282,-25.27833],[-49.302863,-25.278266],[-49.302851,-25.278205]]}},{"type":"Feature","properties":{"alt":1078.0,"mestra":false},"geometry":{"type":"LineString","coordinates":[[-49.304052,-25.278444],[-49.304011,-25.278457],[-49.303981,-25.278438],[-49.30396,-25.278441],[-49.30394,-25.278473],[-49.303946,-25.278519],[-49.303969,-25.278532],[-49.304,-25.278511],[-49.304031,-25.27852],[-49.304082,-25.278465],[-49.304052,-25.278444]]}},{"type":"Feature","properties":{"alt":1078.0,"mestra":false},"geometry":{"type":"LineString","coordinates":[[-49.304093,-25.278464],[-49.304093,-25.278464]]}},{"type":"Feature","properties":{"alt":1078.0,"mestra":false},"geometry":{"type":"LineString","coordinates":[[-49.304051,-25.278528],[-49.304031,-25.278523],[-49.304023,-25.278539],[-49.303978,-25.278566],[-49.303952,-25.278612],[-49.303953,-25.278649],[-49.303967,-25.27866],[-49.303994,-25.27865],[-49.304021,-25.278613],[-49.30403,-25.27857],[-49.30405,-25.278563],[-49.304054,-25.278613],[-49.304027,-25.278641],[-49.304028,-25.278678],[-49.304048,-25.278701],[-49.304096,-25.278697],[-49.304103,-25.278679],[-49.30409,-25.278642],[-49.30412,-25.278614],[-49.304131,-25.278577],[-49.304051,-25.278528]]}},{"type":"Feature","properties":{"alt":1078.0,"mestra":false},"geometry":{"type":"LineString","coordinates":[[-49.302652,-25.278606],[-49.302633,-25.278625],[-49.302651,-25.278658],[-49.302661,-25.278657],[-49.302674,-25.278625],[-49.302652,-25.278606]]}},{"type":"Feature","properties":{"alt":1078.0,"mestra":false},"geometry":{"type":"LineString","coordinates":[[-49.30412,-25.278725],[-49.304099,-25.278716],[-49.303985,-25.27878],[-49.304008,-25.278789],[-49.304026,-25.278824],[-49.304048,-25.278817],[-49.304068,-25.278787],[-49.304091,-25.27879],[-49.304098,-25.278818],[-49.304117,-25.278818],[-49.304129,-25.278809],[-49.304118,-25.278781],[-49.30412,-25.278725]]}},{"type":"Feature","properties":{"alt":1078.0,"mestra":false},"geometry":{"type":"LineString","coordinates":[[-49.30419,-25.278799],[-49.30418,-25.278793],[-49.304176,-25.27881],[-49.30419,-25.278799]]}},{"type":"Feature","properties":{"alt":1078.0,"mestra":false},"geometry":{"type":"LineString","coordinates":[[-49.304292,-25.278811],[-49.304281,-25.278824],[-49.304292,-25.278811]]}},{"type":"Feature","properties":{"alt":1078.0,"mestra":false},"geometry":{"type":"LineString","coordinates":[[-49.304258,-25.279023],[-49.304238,-25.27902],[-49.30423,-25.279042],[-49.304258,-25.279045],[-49.304258,-25.279023]]}},{"type":"Feature","properties":{"alt":1078.0,"mestra":false},"geometry":{"type":"LineString","coordinates":[[-49.304227,-25.279083],[-49.304196,-25.279104],[-49.304165,-25.279096],[-49.304153,-25.279115],[-49.304149,-25.279153],[-49.304185,-25.279187],[-49.304266,-25.279178],[-49.304299,-25.279154],[-49.304289,-25.279126],[-49.304227,-25.279083]]}},{"type":"Feature","properties":{"alt":1078.0,"mestra":false},"geometry":{"type":"LineString","coordinates":[[-49.302043,-25.279109],[-49.301961,-25.279102],[-49.301879,-25.279112],[-49.301756,-25.279181],[-49.301682,-25.279263],[-49.301651,-25.279422],[-49.301742,-25.279419],[-49.301784,-25.279394],[-49.301875,-25.279421],[-49.301947,-25.2794],[-49.301957,-25.279375],[-49.3021,-25.279372],[-49.302182,-25.279347],[-49.302198,-25.279316],[-49.302235,-25.279288],[-49.302232,-25.279242],[-49.302154,-25.27916],[-49.302104,-25.279128],[-49.302043,-25.279109]]}},{"type":"Feature","properties":{"alt":1078.0,"mestra":false},"geometry":{"type":"LineString","coordinates":[[-49.304091,-25.279298],[-49.304099,-25.2793],[-49.304091,-25.279298]]}},{"type":"Feature","properties":{"alt":1078.0,"mestra":false},"geometry":{"type":"LineString","coordinates":[[-49.304121,-25.279356],[-49.304097,-25.279356],[-49.304094,-25.279375],[-49.304141,-25.279375],[-49.304121,-25.279356]]}},{"type":"Feature","properties":{"alt":1078.0,"mestra":false},"geometry":{"type":"LineString","coordinates":[[-49.304344,-25.279465],[-49.304349,-25.27948],[-49.304313,-25.279502],[-49.304321,-25.27947],[-49.304344,-25.279465]]}},{"type":"Feature","properties":{"alt":1078.0,"mestra":false},"geometry":{"type":"LineString","coordinates":[[-49.304156,-25.279745],[-49.304105,-25.279749],[-49.304088,-25.279792],[-49.304125,-25.279832],[-49.304155,-25.279845],[-49.304185,-25.27989],[-49.304236,-25.27989],[-49.304248,-25.279877],[-49.304241,-25.279849],[-49.304216,-25.279826],[-49.304169,-25.279812],[-49.304156,-25.279745]]}},{"type":"Feature","properties":{"alt":1079.0,"mestra":false},"geometry":{"type":"LineString","coordinates":[[-49.304399,-25.27932],[-49.304347,-25.279273],[-49.304275,-25.279257],[-49.304195,-25.279205],[-49.304103,-25.279207],[-49.304097,-25.279226],[-49.304112,-25.279248],[-49.304195,-25.279274],[-49.304208,-25.279292],[-49.304182,-25.279348],[-49.304192,-25.279395],[-49.30411,-25.279423],[-49.30413,-25.279437],[-49.304161,-25.279436],[-49.304201,-25.279475],[-49.304248,-25.279488],[-49.30426,-25.279506],[-49.304201,-25.27949],[-49.304108,-25.279541],[-49.304147,-25.27957],[-49.30415,-25.279607],[-49.304179,-25.279619],[-49.304259,-25.279562],[-49.304315,-25.279461],[-49.30441,-25.279419]]}},{"type":"Feature","properties":{"alt":1079.0,"mestra":false},"geometry":{"type":"LineString","coordinates":[[-49.302883,-25.278117],[-49.302883,-25.278117]]}},{"type":"Feature","properties":{"alt":1079.0,"mestra":false},"geometry":{"type":"LineString","coordinates":[[-49.30379,-25.278228],[-49.303698,-25.27823],[-49.303638,-25.278265],[-49.303633,-25.278302],[-49.303653,-25.27833],[-49.303635,-25.278367],[-49.303675,-25.278392],[-49.303726,-25.278394],[-49.303743,-25.278443],[-49.303735,-25.278459],[-49.303689,-25.278461],[-49.303653,-25.278485],[-49.303633,-25.278479],[-49.303619,-25.278506],[-49.303632,-25.278516],[-49.303663,-25.278505],[-49.303704,-25.278514],[-49.303735,-25.278482],[-49.303776,-25.278491],[-49.303791,-25.278434],[-49.303857,-25.27837],[-49.30385,-25.278268],[-49.30383,-25.278243],[-49.30379,-25.278228]]}},{"type":"Feature","properties":{"alt":1079.0,"mestra":false},"geometry":{"type":"LineString","coordinates":[[-49.302831,-25.278215],[-49.302714,-25.278236],[-49.302648,-25.278337],[-49.302649,-25.278365],[-49.302699,-25.278421],[-49.302644,-25.27842],[-49.302632,-25.27843],[-49.302631,-25.278467],[-49.302663,-25.278515],[-49.302684,-25.27852],[-49.302725,-25.278492],[-49.302776,-25.278482],[-49.302785,-25.278469],[-49.302786,-25.27845],[-49.302766,-25.278427],[-49.302725,-25.278439],[-49.302711,-25.278422],[-49.302745,-25.278403],[-49.302757,-25.278378],[-49.302777,-25.278377],[-49.302808,-25.278353],[-49.302809,-25.278328],[-49.302847,-25.278256],[-49.302831,-25.278215]]}},{"type":"Feature","properties":{"alt":1079.0,"mestra":false},"geometry":{"type":"LineString","coordinates":[[-49.303981,-25.278442],[-49.30396,-25.278446],[-49.303945,-25.278464],[-49.303944,-25.27851],[-49.303959,-25.278525],[-49.304031,-25.278505],[-49.304053,-25.278474],[-49.304042,-25.278456],[-49.304011,-25.278462],[-49.303981,-25.278442]]}},{"type":"Feature","properties":{"alt":1079.0,"mestra":false},"geometry":{"type":"LineString","coordinates":[[-49.304061,-25.278538],[-49.304041,-25.278535],[-49.303987,-25.278566],[-49.303954,-25.278621],[-49.303961,-25.278649],[-49.303988,-25.278651],[-49.304016,-25.278613],[-49.30403,-25.278561],[-49.30405,-25.278558],[-49.30406,-25.278567],[-49.304059,-25.278613],[-49.304031,-25.278641],[-49.304027,-25.278659],[-49.304049,-25.278695],[-49.30409,-25.278681],[-49.304083,-25.278642],[-49.304111,-25.278614],[-49.304118,-25.278586],[-49.304109,-25.278568],[-49.304061,-25.278538]]}},{"type":"Feature","properties":{"alt":1079.0,"mestra":false},"geometry":{"type":"LineString","coordinates":[[-49.303744,-25.27855],[-49.303724,-25.278554],[-49.303709,-25.278572],[-49.303711,-25.278591],[-49.303723,-25.278598],[-49.303747,-25.278591],[-49.303744,-25.27855]]}},{"type":"Feature","properties":{"alt":1079.0,"mestra":false},"geometry":{"type":"LineString","coordinates":[[-49.304274,-25.278631],[-49.304257,-25.278634],[-49.304238,-25.27869],[-49.304252,-25.278708],[-49.304283,-25.278711],[-49.304301,-25.2787],[-49.304303,-25.278681],[-49.304294,-25.27865],[-49.304274,-25.278631]]}},{"type":"Feature","properties":{"alt":1079.0,"mestra":false},"geometry":{"type":"LineString","coordinates":[[-49.302651,-25.278624],[-49.302651,-25.278638],[-49.302651,-25.278624]]}},{"type":"Feature","properties":{"alt":1079.0,"mestra":false},"geometry":{"type":"LineString","coordinates":[[-49.304161,-25.278661],[-49.304153,-25.27867],[-49.304161,-25.278673],[-49.30417,-25.27867],[-49.304161,-25.278661]]}},{"type":"Feature","properties":{"alt":1079.0,"mestra":false},"geometry":{"type":"LineString","coordinates":[[-49.304109,-25.278725],[-49.304006,-25.278771],[-49.304023,-25.278789],[-49.304021,-25.278817],[-49.304043,-25.278817],[-49.304061,-25.278771],[-49.304109,-25.27877],[-49.30412,-25.278744],[-49.304109,-25.278725]]}},{"type":"Feature","properties":{"alt":1079.0,"mestra":false},"geometry":{"type":"LineString","coordinates":[[-49.304118,-25.278809],[-49.304106,-25.278809],[-49.304118,-25.278809]]}},{"type":"Feature","properties":{"alt":1079.0,"mestra":false},"geometry":{"type":"LineString","coordinates":[[-49.304248,-25.279021],[-49.304231,-25.279033],[-49.304238,-25.279045],[-49.304258,-25.279037],[-49.304248,-25.279021]]}},{"type":"Feature","properties":{"alt":1079.0,"mestra":false},"geometry":{"type":"LineString","coordinates":[[-49.304227,-25.279087],[-49.304186,-25.279117],[-49.304165,-25.279102],[-49.304157,-25.279116],[-49.304155,-25.279153],[-49.304185,-25.279178],[-49.304266,-25.279173],[-49.304293,-25.279154],[-49.304284,-25.279126],[-49.304227,-25.279087]]}},{"type":"Feature","properties":{"alt":1079.0,"mestra":false},"geometry":{"type":"LineString","coordinates":[[-49.302012,-25.279119],[-49.301885,-25.279127],[-49.301783,-25.27919],[-49.301703,-25.279294],[-49.301688,-25.279365],[-49.301699,-25.279403],[-49.301732,-25.279411],[-49.301774,-25.279383],[-49.301865,-25.279399],[-49.301927,-25.279387],[-49.301947,-25.279363],[-49.302039,-25.279373],[-49.302111,-25.279361],[-49.302172,-25.279336],[-49.302183,-25.279316],[-49.302224,-25.279286],[-49.302224,-25.279242],[-49.302093,-25.279145],[-49.302012,-25.279119]]}},{"type":"Feature","properties":{"alt":1079.0,"mestra":false},"geometry":{"type":"LineString","coordinates":[[-49.304121,-25.279363],[-49.304096,-25.279365],[-49.30411,-25.279377],[-49.304122,-25.279375],[-49.304121,-25.279363]]}},{"type":"Feature","properties":{"alt":1079.0,"mestra":false},"geometry":{"type":"LineString","coordinates":[[-49.304354,-25.279506],[-49.304333,-25.279514],[-49.304312,-25.279566],[-49.30424,-25.279604],[-49.304225,-25.279645],[-49.304137,-25.279655],[-49.304137,-25.279672],[-49.304179,-25.279682],[-49.304197,-25.279738],[-49.304228,-25.279731],[-49.304279,-25.279698],[-49.304321,-25.279693],[-49.304349,-25.279637],[-49.304348,-25.279591],[-49.304375,-25.279554],[-49.304354,-25.279506]]}},{"type":"Feature","properties":{"alt":1079.0,"mestra":false},"geometry":{"type":"LineString","coordinates":[[-49.304146,-25.27975],[-49.304105,-25.279755],[-49.304093,-25.279783],[-49.304105,-25.2798],[-49.304145,-25.279806],[-49.304157,-25.279774],[-49.304146,-25.27975]]}},{"type":"Feature","properties":{"alt":1079.0,"mestra":false},"geometry":{"type":"LineString","coordinates":[[-49.304227,-25.279839],[-49.304196,-25.279831],[-49.304171,-25.279839],[-49.30419,-25.279886],[-49.304216,-25.27989],[-49.30424,-25.279877],[-49.304227,-25.279839]]}},{"type":"Feature","properties":{"alt":1080.0,"mestra":true},"geometry":{"type":"LineString","coordinates":[[-49.30381,-25.278239],[-49.303749,-25.27823],[-49.303688,-25.278239],[-49.303658,-25.278256],[-49.303645,-25.278284],[-49.303663,-25.27833],[-49.303646,-25.278367],[-49.303685,-25.278389],[-49.303747,-25.278377],[-49.303748,-25.278471],[-49.303766,-25.278487],[-49.303778,-25.27848],[-49.30378,-25.278443],[-49.30385,-25.278333],[-49.303844,-25.278268],[-49.30381,-25.278239]]}},{"type":"Feature","properties":{"alt":1080.0,"mestra":true},"geometry":{"type":"LineString","coordinates":[[-49.30282,-25.278226],[-49.302787,-25.278237],[-49.302769,-25.278266],[-49.302728,-25.278249],[-49.302706,-25.278264],[-49.30266,-25.278347],[-49.302662,-25.278365],[-49.302695,-25.278399],[-49.302726,-25.278403],[-49.302768,-25.278342],[-49.302788,-25.278334],[-49.302831,-25.278256],[-49.30282,-25.278226]]}},{"type":"Feature","properties":{"alt":1080.0,"mestra":true},"geometry":{"type":"LineString","coordinates":[[-49.30397,-25.278445],[-49.303947,-25.278473],[-49.303959,-25.27852],[-49.304023,-25.278502],[-49.30404,-25.278474],[-49.30397,-25.278445]]}},{"type":"Feature","properties":{"alt":1080.0,"mestra":true},"geometry":{"type":"LineString","coordinates":[[-49.302766,-25.278445],[-49.302729,-25.278468],[-49.302767,-25.278478],[-49.302778,-25.278459],[-49.302766,-25.278445]]}},{"type":"Feature","properties":{"alt":1080.0,"mestra":true},"geometry":{"type":"LineString","coordinates":[[-49.303705,-25.278472],[-49.303684,-25.278489],[-49.303702,-25.278489],[-49.303705,-25.278472]]}},{"type":"Feature","properties":{"alt":1080.0,"mestra":true},"geometry":{"type":"LineString","coordinates":[[-49.302674,-25.278475],[-49.302664,-25.27847],[-49.302656,-25.278486],[-49.302674,-25.278508],[-49.302685,-25.278496],[-49.302674,-25.278475]]}},{"type":"Feature","properties":{"alt":1080.0,"mestra":true},"geometry":{"type":"LineString","coordinates":[[-49.304061,-25.278547],[-49.304048,-25.278548],[-49.304061,-25.278555],[-49.304061,-25.278547]]}},{"type":"Feature","properties":{"alt":1080.0,"mestra":true},"geometry":{"type":"LineString","coordinates":[[-49.304081,-25.278557],[-49.304062,-25.278558],[-49.304063,-25.278623],[-49.304031,-25.27865],[-49.304049,-25.278689],[-49.304081,-25.278679],[-49.304078,-25.278632],[-49.304109,-25.278595],[-49.304109,-25.278577],[-49.304081,-25.278557]]}},{"type":"Feature","properties":{"alt":1080.0,"mestra":true},"geometry":{"type":"LineString","coordinates":[[-49.30401,-25.27856],[-49.30396,-25.278612],[-49.303973,-25.27865],[-49.303988,-25.278646],[-49.304011,-25.278613],[-49.30402,-25.278567],[-49.30401,-25.27856]]}},{"type":"Feature","properties":{"alt":1080.0,"mestra":true},"geometry":{"type":"LineString","coordinates":[[-49.303734,-25.278561],[-49.303719,-25.278582],[-49.303734,-25.278591],[-49.303745,-25.278573],[-49.303734,-25.278561]]}},{"type":"Feature","properties":{"alt":1080.0,"mestra":true},"geometry":{"type":"LineString","coordinates":[[-49.304273,-25.27867],[-49.304261,-25.27869],[-49.304273,-25.278696],[-49.304286,-25.278681],[-49.304273,-25.27867]]}},{"type":"Feature","properties":{"alt":1080.0,"mestra":true},"geometry":{"type":"LineString","coordinates":[[-49.304109,-25.278733],[-49.304088,-25.278734],[-49.304078,-25.278759],[-49.304109,-25.278758],[-49.304109,-25.278733]]}},{"type":"Feature","properties":{"alt":1080.0,"mestra":true},"geometry":{"type":"LineString","coordinates":[[-49.304037,-25.278791],[-49.304024,-25.278808],[-49.304037,-25.278818],[-49.304037,-25.278791]]}},{"type":"Feature","properties":{"alt":1080.0,"mestra":true},"geometry":{"type":"LineString","coordinates":[[-49.304248,-25.279023],[-49.304238,-25.279026],[-49.304238,-25.279042],[-49.30425,-25.279042],[-49.304248,-25.279023]]}},{"type":"Feature","properties":{"alt":1080.0,"mestra":true},"geometry":{"type":"LineString","coordinates":[[-49.304237,-25.279095],[-49.304216,-25.279091],[-49.304185,-25.279124],[-49.304165,-25.279112],[-49.304157,-25.279143],[-49.304166,-25.279162],[-49.304205,-25.279178],[-49.304279,-25.279163],[-49.304288,-25.279136],[-49.304237,-25.279095]]}},{"type":"Feature","properties":{"alt":1080.0,"mestra":true},"geometry":{"type":"LineString","coordinates":[[-49.302022,-25.279137],[-49.30192,-25.279134],[-49.301839,-25.279172],[-49.301734,-25.279302],[-49.301715,-25.279347],[-49.301716,-25.279394],[-49.301733,-25.279397],[-49.301774,-25.279373],[-49.301835,-25.279386],[-49.301906,-25.279378],[-49.301947,-25.279353],[-49.302029,-25.279364],[-49.3021,-25.279354],[-49.302207,-25.279288],[-49.302218,-25.27926],[-49.302204,-25.279235],[-49.302153,-25.279242],[-49.302085,-25.279166],[-49.302022,-25.279137]]}},{"type":"Feature","properties":{"alt":1080.0,"mestra":true},"geometry":{"type":"LineString","coordinates":[[-49.304184,-25.279207],[-49.304113,-25.279209],[-49.3041,-25.279226],[-49.304122,-25.279249],[-49.304173,-25.27926],[-49.304213,-25.279283],[-49.304188,-25.279348],[-49.304199,-25.279404],[-49.304162,-25.279422],[-49.304191,-25.279461],[-49.304232,-25.279469],[-49.304272,-25.279494],[-49.304374,-25.279396],[-49.304388,-25.279332],[-49.304336,-25.27928],[-49.304275,-25.279264],[-49.304255,-25.279242],[-49.304225,-25.279235],[-49.304184,-25.279207]]}},{"type":"Feature","properties":{"alt":1080.0,"mestra":true},"geometry":{"type":"LineString","coordinates":[[-49.304111,-25.279364],[-49.304103,-25.279365],[-49.304111,-25.279364]]}},{"type":"Feature","properties":{"alt":1080.0,"mestra":true},"geometry":{"type":"LineString","coordinates":[[-49.304151,-25.27942],[-49.304118,-25.279421],[-49.30413,-25.279432],[-49.304159,-25.279422],[-49.304151,-25.27942]]}},{"type":"Feature","properties":{"alt":1080.0,"mestra":true},"geometry":{"type":"LineString","coordinates":[[-49.304221,-25.279502],[-49.30419,-25.279501],[-49.304139,-25.27954],[-49.304116,-25.279542],[-49.304118,-25.279551],[-49.304149,-25.279557],[-49.304152,-25.279598],[-49.304168,-25.279614],[-49.30426,-25.279553],[-49.30426,-25.279525],[-49.304221,-25.279502]]}},{"type":"Feature","properties":{"alt":1080.0,"mestra":true},"geometry":{"type":"LineString","coordinates":[[-49.304322,-25.279576],[-49.30425,-25.279601],[-49.304219,-25.279654],[-49.304188,-25.279662],[-49.304158,-25.279653],[-49.304138,-25.279663],[-49.304147,-25.279672],[-49.304178,-25.279669],[-49.304197,-25.279732],[-49.304228,-25.279728],[-49.304307,-25.279683],[-49.304334,-25.279628],[-49.304332,-25.279581],[-49.304322,-25.279576]]}},{"type":"Feature","properties":{"alt":1080.0,"mestra":true},"geometry":{"type":"LineString","coordinates":[[-49.304126,-25.279763],[-49.304105,-25.279772],[-49.304115,-25.279791],[-49.304137,-25.279783],[-49.304126,-25.279763]]}},{"type":"Feature","properties":{"alt":1080.0,"mestra":true},"geometry":{"type":"LineString","coordinates":[[-49.304226,-25.279849],[-49.304206,-25.279842],[-49.304187,-25.279849],[-49.304195,-25.279879],[-49.304229,-25.279877],[-49.304226,-25.279849]]}},{"type":"Feature","properties":{"alt":1081.0,"mestra":false},"geometry":{"type":"LineString","coordinates":[[-49.303779,-25.278239],[-49.303683,-25.278247],[-49.303661,-25.278266],[-49.303652,-25.278293],[-49.303671,-25.278331],[-49.303656,-25.278358],[-49.303665,-25.278377],[-49.303706,-25.278383],[-49.303747,-25.278359],[-49.303761,-25.278369],[-49.303749,-25.278406],[-49.303766,-25.278476],[-49.303841,-25.278314],[-49.303831,-25.278258],[-49.303779,-25.278239]]}},{"type":"Feature","properties":{"alt":1081.0,"mestra":false},"geometry":{"type":"LineString","coordinates":[[-49.30281,-25.278253],[-49.30281,-25.278253]]}},{"type":"Feature","properties":{"alt":1081.0,"mestra":false},"geometry":{"type":"LineString","coordinates":[[-49.302728,-25.278272],[-49.302672,-25.278347],[-49.302678,-25.278375],[-49.302706,-25.278395],[-49.302726,-25.278387],[-49.302782,-25.278293],[-49.302728,-25.278272]]}},{"type":"Feature","properties":{"alt":1081.0,"mestra":false},"geometry":{"type":"LineString","coordinates":[[-49.303981,-25.27845],[-49.303953,-25.278464],[-49.303959,-25.278514],[-49.304021,-25.278496],[-49.304029,-25.278483],[-49.303981,-25.27845]]}},{"type":"Feature","properties":{"alt":1081.0,"mestra":false},"geometry":{"type":"LineString","coordinates":[[-49.304091,-25.278565],[-49.304069,-25.278567],[-49.30407,-25.278616],[-49.30409,-25.278613],[-49.304103,-25.278595],[-49.304091,-25.278565]]}},{"type":"Feature","properties":{"alt":1081.0,"mestra":false},"geometry":{"type":"LineString","coordinates":[[-49.303999,-25.278575],[-49.303965,-25.278612],[-49.303978,-25.278645],[-49.30401,-25.278604],[-49.303999,-25.278575]]}},{"type":"Feature","properties":{"alt":1081.0,"mestra":false},"geometry":{"type":"LineString","coordinates":[[-49.30406,-25.27863],[-49.304034,-25.27865],[-49.304049,-25.278685],[-49.304079,-25.278669],[-49.30407,-25.278634],[-49.30406,-25.27863]]}},{"type":"Feature","properties":{"alt":1081.0,"mestra":false},"geometry":{"type":"LineString","coordinates":[[-49.304099,-25.278737],[-49.304085,-25.278744],[-49.304088,-25.278756],[-49.304103,-25.278753],[-49.304099,-25.278737]]}},{"type":"Feature","properties":{"alt":1081.0,"mestra":false},"geometry":{"type":"LineString","coordinates":[[-49.304248,-25.279028],[-49.304238,-25.279035],[-49.304248,-25.279039],[-49.304248,-25.279028]]}},{"type":"Feature","properties":{"alt":1081.0,"mestra":false},"geometry":{"type":"LineString","coordinates":[[-49.304227,-25.279093],[-49.304165,-25.279135],[-49.304175,-25.279164],[-49.304205,-25.279174],[-49.304266,-25.279166],[-49.304283,-25.279154],[-49.304283,-25.279136],[-49.304227,-25.279093]]}},{"type":"Feature","properties":{"alt":1081.0,"mestra":false},"geometry":{"type":"LineString","coordinates":[[-49.302011,-25.279154],[-49.30193,-25.27915],[-49.301868,-25.279178],[-49.301831,-25.279219],[-49.301803,-25.279274],[-49.301762,-25.279311],[-49.30175,-25.279357],[-49.301835,-25.279377],[-49.301906,-25.279365],[-49.301979,-25.279319],[-49.302039,-25.279349],[-49.302116,-25.279333],[-49.302111,-25.279278],[-49.302079,-25.279203],[-49.302054,-25.279175],[-49.302011,-25.279154]]}},{"type":"Feature","properties":{"alt":1081.0,"mestra":false},"geometry":{"type":"LineString","coordinates":[[-49.304194,-25.279216],[-49.304113,-25.279213],[-49.304104,-25.279226],[-49.304123,-25.279245],[-49.304214,-25.279274],[-49.304218,-25.279293],[-49.304193,-25.279348],[-49.304208,-25.279404],[-49.304175,-25.279431],[-49.304201,-25.279462],[-49.304232,-25.279463],[-49.304272,-25.279483],[-49.304346,-25.279387],[-49.304352,-25.27934],[-49.304325,-25.279284],[-49.304275,-25.279272],[-49.304255,-25.279246],[-49.304225,-25.27924],[-49.304194,-25.279216]]}},{"type":"Feature","properties":{"alt":1081.0,"mestra":false},"geometry":{"type":"LineString","coordinates":[[-49.302194,-25.279263],[-49.302193,-25.279276],[-49.302194,-25.279263]]}},{"type":"Feature","properties":{"alt":1081.0,"mestra":false},"geometry":{"type":"LineString","coordinates":[[-49.301847,-25.279272],[-49.301859,-25.279284],[-49.301846,-25.279299],[-49.301825,-25.279284],[-49.301847,-25.279272]]}},{"type":"Feature","properties":{"alt":1081.0,"mestra":false},"geometry":{"type":"LineString","coordinates":[[-49.304211,-25.279503],[-49.30419,-25.279506],[-49.304157,-25.279533],[-49.304165,-25.279561],[-49.304158,-25.279598],[-49.304168,-25.279608],[-49.304254,-25.279553],[-49.304251,-25.279527],[-49.304211,-25.279503]]}},{"type":"Feature","properties":{"alt":1081.0,"mestra":false},"geometry":{"type":"LineString","coordinates":[[-49.304312,-25.279594],[-49.30425,-25.279607],[-49.304239,-25.279645],[-49.304191,-25.279673],[-49.304203,-25.279728],[-49.304228,-25.279725],[-49.304302,-25.279674],[-49.304324,-25.279618],[-49.304312,-25.279594]]}},{"type":"Feature","properties":{"alt":1082.0,"mestra":false},"geometry":{"type":"LineString","coordinates":[[-49.303789,-25.278248],[-49.303698,-25.27825],[-49.303677,-25.278258],[-49.303662,-25.278284],[-49.303679,-25.278331],[-49.303664,-25.278368],[-49.303696,-25.27838],[-49.303737,-25.278352],[-49.303757,-25.278352],[-49.303777,-25.278378],[-49.303756,-25.278406],[-49.303766,-25.278431],[-49.303795,-25.278406],[-49.303832,-25.278295],[-49.303821,-25.278258],[-49.303789,-25.278248]]}},{"type":"Feature","properties":{"alt":1082.0,"mestra":false},"geometry":{"type":"LineString","coordinates":[[-49.302738,-25.278291],[-49.302707,-25.27831],[-49.302685,-25.278347],[-49.302696,-25.278382],[-49.302716,-25.278379],[-49.302742,-25.278348],[-49.302738,-25.278291]]}},{"type":"Feature","properties":{"alt":1082.0,"mestra":false},"geometry":{"type":"LineString","coordinates":[[-49.30398,-25.278454],[-49.303956,-25.278464],[-49.303959,-25.278501],[-49.30397,-25.278507],[-49.304018,-25.278483],[-49.30398,-25.278454]]}},{"type":"Feature","properties":{"alt":1082.0,"mestra":false},"geometry":{"type":"LineString","coordinates":[[-49.304081,-25.278565],[-49.304067,-25.278595],[-49.30408,-25.27861],[-49.3041,-25.278586],[-49.304081,-25.278565]]}},{"type":"Feature","properties":{"alt":1082.0,"mestra":false},"geometry":{"type":"LineString","coordinates":[[-49.303999,-25.278587],[-49.303968,-25.27862],[-49.303978,-25.278639],[-49.304001,-25.278613],[-49.303999,-25.278587]]}},{"type":"Feature","properties":{"alt":1082.0,"mestra":false},"geometry":{"type":"LineString","coordinates":[[-49.30406,-25.278636],[-49.304037,-25.27865],[-49.304049,-25.27868],[-49.304074,-25.278669],[-49.30406,-25.278636]]}},{"type":"Feature","properties":{"alt":1082.0,"mestra":false},"geometry":{"type":"LineString","coordinates":[[-49.304227,-25.279097],[-49.304168,-25.279144],[-49.30418,-25.279162],[-49.304205,-25.27917],[-49.304278,-25.279154],[-49.304279,-25.279136],[-49.304227,-25.279097]]}},{"type":"Feature","properties":{"alt":1082.0,"mestra":false},"geometry":{"type":"LineString","coordinates":[[-49.301991,-25.279173],[-49.301923,-25.279173],[-49.301872,-25.27921],[-49.301856,-25.279238],[-49.301866,-25.279304],[-49.301813,-25.279311],[-49.301823,-25.279367],[-49.301852,-25.279358],[-49.301876,-25.279328],[-49.301917,-25.279349],[-49.301958,-25.279313],[-49.302005,-25.279295],[-49.302009,-25.279258],[-49.302036,-25.279212],[-49.301991,-25.279173]]}},{"type":"Feature","properties":{"alt":1082.0,"mestra":false},"geometry":{"type":"LineString","coordinates":[[-49.304184,-25.279216],[-49.30411,-25.279226],[-49.304123,-25.27924],[-49.304173,-25.27925],[-49.30422,-25.279274],[-49.304223,-25.279293],[-49.304197,-25.279348],[-49.304219,-25.279404],[-49.304185,-25.279441],[-49.304201,-25.279457],[-49.304269,-25.279469],[-49.304294,-25.279401],[-49.30432,-25.279368],[-49.304315,-25.279357],[-49.304294,-25.279361],[-49.304275,-25.279321],[-49.304285,-25.279303],[-49.304313,-25.279294],[-49.304275,-25.279283],[-49.304255,-25.279252],[-49.304214,-25.27924],[-49.304184,-25.279216]]}},{"type":"Feature","properties":{"alt":1082.0,"mestra":false},"geometry":{"type":"LineString","coordinates":[[-49.304211,-25.279508],[-49.30419,-25.27951],[-49.304165,-25.279533],[-49.304176,-25.279561],[-49.304169,-25.279599],[-49.304251,-25.279546],[-49.304211,-25.279508]]}},{"type":"Feature","properties":{"alt":1082.0,"mestra":false},"geometry":{"type":"LineString","coordinates":[[-49.304311,-25.279609],[-49.304281,-25.279603],[-49.30425,-25.279615],[-49.304245,-25.279655],[-49.304198,-25.279675],[-49.304197,-25.27971],[-49.304208,-25.279725],[-49.304232,-25.279719],[-49.304299,-25.279665],[-49.304311,-25.279609]]}},{"type":"Feature","properties":{"alt":1083.0,"mestra":false},"geometry":{"type":"LineString","coordinates":[[-49.303789,-25.278257],[-49.303728,-25.278253],[-49.303681,-25.278266],[-49.303672,-25.278293],[-49.30369,-25.278322],[-49.30367,-25.278358],[-49.303675,-25.278372],[-49.303706,-25.278371],[-49.303747,-25.278331],[-49.303788,-25.278355],[-49.303791,-25.278341],[-49.303768,-25.278326],[-49.303768,-25.278313],[-49.303816,-25.278295],[-49.303822,-25.278277],[-49.303789,-25.278257]]}},{"type":"Feature","properties":{"alt":1083.0,"mestra":false},"geometry":{"type":"LineString","coordinates":[[-49.302727,-25.278319],[-49.302706,-25.278329],[-49.302706,-25.278362],[-49.302731,-25.278348],[-49.302727,-25.278319]]}},{"type":"Feature","properties":{"alt":1083.0,"mestra":false},"geometry":{"type":"LineString","coordinates":[[-49.303777,-25.278404],[-49.303777,-25.278415],[-49.303777,-25.278404]]}},{"type":"Feature","properties":{"alt":1083.0,"mestra":false},"geometry":{"type":"LineString","coordinates":[[-49.30398,-25.278459],[-49.30396,-25.278464],[-49.30397,-25.278498],[-49.304008,-25.278483],[-49.30398,-25.278459]]}},{"type":"Feature","properties":{"alt":1083.0,"mestra":false},"geometry":{"type":"LineString","coordinates":[[-49.304091,-25.278574],[-49.304081,-25.27857],[-49.30407,-25.278585],[-49.30408,-25.278602],[-49.304095,-25.278586],[-49.304091,-25.278574]]}},{"type":"Feature","properties":{"alt":1083.0,"mestra":false},"geometry":{"type":"LineString","coordinates":[[-49.303988,-25.278609],[-49.303978,-25.278628],[-49.303988,-25.278609]]}},{"type":"Feature","properties":{"alt":1083.0,"mestra":false},"geometry":{"type":"LineString","coordinates":[[-49.304059,-25.27864],[-49.30404,-25.27865],[-49.304049,-25.278676],[-49.304068,-25.278669],[-49.304059,-25.27864]]}},{"type":"Feature","properties":{"alt":1083.0,"mestra":false},"geometry":{"type":"LineString","coordinates":[[-49.304237,-25.279106],[-49.304216,-25.279105],[-49.304175,-25.279153],[-49.304205,-25.279166],[-49.304272,-25.279154],[-49.304274,-25.279135],[-49.304237,-25.279106]]}},{"type":"Feature","properties":{"alt":1083.0,"mestra":false},"geometry":{"type":"LineString","coordinates":[[-49.30195,-25.279192],[-49.301909,-25.279205],[-49.301878,-25.279247],[-49.30188,-25.279312],[-49.301907,-25.279336],[-49.301977,-25.279276],[-49.301977,-25.279211],[-49.30195,-25.279192]]}},{"type":"Feature","properties":{"alt":1083.0,"mestra":false},"geometry":{"type":"LineString","coordinates":[[-49.304194,-25.279226],[-49.304174,-25.279219],[-49.30412,-25.279226],[-49.304221,-25.279265],[-49.304233,-25.279293],[-49.304202,-25.279348],[-49.304212,-25.279381],[-49.304233,-25.279399],[-49.304273,-25.279377],[-49.304281,-25.279358],[-49.304247,-25.279293],[-49.304252,-25.279256],[-49.304214,-25.279252],[-49.304194,-25.279226]]}},{"type":"Feature","properties":{"alt":1083.0,"mestra":false},"geometry":{"type":"LineString","coordinates":[[-49.301846,-25.27933],[-49.301846,-25.27933]]}},{"type":"Feature","properties":{"alt":1083.0,"mestra":false},"geometry":{"type":"LineString","coordinates":[[-49.304273,-25.279413],[-49.304212,-25.279418],[-49.30419,-25.279441],[-49.304201,-25.279452],[-49.304252,-25.279454],[-49.304272,-25.279432],[-49.304273,-25.279413]]}},{"type":"Feature","properties":{"alt":1083.0,"mestra":false},"geometry":{"type":"LineString","coordinates":[[-49.304211,-25.279513],[-49.30419,-25.279515],[-49.304173,-25.279533],[-49.304189,-25.279566],[-49.304244,-25.279543],[-49.304211,-25.279513]]}},{"type":"Feature","properties":{"alt":1083.0,"mestra":false},"geometry":{"type":"LineString","coordinates":[[-49.304301,-25.279616],[-49.304257,-25.279618],[-49.304267,-25.279664],[-49.30429,-25.279662],[-49.304301,-25.279616]]}},{"type":"Feature","properties":{"alt":1083.0,"mestra":false},"geometry":{"type":"LineString","coordinates":[[-49.304259,-25.279668],[-49.304206,-25.279673],[-49.304208,-25.279719],[-49.304238,-25.27971],[-49.304259,-25.279668]]}},{"type":"Feature","properties":{"alt":1084.0,"mestra":false},"geometry":{"type":"LineString","coordinates":[[-49.303748,-25.278266],[-49.303703,-25.278266],[-49.303687,-25.278284],[-49.303707,-25.278296],[-49.303735,-25.278294],[-49.303766,-25.278276],[-49.303748,-25.278266]]}},{"type":"Feature","properties":{"alt":1084.0,"mestra":false},"geometry":{"type":"LineString","coordinates":[[-49.303707,-25.27833],[-49.303678,-25.278358],[-49.303686,-25.278371],[-49.303716,-25.27835],[-49.303707,-25.27833]]}},{"type":"Feature","properties":{"alt":1084.0,"mestra":false},"geometry":{"type":"LineString","coordinates":[[-49.30398,-25.278464],[-49.30397,-25.278461],[-49.303962,-25.278473],[-49.30398,-25.278493],[-49.303997,-25.278483],[-49.30398,-25.278464]]}},{"type":"Feature","properties":{"alt":1084.0,"mestra":false},"geometry":{"type":"LineString","coordinates":[[-49.304081,-25.278576],[-49.304081,-25.278593],[-49.304081,-25.278576]]}},{"type":"Feature","properties":{"alt":1084.0,"mestra":false},"geometry":{"type":"LineString","coordinates":[[-49.304059,-25.278646],[-49.304045,-25.27865],[-49.304049,-25.278671],[-49.304062,-25.278669],[-49.304059,-25.278646]]}},{"type":"Feature","properties":{"alt":1084.0,"mestra":false},"geometry":{"type":"LineString","coordinates":[[-49.304226,-25.279106],[-49.304184,-25.279153],[-49.304205,-25.279162],[-49.304267,-25.279152],[-49.304267,-25.279135],[-49.304226,-25.279106]]}},{"type":"Feature","properties":{"alt":1084.0,"mestra":false},"geometry":{"type":"LineString","coordinates":[[-49.304184,-25.279226],[-49.304163,-25.279227],[-49.304163,-25.279236],[-49.304197,-25.279246],[-49.304184,-25.279226]]}},{"type":"Feature","properties":{"alt":1084.0,"mestra":false},"geometry":{"type":"LineString","coordinates":[[-49.301949,-25.279215],[-49.301919,-25.279218],[-49.301897,-25.279247],[-49.301889,-25.279303],[-49.301907,-25.279321],[-49.301957,-25.279257],[-49.301949,-25.279215]]}},{"type":"Feature","properties":{"alt":1084.0,"mestra":false},"geometry":{"type":"LineString","coordinates":[[-49.304245,-25.279257],[-49.304235,-25.279256],[-49.304234,-25.279272],[-49.304245,-25.279274],[-49.304245,-25.279257]]}},{"type":"Feature","properties":{"alt":1084.0,"mestra":false},"geometry":{"type":"LineString","coordinates":[[-49.304244,-25.279307],[-49.304224,-25.27931],[-49.304208,-25.279348],[-49.304215,-25.279376],[-49.304233,-25.27939],[-49.304264,-25.279376],[-49.304273,-25.279358],[-49.304244,-25.279307]]}},{"type":"Feature","properties":{"alt":1084.0,"mestra":false},"geometry":{"type":"LineString","coordinates":[[-49.304232,-25.279422],[-49.304202,-25.279429],[-49.304197,-25.279441],[-49.304212,-25.279448],[-49.304245,-25.279441],[-49.304251,-25.279432],[-49.304232,-25.279422]]}},{"type":"Feature","properties":{"alt":1084.0,"mestra":false},"geometry":{"type":"LineString","coordinates":[[-49.304211,-25.27952],[-49.30419,-25.279521],[-49.304182,-25.279533],[-49.3042,-25.279555],[-49.30423,-25.279543],[-49.304211,-25.27952]]}},{"type":"Feature","properties":{"alt":1084.0,"mestra":false},"geometry":{"type":"LineString","coordinates":[[-49.304291,-25.279627],[-49.304272,-25.279627],[-49.30428,-25.279643],[-49.304291,-25.279627]]}},{"type":"Feature","properties":{"alt":1084.0,"mestra":false},"geometry":{"type":"LineString","coordinates":[[-49.304239,-25.279671],[-49.304206,-25.279682],[-49.304218,-25.279716],[-49.304246,-25.279692],[-49.304239,-25.279671]]}},{"type":"Feature","properties":{"alt":1085.0,"mestra":true},"geometry":{"type":"LineString","coordinates":[[-49.30398,-25.278473],[-49.303969,-25.278473],[-49.30398,-25.278485],[-49.30398,-25.278473]]}},{"type":"Feature","properties":{"alt":1085.0,"mestra":true},"geometry":{"type":"LineString","coordinates":[[-49.304059,-25.278656],[-49.304049,-25.278651],[-49.304049,-25.278664],[-49.304059,-25.278656]]}},{"type":"Feature","properties":{"alt":1085.0,"mestra":true},"geometry":{"type":"LineString","coordinates":[[-49.304226,-25.279115],[-49.304199,-25.279153],[-49.304263,-25.279145],[-49.304226,-25.279115]]}},{"type":"Feature","properties":{"alt":1085.0,"mestra":true},"geometry":{"type":"LineString","coordinates":[[-49.301939,-25.279235],[-49.301923,-25.279238],[-49.301918,-25.27926],[-49.301939,-25.279253],[-49.301939,-25.279235]]}},{"type":"Feature","properties":{"alt":1085.0,"mestra":true},"geometry":{"type":"LineString","coordinates":[[-49.304234,-25.279317],[-49.304215,-25.279348],[-49.304233,-25.279384],[-49.304267,-25.279358],[-49.304234,-25.279317]]}},{"type":"Feature","properties":{"alt":1085.0,"mestra":true},"geometry":{"type":"LineString","coordinates":[[-49.304222,-25.279431],[-49.30421,-25.279441],[-49.304222,-25.279431]]}},{"type":"Feature","properties":{"alt":1085.0,"mestra":true},"geometry":{"type":"LineString","coordinates":[[-49.3042,-25.279524],[-49.304192,-25.279533],[-49.3042,-25.279543],[-49.304211,-25.279534],[-49.3042,-25.279524]]}},{"type":"Feature","properties":{"alt":1085.0,"mestra":true},"geometry":{"type":"LineString","coordinates":[[-49.304239,-25.279681],[-49.304213,-25.279682],[-49.304218,-25.279709],[-49.304234,-25.279701],[-49.304239,-25.279681]]}},{"type":"Feature","properties":{"alt":1086.0,"mestra":false},"geometry":{"type":"LineString","coordinates":[[-49.304244,-25.279345],[-49.304223,-25.279355],[-49.304233,-25.279378],[-49.304258,-25.279367],[-49.304244,-25.279345]]}},{"type":"Feature","properties":{"alt":1086.0,"mestra":false},"geometry":{"type":"LineString","coordinates":[[-49.304229,-25.279685],[-49.304219,-25.279692],[-49.304229,-25.279695],[-49.304229,-25.279685]]}},{"type":"Feature","properties":{"alt":1087.0,"mestra":false},"geometry":{"type":"LineString","coordinates":[[-49.304243,-25.279355],[-49.304233,-25.279368],[-49.304247,-25.279367],[-49.304243,-25.279355]]}}]}