{"type":"FeatureCollection","features":[{"type":"Feature","properties":{"rod":"PR433","trecho":"433N0010EPR","km_ini":0.0,"km_fim":12.69,"sentido":"ambos","de":"ENTR. BR-476 (P/ S. MATEUS DO SUL)","para":"ÁGUA AZUL (CANOEIRO)","municipio":"Lapa","situacao":"NPV","pista":"Simples","resp":"DER SR1","reg":"Xisto","juris":"Estadual"},"geometry":{"type":"LineString","coordinates":[[-50.103469,-25.859319],[-50.103674,-25.85911],[-50.104281,-25.859087],[-50.104829,-25.858958],[-50.107774,-25.857337],[-50.108018,-25.856938],[-50.108351,-25.856586],[-50.110047,-25.855127],[-50.110516,-25.854803],[-50.110863,-25.854396],[-50.11107,-25.853256],[-50.111438,-25.852201],[-50.111824,-25.851807],[-50.1121,-25.851379],[-50.112208,-25.850763],[-50.112026,-25.849309],[-50.112216,-25.846863],[-50.112515,-25.84633],[-50.113496,-25.845142],[-50.113947,-25.844188],[-50.113733,-25.843159],[-50.113659,-25.842229],[-50.114124,-25.841355],[-50.113945,-25.840889],[-50.11387,-25.840385],[-50.114011,-25.838897],[-50.113922,-25.838414],[-50.113947,-25.837835],[-50.114072,-25.837291],[-50.114408,-25.836897],[-50.115675,-25.835838],[-50.117045,-25.835099],[-50.118287,-25.834153],[-50.118884,-25.833263],[-50.119593,-25.83192],[-50.119886,-25.831516],[-50.122255,-25.829454],[-50.123276,-25.8282],[-50.124243,-25.827791],[-50.124562,-25.82622],[-50.124811,-25.82575],[-50.125236,-25.825415],[-50.127352,-25.824768],[-50.129419,-25.824012],[-50.131084,-25.8236],[-50.131462,-25.823299],[-50.132357,-25.822136],[-50.133651,-25.821179],[-50.133986,-25.820778],[-50.133922,-25.818216],[-50.134321,-25.817819],[-50.135501,-25.81757],[-50.137447,-25.816969],[-50.13944,-25.816074],[-50.140066,-25.815954],[-50.140518,-25.815624],[-50.140854,-25.815173],[-50.141311,-25.814918],[-50.142392,-25.814737],[-50.143084,-25.814696],[-50.144176,-25.814778],[-50.145322,-25.814702],[-50.145764,-25.814468],[-50.146062,-25.813998],[-50.146465,-25.813605],[-50.147044,-25.813421],[-50.148331,-25.813273],[-50.149309,-25.813023],[-50.149794,-25.812851],[-50.151251,-25.812122],[-50.151832,-25.811972],[-50.152976,-25.811854],[-50.153872,-25.811447],[-50.155459,-25.811012],[-50.155986,-25.810953],[-50.158071,-25.811297],[-50.158705,-25.811299],[-50.159303,-25.811127],[-50.160755,-25.809849],[-50.161143,-25.808863],[-50.161653,-25.807955],[-50.162082,-25.806961],[-50.162407,-25.806602],[-50.163958,-25.805616],[-50.164495,-25.805435],[-50.165747,-25.805439],[-50.166911,-25.804938],[-50.167512,-25.804939],[-50.168177,-25.805057],[-50.16914,-25.805431],[-50.169527,-25.805855],[-50.17008,-25.806827],[-50.170552,-25.807158],[-50.171107,-25.807298],[-50.172791,-25.807101],[-50.174044,-25.807245],[-50.174563,-25.80712],[-50.175052,-25.806868],[-50.175588,-25.80596],[-50.176035,-25.80569],[-50.178155,-25.805174],[-50.179111,-25.804736],[-50.179688,-25.804582],[-50.180303,-25.804632],[-50.180846,-25.804475],[-50.183312,-25.803363],[-50.185004,-25.803237],[-50.185637,-25.80329],[-50.187363,-25.802972],[-50.188511,-25.803066],[-50.189633,-25.803033],[-50.190665,-25.802738],[-50.19145,-25.802325]]}},{"type":"Feature","properties":{"rod":"PR433","trecho":"433N0015EPR","km_ini":12.69,"km_fim":52.24,"sentido":"ambos","de":"ÁGUA AZUL (CANOEIRO)","para":"INÍCIO DO PAVIMENTO (CAPOEIRINHA)","municipio":"Lapa","situacao":"NPV","pista":"Simples","resp":"DER SR1","reg":"Xisto","juris":"Estadual"},"geometry":{"type":"LineString","coordinates":[[-50.19145,-25.802325],[-50.191014,-25.801422],[-50.1905,-25.799914],[-50.190131,-25.799471],[-50.189659,-25.79915],[-50.188607,-25.798731],[-50.187875,-25.79809],[-50.185714,-25.797231],[-50.185291,-25.796846],[-50.184705,-25.796067],[-50.184002,-25.795345],[-50.183571,-25.795104],[-50.182764,-25.794398],[-50.182154,-25.79348],[-50.181683,-25.793319],[-50.179977,-25.793168],[-50.179469,-25.792911],[-50.177701,-25.791024],[-50.175185,-25.78906],[-50.174756,-25.788827],[-50.172584,-25.788633],[-50.170363,-25.788052],[-50.168266,-25.787088],[-50.167348,-25.786538],[-50.166327,-25.786075],[-50.165683,-25.785248],[-50.164545,-25.78412],[-50.164133,-25.783828],[-50.163629,-25.783621],[-50.162735,-25.783065],[-50.16219,-25.78287],[-50.161082,-25.782682],[-50.160617,-25.782435],[-50.159635,-25.781863],[-50.158778,-25.781232],[-50.154127,-25.778223],[-50.152573,-25.777886],[-50.151589,-25.777287],[-50.151062,-25.777171],[-50.149832,-25.777161],[-50.148622,-25.777278],[-50.148103,-25.777054],[-50.1472,-25.775578],[-50.146331,-25.77489],[-50.145849,-25.774591],[-50.144684,-25.774164],[-50.143299,-25.77323],[-50.141815,-25.772588],[-50.14134,-25.772432],[-50.139085,-25.772068],[-50.137,-25.771249],[-50.135291,-25.770938],[-50.134403,-25.770368],[-50.133912,-25.770183],[-50.132802,-25.770004],[-50.130919,-25.768895],[-50.130342,-25.768941],[-50.129873,-25.769171],[-50.127099,-25.770939],[-50.125535,-25.771734],[-50.125044,-25.772073],[-50.12453,-25.772203],[-50.122852,-25.772357],[-50.122415,-25.772519],[-50.121565,-25.773111],[-50.119962,-25.773635],[-50.118942,-25.77405],[-50.118533,-25.774049],[-50.117945,-25.773167],[-50.117835,-25.772693],[-50.117493,-25.772327],[-50.116445,-25.771789],[-50.115519,-25.770542],[-50.115702,-25.769515],[-50.115747,-25.768434],[-50.11535,-25.766934],[-50.115204,-25.765829],[-50.115474,-25.764173],[-50.115459,-25.762588],[-50.115676,-25.761622],[-50.115348,-25.760628],[-50.114843,-25.759623],[-50.114168,-25.758704],[-50.113964,-25.758254],[-50.113728,-25.757302],[-50.113496,-25.756844],[-50.111964,-25.755264],[-50.111332,-25.754421],[-50.110487,-25.753727],[-50.109246,-25.752952],[-50.108667,-25.752869],[-50.107598,-25.75307],[-50.105986,-25.753601],[-50.104892,-25.753807],[-50.103823,-25.754209],[-50.103242,-25.754275],[-50.101584,-25.754182],[-50.099778,-25.754274],[-50.097813,-25.755064],[-50.096657,-25.754934],[-50.096077,-25.754757],[-50.095014,-25.754222],[-50.093636,-25.75315],[-50.093119,-25.752865],[-50.092615,-25.752616],[-50.091655,-25.752364],[-50.091229,-25.752056],[-50.09073,-25.751853],[-50.089677,-25.752254],[-50.088608,-25.75243],[-50.088037,-25.75244],[-50.087559,-25.752248],[-50.086182,-25.751404],[-50.085774,-25.751049],[-50.08505,-25.750196],[-50.084181,-25.749498],[-50.081626,-25.747835],[-50.081159,-25.747627],[-50.080525,-25.747438],[-50.078981,-25.747405],[-50.078365,-25.747458],[-50.077846,-25.747355],[-50.077396,-25.74702],[-50.076544,-25.746126],[-50.075502,-25.745442],[-50.074327,-25.744338],[-50.073286,-25.743729],[-50.072241,-25.743405],[-50.071344,-25.742963],[-50.070918,-25.742566],[-50.070299,-25.741615],[-50.069822,-25.741249],[-50.068685,-25.740696],[-50.068147,-25.739783],[-50.06678,-25.738667],[-50.065796,-25.737325],[-50.065085,-25.736534],[-50.064711,-25.736166],[-50.063746,-25.735653],[-50.063318,-25.735341],[-50.06252,-25.733916],[-50.062119,-25.733489],[-50.061642,-25.733146],[-50.061123,-25.732889],[-50.060722,-25.732562],[-50.060358,-25.731668],[-50.059989,-25.731272],[-50.058658,-25.730302],[-50.0569,-25.728858],[-50.055286,-25.72741],[-50.054851,-25.727192],[-50.053577,-25.726887],[-50.051915,-25.72619],[-50.050654,-25.725369],[-50.049059,-25.724651],[-50.047201,-25.723457],[-50.046579,-25.723227],[-50.04494,-25.723127],[-50.043972,-25.72282],[-50.043447,-25.722495],[-50.041685,-25.721141],[-50.041268,-25.720718],[-50.041056,-25.720282],[-50.040721,-25.718837],[-50.040536,-25.71839],[-50.039885,-25.717498],[-50.038888,-25.715548],[-50.038613,-25.715127],[-50.038163,-25.714725],[-50.037608,-25.714529],[-50.0371,-25.714471],[-50.036538,-25.714447],[-50.035382,-25.714571],[-50.034882,-25.714554],[-50.034367,-25.714348],[-50.033892,-25.713986],[-50.032907,-25.712904],[-50.032512,-25.712626],[-50.029802,-25.711502],[-50.028588,-25.711702],[-50.028061,-25.711572],[-50.027556,-25.711265],[-50.025993,-25.709869],[-50.026052,-25.708933],[-50.025718,-25.708518],[-50.024447,-25.707421],[-50.023004,-25.706627],[-50.021423,-25.706077],[-50.020949,-25.705829],[-50.020096,-25.705212],[-50.019741,-25.704752],[-50.019217,-25.702147],[-50.019041,-25.701722],[-50.018669,-25.70127],[-50.017844,-25.700663],[-50.016858,-25.699525],[-50.013654,-25.697581],[-50.013127,-25.697408],[-50.012544,-25.697316],[-50.012015,-25.697421],[-50.011522,-25.697687],[-50.011017,-25.697756],[-50.010415,-25.697587],[-50.009943,-25.697307],[-50.009081,-25.696633],[-50.008383,-25.69594],[-50.008125,-25.69556],[-50.007678,-25.695162],[-50.006087,-25.694661],[-50.005617,-25.694416],[-50.004404,-25.69348],[-50.003811,-25.693305],[-50.002564,-25.693396],[-49.998394,-25.694362],[-49.997517,-25.694845],[-49.996917,-25.694946],[-49.995705,-25.694924],[-49.995167,-25.695139],[-49.994626,-25.695475],[-49.993398,-25.69641],[-49.99143,-25.697384],[-49.990818,-25.69756],[-49.989818,-25.697709],[-49.988915,-25.698549],[-49.988458,-25.69882],[-49.987992,-25.699067],[-49.986416,-25.699625],[-49.984572,-25.700803],[-49.981519,-25.702244],[-49.980976,-25.702358],[-49.979314,-25.702395],[-49.978258,-25.702671],[-49.977741,-25.702719],[-49.976625,-25.702703],[-49.975494,-25.702596],[-49.974938,-25.702499],[-49.974469,-25.702245],[-49.973247,-25.701298],[-49.972786,-25.70112],[-49.972129,-25.701109],[-49.971608,-25.701218],[-49.968966,-25.702074],[-49.968455,-25.702253],[-49.968014,-25.702537],[-49.967342,-25.70328],[-49.965152,-25.704701],[-49.963158,-25.706364],[-49.962095,-25.706647],[-49.961022,-25.706745],[-49.959358,-25.707122],[-49.957639,-25.707249],[-49.95709,-25.70736],[-49.956069,-25.707758],[-49.955083,-25.708287],[-49.953939,-25.709265],[-49.953457,-25.709391],[-49.951844,-25.709622],[-49.950126,-25.710159],[-49.948981,-25.710392],[-49.948456,-25.710393],[-49.94742,-25.710214],[-49.946766,-25.710186],[-49.946274,-25.710251],[-49.945226,-25.710594],[-49.942008,-25.711863],[-49.939789,-25.71218],[-49.938705,-25.712447],[-49.938148,-25.71274],[-49.936679,-25.713879],[-49.934778,-25.714982],[-49.932719,-25.71651],[-49.931737,-25.716987],[-49.931304,-25.717307],[-49.930231,-25.718513],[-49.929679,-25.718727],[-49.929103,-25.718611],[-49.927579,-25.717829],[-49.926084,-25.717194],[-49.92543,-25.717152],[-49.923676,-25.717235],[-49.923093,-25.717149],[-49.92203,-25.716672],[-49.920537,-25.715877],[-49.91965,-25.715135],[-49.919161,-25.714851],[-49.918052,-25.714363],[-49.917445,-25.714187],[-49.916822,-25.714116],[-49.916201,-25.714194],[-49.913612,-25.714765],[-49.91235,-25.715137],[-49.911293,-25.715703],[-49.910781,-25.715877],[-49.908509,-25.715984],[-49.907984,-25.715935],[-49.907522,-25.715749],[-49.9071,-25.715473],[-49.90674,-25.715114],[-49.906047,-25.714258],[-49.905198,-25.712851],[-49.903975,-25.711155],[-49.903662,-25.710745],[-49.903198,-25.710363],[-49.902617,-25.710226],[-49.900916,-25.710106],[-49.899338,-25.709549],[-49.898172,-25.709822],[-49.897653,-25.709772],[-49.895974,-25.709396],[-49.89498,-25.70902],[-49.893533,-25.708302],[-49.890915,-25.707206],[-49.888237,-25.705676],[-49.886491,-25.704441],[-49.886191,-25.704075],[-49.885939,-25.703671],[-49.88575,-25.703112],[-49.885673,-25.701631],[-49.885529,-25.70064],[-49.885321,-25.700216],[-49.884921,-25.6998],[-49.88384,-25.699403],[-49.883333,-25.699326],[-49.882814,-25.699354],[-49.881017,-25.699719]]}},{"type":"Feature","properties":{"rod":"PR433","trecho":"433S0020EPR","km_ini":52.24,"km_fim":56.51,"sentido":"ambos","de":"INÍCIO DO PAVIMENTO (CAPOEIRINHA)","para":"FINAL DO PAVIMENTO (P/ PR-427)","municipio":"Lapa","situacao":"PAV","pista":"Simples","resp":"DER SR1","reg":"Xisto","juris":"Estadual"},"geometry":{"type":"LineString","coordinates":[[-49.881017,-25.699719],[-49.880687,-25.699734],[-49.879165,-25.698967],[-49.878002,-25.698618],[-49.877442,-25.698574],[-49.87692,-25.698624],[-49.876463,-25.698862],[-49.875159,-25.700073],[-49.873534,-25.701985],[-49.872655,-25.702875],[-49.87249,-25.703387],[-49.872429,-25.704657],[-49.872217,-25.705566],[-49.871864,-25.706417],[-49.871425,-25.706951],[-49.86988,-25.708124],[-49.868684,-25.708744],[-49.864725,-25.711106],[-49.863185,-25.7118],[-49.861985,-25.712771],[-49.861444,-25.712965],[-49.860775,-25.713032],[-49.860236,-25.712916],[-49.859759,-25.71261],[-49.85875,-25.711838],[-49.857898,-25.710988],[-49.856956,-25.710248],[-49.856558,-25.70978],[-49.856051,-25.709372],[-49.854319,-25.708273],[-49.853738,-25.707961],[-49.853092,-25.707777],[-49.85188,-25.70767],[-49.849955,-25.707018],[-49.849415,-25.706726],[-49.849081,-25.706281]]}},{"type":"Feature","properties":{"rod":"PR433","trecho":"433N0025EPR","km_ini":56.51,"km_fim":61.33,"sentido":"ambos","de":"FINAL DO PAVIMENTO","para":"ENTR. PR-427 (SANTO AMARO)","municipio":"Lapa","situacao":"NPV","pista":"Simples","resp":"DER SR1","reg":"Xisto","juris":"Estadual"},"geometry":{"type":"LineString","coordinates":[[-49.849081,-25.706281],[-49.848412,-25.705674],[-49.847818,-25.705421],[-49.845998,-25.704916],[-49.844391,-25.704839],[-49.841464,-25.703963],[-49.839444,-25.703197],[-49.838397,-25.702694],[-49.837915,-25.702569],[-49.833753,-25.702477],[-49.833248,-25.702406],[-49.831606,-25.701905],[-49.829904,-25.701517],[-49.827159,-25.70152],[-49.82559,-25.700973],[-49.825095,-25.700963],[-49.824074,-25.701136],[-49.822566,-25.701532],[-49.822057,-25.701711],[-49.821222,-25.702308],[-49.820692,-25.702582],[-49.820153,-25.702531],[-49.819056,-25.701285],[-49.817436,-25.698143],[-49.813489,-25.691966],[-49.81314,-25.69154],[-49.811484,-25.690165],[-49.810817,-25.689442]]}},{"type":"Feature","properties":{"rod":"BR116","trecho":"116BPR2810","km_ini":194.8,"km_fim":214.9,"sentido":"ambos","de":"ENTR. PR-427 (CAMPO DO TENENTE)","para":"DIV. PR/SC (RIO NEGRO/MAFRA)","municipio":"Rio Negro","situacao":"PAV","pista":"Simples","resp":"CONC. FED.","reg":"Xisto","juris":"Federal"},"geometry":{"type":"LineString","coordinates":[[-49.667169,-25.994203],[-49.66776,-25.996643],[-49.673755,-26.018848],[-49.674466,-26.020088],[-49.679717,-26.026484],[-49.680637,-26.027511],[-49.681237,-26.027904],[-49.681929,-26.028157],[-49.683967,-26.028338],[-49.684684,-26.028487],[-49.685333,-26.028794],[-49.685897,-26.029214],[-49.692624,-26.035217],[-49.693062,-26.035772],[-49.693971,-26.038026],[-49.694224,-26.038458],[-49.694963,-26.039175],[-49.695935,-26.039635],[-49.696474,-26.039736],[-49.698693,-26.039662],[-49.699767,-26.039817],[-49.700265,-26.040029],[-49.701109,-26.040645],[-49.703698,-26.043333],[-49.704355,-26.044196],[-49.707612,-26.049276],[-49.70783,-26.049767],[-49.708408,-26.05181],[-49.708605,-26.05227],[-49.709255,-26.053076],[-49.709696,-26.053399],[-49.710773,-26.05381],[-49.724611,-26.056748],[-49.726003,-26.057334],[-49.729663,-26.059591],[-49.730431,-26.060346],[-49.730744,-26.060796],[-49.731242,-26.06172],[-49.731447,-26.062252],[-49.731536,-26.062831],[-49.731506,-26.063388],[-49.731351,-26.063901],[-49.730373,-26.065434],[-49.730177,-26.065862],[-49.730056,-26.066332],[-49.730116,-26.067368],[-49.730293,-26.067867],[-49.730858,-26.068782],[-49.731292,-26.069183],[-49.731806,-26.069502],[-49.732367,-26.069713],[-49.732932,-26.069817],[-49.739078,-26.070428],[-49.740212,-26.070762],[-49.740737,-26.07103],[-49.741213,-26.071379],[-49.746136,-26.075346],[-49.746736,-26.075629],[-49.749164,-26.076498],[-49.750255,-26.076768],[-49.750804,-26.076765],[-49.751879,-26.07647],[-49.756364,-26.074282],[-49.757426,-26.073834],[-49.757973,-26.07372],[-49.758545,-26.073696],[-49.759108,-26.073773],[-49.75962,-26.073943],[-49.762309,-26.075516],[-49.778587,-26.085519],[-49.779284,-26.086145],[-49.779608,-26.086607],[-49.779831,-26.087045],[-49.780058,-26.088065],[-49.780866,-26.103033],[-49.781067,-26.105001],[-49.781301,-26.105593],[-49.781599,-26.106077],[-49.784206,-26.109011]]}},{"type":"Feature","properties":{"rod":"PR427","trecho":"427S0010EPR","km_ini":0.0,"km_fim":2.25,"sentido":"ambos","de":"ENTR. BR-116","para":"CAMPO DO TENENTE","municipio":"Campo do Tenente","situacao":"PAV","pista":"Simples","resp":"DER SR1","reg":"Xisto","juris":"Estadual"},"geometry":{"type":"LineString","coordinates":[[-49.667169,-25.994203],[-49.667795,-25.993852],[-49.669601,-25.99258],[-49.672404,-25.99025],[-49.673889,-25.988909],[-49.675237,-25.987402],[-49.675644,-25.987057],[-49.676595,-25.986491],[-49.677589,-25.98601],[-49.68007,-25.985246],[-49.680557,-25.985035],[-49.680957,-25.984755],[-49.683156,-25.980836]]}},{"type":"Feature","properties":{"rod":"PR427","trecho":"427S0015EPR","km_ini":2.25,"km_fim":31.04,"sentido":"ambos","de":"CAMPO DO TENENTE","para":"ACESSO LAPA","municipio":"Campo do Tenente","situacao":"PAV","pista":"Simples","resp":"DER SR1","reg":"Xisto","juris":"Estadual"},"geometry":{"type":"LineString","coordinates":[[-49.683156,-25.980836],[-49.683584,-25.978987],[-49.683854,-25.978597],[-49.685577,-25.977425],[-49.685938,-25.977058],[-49.686211,-25.975617],[-49.686693,-25.974767],[-49.687882,-25.973111],[-49.688253,-25.972782],[-49.68857,-25.97261],[-49.689516,-25.972264],[-49.689963,-25.972008],[-49.690328,-25.971576],[-49.690797,-25.970499],[-49.690803,-25.969946],[-49.689926,-25.968193],[-49.689835,-25.967728],[-49.689938,-25.96723],[-49.690244,-25.966749],[-49.692454,-25.963956],[-49.69315,-25.962466],[-49.693503,-25.9621],[-49.693976,-25.961892],[-49.694499,-25.961866],[-49.696104,-25.962382],[-49.696669,-25.962405],[-49.697221,-25.962223],[-49.697782,-25.961891],[-49.698278,-25.961471],[-49.699357,-25.959905],[-49.699801,-25.959463],[-49.700791,-25.958693],[-49.702352,-25.95713],[-49.704542,-25.955396],[-49.705319,-25.954671],[-49.705981,-25.953767],[-49.706864,-25.952249],[-49.708985,-25.949615],[-49.709386,-25.94929],[-49.710409,-25.948742],[-49.710832,-25.948381],[-49.711112,-25.947864],[-49.712829,-25.941871],[-49.713188,-25.941321],[-49.718697,-25.935888],[-49.719016,-25.935426],[-49.71898,-25.934925],[-49.718187,-25.933643],[-49.718065,-25.933117],[-49.718519,-25.932238],[-49.724896,-25.922626],[-49.725121,-25.922195],[-49.725263,-25.921743],[-49.725323,-25.921039],[-49.725415,-25.918484],[-49.725678,-25.917903],[-49.726931,-25.916327],[-49.727057,-25.91578],[-49.727074,-25.915193],[-49.727307,-25.914673],[-49.728687,-25.913431],[-49.7298,-25.912895],[-49.730183,-25.912484],[-49.730556,-25.911485],[-49.730997,-25.911094],[-49.733496,-25.910163],[-49.734919,-25.909454],[-49.736679,-25.908199],[-49.737755,-25.907063],[-49.73838,-25.906214],[-49.738916,-25.905306],[-49.739642,-25.903404],[-49.742076,-25.898717],[-49.7423,-25.897621],[-49.742567,-25.896993],[-49.743606,-25.895362],[-49.743797,-25.89473],[-49.743892,-25.893611],[-49.743707,-25.892996],[-49.743256,-25.892459],[-49.74106,-25.890218],[-49.74048,-25.889822],[-49.739173,-25.889262],[-49.738815,-25.888863],[-49.738719,-25.888341],[-49.73858,-25.885447],[-49.738353,-25.884999],[-49.737201,-25.883888],[-49.737021,-25.883367],[-49.73714,-25.882989],[-49.737494,-25.882533],[-49.738005,-25.881656],[-49.739155,-25.878753],[-49.740159,-25.877117],[-49.740418,-25.875865],[-49.740574,-25.875476],[-49.740975,-25.874953],[-49.742001,-25.873977],[-49.742313,-25.873433],[-49.742604,-25.871842],[-49.742542,-25.871232],[-49.741958,-25.870313],[-49.740544,-25.869174],[-49.740462,-25.868734],[-49.741358,-25.867515],[-49.741409,-25.867009],[-49.741175,-25.866629],[-49.740692,-25.86639],[-49.739459,-25.866103],[-49.736625,-25.864986],[-49.734594,-25.863675],[-49.733325,-25.863145],[-49.732817,-25.862769],[-49.730605,-25.860274],[-49.729293,-25.857628],[-49.72834,-25.850641],[-49.727404,-25.849058],[-49.727395,-25.848516],[-49.728123,-25.846753],[-49.728272,-25.846098],[-49.728124,-25.844946],[-49.724413,-25.829428],[-49.724099,-25.828855],[-49.722641,-25.827393],[-49.722413,-25.826864],[-49.722476,-25.826311],[-49.722906,-25.825228],[-49.723228,-25.824037],[-49.723612,-25.822182],[-49.723442,-25.821668],[-49.722108,-25.820516],[-49.721903,-25.82006],[-49.721942,-25.819565],[-49.722232,-25.818505],[-49.722375,-25.814904],[-49.722956,-25.813268],[-49.722839,-25.812827],[-49.72243,-25.812493],[-49.720856,-25.811605],[-49.720547,-25.811148],[-49.720462,-25.810574],[-49.720434,-25.809955],[-49.720593,-25.809386],[-49.721855,-25.807811],[-49.722191,-25.807283],[-49.722321,-25.806688],[-49.722278,-25.80511],[-49.722405,-25.804542],[-49.724189,-25.801683],[-49.726298,-25.799293],[-49.726838,-25.798451],[-49.727209,-25.797588],[-49.727627,-25.797189],[-49.728216,-25.797035],[-49.732519,-25.79693],[-49.733035,-25.796848],[-49.733648,-25.796614],[-49.733952,-25.796262],[-49.734013,-25.795751],[-49.733785,-25.793657],[-49.733968,-25.793151],[-49.73437,-25.79275],[-49.734941,-25.7925],[-49.736291,-25.792149],[-49.736893,-25.792114],[-49.738096,-25.79253],[-49.738634,-25.792889],[-49.739546,-25.793798],[-49.740141,-25.793966],[-49.740737,-25.793746],[-49.740997,-25.793354],[-49.741032,-25.792856],[-49.740923,-25.791085],[-49.739573,-25.787179],[-49.739543,-25.786621],[-49.74008,-25.784992],[-49.740026,-25.784484],[-49.739674,-25.784048],[-49.737537,-25.78225],[-49.737254,-25.781862],[-49.736762,-25.780839],[-49.736532,-25.779579],[-49.735528,-25.777945],[-49.734661,-25.776167],[-49.733808,-25.775333]]}},{"type":"Feature","properties":{"rod":"PR427","trecho":"427S0020EPR","km_ini":31.04,"km_fim":32.47,"sentido":"ambos","de":"ACESSO LAPA","para":"ENTR. BR-476(A) (LAPA)","municipio":"Lapa","situacao":"PAV","pista":"Simples","resp":"DER SR1","reg":"Xisto","juris":"Estadual"},"geometry":{"type":"LineString","coordinates":[[-49.733808,-25.775333],[-49.733664,-25.774892],[-49.733901,-25.773335],[-49.734355,-25.768818],[-49.734543,-25.768324],[-49.734859,-25.767922],[-49.735031,-25.767489],[-49.735026,-25.766598],[-49.735117,-25.766046],[-49.735409,-25.765672],[-49.735909,-25.765389],[-49.737953,-25.764669],[-49.738236,-25.764456]]}},{"type":"Feature","properties":{"rod":"PR427","trecho":"427S0030EPR","km_ini":32.67,"km_fim":44.67,"sentido":"ambos","de":"ENTR. BR-476(B) (LAPA)","para":"ENTR. PR-433 (P/ ÁGUA AZUL)","municipio":"Lapa","situacao":"PAV","pista":"Simples","resp":"DER SR1","reg":"Xisto","juris":"Estadual"},"geometry":{"type":"LineString","coordinates":[[-49.737281,-25.763514],[-49.739947,-25.76082],[-49.740815,-25.760062],[-49.74643,-25.756686],[-49.750564,-25.754549],[-49.751522,-25.753906],[-49.752454,-25.753095],[-49.755818,-25.749779],[-49.756215,-25.749475],[-49.756876,-25.749153],[-49.75736,-25.749034],[-49.763205,-25.748567],[-49.763728,-25.748291],[-49.764125,-25.747831],[-49.765987,-25.744864],[-49.76612,-25.744263],[-49.76606,-25.743641],[-49.765026,-25.739767],[-49.765039,-25.739278],[-49.765952,-25.731913],[-49.76651,-25.728261],[-49.766817,-25.727341],[-49.767079,-25.726926],[-49.767784,-25.726222],[-49.773359,-25.722345],[-49.774518,-25.721179],[-49.775965,-25.718954],[-49.776187,-25.718489],[-49.776816,-25.714801],[-49.777157,-25.713827],[-49.777718,-25.712925],[-49.779182,-25.71127],[-49.782103,-25.706494],[-49.782774,-25.705654],[-49.783664,-25.705011],[-49.786192,-25.703656],[-49.791381,-25.700073],[-49.791836,-25.699812],[-49.79235,-25.699637],[-49.794004,-25.699256],[-49.794528,-25.69902],[-49.810817,-25.689442]]}},{"type":"Feature","properties":{"rod":"BR476","trecho":"476BPR0110(b)","km_ini":197.9,"km_fim":243.8,"sentido":"ambos","de":"ENTR. PR-427(B) (P/ C. DO TENENTE)","para":"ENTR. PR-433 (P/ ÁGUA AZUL)","municipio":"Lapa","situacao":"PAV","pista":"Simples","resp":"DNIT","reg":"Xisto","juris":"Federal"},"geometry":{"type":"LineString","coordinates":[[-49.738236,-25.764456],[-49.738646,-25.764818],[-49.742387,-25.769926],[-49.743169,-25.770806],[-49.744214,-25.771424],[-49.748779,-25.773396],[-49.75012,-25.773792],[-49.796763,-25.778698],[-49.809202,-25.779919],[-49.810214,-25.779848],[-49.811278,-25.779606],[-49.819755,-25.776079],[-49.820815,-25.775843],[-49.822478,-25.775825],[-49.824262,-25.776178],[-49.825414,-25.776585],[-49.826461,-25.777199],[-49.828279,-25.778601],[-49.828754,-25.778818],[-49.82926,-25.778927],[-49.831045,-25.778997],[-49.835635,-25.780856],[-49.836162,-25.780935],[-49.836682,-25.780908],[-49.837187,-25.780783],[-49.838587,-25.780203],[-49.839293,-25.780092],[-49.840013,-25.780184],[-49.840709,-25.780449],[-49.8446,-25.782113],[-49.845086,-25.782561],[-49.845367,-25.783131],[-49.845517,-25.784402],[-49.845756,-25.784967],[-49.84622,-25.78534],[-49.846797,-25.785467],[-49.847358,-25.785361],[-49.847827,-25.785046],[-49.84898,-25.783747],[-49.84947,-25.783426],[-49.85006,-25.783253],[-49.850719,-25.783263],[-49.855924,-25.784103],[-49.857246,-25.784026],[-49.861302,-25.78341],[-49.862007,-25.783243],[-49.862662,-25.782974],[-49.866681,-25.780367],[-49.867319,-25.780065],[-49.87078,-25.779166],[-49.871844,-25.779076],[-49.875601,-25.779278],[-49.876308,-25.779404],[-49.876882,-25.77967],[-49.877334,-25.780056],[-49.877664,-25.780546],[-49.877826,-25.781096],[-49.878009,-25.786688],[-49.878169,-25.787301],[-49.878466,-25.787857],[-49.8789,-25.788345],[-49.88071,-25.78949],[-49.89359,-25.79688],[-49.894624,-25.797375],[-49.896136,-25.797901],[-49.896625,-25.798132],[-49.897525,-25.798717],[-49.898353,-25.799508],[-49.905533,-25.807383],[-49.906282,-25.808356],[-49.90689,-25.809391],[-49.907296,-25.809771],[-49.908703,-25.810739],[-49.909124,-25.811115],[-49.909385,-25.811586],[-49.909463,-25.812111],[-49.909567,-25.814739],[-49.90974,-25.815719],[-49.910248,-25.816568],[-49.914294,-25.821773],[-49.914639,-25.822113],[-49.915242,-25.822484],[-49.919653,-25.823557],[-49.920627,-25.824019],[-49.922173,-25.824891],[-49.924552,-25.825786],[-49.925017,-25.826154],[-49.92535,-25.826616],[-49.925525,-25.82715],[-49.925849,-25.831541],[-49.926051,-25.833335],[-49.926187,-25.833942],[-49.92659,-25.835156],[-49.927784,-25.838112],[-49.928044,-25.83862],[-49.928413,-25.83905],[-49.928912,-25.839372],[-49.929509,-25.839573],[-49.932147,-25.839934],[-49.932757,-25.840105],[-49.933338,-25.840364],[-49.933868,-25.840719],[-49.934337,-25.841151],[-49.939157,-25.846454],[-49.93998,-25.847261],[-49.942765,-25.849693],[-49.943247,-25.850006],[-49.943732,-25.850133],[-49.945337,-25.850027],[-49.945928,-25.850171],[-49.951268,-25.853789],[-49.952339,-25.854285],[-49.955052,-25.855324],[-49.956091,-25.855583],[-49.956649,-25.855532],[-49.960727,-25.854775],[-49.964429,-25.854747],[-49.96564,-25.854845],[-49.966236,-25.854973],[-49.967361,-25.855424],[-49.970554,-25.857199],[-49.971,-25.85747],[-49.971436,-25.857884],[-49.971684,-25.858399],[-49.971943,-25.860455],[-49.972147,-25.860956],[-49.973839,-25.863831],[-49.974548,-25.865609],[-49.977421,-25.876944],[-49.977773,-25.87801],[-49.978064,-25.878512],[-49.978447,-25.87897],[-49.978912,-25.879369],[-49.979444,-25.879696],[-49.980624,-25.880132],[-49.993711,-25.88308],[-49.995253,-25.88331],[-49.996342,-25.883276],[-50.008734,-25.88199],[-50.009341,-25.881721],[-50.01025,-25.880976],[-50.010841,-25.8808],[-50.014336,-25.88085],[-50.015033,-25.880974],[-50.016287,-25.881571],[-50.016877,-25.881762],[-50.017461,-25.881783],[-50.018513,-25.881458],[-50.022059,-25.879817],[-50.023158,-25.879463],[-50.024299,-25.879293],[-50.028215,-25.878971],[-50.028756,-25.878815],[-50.029711,-25.87822],[-50.03026,-25.877987],[-50.032136,-25.877833],[-50.032676,-25.877626],[-50.033114,-25.877309],[-50.035622,-25.875174],[-50.036128,-25.874907],[-50.036697,-25.874713],[-50.037957,-25.874595],[-50.04337,-25.875037],[-50.044602,-25.874899],[-50.045783,-25.874472],[-50.049872,-25.872236],[-50.050362,-25.87204],[-50.051492,-25.872022],[-50.052555,-25.872163],[-50.054175,-25.87281],[-50.054757,-25.872819],[-50.055352,-25.872698],[-50.056472,-25.872311],[-50.058382,-25.871226],[-50.059401,-25.87082],[-50.066065,-25.869608],[-50.066534,-25.869307],[-50.06685,-25.868841],[-50.067163,-25.866907],[-50.067313,-25.866413],[-50.067616,-25.865977],[-50.072823,-25.861974],[-50.073735,-25.860223],[-50.074129,-25.859903],[-50.074603,-25.859734],[-50.077773,-25.859076],[-50.07824,-25.858808],[-50.079752,-25.857455],[-50.080299,-25.857207],[-50.08092,-25.857163],[-50.081483,-25.857314],[-50.083559,-25.858146],[-50.084653,-25.858492],[-50.087946,-25.859043],[-50.09005,-25.859854],[-50.090606,-25.859815],[-50.092026,-25.859033],[-50.092495,-25.858881],[-50.093007,-25.858877],[-50.095789,-25.859681],[-50.096859,-25.859801],[-50.097394,-25.859761],[-50.10054,-25.859102],[-50.101537,-25.858979],[-50.102558,-25.859046],[-50.103469,-25.859319]]}},{"type":"Feature","properties":{"rod":"BR476","trecho":"476BPR0110(c)","km_ini":243.8,"km_fim":257.7,"sentido":"ambos","de":"ENTR. PR-433 (P/ ÁGUA AZUL)","para":"ENTR. PR-281(A) (P/ ANTONIO OLINTO)","municipio":"Antônio Olinto","situacao":"PAV","pista":"Simples","resp":"DNIT","reg":"Xisto","juris":"Federal"},"geometry":{"type":"LineString","coordinates":[[-50.103469,-25.859319],[-50.108187,-25.861293],[-50.111854,-25.862476],[-50.11301,-25.862617],[-50.117798,-25.862239],[-50.118396,-25.862246],[-50.118891,-25.862346],[-50.11943,-25.8626],[-50.121887,-25.864494],[-50.1234,-25.865235],[-50.124484,-25.865504],[-50.125629,-25.865447],[-50.131433,-25.864333],[-50.132724,-25.863906],[-50.13551,-25.862549],[-50.136047,-25.862355],[-50.136615,-25.862299],[-50.137194,-25.862379],[-50.139186,-25.863271],[-50.139714,-25.863442],[-50.148025,-25.865109],[-50.148573,-25.865348],[-50.148925,-25.865765],[-50.150917,-25.87042],[-50.151203,-25.870786],[-50.151717,-25.871136],[-50.157058,-25.872531],[-50.163315,-25.874053],[-50.164259,-25.87445],[-50.170555,-25.877853],[-50.171535,-25.878474],[-50.172696,-25.879491],[-50.173374,-25.880245],[-50.174615,-25.882007],[-50.175529,-25.882732],[-50.178033,-25.884489],[-50.178494,-25.884759],[-50.178988,-25.884918],[-50.181858,-25.885453],[-50.182433,-25.885622],[-50.182846,-25.885958],[-50.183709,-25.887284],[-50.184872,-25.890389],[-50.185177,-25.890854],[-50.185609,-25.891202],[-50.189263,-25.892581],[-50.19064,-25.892994],[-50.191339,-25.893048],[-50.192058,-25.892968],[-50.201859,-25.890238],[-50.202559,-25.890138],[-50.205464,-25.890191],[-50.206155,-25.890141],[-50.206823,-25.889967],[-50.209203,-25.888873],[-50.21071,-25.888575],[-50.211772,-25.888573],[-50.223537,-25.88924]]}},{"type":"Feature","properties":{"rod":"BR476","trecho":"476BPR0100","km_ini":195.8,"km_fim":197.7,"sentido":"ambos","de":"ENTR. PR-428(PLAN.) (ACESSO LAPA)","para":"ENTR. PR-427(A) (P/ PORTO AMAZONAS)","municipio":"Lapa","situacao":"PAV","pista":"Simples","resp":"DNIT","reg":"Xisto","juris":"Federal"},"geometry":{"type":"LineString","coordinates":[[-49.724322,-25.752208],[-49.724502,-25.75222],[-49.725834,-25.753471],[-49.737281,-25.763514]]}},{"type":"Feature","properties":{"rod":"BR476","trecho":"476BPR0110(a)","km_ini":197.7,"km_fim":197.9,"sentido":"ambos","de":"ENTR. PR-427(A) (P/ PORTO AMAZONAS)","para":"ENTR. PR-427(B) (P/ C. DO TENENTE)","municipio":"Lapa","situacao":"PAV","pista":"Simples","resp":"DNIT","reg":"Xisto","juris":"Federal"},"geometry":{"type":"LineString","coordinates":[[-49.737281,-25.763514],[-49.737919,-25.764021],[-49.738236,-25.764456]]}},{"type":"Feature","properties":{"rod":"PR510","trecho":"510S0060EPR","km_ini":49.74,"km_fim":62.48,"sentido":"ambos","de":"AC. BALSA NOVA","para":"ENTR. PR-423 (ITAQUI)","municipio":"Balsa Nova","situacao":"PAV","pista":"Simples","resp":"DER SR1","reg":"S.R. Leste","juris":"Estadual"},"geometry":{"type":"LineString","coordinates":[[-49.623414,-25.568567],[-49.622698,-25.56824],[-49.622317,-25.567967],[-49.61834,-25.562385],[-49.615495,-25.559526],[-49.615108,-25.558952],[-49.614198,-25.557161],[-49.613806,-25.556613],[-49.611977,-25.554872],[-49.611288,-25.554078],[-49.608184,-25.548879],[-49.607714,-25.548534],[-49.603911,-25.547599],[-49.600964,-25.546398],[-49.598979,-25.545685],[-49.598051,-25.544972],[-49.592986,-25.540604],[-49.59029,-25.538725],[-49.589979,-25.538209],[-49.589574,-25.537171],[-49.588531,-25.535432],[-49.587927,-25.533971],[-49.586926,-25.531975],[-49.585722,-25.530766],[-49.585467,-25.530327],[-49.585223,-25.529237],[-49.583772,-25.524893],[-49.58348,-25.524433],[-49.583109,-25.524087],[-49.581267,-25.523131],[-49.580869,-25.522785],[-49.580737,-25.522196],[-49.581424,-25.520147],[-49.581697,-25.518166],[-49.582686,-25.515322],[-49.582911,-25.514871],[-49.583301,-25.514564],[-49.58502,-25.514267],[-49.585567,-25.514102],[-49.586001,-25.513719],[-49.586285,-25.513211],[-49.586393,-25.512672],[-49.586283,-25.512091],[-49.585141,-25.507787],[-49.585067,-25.507175],[-49.585223,-25.506578],[-49.585726,-25.505425],[-49.585888,-25.504847],[-49.585847,-25.50425],[-49.585375,-25.503102],[-49.585108,-25.502646],[-49.584154,-25.502111],[-49.583801,-25.501694],[-49.583581,-25.500665],[-49.583412,-25.49921],[-49.583548,-25.496496],[-49.583429,-25.495918],[-49.58226,-25.493646],[-49.580507,-25.488602],[-49.580183,-25.488021],[-49.579778,-25.48752],[-49.578514,-25.486203],[-49.578233,-25.48573],[-49.577891,-25.484732],[-49.576757,-25.482934],[-49.57611,-25.482123],[-49.575323,-25.481403],[-49.574907,-25.480562],[-49.574054,-25.479379],[-49.573789,-25.47773],[-49.572883,-25.476281]]}},{"type":"Feature","properties":{"rod":"PR510","trecho":"510S0055EPR","km_ini":48.0,"km_fim":49.74,"sentido":"ambos","de":"AC. BUGRE","para":"AC. BALSA NOVA","municipio":"Balsa Nova","situacao":"PAV","pista":"Simples","resp":"DER SR1","reg":"S.R. Leste","juris":"Estadual"},"geometry":{"type":"LineString","coordinates":[[-49.632136,-25.577481],[-49.631341,-25.570141],[-49.631134,-25.569574],[-49.630784,-25.569072],[-49.630306,-25.568639],[-49.629719,-25.568313],[-49.629068,-25.568131],[-49.627751,-25.567955],[-49.627106,-25.567937],[-49.626503,-25.568018],[-49.624213,-25.568532],[-49.623414,-25.568567]]}},{"type":"Feature","properties":{"rod":"PR510","trecho":"510S0050EPR","km_ini":46.55,"km_fim":48.0,"sentido":"ambos","de":"INÍCIO DO PAVIMENTO (BALSA NOVA)","para":"AC. BUGRE","municipio":"Lapa","situacao":"PAV","pista":"Simples","resp":"DER SR1","reg":"S.R. Leste","juris":"Estadual"},"geometry":{"type":"LineString","coordinates":[[-49.632067,-25.589358],[-49.634213,-25.587563],[-49.634343,-25.587083],[-49.634157,-25.586608],[-49.632534,-25.583553],[-49.632407,-25.582586],[-49.632136,-25.577481]]}},{"type":"Feature","properties":{"rod":"PR510","trecho":"510N0035EPR","km_ini":42.41,"km_fim":46.55,"sentido":"ambos","de":"ENTR. PR-512","para":"INÍCIO DO PAVIMENTO (BALSA NOVA)","municipio":"Lapa","situacao":"NPV","pista":"Simples","resp":"DER SR1","reg":"Xisto","juris":"Estadual"},"geometry":{"type":"LineString","coordinates":[[-49.629775,-25.615906],[-49.629976,-25.615296],[-49.630284,-25.614867],[-49.630944,-25.614112],[-49.631766,-25.613492],[-49.633712,-25.612441],[-49.634713,-25.611996],[-49.636231,-25.611463],[-49.637764,-25.611098],[-49.63819,-25.610654],[-49.63892,-25.608226],[-49.639143,-25.607783],[-49.639447,-25.60737],[-49.639844,-25.607003],[-49.641519,-25.605654],[-49.64184,-25.605147],[-49.641913,-25.604557],[-49.641497,-25.602097],[-49.640834,-25.600271],[-49.641108,-25.598816],[-49.641115,-25.598322],[-49.64105,-25.597226],[-49.640856,-25.596817],[-49.637594,-25.593075],[-49.636855,-25.592344],[-49.636381,-25.592067],[-49.635905,-25.591953],[-49.632679,-25.591439],[-49.632148,-25.591228],[-49.63175,-25.590846],[-49.631446,-25.590423],[-49.631492,-25.589871],[-49.632067,-25.589358]]}},{"type":"Feature","properties":{"rod":"PR412","trecho":"412S0040EPR","km_ini":31.19,"km_fim":31.5,"sentido":"ambos","de":"MATINHOS (B)","para":"ACESSO PARA PR-508 (MATINHOS)","municipio":"Matinhos","situacao":"PAV","pista":"Simples","resp":"DER SR1","reg":"S.R. Leste","juris":"Estadual"},"geometry":{"type":"LineString","coordinates":[[-48.533564,-25.812639],[-48.532753,-25.810488],[-48.532517,-25.810111]]}},{"type":"Feature","properties":{"rod":"PR092","trecho":"092N0070EPR","km_ini":85.49,"km_fim":89.25,"sentido":"ambos","de":"CERRO AZUL (B)","para":"CABECEIRA SUL PONTE RIO RIBEIRA","municipio":"Cerro Azul","situacao":"NPV","pista":"Simples","resp":"DER SR1","reg":"S.R. Leste","juris":"Estadual"},"geometry":{"type":"LineString","coordinates":[[-49.263575,-24.820939],[-49.26398,-24.820997],[-49.265085,-24.820806],[-49.265553,-24.820543],[-49.265897,-24.820122],[-49.267374,-24.8176],[-49.267803,-24.815231],[-49.267962,-24.813805],[-49.267893,-24.81336],[-49.267458,-24.812527],[-49.265707,-24.810686],[-49.265458,-24.81024],[-49.264665,-24.80718],[-49.264377,-24.806742],[-49.263073,-24.805813],[-49.262723,-24.80549],[-49.262471,-24.805103],[-49.262252,-24.804611],[-49.262146,-24.804101],[-49.262212,-24.803177],[-49.263062,-24.800845],[-49.263333,-24.800455],[-49.263765,-24.800137],[-49.264253,-24.80004],[-49.265814,-24.800117],[-49.266367,-24.800075],[-49.266843,-24.799748],[-49.267103,-24.799282],[-49.267496,-24.797707],[-49.267741,-24.797223],[-49.268666,-24.796599],[-49.270204,-24.796169],[-49.270986,-24.7957]]}},{"type":"Feature","properties":{"rod":"PR092","trecho":"092N0085EPR","km_ini":132.05,"km_fim":139.35,"sentido":"ambos","de":"DOUTOR ULISSES (B)","para":"CABEC. NORTE VIADUTO ESTR. DE FERRO (PISKA)","municipio":"Doutor Ulysses","situacao":"NPV","pista":"Simples","resp":"DER SR1","reg":"S.R. Leste","juris":"Estadual"},"geometry":{"type":"LineString","coordinates":[[-49.420544,-24.564186],[-49.420687,-24.563784],[-49.420419,-24.563359],[-49.420328,-24.562917],[-49.420651,-24.561969],[-49.421013,-24.561619],[-49.421553,-24.561557],[-49.422104,-24.561633],[-49.423126,-24.56198],[-49.423575,-24.561766],[-49.424083,-24.561753],[-49.424586,-24.561586],[-49.425097,-24.561638],[-49.425356,-24.561323],[-49.425111,-24.560902],[-49.42533,-24.560519],[-49.425845,-24.560381],[-49.426286,-24.560141],[-49.426816,-24.560065],[-49.427858,-24.560061],[-49.428611,-24.559546],[-49.429171,-24.559595],[-49.429599,-24.559408],[-49.429896,-24.559045],[-49.430341,-24.558879],[-49.430911,-24.558038],[-49.431331,-24.557795],[-49.432008,-24.557136],[-49.432206,-24.556715],[-49.432273,-24.556207],[-49.432171,-24.55529],[-49.432326,-24.554372],[-49.431949,-24.554071],[-49.431792,-24.553653],[-49.432142,-24.553248],[-49.432199,-24.552783],[-49.432013,-24.552333],[-49.431436,-24.551466],[-49.431264,-24.550982],[-49.431274,-24.550499],[-49.431419,-24.550045],[-49.431255,-24.549583],[-49.430403,-24.548929],[-49.429454,-24.548509],[-49.429205,-24.548077],[-49.429351,-24.547603],[-49.430203,-24.546377],[-49.430646,-24.545009],[-49.430619,-24.544496],[-49.430413,-24.544044],[-49.430222,-24.543077],[-49.430375,-24.542596],[-49.430804,-24.542325],[-49.431317,-24.54224],[-49.431594,-24.541869],[-49.431521,-24.541408],[-49.431102,-24.541126],[-49.43067,-24.540242],[-49.430702,-24.539766],[-49.430876,-24.53927],[-49.431541,-24.538455],[-49.431982,-24.538195],[-49.432923,-24.537702],[-49.433966,-24.537505],[-49.43399,-24.537053],[-49.433618,-24.536133],[-49.434794,-24.535025],[-49.435343,-24.535038],[-49.435793,-24.535132],[-49.435704,-24.534697],[-49.434832,-24.534099],[-49.434317,-24.533909],[-49.434075,-24.533524],[-49.433981,-24.533023],[-49.433778,-24.532567],[-49.433765,-24.532092],[-49.43384,-24.531107],[-49.434005,-24.530666],[-49.434716,-24.529925],[-49.435243,-24.52909],[-49.435638,-24.528805],[-49.436174,-24.528665],[-49.436704,-24.528629],[-49.437187,-24.528724],[-49.437652,-24.528667],[-49.437574,-24.528218],[-49.437837,-24.527881],[-49.438514,-24.527327],[-49.438879,-24.527181],[-49.438882,-24.527639],[-49.439092,-24.528011],[-49.439602,-24.527986],[-49.440108,-24.528095],[-49.442134,-24.527631],[-49.442622,-24.527634],[-49.443652,-24.527807],[-49.444606,-24.527401],[-49.445091,-24.527276],[-49.445603,-24.527226],[-49.446575,-24.52733],[-49.446723,-24.526914],[-49.446507,-24.526488],[-49.446465,-24.526019],[-49.446584,-24.525525],[-49.447122,-24.525336]]}},{"type":"Feature","properties":{"rod":"PR092","trecho":"092N0080EPR","km_ini":89.25,"km_fim":131.19,"sentido":"ambos","de":"CABECEIRA SUL PONTE RIO RIBEIRA","para":"DOUTOR ULISSES (A)","municipio":"Doutor Ulysses","situacao":"NPV","pista":"Simples","resp":"DER SR1","reg":"S.R. Leste","juris":"Estadual"},"geometry":{"type":"LineString","coordinates":[[-49.270986,-24.7957],[-49.271901,-24.795171],[-49.272384,-24.795143],[-49.272904,-24.79597],[-49.273318,-24.796353],[-49.273764,-24.796634],[-49.274266,-24.796712],[-49.275143,-24.796123],[-49.275426,-24.795697],[-49.275408,-24.795189],[-49.27511,-24.794163],[-49.275065,-24.7931],[-49.27497,-24.792626],[-49.274592,-24.791219],[-49.274197,-24.790344],[-49.274459,-24.789858],[-49.275104,-24.789067],[-49.275414,-24.788721],[-49.275842,-24.788476],[-49.275987,-24.788049],[-49.275888,-24.787096],[-49.276096,-24.786653],[-49.277593,-24.785091],[-49.277767,-24.784622],[-49.277437,-24.78417],[-49.277287,-24.783679],[-49.277194,-24.782583],[-49.277461,-24.781683],[-49.27816,-24.780374],[-49.278058,-24.779883],[-49.277584,-24.779002],[-49.277074,-24.77872],[-49.276508,-24.778515],[-49.276054,-24.778192],[-49.275749,-24.777731],[-49.275593,-24.776666],[-49.275624,-24.776113],[-49.275757,-24.775636],[-49.276183,-24.775466],[-49.276695,-24.775415],[-49.276873,-24.775035],[-49.276708,-24.774562],[-49.276696,-24.774077],[-49.276992,-24.773672],[-49.278054,-24.773395],[-49.279459,-24.77269],[-49.281498,-24.772323],[-49.282547,-24.772297],[-49.28295,-24.772039],[-49.283521,-24.770577],[-49.284444,-24.769986],[-49.286391,-24.769062],[-49.286372,-24.768689],[-49.28587,-24.768441],[-49.28621,-24.768097],[-49.286725,-24.767895],[-49.287281,-24.767791],[-49.287467,-24.767379],[-49.288399,-24.76687],[-49.290126,-24.765674],[-49.291136,-24.765163],[-49.291483,-24.76482],[-49.291691,-24.764379],[-49.292064,-24.764092],[-49.292593,-24.763935],[-49.292884,-24.763573],[-49.292985,-24.763069],[-49.292985,-24.76257],[-49.292869,-24.762116],[-49.292966,-24.761655],[-49.294273,-24.760746],[-49.295227,-24.760374],[-49.295613,-24.759993],[-49.295521,-24.759563],[-49.295255,-24.759124],[-49.294911,-24.75819],[-49.294529,-24.757875],[-49.294736,-24.757691],[-49.295198,-24.757539],[-49.295473,-24.757118],[-49.296308,-24.756509],[-49.296792,-24.755667],[-49.29731,-24.755466],[-49.297819,-24.755392],[-49.297981,-24.754958],[-49.298365,-24.75467],[-49.298867,-24.75455],[-49.300649,-24.75335],[-49.301202,-24.753298],[-49.301651,-24.753612],[-49.302164,-24.753811],[-49.302775,-24.753854],[-49.303287,-24.754023],[-49.304602,-24.753421],[-49.305094,-24.754272],[-49.305447,-24.753982],[-49.305943,-24.75392],[-49.306297,-24.753585],[-49.306782,-24.753448],[-49.307626,-24.752905],[-49.308635,-24.752802],[-49.309125,-24.752615],[-49.309394,-24.752145],[-49.309956,-24.750755],[-49.311372,-24.749062],[-49.311327,-24.748592],[-49.311424,-24.748159],[-49.311963,-24.748159],[-49.312398,-24.748411],[-49.312865,-24.748568],[-49.31432,-24.747999],[-49.314813,-24.748143],[-49.315239,-24.748404],[-49.315777,-24.748515],[-49.316913,-24.748609],[-49.318431,-24.749074],[-49.319015,-24.749155],[-49.320663,-24.748691],[-49.321187,-24.748605],[-49.322239,-24.748587],[-49.322764,-24.748358],[-49.323179,-24.747992],[-49.32371,-24.74783],[-49.324157,-24.748109],[-49.324747,-24.748921],[-49.325145,-24.749292],[-49.325656,-24.749134],[-49.327067,-24.7483],[-49.327329,-24.747861],[-49.327395,-24.747401],[-49.328705,-24.745993],[-49.329199,-24.745729],[-49.330379,-24.745507],[-49.330931,-24.745474],[-49.331289,-24.745187],[-49.331769,-24.74435],[-49.332072,-24.743383],[-49.332673,-24.742523],[-49.333198,-24.742481],[-49.333679,-24.742606],[-49.335018,-24.743323],[-49.3355,-24.743303],[-49.336226,-24.742576],[-49.336509,-24.742181],[-49.336924,-24.741897],[-49.339589,-24.741592],[-49.340202,-24.741448],[-49.343316,-24.740167],[-49.344715,-24.739426],[-49.345228,-24.739242],[-49.347868,-24.73866],[-49.348345,-24.738952],[-49.348853,-24.738952],[-49.352402,-24.737703],[-49.35286,-24.737376],[-49.353214,-24.737],[-49.35317,-24.736497],[-49.351345,-24.734341],[-49.351308,-24.733912],[-49.35162,-24.733561],[-49.352587,-24.733212],[-49.354556,-24.732227],[-49.354686,-24.731729],[-49.355119,-24.731589],[-49.356748,-24.731775],[-49.357257,-24.731607],[-49.357847,-24.731575],[-49.361439,-24.732391],[-49.362022,-24.732439],[-49.364638,-24.731348],[-49.364837,-24.730876],[-49.364352,-24.729919],[-49.364289,-24.729464],[-49.364471,-24.729017],[-49.364925,-24.728744],[-49.366837,-24.727958],[-49.367426,-24.727128],[-49.368034,-24.72569],[-49.371766,-24.721755],[-49.371963,-24.721266],[-49.372106,-24.719309],[-49.372555,-24.717889],[-49.373047,-24.717707],[-49.37536,-24.717554],[-49.376309,-24.717046],[-49.376822,-24.717174],[-49.377274,-24.717398],[-49.377834,-24.717462],[-49.378746,-24.716921],[-49.379795,-24.715769],[-49.380325,-24.715522],[-49.381373,-24.71521],[-49.382065,-24.714469],[-49.382318,-24.714024],[-49.382451,-24.713565],[-49.382631,-24.711169],[-49.383915,-24.708197],[-49.384893,-24.706994],[-49.385206,-24.704532],[-49.385929,-24.702752],[-49.386261,-24.702313],[-49.386702,-24.701958],[-49.387118,-24.701641],[-49.387609,-24.701488],[-49.38884,-24.700501],[-49.389771,-24.699314],[-49.389975,-24.6989],[-49.389794,-24.698465],[-49.389371,-24.698175],[-49.388363,-24.69799],[-49.388022,-24.697623],[-49.388223,-24.697132],[-49.388535,-24.696793],[-49.388749,-24.696269],[-49.388946,-24.695342],[-49.389352,-24.69496],[-49.389879,-24.695001],[-49.390074,-24.695436],[-49.390316,-24.696429],[-49.390705,-24.696688],[-49.391256,-24.696595],[-49.391604,-24.696186],[-49.391451,-24.695754],[-49.391435,-24.695248],[-49.391837,-24.694892],[-49.392385,-24.694846],[-49.39336,-24.694991],[-49.393868,-24.69485],[-49.394225,-24.694529],[-49.394363,-24.694072],[-49.394403,-24.69358],[-49.39518,-24.692944],[-49.395445,-24.691981],[-49.395834,-24.691688],[-49.398637,-24.691214],[-49.399059,-24.690863],[-49.399145,-24.690434],[-49.398924,-24.688508],[-49.39941,-24.688342],[-49.400633,-24.689291],[-49.401163,-24.689489],[-49.401734,-24.689388],[-49.402192,-24.689187],[-49.402559,-24.688871],[-49.403525,-24.687726],[-49.403663,-24.687211],[-49.403738,-24.685271],[-49.403805,-24.684835],[-49.404004,-24.684344],[-49.40434,-24.683958],[-49.404777,-24.683658],[-49.405269,-24.683492],[-49.406331,-24.683303],[-49.406755,-24.683049],[-49.40681,-24.682558],[-49.406755,-24.681577],[-49.406958,-24.681153],[-49.407803,-24.679918],[-49.409041,-24.678994],[-49.409555,-24.676989],[-49.411229,-24.674299],[-49.411388,-24.673833],[-49.411515,-24.672848],[-49.412625,-24.67111],[-49.41284,-24.670592],[-49.412988,-24.669552],[-49.412877,-24.669132],[-49.412405,-24.667771],[-49.411709,-24.666382],[-49.411192,-24.665554],[-49.411008,-24.665098],[-49.410833,-24.66412],[-49.41099,-24.663666],[-49.411338,-24.663235],[-49.411793,-24.662993],[-49.413333,-24.662695],[-49.415022,-24.660839],[-49.4152,-24.660337],[-49.415008,-24.659855],[-49.414349,-24.658937],[-49.41429,-24.658481],[-49.414676,-24.656877],[-49.414891,-24.655492],[-49.41602,-24.654567],[-49.416493,-24.653645],[-49.417558,-24.652634],[-49.417971,-24.652314],[-49.418933,-24.651994],[-49.419235,-24.651016],[-49.419605,-24.650633],[-49.420537,-24.650126],[-49.422113,-24.649785],[-49.422503,-24.649486],[-49.423156,-24.648671],[-49.423636,-24.647718],[-49.424023,-24.647354],[-49.426551,-24.645547],[-49.426926,-24.64514],[-49.427532,-24.644253],[-49.427987,-24.643915],[-49.428526,-24.643703],[-49.428877,-24.643387],[-49.428409,-24.642029],[-49.428503,-24.641524],[-49.42986,-24.639955],[-49.431311,-24.639258],[-49.431846,-24.639215],[-49.432318,-24.638948],[-49.433063,-24.637628],[-49.433056,-24.637102],[-49.432453,-24.635755],[-49.432036,-24.63428],[-49.432006,-24.633317],[-49.43219,-24.632868],[-49.432489,-24.632426],[-49.432684,-24.631904],[-49.432629,-24.63143],[-49.432287,-24.631068],[-49.43184,-24.630751],[-49.431352,-24.630673],[-49.429876,-24.631174],[-49.429302,-24.631123],[-49.427355,-24.630137],[-49.427038,-24.62975],[-49.426391,-24.628465],[-49.425711,-24.627653],[-49.424691,-24.627346],[-49.4238,-24.626824],[-49.421675,-24.626483],[-49.421172,-24.62633],[-49.420336,-24.625793],[-49.419826,-24.625553],[-49.418683,-24.625684],[-49.418156,-24.625521],[-49.417908,-24.625086],[-49.418762,-24.62322],[-49.419436,-24.620888],[-49.419523,-24.620399],[-49.41919,-24.619449],[-49.419176,-24.618961],[-49.419363,-24.617954],[-49.419847,-24.617026],[-49.420183,-24.616149],[-49.419689,-24.615285],[-49.419783,-24.614365],[-49.4197,-24.613903],[-49.419286,-24.613078],[-49.419313,-24.612622],[-49.419619,-24.611683],[-49.419997,-24.611319],[-49.420463,-24.611121],[-49.42301,-24.610313],[-49.423261,-24.609915],[-49.423594,-24.609031],[-49.424078,-24.609055],[-49.424327,-24.608715],[-49.424309,-24.60825],[-49.424059,-24.607833],[-49.423099,-24.607383],[-49.422058,-24.607212],[-49.421577,-24.606983],[-49.421124,-24.606697],[-49.420827,-24.606263],[-49.420406,-24.605907],[-49.419777,-24.605059],[-49.419422,-24.604715],[-49.419317,-24.604273],[-49.419373,-24.603798],[-49.419568,-24.603362],[-49.419892,-24.602984],[-49.420304,-24.602686],[-49.42128,-24.602306],[-49.421954,-24.601564],[-49.422947,-24.601211],[-49.423821,-24.600711],[-49.425358,-24.600147],[-49.425874,-24.600179],[-49.427435,-24.600766],[-49.427957,-24.600761],[-49.428952,-24.600419],[-49.429262,-24.600049],[-49.429637,-24.59921],[-49.430196,-24.598389],[-49.43037,-24.597895],[-49.430696,-24.597474],[-49.431181,-24.597203],[-49.432301,-24.597081],[-49.433249,-24.596832],[-49.433701,-24.596591],[-49.434113,-24.596219],[-49.43434,-24.595801],[-49.435015,-24.592987],[-49.435364,-24.592587],[-49.436624,-24.591504],[-49.436878,-24.5911],[-49.436657,-24.589557],[-49.436439,-24.588619],[-49.435572,-24.586404],[-49.435577,-24.585913],[-49.436039,-24.584577],[-49.43591,-24.584113],[-49.433472,-24.581005],[-49.433445,-24.580555],[-49.433685,-24.580104],[-49.433725,-24.579662],[-49.433557,-24.579211],[-49.432885,-24.578459],[-49.432625,-24.578055],[-49.431803,-24.576229],[-49.431525,-24.575853],[-49.426052,-24.571702],[-49.423612,-24.569279],[-49.423153,-24.568903]]}},{"type":"Feature","properties":{"rod":"PRC280","trecho":"280S0093PRC","km_ini":130.35,"km_fim":133.43,"sentido":"ambos","de":"ACESSO LESTE A PALMAS","para":"ACESSO OESTE A PALMAS","municipio":"Palmas","situacao":"PAV","pista":"Simples","resp":"DER SR1","reg":"Médio Iguaçu","juris":"Estadual"},"geometry":{"type":"LineString","coordinates":[[-51.992464,-26.512892],[-51.992481,-26.512817],[-51.997534,-26.510855],[-51.998115,-26.510572],[-51.999222,-26.509812],[-51.999711,-26.509341],[-52.000408,-26.508399],[-52.000828,-26.507527],[-52.001936,-26.503581],[-52.002482,-26.502133],[-52.003186,-26.500736],[-52.004346,-26.498888],[-52.004708,-26.498466],[-52.00555,-26.497741],[-52.011612,-26.493508],[-52.012019,-26.493381]]}},{"type":"Feature","properties":{"rod":"PR509","trecho":"509S0030EPR","km_ini":28.0,"km_fim":36.51,"sentido":"ambos","de":"ENTR. PR-092 (ALMIRANTE TAMANDARÉ)","para":"COLOMBO (A)","municipio":"Colombo","situacao":"PAV","pista":"Simples","resp":"DER SR1","reg":"S.R. Leste","juris":"Estadual"},"geometry":{"type":"LineString","coordinates":[[-49.302792,-25.313989],[-49.302201,-25.31365],[-49.301902,-25.313345],[-49.301333,-25.312558],[-49.297,-25.30784],[-49.295296,-25.306422],[-49.294981,-25.305925],[-49.294779,-25.30439],[-49.294541,-25.303937],[-49.292788,-25.302821],[-49.291281,-25.302253],[-49.290836,-25.301925],[-49.290405,-25.300932],[-49.290107,-25.300561],[-49.289647,-25.300277],[-49.287471,-25.299272],[-49.286832,-25.298883],[-49.285466,-25.297625],[-49.283337,-25.296786],[-49.276623,-25.293588],[-49.275675,-25.293239],[-49.274622,-25.293192],[-49.274096,-25.293308],[-49.269238,-25.295037],[-49.268578,-25.295198],[-49.26796,-25.294974],[-49.265936,-25.29394],[-49.265324,-25.293704],[-49.263919,-25.293545],[-49.262681,-25.292938],[-49.261996,-25.292729],[-49.261331,-25.292745],[-49.258515,-25.293249],[-49.25783,-25.293314],[-49.257224,-25.293134],[-49.256272,-25.292455],[-49.255694,-25.292327],[-49.255044,-25.292251],[-49.253023,-25.292295],[-49.250732,-25.292168],[-49.249671,-25.292363],[-49.248483,-25.292836],[-49.24651,-25.293432],[-49.244293,-25.294288],[-49.24307,-25.294432],[-49.242054,-25.294898],[-49.241471,-25.295076],[-49.240165,-25.295334],[-49.238922,-25.295485],[-49.235751,-25.295701],[-49.23466,-25.296028],[-49.233941,-25.295763],[-49.23192,-25.294726],[-49.230894,-25.293975]]}},{"type":"Feature","properties":{"rod":"BR476","trecho":"476BPR0052","km_ini":109.6,"km_fim":116.1,"sentido":"ambos","de":"ENTR. PR-509(PLAN.) (ROSEIRA)","para":"INÍCIO PISTA DUPLA (J. GUARAITUBA)","municipio":"Colombo","situacao":"PAV","pista":"Simples","resp":"DNIT","reg":"S.R. Leste","juris":"Federal"},"geometry":{"type":"LineString","coordinates":[[-49.143728,-25.307994],[-49.143835,-25.308097],[-49.14558,-25.312234],[-49.145906,-25.312712],[-49.14645,-25.312966],[-49.149318,-25.313403],[-49.14988,-25.313569],[-49.15322,-25.314963],[-49.153739,-25.315053],[-49.157068,-25.313993],[-49.157551,-25.313942],[-49.157995,-25.31414],[-49.158438,-25.3146],[-49.158617,-25.315031],[-49.158574,-25.316504],[-49.16015,-25.324645],[-49.160168,-25.325219],[-49.157371,-25.339899],[-49.157331,-25.340394],[-49.157431,-25.340868],[-49.161637,-25.347124],[-49.162567,-25.348317],[-49.163949,-25.349152],[-49.165507,-25.349956],[-49.166093,-25.350028],[-49.167397,-25.349736]]}},{"type":"Feature","properties":{"rod":"PR506","trecho":"506S0015EPR","km_ini":17.03,"km_fim":20.46,"sentido":"ambos","de":"ENTR. BR-116 (A) (CONT. LESTE)","para":"QUATRO BARRAS (A)","municipio":"Quatro Barras","situacao":"PAV","pista":"Simples","resp":"DER SR1","reg":"S.R. Leste","juris":"Estadual"},"geometry":{"type":"LineString","coordinates":[[-49.055514,-25.391672],[-49.055915,-25.39107],[-49.0566,-25.390322],[-49.057401,-25.389607],[-49.058192,-25.38906],[-49.058604,-25.388814],[-49.05966,-25.388396],[-49.064047,-25.386825],[-49.06461,-25.386567],[-49.066176,-25.385534],[-49.067789,-25.384754],[-49.068248,-25.384462],[-49.068809,-25.383522],[-49.06918,-25.383134],[-49.071287,-25.381488],[-49.071722,-25.38123],[-49.073927,-25.380775],[-49.075278,-25.379687],[-49.075583,-25.379309],[-49.075953,-25.377759],[-49.076078,-25.376624],[-49.075946,-25.375534],[-49.076307,-25.374118],[-49.075764,-25.371175]]}},{"type":"Feature","properties":{"rod":"PR506","trecho":"506S0010EPR","km_ini":11.15,"km_fim":17.03,"sentido":"ambos","de":"PIRAQUARA (FINAL P. DUPLA) (B)","para":"ENTR. BR-116 (A) (CONT. LESTE)","municipio":"Quatro Barras","situacao":"PAV","pista":"Simples","resp":"DER SR1","reg":"S.R. Leste","juris":"Estadual"},"geometry":{"type":"LineString","coordinates":[[-49.0591,-25.440747],[-49.058533,-25.440174],[-49.058265,-25.439794],[-49.057796,-25.438431],[-49.057594,-25.437486],[-49.057553,-25.436976],[-49.057655,-25.436499],[-49.058069,-25.436196],[-49.058216,-25.435748],[-49.058068,-25.435231],[-49.057801,-25.434744],[-49.057716,-25.434183],[-49.058058,-25.433234],[-49.058067,-25.432763],[-49.057621,-25.431768],[-49.057296,-25.431382],[-49.056356,-25.430845],[-49.054687,-25.429464],[-49.05384,-25.428879],[-49.053546,-25.428475],[-49.053543,-25.427341],[-49.053769,-25.425842],[-49.053772,-25.424911],[-49.053517,-25.424366],[-49.052909,-25.423447],[-49.05286,-25.423003],[-49.053051,-25.422571],[-49.053879,-25.42188],[-49.054147,-25.421453],[-49.056997,-25.404664],[-49.056945,-25.404169],[-49.055672,-25.401379],[-49.055315,-25.399488],[-49.055451,-25.398297],[-49.055883,-25.397434],[-49.055929,-25.396984],[-49.055738,-25.396515],[-49.055142,-25.395588],[-49.055279,-25.392791],[-49.055234,-25.392339],[-49.055514,-25.391672]]}},{"type":"Feature","properties":{"rod":"PR417","trecho":"417S0010EPR","km_ini":0.0,"km_fim":3.89,"sentido":"ambos","de":"CURITIBA (STA. CÂNDIDA)","para":"ENTR. PR-418 (P/ ALM. TAMANDARÉ)","municipio":"Curitiba","situacao":"PAV","pista":"Simples","resp":"DER SR1","reg":"S.R. Leste","juris":"Estadual"},"geometry":{"type":"LineString","coordinates":[[-49.223194,-25.374328],[-49.222915,-25.373639],[-49.222392,-25.373358],[-49.220807,-25.373103],[-49.220332,-25.372835],[-49.220015,-25.372404],[-49.219923,-25.371876],[-49.220458,-25.365265],[-49.220327,-25.364348],[-49.219966,-25.362986],[-49.219757,-25.36245],[-49.219006,-25.361084],[-49.218945,-25.36061],[-49.219078,-25.360155],[-49.219517,-25.359234],[-49.219517,-25.358737],[-49.218837,-25.354032],[-49.218946,-25.353566],[-49.219204,-25.353139],[-49.221125,-25.350632],[-49.221316,-25.350158],[-49.221337,-25.349684],[-49.221244,-25.34862],[-49.220881,-25.347588],[-49.2191,-25.344831],[-49.218893,-25.344381],[-49.218816,-25.343876],[-49.218914,-25.342747]]}},{"type":"Feature","properties":{"rod":"PR092","trecho":"092S0020EPR","km_ini":14.9,"km_fim":15.12,"sentido":"ambos","de":"AC. PRINCIPAL ALM. TAMANDARÉ","para":"ENTR. PR-509 (ALMIRANTE TAMANDARÉ)","municipio":"Almirante Tamandaré","situacao":"PAV","pista":"Simples","resp":"DER SR1","reg":"S.R. Leste","juris":"Estadual"},"geometry":{"type":"LineString","coordinates":[[-49.301983,-25.315739],[-49.302738,-25.314223],[-49.302792,-25.313989]]}},{"type":"Feature","properties":{"rod":"PR092","trecho":"092O0015EPR","km_ini":10.08,"km_fim":14.9,"sentido":"ambos","de":"ENTR. PR-418 (CONT. NORTE CURITIBA)","para":"AC. PRINCIPAL ALM. TAMANDARÉ","municipio":"","situacao":"EOD","pista":"Simples","resp":"DER SR1","reg":"S.R. Leste","juris":"Estadual"},"geometry":{"type":"LineString","coordinates":[[-49.281375,-25.351019],[-49.282497,-25.350034],[-49.282846,-25.349652],[-49.283074,-25.349205],[-49.283204,-25.348218],[-49.28336,-25.340381],[-49.283456,-25.339324],[-49.283779,-25.338253],[-49.286127,-25.332925],[-49.286752,-25.331994],[-49.287406,-25.331306],[-49.288899,-25.330117],[-49.289481,-25.329835],[-49.290069,-25.329841],[-49.291043,-25.330377],[-49.291527,-25.330557],[-49.292156,-25.330498],[-49.292666,-25.330141],[-49.293421,-25.328958],[-49.294697,-25.327935],[-49.295071,-25.327516],[-49.298704,-25.322277],[-49.301983,-25.315739]]}},{"type":"Feature","properties":{"rod":"PR092","trecho":"092S0010EPR","km_ini":9.75,"km_fim":10.08,"sentido":"ambos","de":"PONTE RIO BARIGUI (CURITIBA)","para":"ENTR. PR-418 (CONT. NORTE CURITIBA)","municipio":"Almirante Tamandaré","situacao":"PAV","pista":"Simples","resp":"DER SR1","reg":"S.R. Leste","juris":"Estadual"},"geometry":{"type":"LineString","coordinates":[[-49.280781,-25.353647],[-49.280699,-25.352459],[-49.280757,-25.351977],[-49.280957,-25.351527],[-49.281375,-25.351019]]}},{"type":"Feature","properties":{"rod":"PR415","trecho":"415D0030EPR","km_ini":12.76,"km_fim":14.04,"sentido":"ambos","de":"ENTR. PR-506 (A) (PIRAQUARA)","para":"FINAL DA DUPLICAÇÃO","municipio":"Piraquara","situacao":"DUP","pista":"Simples","resp":"DER SR1","reg":"S.R. Leste","juris":"Estadual"},"geometry":{"type":"LineString","coordinates":[[-49.082375,-25.46],[-49.080762,-25.459361],[-49.080276,-25.459025],[-49.078645,-25.456962],[-49.077863,-25.456344],[-49.07343,-25.45406],[-49.072247,-25.453339]]}},{"type":"Feature","properties":{"rod":"PR415","trecho":"415S0040EPR","km_ini":14.04,"km_fim":14.96,"sentido":"ambos","de":"FINAL DE DUPLICAÇÃO (PIRAQUARA)","para":"PIRAQUARA","municipio":"Piraquara","situacao":"PAV","pista":"Simples","resp":"DER SR1","reg":"S.R. Leste","juris":"Estadual"},"geometry":{"type":"LineString","coordinates":[[-49.072247,-25.453339],[-49.071613,-25.452819],[-49.066434,-25.447833],[-49.065947,-25.447475]]}},{"type":"Feature","properties":{"rod":"PR408","trecho":"408S0010EPR","km_ini":0.0,"km_fim":3.8,"sentido":"ambos","de":"ENTR. PR-340 BR-101(PLAN.) (ANTONINA)","para":"ENTR. PR-410","municipio":"Antonina","situacao":"PAV","pista":"Simples","resp":"DER SR1","reg":"S.R. Leste","juris":"Estadual"},"geometry":{"type":"LineString","coordinates":[[-48.752453,-25.438478],[-48.753912,-25.438983],[-48.758001,-25.440181],[-48.759788,-25.440859],[-48.761022,-25.441473],[-48.770732,-25.446901],[-48.772619,-25.448266],[-48.773736,-25.448634],[-48.775195,-25.448947],[-48.775956,-25.448946],[-48.776947,-25.448736],[-48.778293,-25.448047],[-48.78277,-25.445231],[-48.785047,-25.443158]]}},{"type":"Feature","properties":{"rod":"PR410","trecho":"410S0020EPR","km_ini":19.2,"km_fim":29.67,"sentido":"ambos","de":"ENTR. PR-411 (S. JOÃO DA GRACIOSA)","para":"ENTR. PR-408 (P/ ANTONINA)","municipio":"Antonina","situacao":"PAV","pista":"Simples","resp":"DER SR1","reg":"S.R. Leste","juris":"Estadual"},"geometry":{"type":"LineString","coordinates":[[-48.860483,-25.388503],[-48.859064,-25.390795],[-48.858677,-25.391852],[-48.858369,-25.392361],[-48.85744,-25.392874],[-48.856346,-25.393153],[-48.855764,-25.39343],[-48.85489,-25.394058],[-48.854315,-25.394949],[-48.854448,-25.395405],[-48.854458,-25.395924],[-48.853786,-25.396756],[-48.853635,-25.39716],[-48.853297,-25.397668],[-48.852123,-25.39875],[-48.850885,-25.400358],[-48.849415,-25.401889],[-48.848484,-25.403285],[-48.847554,-25.405363],[-48.846868,-25.406256],[-48.845411,-25.407876],[-48.845166,-25.408281],[-48.845046,-25.40884],[-48.84482,-25.409394],[-48.843257,-25.410716],[-48.841686,-25.411353],[-48.840259,-25.412335],[-48.839719,-25.41258],[-48.838682,-25.412854],[-48.838206,-25.413055],[-48.835958,-25.414173],[-48.834938,-25.414815],[-48.83383,-25.415297],[-48.830897,-25.416359],[-48.82799,-25.416849],[-48.827504,-25.417067],[-48.826744,-25.417747],[-48.825821,-25.419016],[-48.825463,-25.419358],[-48.825069,-25.419696],[-48.824165,-25.420243],[-48.823335,-25.420858],[-48.822494,-25.421649],[-48.822217,-25.422112],[-48.82118,-25.422615],[-48.82071,-25.422997],[-48.820262,-25.423217],[-48.818674,-25.423523],[-48.8182,-25.423822],[-48.817129,-25.423735],[-48.815196,-25.42446],[-48.814483,-25.425273],[-48.814103,-25.42624],[-48.813677,-25.426578],[-48.812531,-25.426448],[-48.811928,-25.426455],[-48.811401,-25.42662],[-48.810383,-25.426142],[-48.809961,-25.426225],[-48.810014,-25.426725],[-48.80988,-25.427209],[-48.809563,-25.427728],[-48.80914,-25.428176],[-48.808244,-25.428616],[-48.807152,-25.429019],[-48.806242,-25.429658],[-48.805091,-25.430065],[-48.804817,-25.430474],[-48.804791,-25.430948],[-48.804495,-25.431369],[-48.803986,-25.431505],[-48.803577,-25.431807],[-48.803186,-25.432285],[-48.802713,-25.432597],[-48.802191,-25.432756],[-48.801657,-25.433043],[-48.800487,-25.433172],[-48.799327,-25.433595],[-48.798796,-25.433669],[-48.798341,-25.433427],[-48.79723,-25.433161],[-48.796092,-25.433621],[-48.795128,-25.434318],[-48.794766,-25.434741],[-48.794534,-25.435242],[-48.794165,-25.435577],[-48.789705,-25.439287],[-48.788775,-25.440014],[-48.787264,-25.44094],[-48.786858,-25.441265],[-48.785817,-25.442444],[-48.785047,-25.443158]]}},{"type":"Feature","properties":{"rod":"PR410","trecho":"410S0016EPR","km_ini":16.08,"km_fim":19.2,"sentido":"ambos","de":"FINAL PAVIMENTO POLIÉDRICO","para":"ENTR. PR-411 (S.JOÃO DA GRACIOSA)","municipio":"Morretes","situacao":"PAV","pista":"Simples","resp":"DER SR1","reg":"S.R. Leste","juris":"Estadual"},"geometry":{"type":"LineString","coordinates":[[-48.874514,-25.36485],[-48.874702,-25.365559],[-48.874097,-25.366878],[-48.874297,-25.367301],[-48.874414,-25.367787],[-48.87437,-25.368299],[-48.874218,-25.368741],[-48.873525,-25.369695],[-48.873281,-25.370202],[-48.87311,-25.370748],[-48.873051,-25.371273],[-48.872807,-25.371727],[-48.871817,-25.372194],[-48.871487,-25.372585],[-48.87096,-25.373519],[-48.870105,-25.37428],[-48.869826,-25.374661],[-48.86929,-25.375573],[-48.86901,-25.376691],[-48.867725,-25.378707],[-48.864008,-25.381596],[-48.861948,-25.384906],[-48.861171,-25.387374],[-48.860947,-25.387846],[-48.860483,-25.388503]]}},{"type":"Feature","properties":{"rod":"PR410","trecho":"410S0013EPR","km_ini":8.88,"km_fim":16.08,"sentido":"ambos","de":"INÍCIO PAVIMENTO POLIÉDRICO","para":"FINAL PAVIMENTO POLIÉDRICO","municipio":"Morretes","situacao":"PAV","pista":"Simples","resp":"DER SR1","reg":"S.R. Leste","juris":"Estadual"},"geometry":{"type":"LineString","coordinates":[[-48.89145,-25.344961],[-48.891672,-25.345863],[-48.891461,-25.346326],[-48.890979,-25.346253],[-48.890566,-25.346412],[-48.889911,-25.347796],[-48.888686,-25.348833],[-48.888734,-25.349264],[-48.888293,-25.349441],[-48.887291,-25.34932],[-48.886427,-25.349802],[-48.886068,-25.35077],[-48.886495,-25.351045],[-48.887287,-25.352232],[-48.887367,-25.352733],[-48.887079,-25.352678],[-48.887019,-25.352178],[-48.886582,-25.351856],[-48.885626,-25.351982],[-48.885117,-25.351782],[-48.884905,-25.352205],[-48.884565,-25.352414],[-48.883515,-25.350597],[-48.883365,-25.350097],[-48.884105,-25.349267],[-48.885098,-25.34892],[-48.885546,-25.348664],[-48.885522,-25.348161],[-48.885819,-25.34782],[-48.886338,-25.347768],[-48.886051,-25.347356],[-48.886493,-25.346624],[-48.886101,-25.346849],[-48.885901,-25.347302],[-48.885554,-25.347521],[-48.885065,-25.348295],[-48.884657,-25.348484],[-48.883595,-25.348505],[-48.88178,-25.350185],[-48.881961,-25.350612],[-48.882397,-25.35091],[-48.883502,-25.353222],[-48.883623,-25.353726],[-48.883525,-25.354161],[-48.883304,-25.354579],[-48.883343,-25.35507],[-48.883564,-25.355505],[-48.883452,-25.355949],[-48.883359,-25.358192],[-48.883458,-25.358704],[-48.88377,-25.359108],[-48.883984,-25.359594],[-48.88363,-25.359383],[-48.883342,-25.358983],[-48.882848,-25.358043],[-48.882509,-25.35708],[-48.881886,-25.356198],[-48.881318,-25.356075],[-48.8808,-25.356266],[-48.880365,-25.356025],[-48.880491,-25.355094],[-48.879791,-25.354238],[-48.878992,-25.353045],[-48.87898,-25.352153],[-48.878527,-25.351788],[-48.878699,-25.353428],[-48.878996,-25.353838],[-48.879456,-25.354825],[-48.879315,-25.355326],[-48.879033,-25.355829],[-48.878701,-25.356203],[-48.878569,-25.356717],[-48.878736,-25.357248],[-48.879175,-25.358064],[-48.879152,-25.359094],[-48.879306,-25.359985],[-48.878756,-25.360796],[-48.878378,-25.361203],[-48.877945,-25.361511],[-48.877371,-25.362365],[-48.876985,-25.362754],[-48.876577,-25.363085],[-48.875542,-25.363349],[-48.875048,-25.363601],[-48.874492,-25.364421],[-48.874514,-25.36485]]}},{"type":"Feature","properties":{"rod":"PR410","trecho":"410S0010EPR","km_ini":0.0,"km_fim":8.88,"sentido":"ambos","de":"ENTR. BR-116","para":"INÍCIO PAVIMENTO POLIÉDRICO","municipio":"Campina Grande do Sul","situacao":"PAV","pista":"Simples","resp":"DER SR1","reg":"S.R. Leste","juris":"Estadual"},"geometry":{"type":"LineString","coordinates":[[-48.946264,-25.304892],[-48.94563,-25.305642],[-48.943277,-25.307642],[-48.942956,-25.308045],[-48.941589,-25.309005],[-48.941036,-25.309243],[-48.940417,-25.309369],[-48.937926,-25.309383],[-48.937338,-25.309517],[-48.933827,-25.311075],[-48.932923,-25.311568],[-48.931799,-25.312679],[-48.926739,-25.320289],[-48.926399,-25.320783],[-48.926019,-25.321143],[-48.9226,-25.322836],[-48.921737,-25.323525],[-48.921059,-25.324282],[-48.920568,-25.324579],[-48.919487,-25.324833],[-48.918945,-25.325092],[-48.91865,-25.325519],[-48.918155,-25.326935],[-48.917812,-25.327284],[-48.916704,-25.327747],[-48.916186,-25.328073],[-48.910744,-25.332353],[-48.910176,-25.332647],[-48.906938,-25.333023],[-48.905722,-25.332898],[-48.905198,-25.332727],[-48.904417,-25.331983],[-48.903953,-25.331797],[-48.902428,-25.332417],[-48.901828,-25.333268],[-48.90087,-25.333636],[-48.900455,-25.333393],[-48.900518,-25.33294],[-48.900793,-25.332564],[-48.900342,-25.331719],[-48.900189,-25.330772],[-48.899836,-25.330437],[-48.898866,-25.3299],[-48.898298,-25.329812],[-48.897878,-25.330098],[-48.897628,-25.330492],[-48.897919,-25.331041],[-48.897442,-25.331242],[-48.897031,-25.33153],[-48.896999,-25.332068],[-48.897324,-25.33246],[-48.89815,-25.332976],[-48.898452,-25.333916],[-48.898091,-25.334002],[-48.897704,-25.334252],[-48.897755,-25.334676],[-48.89668,-25.335059],[-48.895851,-25.335607],[-48.895751,-25.33612],[-48.895966,-25.337044],[-48.895165,-25.337587],[-48.894641,-25.338442],[-48.894581,-25.338909],[-48.894681,-25.33936],[-48.895024,-25.339732],[-48.894879,-25.340184],[-48.894849,-25.340657],[-48.894329,-25.340845],[-48.894331,-25.341344],[-48.893947,-25.341552],[-48.893402,-25.341578],[-48.892932,-25.341745],[-48.892498,-25.342081],[-48.892132,-25.343012],[-48.891944,-25.344027],[-48.891673,-25.344403],[-48.89145,-25.344961]]}},{"type":"Feature","properties":{"rod":"BR476","trecho":"476BPR0094(a)","km_ini":156.0,"km_fim":170.34,"sentido":"ambos","de":"FIM DA PISTA DUPLA","para":"INÍCIO PISTA DUPLA (CONTENDA)","municipio":"Contenda","situacao":"PAV","pista":"Simples","resp":"DNIT","reg":"S.R. Leste","juris":"Federal"},"geometry":{"type":"LineString","coordinates":[[-49.413989,-25.593181],[-49.414279,-25.593435],[-49.418669,-25.600647],[-49.419805,-25.603618],[-49.422452,-25.609059],[-49.422708,-25.60996],[-49.422886,-25.61151],[-49.423007,-25.611999],[-49.423221,-25.612444],[-49.423927,-25.613225],[-49.425982,-25.614926],[-49.427259,-25.615943],[-49.427793,-25.616228],[-49.429422,-25.616645],[-49.440362,-25.619054],[-49.443836,-25.620317],[-49.444394,-25.620555],[-49.445433,-25.62116],[-49.449235,-25.624115],[-49.452434,-25.625911],[-49.455897,-25.628814],[-49.45681,-25.629764],[-49.459171,-25.632762],[-49.459563,-25.633195],[-49.460418,-25.633884],[-49.461369,-25.6344],[-49.466268,-25.63628],[-49.46732,-25.636878],[-49.46808,-25.637495],[-49.469656,-25.639429],[-49.482503,-25.656335],[-49.482894,-25.656812],[-49.483806,-25.657637],[-49.484857,-25.658297],[-49.493823,-25.6634],[-49.494625,-25.664188],[-49.496062,-25.666382],[-49.496856,-25.667088],[-49.497356,-25.667382],[-49.498544,-25.667896],[-49.499285,-25.667994],[-49.505069,-25.668051],[-49.505673,-25.668116],[-49.506202,-25.668284],[-49.50665,-25.668539],[-49.507022,-25.668866],[-49.510877,-25.672668],[-49.511809,-25.673256],[-49.514658,-25.674572]]}},{"type":"Feature","properties":{"rod":"PR423","trecho":"423S0050EPR","km_ini":33.94,"km_fim":35.67,"sentido":"ambos","de":"ENTR. PR-510 (ITAQUI)","para":"ENTR. BR-277 (PISTA ESQ.) PR-510(PLAN.)","municipio":"Campo Largo","situacao":"PAV","pista":"Simples","resp":"DER SR1","reg":"S.R. Leste","juris":"Estadual"},"geometry":{"type":"LineString","coordinates":[[-49.572883,-25.476281],[-49.573274,-25.476324],[-49.573845,-25.475489],[-49.574268,-25.474546],[-49.574397,-25.47399],[-49.575983,-25.461206]]}},{"type":"Feature","properties":{"rod":"PR423","trecho":"423S0040EPR","km_ini":29.13,"km_fim":33.94,"sentido":"ambos","de":"AC. CAMPO LARGO","para":"ENTR. PR-510 (ITAQUI)","municipio":"Campo Largo","situacao":"PAV","pista":"Simples","resp":"DER SR1","reg":"S.R. Leste","juris":"Estadual"},"geometry":{"type":"LineString","coordinates":[[-49.544844,-25.509769],[-49.546068,-25.509091],[-49.546499,-25.50874],[-49.546893,-25.508286],[-49.547343,-25.507353],[-49.548019,-25.504652],[-49.548226,-25.504202],[-49.548904,-25.503415],[-49.549351,-25.503104],[-49.55095,-25.502473],[-49.551963,-25.5019],[-49.552788,-25.501078],[-49.554741,-25.498592],[-49.556615,-25.496674],[-49.560242,-25.493576],[-49.565583,-25.489179],[-49.566455,-25.488286],[-49.567108,-25.487411],[-49.56781,-25.486094],[-49.56959,-25.481072],[-49.57019,-25.479698],[-49.571006,-25.478442],[-49.571691,-25.477648],[-49.572761,-25.476605],[-49.572883,-25.476281]]}},{"type":"Feature","properties":{"rod":"PR423","trecho":"423S0030EPR","km_ini":9.4,"km_fim":29.13,"sentido":"ambos","de":"ENTR. BR-476 (ARAUCÁRIA)","para":"AC.  CAMPO LARGO","municipio":"Campo Largo","situacao":"PAV","pista":"Simples","resp":"DER SR1","reg":"S.R. Leste","juris":"Estadual"},"geometry":{"type":"LineString","coordinates":[[-49.385639,-25.571264],[-49.386771,-25.570704],[-49.387317,-25.57062],[-49.387894,-25.570643],[-49.389535,-25.570896],[-49.390445,-25.571172],[-49.393885,-25.572692],[-49.394461,-25.572818],[-49.395463,-25.572721],[-49.39707,-25.572213],[-49.397605,-25.571925],[-49.398032,-25.571592],[-49.40047,-25.569247],[-49.400913,-25.568938],[-49.404829,-25.567485],[-49.405392,-25.567193],[-49.405911,-25.566818],[-49.407769,-25.565281],[-49.409848,-25.563096],[-49.412104,-25.561121],[-49.414257,-25.559044],[-49.414844,-25.558633],[-49.416263,-25.557973],[-49.423564,-25.555723],[-49.424548,-25.555482],[-49.425544,-25.555406],[-49.430699,-25.555523],[-49.456941,-25.554879],[-49.469074,-25.554483],[-49.496962,-25.55108],[-49.498495,-25.550772],[-49.501565,-25.550007],[-49.502817,-25.549818],[-49.508176,-25.549639],[-49.508845,-25.549537],[-49.510143,-25.54914],[-49.51521,-25.547071],[-49.515733,-25.546765],[-49.516606,-25.546011],[-49.517289,-25.545066],[-49.521832,-25.537632],[-49.522715,-25.536622],[-49.523235,-25.536199],[-49.524429,-25.535523],[-49.525119,-25.535281],[-49.535594,-25.532343],[-49.536227,-25.532101],[-49.536804,-25.531781],[-49.537274,-25.531416],[-49.537642,-25.531004],[-49.538163,-25.53011],[-49.538422,-25.529179],[-49.540008,-25.521672],[-49.540186,-25.52033],[-49.540019,-25.519397],[-49.539573,-25.518509],[-49.538162,-25.517048],[-49.537883,-25.516662],[-49.537692,-25.51625],[-49.537561,-25.515615],[-49.537605,-25.514982],[-49.537808,-25.514388],[-49.538166,-25.513866],[-49.538658,-25.513429],[-49.544844,-25.509769]]}},{"type":"Feature","properties":{"rod":"PR418","trecho":"418E0010EPR","km_ini":0.0,"km_fim":1.33,"sentido":"esquerda","de":"ENTR. BR-277 (CAMPO COMPRIDO)","para":"FINAL DA PISTA DUPLA","municipio":"Curitiba","situacao":"DUP","pista":"Esquerda - sentido decrescente da rodovia","resp":"DER SR1","reg":"S.R. Leste","juris":"Estadual"},"geometry":{"type":"LineString","coordinates":[[-49.366,-25.432017],[-49.366464,-25.428659],[-49.367047,-25.426719],[-49.367196,-25.425645],[-49.367051,-25.424586],[-49.366165,-25.42228],[-49.365764,-25.420981],[-49.365392,-25.420439]]}},{"type":"Feature","properties":{"rod":"PR418","trecho":"418S0015EPR","km_ini":1.33,"km_fim":5.1,"sentido":"ambos","de":"FINAL DA PISTA DUPLA","para":"ENTR. PR-090 (CURITIBA)","municipio":"Curitiba","situacao":"PAV","pista":"Simples","resp":"DER SR1","reg":"S.R. Leste","juris":"Estadual"},"geometry":{"type":"LineString","coordinates":[[-49.365392,-25.420439],[-49.364018,-25.416978],[-49.363752,-25.415585],[-49.363913,-25.414126],[-49.364926,-25.410271],[-49.364962,-25.409612],[-49.364859,-25.408994],[-49.362057,-25.402349],[-49.361354,-25.399844],[-49.360644,-25.396187],[-49.360092,-25.394671],[-49.359664,-25.393834],[-49.359015,-25.392859],[-49.356125,-25.389508],[-49.355717,-25.388869]]}},{"type":"Feature","properties":{"rod":"PR510","trecho":"510S0070EPR","km_ini":71.71,"km_fim":81.99,"sentido":"ambos","de":"ENTR. BR-277 (B) (C. LARGO) (PISTA DIR.)","para":"ENTR. PR-090 (A) (BATEIAS)","municipio":"Campo Largo","situacao":"PAV","pista":"Simples","resp":"DER SR1","reg":"S.R. Leste","juris":"Estadual"},"geometry":{"type":"LineString","coordinates":[[-49.51925,-25.435097],[-49.519305,-25.433532],[-49.519242,-25.433062],[-49.518483,-25.430571],[-49.518017,-25.429481],[-49.517372,-25.428394],[-49.516967,-25.42794],[-49.516058,-25.427361],[-49.515403,-25.427213],[-49.511903,-25.426884],[-49.510216,-25.426475],[-49.509107,-25.426377],[-49.50753,-25.425963],[-49.507087,-25.425728],[-49.50508,-25.423977],[-49.503303,-25.422751],[-49.503131,-25.422228],[-49.503009,-25.419128],[-49.503077,-25.418616],[-49.503601,-25.416637],[-49.503571,-25.416176],[-49.503002,-25.415219],[-49.502501,-25.414836],[-49.501559,-25.4143],[-49.500248,-25.413213],[-49.499754,-25.412931],[-49.498055,-25.412303],[-49.497603,-25.412032],[-49.49731,-25.411609],[-49.496897,-25.410544],[-49.496364,-25.40837],[-49.496297,-25.407837],[-49.496285,-25.405538],[-49.496603,-25.403407],[-49.496516,-25.40297],[-49.495399,-25.401193],[-49.495025,-25.400163],[-49.494913,-25.399615],[-49.495666,-25.397043],[-49.498779,-25.393555],[-49.50107,-25.390293],[-49.501271,-25.389792],[-49.501343,-25.38923],[-49.501364,-25.385525],[-49.500963,-25.382648],[-49.50185,-25.380497],[-49.502792,-25.379001],[-49.502732,-25.377986],[-49.502792,-25.377448],[-49.503415,-25.375639],[-49.503738,-25.375076],[-49.505026,-25.373641],[-49.505284,-25.37321],[-49.505739,-25.37279],[-49.507437,-25.372181],[-49.509253,-25.371111],[-49.510886,-25.370795],[-49.511379,-25.370505],[-49.511997,-25.369582],[-49.512462,-25.368672],[-49.512616,-25.368204],[-49.51264,-25.367724],[-49.512527,-25.366735],[-49.512203,-25.365756],[-49.510831,-25.363485],[-49.509803,-25.3625]]}},{"type":"Feature","properties":{"rod":"PR510","trecho":"510S0090EPR","km_ini":82.92,"km_fim":85.88,"sentido":"ambos","de":"ENTR. PR-090(B)/509(PLAN.) (BATEIAS)","para":"OURO FINO","municipio":"Campo Largo","situacao":"PAV","pista":"Simples","resp":"DER SR1","reg":"S.R. Leste","juris":"Estadual"},"geometry":{"type":"LineString","coordinates":[[-49.507169,-25.354481],[-49.50704,-25.354151],[-49.50666,-25.353767],[-49.505755,-25.353146],[-49.50545,-25.352756],[-49.503931,-25.349519],[-49.503625,-25.348587],[-49.502207,-25.347818],[-49.50197,-25.347394],[-49.502325,-25.345969],[-49.502279,-25.345489],[-49.502116,-25.345029],[-49.502174,-25.344566],[-49.50199,-25.344115],[-49.501195,-25.343456],[-49.50066,-25.342663],[-49.499739,-25.342087],[-49.499432,-25.341721],[-49.498881,-25.340771],[-49.498008,-25.340234],[-49.494599,-25.338821],[-49.494136,-25.338484],[-49.492438,-25.336589],[-49.490866,-25.335107],[-49.490742,-25.334542]]}},{"type":"Feature","properties":{"rod":"PR364","trecho":"364O0025EPR","km_ini":30.46,"km_fim":33.45,"sentido":"ambos","de":"AC. S. MATEUS DO SUL","para":"SÃO MATEUS DO SUL","municipio":"","situacao":"EOP","pista":"Simples","resp":"DER SR1","reg":"Xisto","juris":"Estadual"},"geometry":{"type":"LineString","coordinates":[[-50.395019,-25.863906],[-50.395064,-25.863619],[-50.394956,-25.861203],[-50.395044,-25.860208],[-50.395444,-25.859089],[-50.395948,-25.858339],[-50.396668,-25.857615],[-50.397603,-25.856987],[-50.403006,-25.854553],[-50.403375,-25.854213],[-50.403612,-25.853764],[-50.40566,-25.843967],[-50.405785,-25.842482],[-50.405775,-25.841258]]}},{"type":"Feature","properties":{"rod":"PR412","trecho":"412S0030EPR","km_ini":23.6,"km_fim":27.47,"sentido":"ambos","de":"PORTO PASS. CAIOBÁ (FERRY BOAT)","para":"ENTR. RUA ALVORADA (INÍCIO DUPLICAÇÃO)","municipio":"Guaratuba","situacao":"PAV","pista":"Simples","resp":"DER SR1","reg":"S.R. Leste","juris":"Estadual"},"geometry":{"type":"LineString","coordinates":[[-48.569897,-25.854783],[-48.569026,-25.855415],[-48.567555,-25.856148],[-48.566557,-25.856452],[-48.565939,-25.856563],[-48.565341,-25.856519],[-48.564836,-25.856218],[-48.564434,-25.855762],[-48.561766,-25.852001],[-48.561394,-25.851544],[-48.560941,-25.851193],[-48.560372,-25.85091],[-48.559878,-25.850768],[-48.556581,-25.850084],[-48.555993,-25.850219],[-48.555508,-25.850635],[-48.554648,-25.851759],[-48.554155,-25.852077],[-48.552575,-25.851788],[-48.551518,-25.851304],[-48.551082,-25.851408],[-48.550456,-25.851743],[-48.549857,-25.851668],[-48.549431,-25.851307],[-48.548667,-25.850377],[-48.548179,-25.850005],[-48.547911,-25.849537],[-48.547559,-25.848648],[-48.547226,-25.84828],[-48.546858,-25.847948],[-48.544615,-25.84651],[-48.544219,-25.846155],[-48.543913,-25.845748],[-48.543491,-25.844762],[-48.542886,-25.841834]]}},{"type":"Feature","properties":{"rod":"PR412","trecho":"412S0045EPR","km_ini":31.5,"km_fim":45.54,"sentido":"ambos","de":"ACESSO PARA PR-508 (MATINHOS)","para":"ENTR. PR-407 (PRAIA DE LESTE)","municipio":"Pontal do Paraná","situacao":"PAV","pista":"Simples","resp":"DER SR1","reg":"S.R. Leste","juris":"Estadual"},"geometry":{"type":"LineString","coordinates":[[-48.532517,-25.810111],[-48.53242,-25.809618],[-48.531412,-25.806956],[-48.529135,-25.801207],[-48.526072,-25.795652],[-48.524012,-25.79159],[-48.521644,-25.786197],[-48.514038,-25.77034],[-48.508042,-25.758375],[-48.506049,-25.75487],[-48.505393,-25.75409],[-48.503084,-25.75187],[-48.502321,-25.750797],[-48.498325,-25.743839],[-48.494298,-25.736411],[-48.492427,-25.733296],[-48.489988,-25.729544],[-48.487088,-25.724745],[-48.482379,-25.715506],[-48.47348,-25.700372],[-48.473323,-25.699874],[-48.473419,-25.699361],[-48.473736,-25.698929],[-48.475443,-25.69775],[-48.475797,-25.697423],[-48.475833,-25.697269]]}},{"type":"Feature","properties":{"rod":"BR277","trecho":"277APR1005","km_ini":0.0,"km_fim":2.9,"sentido":"ambos","de":"ENTR. BR-277 (RIO EMBOGUAÇU)","para":"PORTO PARANAGUÁ","municipio":"Paranaguá","situacao":"PAV","pista":"Simples","resp":"DER SR1","reg":"S.R. Leste","juris":"Federal"},"geometry":{"type":"LineString","coordinates":[[-48.544436,-25.520411],[-48.522496,-25.503574],[-48.522394,-25.503342]]}},{"type":"Feature","properties":{"rod":"PR804","trecho":"804S0010EPR","km_ini":0.0,"km_fim":2.71,"sentido":"ambos","de":"ENTR. BR-277","para":"ENTR. PR-408 (PASSA SETE - MORRETES)","municipio":"Morretes","situacao":"PAV","pista":"Simples","resp":"DER SR1","reg":"S.R. Leste","juris":"Estadual"},"geometry":{"type":"LineString","coordinates":[[-48.790481,-25.547269],[-48.790718,-25.546827],[-48.793976,-25.542174],[-48.794222,-25.541696],[-48.794277,-25.541165],[-48.794241,-25.539262],[-48.794124,-25.538344],[-48.79379,-25.536994],[-48.793736,-25.535917],[-48.794581,-25.529289],[-48.795913,-25.525663],[-48.795919,-25.524061]]}},{"type":"Feature","properties":{"rod":"PR412","trecho":"412S0050EPR","km_ini":45.54,"km_fim":63.46,"sentido":"ambos","de":"ENTR. PR-407 (PRAIA DE LESTE)","para":"PONTAL DO SUL","municipio":"Pontal do Paraná","situacao":"PAV","pista":"Simples","resp":"DER SR1","reg":"S.R. Leste","juris":"Estadual"},"geometry":{"type":"LineString","coordinates":[[-48.475833,-25.697269],[-48.475737,-25.696876],[-48.473758,-25.693358],[-48.472115,-25.690104],[-48.47156,-25.689172],[-48.467141,-25.682522],[-48.461201,-25.674379],[-48.458367,-25.670038],[-48.455288,-25.6649],[-48.452978,-25.66151],[-48.448908,-25.655138],[-48.446548,-25.651594],[-48.442746,-25.6463],[-48.441002,-25.643493],[-48.439011,-25.640843],[-48.43658,-25.638172],[-48.435428,-25.636259],[-48.432139,-25.632152],[-48.429576,-25.629542],[-48.422837,-25.621913],[-48.419912,-25.619273],[-48.409118,-25.609867],[-48.39502,-25.599426],[-48.393887,-25.598327],[-48.390465,-25.594391],[-48.390003,-25.59395],[-48.388945,-25.59315],[-48.382262,-25.588903],[-48.380172,-25.587892],[-48.379145,-25.587499],[-48.3755,-25.58652],[-48.371377,-25.584815],[-48.370175,-25.584606],[-48.368482,-25.58458],[-48.367994,-25.584479],[-48.366952,-25.58402],[-48.362273,-25.581659],[-48.361349,-25.581284],[-48.359825,-25.580469]]}},{"type":"Feature","properties":{"rod":"PR802","trecho":"802S0010EPR","km_ini":0.0,"km_fim":2.2,"sentido":"ambos","de":"ENTR. BR-116","para":"PARQUE NEWTON FREIRE MAIA","municipio":"Colombo","situacao":"PAV","pista":"Simples","resp":"DER SR1","reg":"S.R. Leste","juris":"Estadual"},"geometry":{"type":"LineString","coordinates":[[-49.128808,-25.371236],[-49.128717,-25.372535],[-49.128898,-25.373537],[-49.128916,-25.374093],[-49.127988,-25.377023],[-49.128042,-25.377547],[-49.128248,-25.37802],[-49.129066,-25.379262],[-49.129187,-25.379737],[-49.129162,-25.380191],[-49.128871,-25.381582],[-49.1286,-25.381856],[-49.124161,-25.380775],[-49.123235,-25.380261],[-49.120222,-25.378081]]}},{"type":"Feature","properties":{"rod":"PR506","trecho":"506S0030EPR","km_ini":21.78,"km_fim":29.88,"sentido":"ambos","de":"ENTR. BR-116 (QUATRO BARRAS) (B)","para":"CAMPINA GRANDE DO SUL (IN. P. DUPLA)","municipio":"Campina Grande do Sul","situacao":"PAV","pista":"Simples","resp":"DER SR1","reg":"S.R. Leste","juris":"Estadual"},"geometry":{"type":"LineString","coordinates":[[-49.081708,-25.362558],[-49.082984,-25.360349],[-49.083113,-25.3599],[-49.083477,-25.356354],[-49.083451,-25.355826],[-49.083026,-25.354474],[-49.082984,-25.353393],[-49.082728,-25.352509],[-49.082704,-25.351976],[-49.083383,-25.350039],[-49.083502,-25.34947],[-49.084107,-25.345749],[-49.084162,-25.343858],[-49.083941,-25.343378],[-49.082553,-25.341704],[-49.081316,-25.340612],[-49.080986,-25.340164],[-49.080266,-25.338552],[-49.07964,-25.335467],[-49.078748,-25.332859],[-49.078608,-25.33226],[-49.07807,-25.327966],[-49.078523,-25.324575],[-49.07837,-25.323973],[-49.07782,-25.322784],[-49.076769,-25.321194],[-49.075599,-25.318505],[-49.074564,-25.316423],[-49.073553,-25.31487],[-49.073151,-25.3144],[-49.072682,-25.314019],[-49.072126,-25.313823],[-49.070426,-25.313725],[-49.069929,-25.313541],[-49.069487,-25.313274],[-49.069053,-25.312982],[-49.068672,-25.312609],[-49.067261,-25.310776],[-49.065769,-25.30966],[-49.065221,-25.309352],[-49.064605,-25.309239],[-49.063982,-25.309362],[-49.062372,-25.310185],[-49.061806,-25.310224],[-49.061383,-25.310084],[-49.060973,-25.309663],[-49.059841,-25.307804],[-49.059174,-25.30698],[-49.058132,-25.306484],[-49.054178,-25.304975]]}},{"type":"Feature","properties":{"rod":"BR476","trecho":"476BPR0125(b)","km_ini":276.0,"km_fim":276.2,"sentido":"ambos","de":"RIO IGUAÇU (S. MATEUS DO SUL)","para":"INÍCIO PAV. CONCRETO","municipio":"São Mateus do Sul","situacao":"PAV","pista":"Simples","resp":"DNIT","reg":"Xisto","juris":"Federal"},"geometry":{"type":"LineString","coordinates":[[-50.384186,-25.876572],[-50.38415,-25.87534],[-50.384222,-25.874786]]}},{"type":"Feature","properties":{"rod":"BR476","trecho":"476BPR0125(c)","km_ini":276.2,"km_fim":276.9,"sentido":"ambos","de":"INÍCIO PAV. CONCRETO (S. MATEUS DO SUL)","para":"FINAL PAV. CONCRETO","municipio":"São Mateus do Sul","situacao":"PAV","pista":"Simples","resp":"DNIT","reg":"Xisto","juris":"Federal"},"geometry":{"type":"LineString","coordinates":[[-50.384222,-25.874786],[-50.384733,-25.874859],[-50.386803,-25.87563],[-50.387382,-25.875761],[-50.388442,-25.875579],[-50.389987,-25.875575],[-50.390544,-25.875331]]}},{"type":"Feature","properties":{"rod":"BR476","trecho":"476BPR0125(d)","km_ini":276.9,"km_fim":277.9,"sentido":"ambos","de":"FINAL PAV. CONCRETO","para":"ENTR. PR-151 (S. MATEUS DO SUL)","municipio":"São Mateus do Sul","situacao":"PAV","pista":"Simples","resp":"DNIT","reg":"Xisto","juris":"Federal"},"geometry":{"type":"LineString","coordinates":[[-50.390544,-25.875331],[-50.394346,-25.871902],[-50.395083,-25.871106],[-50.395223,-25.870619],[-50.39514,-25.86912],[-50.395444,-25.868503]]}},{"type":"Feature","properties":{"rod":"PR151","trecho":"151S0400EPR","km_ini":452.84,"km_fim":453.35,"sentido":"ambos","de":"ENTR. PR-364 (S. MATEUS DO SUL) (B)","para":"ENTR. BR-476 (A)","municipio":"São Mateus do Sul","situacao":"PAV","pista":"Simples","resp":"DER SR1","reg":"Xisto","juris":"Estadual"},"geometry":{"type":"LineString","coordinates":[[-50.395019,-25.863906],[-50.39498,-25.864473],[-50.395056,-25.864938],[-50.395109,-25.867956],[-50.395444,-25.868503]]}},{"type":"Feature","properties":{"rod":"PR151","trecho":"151S0390EPR","km_ini":423.7,"km_fim":451.17,"sentido":"ambos","de":"AC. SÃO JOÃO DO TRIUNFO","para":"SÃO MATEUS DO SUL (A)","municipio":"São Mateus do Sul","situacao":"PAV","pista":"Simples","resp":"DER SR1","reg":"Xisto","juris":"Estadual"},"geometry":{"type":"LineString","coordinates":[[-50.299292,-25.679481],[-50.299855,-25.679734],[-50.301061,-25.680109],[-50.303805,-25.681947],[-50.304284,-25.682194],[-50.304813,-25.682333],[-50.305372,-25.682351],[-50.309124,-25.681958],[-50.310395,-25.681923],[-50.316516,-25.682531],[-50.317671,-25.682856],[-50.319982,-25.683739],[-50.32964,-25.686152],[-50.330553,-25.686621],[-50.330917,-25.686975],[-50.33121,-25.687382],[-50.333039,-25.690721],[-50.333366,-25.691128],[-50.333773,-25.691479],[-50.340656,-25.69512],[-50.341536,-25.695668],[-50.341933,-25.696178],[-50.342088,-25.6968],[-50.342012,-25.697465],[-50.34014,-25.705102],[-50.339985,-25.706267],[-50.339972,-25.708413],[-50.340191,-25.709494],[-50.340572,-25.710437],[-50.34083,-25.710828],[-50.341183,-25.71116],[-50.342999,-25.712389],[-50.343826,-25.713097],[-50.34438,-25.714038],[-50.345913,-25.717382],[-50.347029,-25.719059],[-50.348464,-25.720564],[-50.352661,-25.724084],[-50.353506,-25.725086],[-50.354912,-25.727309],[-50.355315,-25.727796],[-50.355773,-25.728201],[-50.35628,-25.728525],[-50.357999,-25.729298],[-50.359058,-25.729899],[-50.362044,-25.732053],[-50.362413,-25.732379],[-50.362737,-25.732943],[-50.362806,-25.73359],[-50.362769,-25.73684],[-50.36311,-25.740083],[-50.363096,-25.740573],[-50.362959,-25.741015],[-50.3627,-25.741397],[-50.352521,-25.750977],[-50.340027,-25.762413],[-50.339572,-25.762913],[-50.339355,-25.763516],[-50.339415,-25.776235],[-50.339464,-25.776806],[-50.33963,-25.777334],[-50.340084,-25.778293],[-50.340134,-25.778691],[-50.339537,-25.781459],[-50.339613,-25.788267],[-50.33939,-25.78939],[-50.3387,-25.791685],[-50.337654,-25.797508],[-50.337656,-25.798616],[-50.338265,-25.802515],[-50.338254,-25.803443],[-50.337978,-25.804039],[-50.336638,-25.80615],[-50.336484,-25.806587],[-50.336467,-25.807042],[-50.336709,-25.807997],[-50.337242,-25.809519],[-50.33753,-25.809969],[-50.339204,-25.811621],[-50.339894,-25.812496],[-50.340086,-25.812983],[-50.340174,-25.813485],[-50.340013,-25.816065],[-50.340063,-25.816537],[-50.340394,-25.817421],[-50.34142,-25.819637],[-50.34168,-25.820017],[-50.342174,-25.820487],[-50.343231,-25.821145],[-50.347443,-25.823376],[-50.348027,-25.823601],[-50.34982,-25.823956],[-50.350946,-25.824292],[-50.358416,-25.828083],[-50.369664,-25.834204],[-50.380917,-25.840202],[-50.381326,-25.84046],[-50.381769,-25.840901],[-50.381957,-25.84135],[-50.382087,-25.84426],[-50.382628,-25.847382],[-50.382691,-25.848543],[-50.382597,-25.850593],[-50.382821,-25.851178],[-50.383596,-25.85221],[-50.38383,-25.852647],[-50.383966,-25.853115],[-50.384015,-25.858307],[-50.384122,-25.858678]]}},{"type":"Feature","properties":{"rod":"BR476","trecho":"476BPR0148","km_ini":342.4,"km_fim":344.1,"sentido":"ambos","de":"ENTR PR-160 (P/PAULO FRONTIN) (NPV)","para":"ENTR. PR-831 (P/ PAULA FREITAS)","municipio":"Paula Freitas","situacao":"PAV","pista":"Simples","resp":"DNIT","reg":"Médio Iguaçu","juris":"Federal"},"geometry":{"type":"LineString","coordinates":[[-50.912681,-26.172106],[-50.913473,-26.172747],[-50.922203,-26.181159],[-50.923065,-26.181861],[-50.923606,-26.182087],[-50.924153,-26.182172],[-50.924641,-26.182153],[-50.92515,-26.18205],[-50.925986,-26.181644]]}},{"type":"Feature","properties":{"rod":"BR476","trecho":"476BPR0140","km_ini":306.1,"km_fim":325.4,"sentido":"ambos","de":"ENTR. PR-281(B) (P/RIO CLARO DO SUL)","para":"ENTR. BR-153 (A)","municipio":"Paulo Frontin","situacao":"PAV","pista":"Simples","resp":"DNIT","reg":"Xisto","juris":"Federal"},"geometry":{"type":"LineString","coordinates":[[-50.615511,-26.012419],[-50.616748,-26.012997],[-50.617376,-26.013186],[-50.627966,-26.015517],[-50.629082,-26.015555],[-50.633512,-26.015147],[-50.634552,-26.015258],[-50.64136,-26.016349],[-50.642676,-26.016908],[-50.647879,-26.019886],[-50.648841,-26.020321],[-50.64961,-26.020447],[-50.653889,-26.020546],[-50.654886,-26.02068],[-50.66328,-26.022588],[-50.672515,-26.024803],[-50.673113,-26.025096],[-50.675477,-26.026946],[-50.676019,-26.02719],[-50.677884,-26.027441],[-50.678466,-26.027646],[-50.682265,-26.030817],[-50.6828,-26.031093],[-50.684985,-26.03195],[-50.686956,-26.033043],[-50.687539,-26.033202],[-50.689393,-26.03349],[-50.692525,-26.034548],[-50.693177,-26.034624],[-50.693844,-26.034567],[-50.697107,-26.033979],[-50.697761,-26.03394],[-50.69835,-26.034088],[-50.699453,-26.034548],[-50.699933,-26.034905],[-50.700262,-26.035377],[-50.702646,-26.040058],[-50.703729,-26.042324],[-50.705576,-26.046856],[-50.705885,-26.047353],[-50.706266,-26.047776],[-50.70674,-26.048126],[-50.709161,-26.049103],[-50.709646,-26.049465],[-50.710005,-26.049941],[-50.711508,-26.052697],[-50.711903,-26.053238],[-50.712858,-26.054273],[-50.722597,-26.061985],[-50.724895,-26.063502],[-50.738156,-26.071712],[-50.74821,-26.077088],[-50.774647,-26.093089]]}},{"type":"Feature","properties":{"rod":"BR476","trecho":"476BPR0130","km_ini":277.9,"km_fim":306.1,"sentido":"ambos","de":"ENTR. PR-151 (S. MATEUS DO SUL)","para":"ENTR. PR-281(B) (P/RIO CLARO SUL)","municipio":"São Mateus do Sul","situacao":"PAV","pista":"Simples","resp":"DNIT","reg":"Xisto","juris":"Federal"},"geometry":{"type":"LineString","coordinates":[[-50.395444,-25.868503],[-50.395932,-25.8685],[-50.423546,-25.87549],[-50.424851,-25.876007],[-50.426051,-25.876736],[-50.426592,-25.877175],[-50.427536,-25.87817],[-50.42829,-25.879316],[-50.448849,-25.915692],[-50.449399,-25.91649],[-50.450042,-25.917244],[-50.450776,-25.917932],[-50.451581,-25.918546],[-50.495117,-25.94419],[-50.510609,-25.953194],[-50.535145,-25.967603],[-50.535572,-25.967785],[-50.535769,-25.967975],[-50.588604,-25.998715],[-50.596729,-26.003528],[-50.603759,-26.007279],[-50.605132,-26.007772],[-50.611383,-26.009678],[-50.612373,-26.010061],[-50.613707,-26.010911],[-50.615511,-26.012419]]}},{"type":"Feature","properties":{"rod":"PRC280","trecho":"280S0010PRC","km_ini":0.0,"km_fim":6.6,"sentido":"ambos","de":"DIVISA PR/SC (UNIÃO DA VITÓRIA/PORTO UNIÃO)","para":"ENTR. BR-153 (A) PR-446","municipio":"Porto Vitória","situacao":"PAV","pista":"Simples","resp":"DER SR1","reg":"Médio Iguaçu","juris":"Estadual"},"geometry":{"type":"LineString","coordinates":[[-51.0944,-26.253828],[-51.094593,-26.253862],[-51.095955,-26.253725],[-51.097402,-26.253079],[-51.10078,-26.251351],[-51.101237,-26.251297],[-51.10295,-26.251769],[-51.103596,-26.2519],[-51.104113,-26.25189],[-51.104611,-26.251776],[-51.106006,-26.251125],[-51.109553,-26.250199],[-51.110205,-26.250235],[-51.114552,-26.251279],[-51.11636,-26.251429],[-51.116977,-26.251414],[-51.11758,-26.251247],[-51.118099,-26.250951],[-51.120085,-26.249046],[-51.12045,-26.248652],[-51.120959,-26.24777],[-51.123928,-26.240604],[-51.127344,-26.230764],[-51.12744,-26.230169],[-51.12705,-26.22763],[-51.127102,-26.226332],[-51.12701,-26.222664],[-51.127147,-26.222091],[-51.127614,-26.220967],[-51.129009,-26.218626],[-51.129455,-26.218202],[-51.129919,-26.217934],[-51.131042,-26.217469]]}},{"type":"Feature","properties":{"rod":"PR835","trecho":"835S0020EPR","km_ini":0.68,"km_fim":1.34,"sentido":"ambos","de":"PONTE DOMÍCIO SCARAMELA (UNIÃO DA VITÓRIA)","para":"UNIÃO DA VITÓRIA","municipio":"União da Vitória","situacao":"PAV","pista":"Simples","resp":"DER SR1","reg":"Médio Iguaçu","juris":"Estadual"},"geometry":{"type":"LineString","coordinates":[[-51.080131,-26.218061],[-51.084348,-26.22134],[-51.084794,-26.221892]]}},{"type":"Feature","properties":{"rod":"BR153","trecho":"153BPR1470","km_ini":450.5,"km_fim":456.5,"sentido":"ambos","de":"ENTR. BR-476 (B) (P / UNIÃO DA VITÓRIA)","para":"ENTR. BR-466(PLAN.) PR-447","municipio":"União da Vitória","situacao":"PAV","pista":"Simples","resp":"DNIT","reg":"Médio Iguaçu","juris":"Federal"},"geometry":{"type":"LineString","coordinates":[[-51.060294,-26.2011],[-51.061576,-26.200708],[-51.066684,-26.198386],[-51.06783,-26.19802],[-51.068849,-26.197961],[-51.0739,-26.198141],[-51.075017,-26.198009],[-51.076072,-26.197695],[-51.078578,-26.196653],[-51.080625,-26.19629],[-51.082624,-26.195529],[-51.083157,-26.195448],[-51.08418,-26.195578],[-51.087976,-26.196484],[-51.089082,-26.196938],[-51.091928,-26.198577],[-51.092403,-26.198786],[-51.093423,-26.19901],[-51.094524,-26.199001],[-51.095646,-26.198713],[-51.096199,-26.198455],[-51.098739,-26.196856],[-51.099329,-26.196649],[-51.099937,-26.196583],[-51.100549,-26.196673],[-51.102851,-26.197549],[-51.103448,-26.197634],[-51.107693,-26.197505],[-51.108895,-26.197679],[-51.110067,-26.198072],[-51.111656,-26.198804],[-51.112198,-26.199108],[-51.112643,-26.199544],[-51.112928,-26.20006],[-51.113039,-26.200619],[-51.112904,-26.20224],[-51.113086,-26.202567]]}},{"type":"Feature","properties":{"rod":"PR838","trecho":"838S0020EPR","km_ini":3.05,"km_fim":3.38,"sentido":"ambos","de":"ENTR. RODOVIA MUNICIPAL II","para":"TERMINAL DE CALCÁREO","municipio":"União da Vitória","situacao":"PAV","pista":"Simples","resp":"DER SR1","reg":"Médio Iguaçu","juris":"Estadual"},"geometry":{"type":"LineString","coordinates":[[-51.033153,-26.226592],[-51.032775,-26.226599],[-51.031103,-26.226314],[-51.030481,-26.22642],[-51.030006,-26.226617]]}},{"type":"Feature","properties":{"rod":"PR838","trecho":"838S0015EPR","km_ini":0.23,"km_fim":3.05,"sentido":"ambos","de":"ENTR. RODOVIA MUNICIPAL I","para":"ENTR. RODOVIA MUNICIPAL II","municipio":"União da Vitória","situacao":"PAV","pista":"Simples","resp":"DER SR1","reg":"Médio Iguaçu","juris":"Estadual"},"geometry":{"type":"LineString","coordinates":[[-51.058156,-26.226914],[-51.055924,-26.227159],[-51.055324,-26.227128],[-51.052071,-26.226597],[-51.046138,-26.228541],[-51.045516,-26.228633],[-51.044888,-26.22855],[-51.043662,-26.228113],[-51.043129,-26.227762],[-51.041968,-26.226476],[-51.040953,-26.225138],[-51.040622,-26.224848],[-51.040166,-26.224604],[-51.039114,-26.224249],[-51.038063,-26.224106],[-51.03757,-26.224181],[-51.037118,-26.224383],[-51.033841,-26.226357],[-51.033153,-26.226592]]}},{"type":"Feature","properties":{"rod":"PR838","trecho":"838S0010EPR","km_ini":0.0,"km_fim":0.23,"sentido":"ambos","de":"UNIÃO DA VITÓRIA","para":"ENTR. RODOVIA MUNICIPAL I","municipio":"União da Vitória","situacao":"PAV","pista":"Simples","resp":"DER SR1","reg":"Médio Iguaçu","juris":"Estadual"},"geometry":{"type":"LineString","coordinates":[[-51.060372,-26.2267],[-51.058156,-26.226914]]}},{"type":"Feature","properties":{"rod":"BR153","trecho":"153BPR1475","km_ini":456.5,"km_fim":457.3,"sentido":"ambos","de":"ENTR. BR-466(PLAN.) PR-447 (P/ C. MACHADO)","para":"ENTR. PRC-466 (P/ U. DA VITÓRIA)","municipio":"União da Vitória","situacao":"PAV","pista":"Simples","resp":"DNIT","reg":"Médio Iguaçu","juris":"Federal"},"geometry":{"type":"LineString","coordinates":[[-51.113086,-26.202567],[-51.112978,-26.202636],[-51.112795,-26.205793],[-51.112981,-26.206739],[-51.113484,-26.207522],[-51.113945,-26.207933],[-51.115518,-26.208661],[-51.115861,-26.20905]]}},{"type":"Feature","properties":{"rod":"BR153","trecho":"153BPR1480","km_ini":457.3,"km_fim":459.1,"sentido":"ambos","de":"ENTR. PRC-466 (P/ U. DA VITÓRIA)","para":"ENTR. PRC-280(A) PR-446 (P/ PORTO VITÓRIA)","municipio":"União da Vitória","situacao":"PAV","pista":"Simples","resp":"DNIT","reg":"Médio Iguaçu","juris":"Federal"},"geometry":{"type":"LineString","coordinates":[[-51.115861,-26.20905],[-51.115973,-26.208836],[-51.126428,-26.212917],[-51.128548,-26.213842],[-51.12891,-26.214147],[-51.129288,-26.214638],[-51.131042,-26.217469]]}},{"type":"Feature","properties":{"rod":"BR153","trecho":"153BPR1490","km_ini":459.1,"km_fim":485.3,"sentido":"ambos","de":"ENTR. PRC-280(A) PR-446 (P/ PORTO VITÓRIA)","para":"ENTR. PR-170 (P/ BITURUNA)","municipio":"União da Vitória","situacao":"PAV","pista":"Simples","resp":"DNIT","reg":"Médio Iguaçu","juris":"Federal"},"geometry":{"type":"LineString","coordinates":[[-51.131042,-26.217469],[-51.131061,-26.217661],[-51.132827,-26.220696],[-51.136023,-26.225997],[-51.136864,-26.226833],[-51.137362,-26.227203],[-51.13965,-26.228355],[-51.140119,-26.22873],[-51.140463,-26.229215],[-51.14102,-26.230291],[-51.141457,-26.230745],[-51.142013,-26.231079],[-51.144897,-26.232425],[-51.14621,-26.233466],[-51.146796,-26.233662],[-51.148478,-26.233654],[-51.149006,-26.233759],[-51.150629,-26.234295],[-51.15113,-26.234528],[-51.151554,-26.234858],[-51.152279,-26.235658],[-51.15272,-26.235999],[-51.153236,-26.236242],[-51.154386,-26.236484],[-51.154934,-26.236677],[-51.155413,-26.236979],[-51.157411,-26.23915],[-51.1578,-26.239612],[-51.158347,-26.24066],[-51.159293,-26.243605],[-51.160674,-26.245803],[-51.160902,-26.246412],[-51.161612,-26.249282],[-51.162596,-26.251655],[-51.163032,-26.254059],[-51.163375,-26.254625],[-51.16388,-26.255072],[-51.166484,-26.256311],[-51.167087,-26.256671],[-51.167564,-26.257163],[-51.170063,-26.262279],[-51.173848,-26.268335],[-51.175887,-26.27096],[-51.181474,-26.277825],[-51.182406,-26.278638],[-51.189078,-26.282744],[-51.192085,-26.284093],[-51.193706,-26.284722],[-51.194226,-26.284825],[-51.194748,-26.284806],[-51.19577,-26.284609],[-51.196444,-26.284586],[-51.197015,-26.284828],[-51.197415,-26.2853],[-51.198048,-26.286459],[-51.198815,-26.287298],[-51.199041,-26.287879],[-51.199087,-26.288489],[-51.199234,-26.289079],[-51.199471,-26.289441],[-51.200092,-26.289897],[-51.200903,-26.290301],[-51.201293,-26.29076],[-51.202587,-26.293555],[-51.202978,-26.293983],[-51.203482,-26.294323],[-51.206116,-26.295644],[-51.206592,-26.295947],[-51.207323,-26.296743],[-51.20813,-26.2981],[-51.208196,-26.298592],[-51.208039,-26.299599],[-51.208147,-26.300162],[-51.208399,-26.300626],[-51.211042,-26.304275],[-51.213421,-26.306494],[-51.21454,-26.307707],[-51.217726,-26.311799],[-51.218595,-26.313102],[-51.223318,-26.320914],[-51.223911,-26.321755],[-51.226097,-26.323574],[-51.226721,-26.323814],[-51.227415,-26.323845],[-51.229168,-26.323566],[-51.229858,-26.323572],[-51.230492,-26.323743],[-51.232056,-26.32481],[-51.233263,-26.325436],[-51.233946,-26.325654],[-51.235177,-26.325857],[-51.237951,-26.325885],[-51.239391,-26.326164],[-51.240529,-26.326614],[-51.244198,-26.328616],[-51.244662,-26.328777],[-51.24612,-26.328982],[-51.246806,-26.329181],[-51.247401,-26.329571],[-51.247769,-26.329915],[-51.253287,-26.335567],[-51.254085,-26.336645],[-51.254545,-26.337679],[-51.256087,-26.343403],[-51.25617,-26.344037],[-51.256052,-26.344648],[-51.255734,-26.345201],[-51.255226,-26.345662],[-51.252158,-26.347188],[-51.251331,-26.347751],[-51.251036,-26.348125],[-51.25085,-26.348548],[-51.250765,-26.349217],[-51.250921,-26.349867],[-51.251267,-26.350462],[-51.255053,-26.356126],[-51.255716,-26.356869],[-51.257771,-26.35854],[-51.258488,-26.359451],[-51.25936,-26.361332],[-51.259742,-26.362397],[-51.259843,-26.363047],[-51.259834,-26.363704],[-51.259578,-26.364788],[-51.25902,-26.365804],[-51.257095,-26.368544],[-51.256803,-26.369157],[-51.256613,-26.369796],[-51.256537,-26.370448],[-51.256565,-26.371098],[-51.257251,-26.374754],[-51.257789,-26.375769],[-51.258242,-26.376283],[-51.258776,-26.376713],[-51.259915,-26.377257],[-51.262707,-26.37799],[-51.263213,-26.378155],[-51.263695,-26.378425],[-51.264105,-26.378812],[-51.264424,-26.379286],[-51.266172,-26.382363],[-51.266952,-26.383337],[-51.267419,-26.383786],[-51.268449,-26.384559],[-51.269571,-26.385175],[-51.271304,-26.385933],[-51.272033,-26.386103]]}},{"type":"Feature","properties":{"rod":"PR836","trecho":"836S0010EPR","km_ini":0.0,"km_fim":1.68,"sentido":"ambos","de":"ENTR. PR-835","para":"UNIÃO DA VITÓRIA (P/ AEROPORTO) (A)","municipio":"União da Vitória","situacao":"PAV","pista":"Simples","resp":"DER SR1","reg":"Médio Iguaçu","juris":"Estadual"},"geometry":{"type":"LineString","coordinates":[[-51.078394,-26.216794],[-51.07951,-26.216025],[-51.07995,-26.215907],[-51.081355,-26.217695],[-51.081211,-26.218089],[-51.080225,-26.218827],[-51.079465,-26.2196],[-51.078908,-26.220426],[-51.078406,-26.221442],[-51.07798,-26.222906],[-51.077447,-26.224256],[-51.077228,-26.2247],[-51.076588,-26.225537],[-51.076489,-26.226915],[-51.075778,-26.227233]]}},{"type":"Feature","properties":{"rod":"PR412","trecho":"412S0010EPR","km_ini":0.0,"km_fim":8.28,"sentido":"ambos","de":"DIVISA PR/SC (P/ GARUVA)","para":"ENTR. PR-808 (P/ ITAPOÁ)","municipio":"Guaratuba","situacao":"PAV","pista":"Simples","resp":"DER SR1","reg":"S.R. Leste","juris":"Estadual"},"geometry":{"type":"LineString","coordinates":[[-48.709878,-25.982719],[-48.708276,-25.981383],[-48.707275,-25.980721],[-48.694875,-25.975857],[-48.68881,-25.972849],[-48.687493,-25.972278],[-48.686031,-25.971977],[-48.683689,-25.971984],[-48.682638,-25.971868],[-48.673167,-25.969505],[-48.67205,-25.969094],[-48.671179,-25.968623],[-48.670403,-25.967933],[-48.664609,-25.9614],[-48.663525,-25.96072],[-48.655182,-25.95653],[-48.654207,-25.956207],[-48.652109,-25.955987],[-48.651075,-25.955717],[-48.646687,-25.953448],[-48.64617,-25.953212],[-48.64504,-25.952873],[-48.643858,-25.95269],[-48.637039,-25.951997]]}},{"type":"Feature","properties":{"rod":"PR808","trecho":"808S0010EPR","km_ini":0.0,"km_fim":1.89,"sentido":"ambos","de":"ENTR. PR-412","para":"DIVISA PR/SC (P/ ITAPOÁ)","municipio":"Guaratuba","situacao":"PAV","pista":"Simples","resp":"DER SR1","reg":"S.R. Leste","juris":"Estadual"},"geometry":{"type":"LineString","coordinates":[[-48.637039,-25.951997],[-48.636921,-25.964409],[-48.637154,-25.965334],[-48.638486,-25.968744]]}},{"type":"Feature","properties":{"rod":"PR281","trecho":"281S0010EPR","km_ini":0.0,"km_fim":13.61,"sentido":"ambos","de":"ENTR. BR-376","para":"TIJUCAS DO SUL (A)","municipio":"","situacao":"PAV","pista":"Simples","resp":"DER SR1","reg":"S.R. Leste","juris":"Estadual"},"geometry":{"type":"LineString","coordinates":[[-49.124803,-25.823925],[-49.125424,-25.824668],[-49.125885,-25.825735],[-49.126278,-25.827223],[-49.126465,-25.827652],[-49.127114,-25.828555],[-49.132241,-25.833869],[-49.141249,-25.842556],[-49.144297,-25.845124],[-49.144602,-25.845649],[-49.144875,-25.846927],[-49.145504,-25.848777],[-49.145838,-25.850214],[-49.14584,-25.850831],[-49.145421,-25.852061],[-49.145329,-25.852702],[-49.145459,-25.853341],[-49.145799,-25.853944],[-49.146662,-25.855096],[-49.14695,-25.855631],[-49.14702,-25.856219],[-49.146326,-25.863935],[-49.146333,-25.864493],[-49.146445,-25.864931],[-49.146679,-25.865377],[-49.148923,-25.867891],[-49.14914,-25.868295],[-49.14916,-25.868835],[-49.148919,-25.869396],[-49.147025,-25.872548],[-49.14676,-25.873137],[-49.146651,-25.873773],[-49.146877,-25.875857],[-49.146919,-25.877738],[-49.147142,-25.87863],[-49.147758,-25.879936],[-49.147898,-25.880552],[-49.147873,-25.882153],[-49.147995,-25.882755],[-49.148388,-25.88323],[-49.150119,-25.884627],[-49.152365,-25.885994],[-49.152714,-25.886294],[-49.153064,-25.88684],[-49.153639,-25.88937],[-49.154029,-25.889851],[-49.156014,-25.89118],[-49.156405,-25.891683],[-49.156571,-25.892301],[-49.156425,-25.894993],[-49.156875,-25.897619],[-49.158605,-25.903542],[-49.159608,-25.908237],[-49.160909,-25.912292],[-49.162243,-25.914115],[-49.162608,-25.91446],[-49.16404,-25.915337],[-49.164547,-25.915507],[-49.166305,-25.915261],[-49.166834,-25.915455],[-49.168744,-25.916794],[-49.170079,-25.917895],[-49.170529,-25.918153],[-49.172109,-25.918644],[-49.172664,-25.918903],[-49.173658,-25.919655],[-49.174123,-25.919802],[-49.175356,-25.919886],[-49.175903,-25.920023],[-49.177421,-25.920707],[-49.17787,-25.921053],[-49.178151,-25.921516],[-49.178494,-25.924097]]}},{"type":"Feature","properties":{"rod":"PR281","trecho":"281S0020EPR","km_ini":14.2,"km_fim":18.08,"sentido":"ambos","de":"TIJUCAS DO SUL (B)","para":"LAGOINHA","municipio":"","situacao":"PAV","pista":"Simples","resp":"DER SR1","reg":"S.R. Leste","juris":"Estadual"},"geometry":{"type":"LineString","coordinates":[[-49.180458,-25.928958],[-49.180612,-25.929375],[-49.180685,-25.929896],[-49.180696,-25.930995],[-49.181834,-25.932724],[-49.182215,-25.933144],[-49.182751,-25.933384],[-49.185529,-25.933654],[-49.186132,-25.933811],[-49.18796,-25.934493],[-49.188595,-25.934576],[-49.190608,-25.934256],[-49.191242,-25.934387],[-49.192614,-25.934939],[-49.194693,-25.935561],[-49.197155,-25.936832],[-49.200824,-25.938562],[-49.202461,-25.93946],[-49.203586,-25.94054],[-49.203853,-25.941084],[-49.204128,-25.942564],[-49.204305,-25.943125],[-49.205374,-25.944411],[-49.206162,-25.945145],[-49.207446,-25.945967],[-49.208039,-25.94613],[-49.20963,-25.945855],[-49.2099,-25.945953]]}},{"type":"Feature","properties":{"rod":"PR281","trecho":"281S0030EPR","km_ini":18.08,"km_fim":33.01,"sentido":"ambos","de":"LAGOINHA","para":"AGUDOS DO SUL","municipio":"","situacao":"PAV","pista":"Simples","resp":"DER SR1","reg":"S.R. Leste","juris":"Estadual"},"geometry":{"type":"LineString","coordinates":[[-49.2099,-25.945953],[-49.210107,-25.945976],[-49.210651,-25.946778],[-49.21102,-25.947165],[-49.211502,-25.947462],[-49.213944,-25.948319],[-49.215589,-25.948719],[-49.216125,-25.948808],[-49.216708,-25.948725],[-49.219851,-25.947749],[-49.220446,-25.947693],[-49.223092,-25.948496],[-49.223579,-25.948903],[-49.224486,-25.949984],[-49.224707,-25.950389],[-49.224683,-25.951526],[-49.224832,-25.952048],[-49.225798,-25.952721],[-49.226177,-25.95313],[-49.226881,-25.953904],[-49.227361,-25.954719],[-49.228171,-25.955442],[-49.22844,-25.955955],[-49.228913,-25.956172],[-49.230007,-25.956331],[-49.230578,-25.956623],[-49.230896,-25.956986],[-49.2311,-25.957451],[-49.23131,-25.958491],[-49.23149,-25.958899],[-49.231991,-25.959275],[-49.232484,-25.959434],[-49.233599,-25.959549],[-49.234126,-25.959677],[-49.234582,-25.959882],[-49.235815,-25.960899],[-49.236729,-25.962268],[-49.23715,-25.962715],[-49.237565,-25.963128],[-49.238081,-25.963408],[-49.243029,-25.965071],[-49.243594,-25.965375],[-49.245625,-25.966939],[-49.2461,-25.967183],[-49.246916,-25.968043],[-49.247123,-25.968522],[-49.247476,-25.968933],[-49.249064,-25.970142],[-49.25225,-25.971623],[-49.253756,-25.972668],[-49.25466,-25.973619],[-49.256088,-25.974869],[-49.257461,-25.976264],[-49.25786,-25.976535],[-49.261056,-25.977964],[-49.261717,-25.978202],[-49.262962,-25.978315],[-49.263433,-25.978578],[-49.263732,-25.979036],[-49.264222,-25.980108],[-49.264648,-25.980587],[-49.267037,-25.982494],[-49.26751,-25.982734],[-49.270357,-25.983796],[-49.2717,-25.984162],[-49.272396,-25.984217],[-49.273079,-25.984111],[-49.274441,-25.983759],[-49.27561,-25.983125],[-49.276188,-25.982904],[-49.278016,-25.982545],[-49.278596,-25.982637],[-49.280508,-25.983147],[-49.281694,-25.983045],[-49.282262,-25.983078],[-49.284302,-25.983498],[-49.286558,-25.983611],[-49.287272,-25.983558],[-49.289687,-25.982928],[-49.292189,-25.982018],[-49.294611,-25.981996],[-49.295215,-25.981903],[-49.296339,-25.981401],[-49.296911,-25.981313],[-49.298039,-25.981599],[-49.298474,-25.981916],[-49.299308,-25.983439],[-49.300741,-25.98479],[-49.302833,-25.987378],[-49.303199,-25.987719],[-49.303672,-25.987913],[-49.304221,-25.987906],[-49.305374,-25.987664],[-49.30629,-25.98712],[-49.306787,-25.986947],[-49.307323,-25.986901],[-49.307862,-25.986982],[-49.309572,-25.987496],[-49.310821,-25.98755],[-49.312697,-25.987919],[-49.314484,-25.987867],[-49.31565,-25.987936],[-49.316246,-25.988056],[-49.317297,-25.988701],[-49.31786,-25.988769],[-49.318401,-25.988675],[-49.318954,-25.988462],[-49.319394,-25.988171],[-49.319919,-25.988137],[-49.321081,-25.988383],[-49.321639,-25.988141],[-49.323507,-25.986248],[-49.32516,-25.985913],[-49.328179,-25.986404],[-49.329171,-25.986632],[-49.32965,-25.986836],[-49.330888,-25.988457],[-49.332471,-25.989386]]}},{"type":"Feature","properties":{"rod":"PR281","trecho":"281S0050EPR","km_ini":34.03,"km_fim":35.25,"sentido":"ambos","de":"AC. PRINCIPAL AGUDOS DO SUL","para":"AC. SECUND. NÃO PAV. AGUDOS DO SUL","municipio":"","situacao":"PAV","pista":"Simples","resp":"DER SR1","reg":"S.R. Leste","juris":"Estadual"},"geometry":{"type":"LineString","coordinates":[[-49.337556,-25.986597],[-49.34182,-25.990487],[-49.344351,-25.994028],[-49.345417,-25.994936]]}},{"type":"Feature","properties":{"rod":"PR281","trecho":"281S0055EPR","km_ini":35.25,"km_fim":50.41,"sentido":"ambos","de":"AC. SECUND. NÃO PAV. AGUDOS DO SUL","para":"ENTR. PR-420","municipio":"","situacao":"PAV","pista":"Simples","resp":"DER SR1","reg":"S.R. Leste","juris":"Estadual"},"geometry":{"type":"LineString","coordinates":[[-49.345417,-25.994936],[-49.347787,-25.996667],[-49.348409,-25.997026],[-49.3505,-25.997504],[-49.352789,-25.998528],[-49.353379,-25.998623],[-49.354618,-25.998542],[-49.35527,-25.998642],[-49.35582,-25.998969],[-49.356184,-25.999433],[-49.356962,-26.000816],[-49.357097,-26.001256],[-49.357187,-26.003448],[-49.357418,-26.003941],[-49.358056,-26.004879],[-49.359581,-26.009014],[-49.360047,-26.009942],[-49.362313,-26.013222],[-49.362436,-26.013697],[-49.362067,-26.015763],[-49.362184,-26.018662],[-49.362109,-26.019089],[-49.362347,-26.019548],[-49.36387,-26.023987],[-49.364097,-26.024495],[-49.364777,-26.025356],[-49.373705,-26.034111],[-49.374424,-26.034921],[-49.376945,-26.038359],[-49.377274,-26.038716],[-49.377679,-26.038979],[-49.379437,-26.039433],[-49.38295,-26.03987],[-49.384663,-26.040223],[-49.387465,-26.041145],[-49.388074,-26.041511],[-49.38847,-26.042026],[-49.38952,-26.04481],[-49.392231,-26.050551],[-49.392623,-26.051687],[-49.39309,-26.053811],[-49.393325,-26.054384],[-49.394196,-26.055526],[-49.398289,-26.06017],[-49.399125,-26.060711],[-49.407366,-26.064589],[-49.408151,-26.065249],[-49.410077,-26.067926],[-49.410641,-26.068297],[-49.413973,-26.068867],[-49.414549,-26.0692],[-49.416016,-26.071049],[-49.416823,-26.072439],[-49.419358,-26.078268],[-49.419576,-26.079234],[-49.419706,-26.080889],[-49.420111,-26.082468],[-49.420165,-26.082959],[-49.419894,-26.085572],[-49.420589,-26.091494],[-49.420591,-26.092465],[-49.42034,-26.093545],[-49.419507,-26.096281],[-49.419292,-26.096803],[-49.418222,-26.098742]]}},{"type":"Feature","properties":{"rod":"PR281","trecho":"281S0060EPR","km_ini":50.41,"km_fim":51.49,"sentido":"ambos","de":"ENTR. PR-420","para":"PIÊN (A)","municipio":"","situacao":"PAV","pista":"Simples","resp":"DER SR1","reg":"S.R. Leste","juris":"Estadual"},"geometry":{"type":"LineString","coordinates":[[-49.418222,-26.098742],[-49.418916,-26.098557],[-49.419407,-26.098536],[-49.419937,-26.098692],[-49.421825,-26.099497],[-49.424241,-26.099487],[-49.425868,-26.099743],[-49.428581,-26.098975]]}},{"type":"Feature","properties":{"rod":"PR420","trecho":"420S0010EPR","km_ini":0.0,"km_fim":8.83,"sentido":"ambos","de":"ENTR. PR-281 (ACESSO A PIEN)","para":"DIVISA PR/SC (FRAGOSOS)","municipio":"Piên","situacao":"PAV","pista":"Simples","resp":"DER SR1","reg":"S.R. Leste","juris":"Estadual"},"geometry":{"type":"LineString","coordinates":[[-49.418222,-26.098742],[-49.418016,-26.099715],[-49.418001,-26.100213],[-49.418181,-26.103343],[-49.418119,-26.103886],[-49.417895,-26.104423],[-49.416725,-26.105824],[-49.416469,-26.106287],[-49.416411,-26.106828],[-49.417051,-26.111096],[-49.416985,-26.111658],[-49.416693,-26.112115],[-49.416256,-26.112419],[-49.415703,-26.112553],[-49.412342,-26.112498],[-49.411766,-26.112691],[-49.411302,-26.113087],[-49.410956,-26.113614],[-49.409042,-26.116963],[-49.408733,-26.117379],[-49.408276,-26.11772],[-49.407686,-26.117929],[-49.404631,-26.118539],[-49.401344,-26.11871],[-49.400718,-26.118845],[-49.39824,-26.119678],[-49.397579,-26.119753],[-49.395594,-26.119463],[-49.394617,-26.119465],[-49.388918,-26.119996],[-49.388408,-26.120098],[-49.387856,-26.120382],[-49.387488,-26.120839],[-49.387203,-26.121786],[-49.387213,-26.12292],[-49.387375,-26.124144],[-49.388016,-26.125907],[-49.388028,-26.126436],[-49.386968,-26.128762],[-49.386833,-26.129387],[-49.38689,-26.130043],[-49.387453,-26.132383],[-49.387511,-26.133413],[-49.387213,-26.133869],[-49.38673,-26.134235],[-49.386378,-26.134679],[-49.386389,-26.135209],[-49.386699,-26.136312],[-49.386798,-26.137622],[-49.386714,-26.141888],[-49.386494,-26.143007],[-49.385541,-26.145725],[-49.385483,-26.146212],[-49.385567,-26.148161],[-49.385201,-26.149871],[-49.385529,-26.152767],[-49.385888,-26.153878],[-49.386511,-26.155411]]}},{"type":"Feature","properties":{"rod":"PR408","trecho":"408S0040EPR","km_ini":17.13,"km_fim":22.99,"sentido":"ambos","de":"ENTR. PR-804 (PASSA SETE)","para":"ENTR. BR-277 (MARTA)","municipio":"Morretes","situacao":"PAV","pista":"Simples","resp":"DER SR1","reg":"S.R. Leste","juris":"Estadual"},"geometry":{"type":"LineString","coordinates":[[-48.795919,-25.524061],[-48.795598,-25.524268],[-48.794932,-25.52449],[-48.79164,-25.524891],[-48.790243,-25.525723],[-48.789478,-25.526393],[-48.788976,-25.526646],[-48.788444,-25.526793],[-48.787955,-25.526706],[-48.787551,-25.526402],[-48.786036,-25.524802],[-48.78542,-25.524561],[-48.781783,-25.523794],[-48.78116,-25.523785],[-48.777709,-25.526326],[-48.77724,-25.526596],[-48.776189,-25.526694],[-48.775698,-25.526639],[-48.774627,-25.526157],[-48.774222,-25.525896],[-48.773576,-25.524926],[-48.773108,-25.52457],[-48.771629,-25.523787],[-48.77035,-25.522765],[-48.769745,-25.522715],[-48.763744,-25.524782],[-48.763121,-25.524746],[-48.762591,-25.524609],[-48.762011,-25.524603],[-48.760103,-25.524909],[-48.759507,-25.524937],[-48.756311,-25.524791],[-48.755163,-25.525141],[-48.754023,-25.524906],[-48.753611,-25.525015],[-48.752158,-25.52593],[-48.744825,-25.528468],[-48.744044,-25.529036]]}},{"type":"Feature","properties":{"rod":"PR340","trecho":"340S0030EPR","km_ini":20.0,"km_fim":36.72,"sentido":"ambos","de":"ENTR. PR-408 (ANTONINA)","para":"ENTR. PR-405 (CACATU)","municipio":"Antonina","situacao":"PAV","pista":"Simples","resp":"DER SR1","reg":"S.R. Leste","juris":"Estadual"},"geometry":{"type":"LineString","coordinates":[[-48.752453,-25.438478],[-48.759413,-25.434003],[-48.759843,-25.433693],[-48.760174,-25.433249],[-48.76037,-25.432699],[-48.760385,-25.432081],[-48.760051,-25.427282],[-48.760192,-25.426073],[-48.760598,-25.424906],[-48.761304,-25.42386],[-48.765053,-25.419622],[-48.765985,-25.418795],[-48.770563,-25.415319],[-48.77094,-25.41496],[-48.771238,-25.414523],[-48.771514,-25.413497],[-48.771758,-25.412946],[-48.772729,-25.411189],[-48.773384,-25.410235],[-48.7748,-25.408543],[-48.774996,-25.408108],[-48.775079,-25.407605],[-48.775026,-25.406436],[-48.775073,-25.405885],[-48.775258,-25.405369],[-48.776041,-25.404449],[-48.778233,-25.402349],[-48.778956,-25.401299],[-48.77943,-25.400055],[-48.780351,-25.396721],[-48.781976,-25.390584],[-48.783639,-25.383852],[-48.783552,-25.383384],[-48.781786,-25.379603],[-48.774267,-25.366992],[-48.773324,-25.365812],[-48.768577,-25.36081],[-48.768194,-25.360295],[-48.767944,-25.35972],[-48.767825,-25.359125],[-48.767887,-25.358531],[-48.768091,-25.357976],[-48.768817,-25.356965],[-48.770034,-25.355487],[-48.770617,-25.354474],[-48.770928,-25.353278],[-48.770985,-25.352718],[-48.770779,-25.352215],[-48.769854,-25.350671],[-48.767665,-25.346618],[-48.766959,-25.345893],[-48.766638,-25.345407],[-48.75389,-25.324776],[-48.753516,-25.324312],[-48.753111,-25.323987],[-48.751557,-25.323515],[-48.751126,-25.323243],[-48.750763,-25.322729],[-48.750684,-25.321073],[-48.750481,-25.319318],[-48.750236,-25.318808],[-48.748597,-25.316172],[-48.747749,-25.315443],[-48.747519,-25.315042],[-48.747342,-25.313997],[-48.746746,-25.313088],[-48.745242,-25.309744]]}},{"type":"Feature","properties":{"rod":"PR405","trecho":"405N0030EPR","km_ini":14.13,"km_fim":31.73,"sentido":"ambos","de":"ENTR. ACESSO A MORATO","para":"ENTR. PR-404 BR-101 (PLAN.) (SERRA NEGRA)","municipio":"Guaraqueçaba","situacao":"NPV","pista":"Simples","resp":"DER SR1","reg":"S.R. Leste","juris":"Estadual"},"geometry":{"type":"LineString","coordinates":[[-48.299531,-25.212981],[-48.299776,-25.212958],[-48.305639,-25.210936],[-48.306572,-25.210418],[-48.307082,-25.210238],[-48.308181,-25.210319],[-48.30873,-25.210173],[-48.310766,-25.209132],[-48.311324,-25.208973],[-48.311921,-25.208972],[-48.314692,-25.209427],[-48.316762,-25.209932],[-48.31782,-25.210117],[-48.318429,-25.210022],[-48.319349,-25.209394],[-48.320553,-25.208396],[-48.321538,-25.207908],[-48.325831,-25.206519],[-48.333272,-25.20395],[-48.334442,-25.203731],[-48.335011,-25.203753],[-48.336056,-25.204057],[-48.336558,-25.204122],[-48.337131,-25.204031],[-48.337544,-25.203695],[-48.33775,-25.202735],[-48.338035,-25.202339],[-48.338551,-25.202181],[-48.340131,-25.201985],[-48.341177,-25.202297],[-48.342747,-25.203118],[-48.34407,-25.204068],[-48.345822,-25.205092],[-48.346827,-25.205237],[-48.347478,-25.205966],[-48.3483,-25.205424],[-48.348357,-25.204988],[-48.347948,-25.204032],[-48.348345,-25.202637],[-48.348388,-25.201604],[-48.348649,-25.201217],[-48.349383,-25.200538],[-48.34991,-25.200393],[-48.350264,-25.200738],[-48.350544,-25.201156],[-48.351361,-25.201821],[-48.351644,-25.202227],[-48.351899,-25.203254],[-48.352404,-25.204133],[-48.352903,-25.20422],[-48.353367,-25.204044],[-48.353918,-25.203971],[-48.354226,-25.203689],[-48.354344,-25.203309],[-48.355406,-25.203338],[-48.357126,-25.203569],[-48.3576,-25.203438],[-48.357541,-25.202439],[-48.357942,-25.202086],[-48.358888,-25.20151],[-48.359901,-25.201592],[-48.360117,-25.201235],[-48.359132,-25.198876],[-48.359023,-25.198375],[-48.358267,-25.196984],[-48.357048,-25.195264],[-48.356531,-25.194352],[-48.35608,-25.194051],[-48.355614,-25.193887],[-48.355461,-25.193463],[-48.355464,-25.192991],[-48.355216,-25.19207],[-48.354962,-25.191567],[-48.354579,-25.191202],[-48.354158,-25.19097],[-48.353833,-25.190518],[-48.35376,-25.190032],[-48.354422,-25.188558],[-48.355033,-25.186679],[-48.354994,-25.185653],[-48.355212,-25.185166],[-48.355572,-25.18478],[-48.35607,-25.184587],[-48.357611,-25.184188],[-48.358973,-25.18335],[-48.360069,-25.18308],[-48.361772,-25.182916],[-48.362794,-25.18258],[-48.364694,-25.181006],[-48.366501,-25.178851],[-48.367361,-25.178165],[-48.369284,-25.176426],[-48.370203,-25.175741],[-48.370732,-25.175467],[-48.371213,-25.175336],[-48.37177,-25.175356],[-48.373822,-25.175983],[-48.378394,-25.177789],[-48.378823,-25.178068],[-48.380271,-25.178751],[-48.380709,-25.178448],[-48.381259,-25.177581],[-48.381642,-25.177247],[-48.382195,-25.177186],[-48.382758,-25.177238],[-48.383752,-25.177535],[-48.385826,-25.178311],[-48.388264,-25.179535],[-48.3899,-25.180837],[-48.393635,-25.182937],[-48.397233,-25.18523],[-48.397717,-25.18542],[-48.398723,-25.185228],[-48.400302,-25.185765],[-48.400865,-25.185883],[-48.401335,-25.18578],[-48.40239,-25.18534],[-48.403906,-25.184903],[-48.404361,-25.184654],[-48.4063,-25.183025],[-48.406664,-25.182627],[-48.409373,-25.178665],[-48.410149,-25.177234],[-48.41015,-25.176733],[-48.409856,-25.17585],[-48.40982,-25.174893],[-48.410026,-25.174414],[-48.410377,-25.174002],[-48.411355,-25.173668],[-48.411876,-25.173693],[-48.412819,-25.174116],[-48.413382,-25.174201],[-48.416508,-25.174113],[-48.417144,-25.174169]]}},{"type":"Feature","properties":{"rod":"PR405","trecho":"405N0010EPR","km_ini":0.0,"km_fim":14.13,"sentido":"ambos","de":"ENTR. PR-400 (PLAN.) (GUARAQUEÇABA)","para":"ENTR. ACESSO A MORATO","municipio":"Guaraqueçaba","situacao":"NPV","pista":"Simples","resp":"DER SR1","reg":"S.R. Leste","juris":"Estadual"},"geometry":{"type":"LineString","coordinates":[[-48.325431,-25.297064],[-48.314886,-25.295098],[-48.314434,-25.294901],[-48.313317,-25.293756],[-48.312258,-25.291351],[-48.311968,-25.290864],[-48.311613,-25.290521],[-48.311416,-25.290068],[-48.310759,-25.287347],[-48.310576,-25.286884],[-48.310485,-25.286336],[-48.310692,-25.285904],[-48.311096,-25.285538],[-48.311578,-25.285334],[-48.312101,-25.285219],[-48.312964,-25.284733],[-48.313449,-25.28467],[-48.313929,-25.284426],[-48.314248,-25.284031],[-48.314655,-25.283698],[-48.315564,-25.283284],[-48.316081,-25.283102],[-48.317148,-25.282871],[-48.319222,-25.282064],[-48.319682,-25.281706],[-48.319995,-25.281288],[-48.320174,-25.280803],[-48.320617,-25.280483],[-48.321654,-25.280178],[-48.322164,-25.279919],[-48.322703,-25.279845],[-48.323082,-25.27953],[-48.323257,-25.279017],[-48.323297,-25.278547],[-48.323255,-25.278043],[-48.323005,-25.276994],[-48.322421,-25.275555],[-48.320895,-25.272445],[-48.320599,-25.271567],[-48.320196,-25.271236],[-48.3196,-25.270368],[-48.318412,-25.269119],[-48.317473,-25.268454],[-48.316505,-25.267317],[-48.315702,-25.266685],[-48.315204,-25.266532],[-48.314074,-25.26637],[-48.31353,-25.266154],[-48.312815,-25.26479],[-48.311423,-25.263928],[-48.310922,-25.263943],[-48.310421,-25.264051],[-48.309926,-25.263779],[-48.308701,-25.262649],[-48.306683,-25.261629],[-48.306246,-25.261239],[-48.30613,-25.260762],[-48.3059,-25.260292],[-48.305418,-25.260244],[-48.304513,-25.260692],[-48.303977,-25.260546],[-48.301925,-25.258244],[-48.301461,-25.257898],[-48.300372,-25.25732],[-48.298657,-25.256691],[-48.298266,-25.256379],[-48.297276,-25.255304],[-48.296794,-25.255002],[-48.2963,-25.254151],[-48.295911,-25.253177],[-48.295616,-25.252763],[-48.294251,-25.251704],[-48.29349,-25.250983],[-48.292802,-25.250189],[-48.292598,-25.24962],[-48.292683,-25.249083],[-48.292992,-25.24809],[-48.293024,-25.247624],[-48.29283,-25.247131],[-48.285469,-25.235293],[-48.282127,-25.230051],[-48.281346,-25.228695],[-48.28115,-25.228205],[-48.281107,-25.227754],[-48.281227,-25.227233],[-48.28207,-25.224832],[-48.282565,-25.223875],[-48.283085,-25.223532],[-48.283532,-25.223334],[-48.285776,-25.222619],[-48.287033,-25.221637],[-48.287501,-25.22142],[-48.288002,-25.22147],[-48.289007,-25.221953],[-48.289486,-25.221824],[-48.289804,-25.221473],[-48.289983,-25.220527],[-48.290148,-25.220054],[-48.290399,-25.219644],[-48.292381,-25.217235],[-48.292813,-25.21687],[-48.293896,-25.216421],[-48.295043,-25.216056],[-48.295527,-25.215759],[-48.296277,-25.214261],[-48.296731,-25.214003],[-48.299296,-25.213131],[-48.299531,-25.212981]]}},{"type":"Feature","properties":{"rod":"PR340","trecho":"340S0050EPR","km_ini":36.72,"km_fim":45.15,"sentido":"ambos","de":"ENTR. PR-405  (CACATU)","para":"AC. USINA PARIGOT DE SOUZA","municipio":"Antonina","situacao":"PAV","pista":"Simples","resp":"DER SR1","reg":"S.R. Leste","juris":"Estadual"},"geometry":{"type":"LineString","coordinates":[[-48.745242,-25.309744],[-48.745482,-25.309293],[-48.745818,-25.308896],[-48.745886,-25.30841],[-48.745617,-25.30802],[-48.745457,-25.307551],[-48.744702,-25.306883],[-48.744374,-25.306412],[-48.744202,-25.305852],[-48.744147,-25.305251],[-48.744228,-25.304711],[-48.744589,-25.303851],[-48.744693,-25.303378],[-48.74464,-25.300118],[-48.744513,-25.299022],[-48.744343,-25.298568],[-48.742318,-25.296648],[-48.739996,-25.293103],[-48.737766,-25.290832],[-48.737536,-25.290421],[-48.736828,-25.287837],[-48.736581,-25.28738],[-48.735217,-25.285644],[-48.734995,-25.285166],[-48.734817,-25.284669],[-48.734747,-25.28411],[-48.734874,-25.283544],[-48.734829,-25.282982],[-48.733821,-25.281722],[-48.733585,-25.281312],[-48.732821,-25.279331],[-48.732024,-25.278714],[-48.728132,-25.277325],[-48.727804,-25.276849],[-48.72764,-25.276393],[-48.727571,-25.275897],[-48.727948,-25.273921],[-48.728956,-25.272165],[-48.729413,-25.271719],[-48.732449,-25.270125],[-48.737778,-25.267735],[-48.740466,-25.266129],[-48.741953,-25.265461],[-48.743038,-25.264251],[-48.743407,-25.263755],[-48.743879,-25.261684],[-48.743903,-25.260095],[-48.744932,-25.258874],[-48.745947,-25.258344],[-48.746524,-25.258165],[-48.747073,-25.257894],[-48.747486,-25.257638],[-48.747712,-25.25723],[-48.74788,-25.256773],[-48.748286,-25.253147],[-48.748604,-25.251128],[-48.748475,-25.250089]]}},{"type":"Feature","properties":{"rod":"PR340","trecho":"340S0052EPR","km_ini":45.15,"km_fim":46.78,"sentido":"ambos","de":"AC. USINA PARIGOT DE SOUZA","para":"FINAL DO PAVIM. (CACHOEIRA DE CIMA)","municipio":"Antonina","situacao":"PAV","pista":"Simples","resp":"DER SR1","reg":"S.R. Leste","juris":"Estadual"},"geometry":{"type":"LineString","coordinates":[[-48.748475,-25.250089],[-48.748404,-25.248531],[-48.748436,-25.241483],[-48.748626,-25.240477],[-48.748838,-25.240068],[-48.749309,-25.239757],[-48.750971,-25.239163],[-48.751359,-25.238847],[-48.752337,-25.237568],[-48.752447,-25.237147]]}},{"type":"Feature","properties":{"rod":"PR340","trecho":"340N0053EPR","km_ini":46.78,"km_fim":47.17,"sentido":"ambos","de":"FINAL DO PAVIM. (CACHOEIRA DE CIMA)","para":"INÍCIO DO PAVIMENTO","municipio":"Antonina","situacao":"NPV","pista":"Simples","resp":"DER SR1","reg":"S.R. Leste","juris":"Estadual"},"geometry":{"type":"LineString","coordinates":[[-48.752447,-25.237147],[-48.752146,-25.235753],[-48.75158,-25.234399],[-48.751208,-25.233869]]}},{"type":"Feature","properties":{"rod":"PR340","trecho":"340S0054EPR","km_ini":47.17,"km_fim":48.08,"sentido":"ambos","de":"INÍCIO DO PAVIMENTO","para":"CACHOEIRA DE CIMA (BAIRRO ALTO)","municipio":"Antonina","situacao":"PAV","pista":"Simples","resp":"DER SR1","reg":"S.R. Leste","juris":"Estadual"},"geometry":{"type":"LineString","coordinates":[[-48.751208,-25.233869],[-48.750642,-25.233213],[-48.750365,-25.232792],[-48.750204,-25.232345],[-48.749958,-25.229969],[-48.749998,-25.229517],[-48.750364,-25.229173],[-48.7524,-25.228728],[-48.752966,-25.228716],[-48.753456,-25.228883],[-48.753597,-25.229031]]}},{"type":"Feature","properties":{"rod":"PR411","trecho":"411S0015EPR","km_ini":7.23,"km_fim":14.11,"sentido":"ambos","de":"PORTO DE CIMA","para":"ENTR. PR-410 (S. JOÃO DA GRACIOSA)","municipio":"Morretes","situacao":"PAV","pista":"Simples","resp":"DER SR1","reg":"S.R. Leste","juris":"Estadual"},"geometry":{"type":"LineString","coordinates":[[-48.876169,-25.436483],[-48.876129,-25.435182],[-48.876021,-25.434684],[-48.875587,-25.434358],[-48.873051,-25.434045],[-48.872634,-25.433794],[-48.872745,-25.433313],[-48.874975,-25.428485],[-48.875294,-25.427933],[-48.876398,-25.426654],[-48.876562,-25.426165],[-48.876473,-25.425644],[-48.876516,-25.424039],[-48.876308,-25.423602],[-48.875837,-25.423456],[-48.875454,-25.423083],[-48.875256,-25.422596],[-48.875242,-25.421569],[-48.874986,-25.419939],[-48.873819,-25.41863],[-48.873698,-25.418145],[-48.873866,-25.417666],[-48.873906,-25.417183],[-48.873353,-25.410408],[-48.87348,-25.409934],[-48.874948,-25.406996],[-48.875835,-25.40547],[-48.876175,-25.404428],[-48.876079,-25.40338],[-48.8757,-25.403046],[-48.875111,-25.402781],[-48.874561,-25.402672],[-48.874097,-25.402845],[-48.873818,-25.403248],[-48.873426,-25.403586],[-48.87291,-25.403661],[-48.872643,-25.403266],[-48.872242,-25.399876],[-48.872089,-25.399376],[-48.871809,-25.398984],[-48.869129,-25.396922],[-48.867971,-25.396878],[-48.867425,-25.396604],[-48.867025,-25.396297],[-48.8662,-25.395446],[-48.865642,-25.395278],[-48.864768,-25.394697],[-48.861806,-25.392986],[-48.861407,-25.392577],[-48.861232,-25.392014],[-48.860483,-25.388503]]}},{"type":"Feature","properties":{"rod":"PR408","trecho":"408S0030EPR","km_ini":11.24,"km_fim":17.13,"sentido":"ambos","de":"MORRETES (B)","para":"ENTR. PR-804 (PASSA SETE)","municipio":"Morretes","situacao":"PAV","pista":"Simples","resp":"DER SR1","reg":"S.R. Leste","juris":"Estadual"},"geometry":{"type":"LineString","coordinates":[[-48.829367,-25.482281],[-48.822132,-25.492677],[-48.819919,-25.495727],[-48.812971,-25.508067],[-48.81256,-25.508519],[-48.811198,-25.509626],[-48.810845,-25.510006],[-48.810284,-25.511399],[-48.809737,-25.511697],[-48.808587,-25.512111],[-48.807541,-25.512752],[-48.807237,-25.513859],[-48.805254,-25.515927],[-48.804278,-25.516464],[-48.802956,-25.517657],[-48.802001,-25.518369],[-48.798854,-25.519512],[-48.796679,-25.521948],[-48.796082,-25.522781],[-48.79591,-25.523212],[-48.795855,-25.523731],[-48.795919,-25.524061]]}},{"type":"Feature","properties":{"rod":"PR408","trecho":"408S0020EPR","km_ini":3.8,"km_fim":9.73,"sentido":"ambos","de":"ENTR. PR-410","para":"MORRETES (A)","municipio":"Antonina","situacao":"PAV","pista":"Simples","resp":"DER SR1","reg":"S.R. Leste","juris":"Estadual"},"geometry":{"type":"LineString","coordinates":[[-48.785047,-25.443158],[-48.785648,-25.443156],[-48.787035,-25.44296],[-48.788365,-25.442884],[-48.789709,-25.44251],[-48.79355,-25.442034],[-48.79449,-25.442088],[-48.79514,-25.442266],[-48.795747,-25.442556],[-48.796457,-25.443192],[-48.796835,-25.443767],[-48.799152,-25.447963],[-48.799609,-25.448416],[-48.800134,-25.448729],[-48.804265,-25.450496],[-48.805355,-25.451072],[-48.80586,-25.451529],[-48.806291,-25.452085],[-48.806614,-25.452664],[-48.807487,-25.454756],[-48.807849,-25.455226],[-48.808313,-25.455626],[-48.80941,-25.456421],[-48.809986,-25.456667],[-48.810597,-25.456724],[-48.811859,-25.456653],[-48.812462,-25.456689],[-48.813015,-25.45687],[-48.81398,-25.457462],[-48.81502,-25.457817],[-48.815611,-25.458573],[-48.816186,-25.458789],[-48.817331,-25.458873],[-48.817798,-25.459153],[-48.818141,-25.459681],[-48.818322,-25.460716],[-48.818483,-25.46113],[-48.81885,-25.461501],[-48.81932,-25.461697],[-48.820972,-25.462048],[-48.821516,-25.462262],[-48.823778,-25.463412],[-48.824219,-25.463775],[-48.828556,-25.469419]]}},{"type":"Feature","properties":{"rod":"PR411","trecho":"411S0010EPR","km_ini":1.07,"km_fim":7.23,"sentido":"ambos","de":"MORRETES (B)","para":"PORTO DE CIMA","municipio":"Morretes","situacao":"PAV","pista":"Simples","resp":"DER SR1","reg":"S.R. Leste","juris":"Estadual"},"geometry":{"type":"LineString","coordinates":[[-48.835606,-25.475783],[-48.835897,-25.475613],[-48.875132,-25.443915],[-48.875435,-25.44346],[-48.875591,-25.442961],[-48.876169,-25.436483]]}},{"type":"Feature","properties":{"rod":"BR476","trecho":"476BPR0050","km_ini":93.3,"km_fim":109.6,"sentido":"ambos","de":"ENTR. PR-506(PLAN.) (BOCAIÚVA DO SUL)","para":"ENTR. PR-509(PLAN.) (ROSEIRA)","municipio":"Bocaiúva do Sul","situacao":"PAV","pista":"Simples","resp":"DNIT","reg":"S.R. Leste","juris":"Federal"},"geometry":{"type":"LineString","coordinates":[[-49.115281,-25.203575],[-49.113709,-25.207964],[-49.112484,-25.211582],[-49.112253,-25.212481],[-49.112274,-25.212922],[-49.112607,-25.214374],[-49.113455,-25.216075],[-49.113765,-25.216479],[-49.115416,-25.217783],[-49.115681,-25.218277],[-49.115696,-25.218868],[-49.115011,-25.225975],[-49.115149,-25.226417],[-49.115541,-25.226711],[-49.118443,-25.22761],[-49.118924,-25.227904],[-49.11921,-25.228351],[-49.120219,-25.230659],[-49.120638,-25.231125],[-49.121181,-25.231438],[-49.124235,-25.23267],[-49.125309,-25.232973],[-49.126325,-25.233131],[-49.12744,-25.232961],[-49.127973,-25.233196],[-49.128043,-25.233699],[-49.126994,-25.236678],[-49.126731,-25.23711],[-49.124678,-25.238559],[-49.12447,-25.238996],[-49.12464,-25.239459],[-49.125105,-25.239683],[-49.126228,-25.239747],[-49.126786,-25.239921],[-49.127691,-25.240607],[-49.128189,-25.240864],[-49.129276,-25.241097],[-49.129758,-25.241286],[-49.129989,-25.24168],[-49.129935,-25.242163],[-49.129631,-25.243285],[-49.129628,-25.243818],[-49.129842,-25.244286],[-49.130206,-25.244632],[-49.131356,-25.245018],[-49.137991,-25.24666],[-49.138458,-25.246905],[-49.139358,-25.248273],[-49.139458,-25.248762],[-49.139452,-25.24974],[-49.13924,-25.250153],[-49.138269,-25.251411],[-49.137742,-25.252346],[-49.137733,-25.252892],[-49.138062,-25.253254],[-49.138553,-25.253569],[-49.139703,-25.253908],[-49.141701,-25.255293],[-49.142044,-25.255748],[-49.142196,-25.256282],[-49.142483,-25.258534],[-49.142349,-25.259017],[-49.1417,-25.25988],[-49.140911,-25.261932],[-49.140676,-25.262378],[-49.140311,-25.262727],[-49.139833,-25.262951],[-49.138194,-25.263503],[-49.135314,-25.264227],[-49.134872,-25.264627],[-49.134754,-25.265188],[-49.135012,-25.265722],[-49.135397,-25.266059],[-49.135851,-25.266363],[-49.136368,-25.266531],[-49.140098,-25.266486],[-49.140499,-25.266747],[-49.140502,-25.267245],[-49.140311,-25.267784],[-49.139352,-25.268546],[-49.139321,-25.269065],[-49.140187,-25.269686],[-49.140571,-25.270163],[-49.14074,-25.270734],[-49.140808,-25.271325],[-49.140605,-25.271822],[-49.140177,-25.27224],[-49.14,-25.272747],[-49.140713,-25.274176],[-49.140788,-25.274744],[-49.140374,-25.279587],[-49.14043,-25.280113],[-49.140736,-25.280545],[-49.141151,-25.280893],[-49.147077,-25.285532],[-49.147464,-25.285979],[-49.14909,-25.289139],[-49.149434,-25.289623],[-49.151629,-25.291733],[-49.154436,-25.296388],[-49.154437,-25.296898],[-49.153585,-25.298302],[-49.153252,-25.298676],[-49.15278,-25.298886],[-49.151184,-25.298993],[-49.150677,-25.299122],[-49.148263,-25.300122],[-49.147869,-25.300402],[-49.147637,-25.30082],[-49.146938,-25.303887],[-49.146744,-25.304341],[-49.146382,-25.304676],[-49.144547,-25.305794],[-49.143713,-25.306411],[-49.143458,-25.306958],[-49.143728,-25.307994]]}},{"type":"Feature","properties":{"rod":"BR476","trecho":"476BPR0040(b)","km_ini":55.6,"km_fim":93.3,"sentido":"ambos","de":"TUNAS DO PARANÁ","para":"ENTR. PR-506(PLAN.) (BOCAIÚVA DO SUL)","municipio":"Cerro Azul","situacao":"PAV","pista":"Simples","resp":"DNIT","reg":"S.R. Leste","juris":"Federal"},"geometry":{"type":"LineString","coordinates":[[-49.085531,-24.971803],[-49.085426,-24.973366],[-49.085785,-24.974309],[-49.085793,-24.974792],[-49.08541,-24.975074],[-49.084917,-24.975139],[-49.084475,-24.975436],[-49.084609,-24.976414],[-49.084486,-24.976891],[-49.084112,-24.977317],[-49.08374,-24.977593],[-49.083668,-24.978075],[-49.084038,-24.978343],[-49.085721,-24.978875],[-49.086154,-24.979149],[-49.086748,-24.979898],[-49.087455,-24.981394],[-49.087156,-24.982325],[-49.087079,-24.983809],[-49.08651,-24.985184],[-49.08691,-24.987048],[-49.086318,-24.989025],[-49.086443,-24.989484],[-49.086753,-24.989873],[-49.086939,-24.99031],[-49.086777,-24.990747],[-49.086257,-24.991616],[-49.086185,-24.99206],[-49.086359,-24.993672],[-49.086628,-24.994756],[-49.086588,-24.995244],[-49.086154,-24.995516],[-49.085581,-24.995602],[-49.085201,-24.995995],[-49.084745,-24.996298],[-49.08368,-24.995945],[-49.083148,-24.996109],[-49.082759,-24.99654],[-49.082214,-24.996862],[-49.081273,-24.99716],[-49.080186,-24.997285],[-49.079909,-24.997665],[-49.080595,-24.999568],[-49.08043,-24.999986],[-49.079836,-25.000902],[-49.079705,-25.002994],[-49.079336,-25.003982],[-49.079774,-25.005512],[-49.079165,-25.008329],[-49.079133,-25.008798],[-49.079908,-25.011156],[-49.079941,-25.011703],[-49.079092,-25.014889],[-49.078851,-25.015325],[-49.074803,-25.01811],[-49.074525,-25.018577],[-49.074426,-25.019595],[-49.074279,-25.020112],[-49.074097,-25.020615],[-49.073829,-25.021016],[-49.07369,-25.021499],[-49.073822,-25.021943],[-49.073811,-25.02359],[-49.073587,-25.024017],[-49.073099,-25.024279],[-49.072916,-25.024709],[-49.073124,-25.025236],[-49.075546,-25.02926],[-49.075745,-25.029769],[-49.075571,-25.030272],[-49.072939,-25.034192],[-49.072388,-25.035155],[-49.072568,-25.035626],[-49.073673,-25.036919],[-49.073749,-25.037369],[-49.073589,-25.038473],[-49.073914,-25.038942],[-49.077772,-25.04168],[-49.078705,-25.042242],[-49.079212,-25.042448],[-49.08241,-25.042923],[-49.082898,-25.043085],[-49.086428,-25.044966],[-49.087455,-25.045325],[-49.087656,-25.045817],[-49.086198,-25.049834],[-49.086136,-25.050285],[-49.086512,-25.050599],[-49.087009,-25.050536],[-49.087511,-25.050587],[-49.087729,-25.051069],[-49.087687,-25.05198],[-49.08776,-25.052529],[-49.08796,-25.053055],[-49.08769,-25.054199],[-49.087317,-25.054655],[-49.085436,-25.055691],[-49.085044,-25.056019],[-49.083278,-25.058132],[-49.082762,-25.058336],[-49.082375,-25.058586],[-49.082379,-25.059021],[-49.082805,-25.059254],[-49.083236,-25.059049],[-49.083595,-25.058645],[-49.084137,-25.05846],[-49.084725,-25.058461],[-49.085838,-25.05892],[-49.086174,-25.059341],[-49.086042,-25.060474],[-49.086149,-25.060933],[-49.086645,-25.06116],[-49.087637,-25.061152],[-49.088252,-25.061275],[-49.088734,-25.061558],[-49.088902,-25.062046],[-49.088813,-25.062597],[-49.088896,-25.063145],[-49.089344,-25.063524],[-49.089679,-25.063958],[-49.089683,-25.064487],[-49.089843,-25.064958],[-49.090302,-25.065291],[-49.090558,-25.065724],[-49.090528,-25.066165],[-49.090479,-25.066645],[-49.09029,-25.06707],[-49.088397,-25.068906],[-49.08835,-25.069439],[-49.088678,-25.069828],[-49.089157,-25.070126],[-49.089642,-25.07096],[-49.08982,-25.071509],[-49.089689,-25.071981],[-49.089168,-25.072961],[-49.08907,-25.073449],[-49.089242,-25.073909],[-49.089137,-25.074405],[-49.088412,-25.075777],[-49.085523,-25.079142],[-49.084736,-25.080515],[-49.084401,-25.081629],[-49.084685,-25.08208],[-49.085801,-25.082553],[-49.086279,-25.082857],[-49.086829,-25.082852],[-49.087831,-25.082293],[-49.0883,-25.082516],[-49.0887,-25.083541],[-49.090709,-25.084341],[-49.091192,-25.084666],[-49.091165,-25.085178],[-49.090865,-25.085716],[-49.090787,-25.086218],[-49.091054,-25.08674],[-49.091325,-25.087821],[-49.092641,-25.088848],[-49.092986,-25.089827],[-49.09341,-25.090143],[-49.09398,-25.090275],[-49.094476,-25.09053],[-49.094908,-25.090877],[-49.095256,-25.091264],[-49.095228,-25.092238],[-49.095552,-25.092548],[-49.096068,-25.092748],[-49.096359,-25.093186],[-49.096335,-25.093764],[-49.095867,-25.096512],[-49.095845,-25.097967],[-49.095929,-25.098411],[-49.096147,-25.098838],[-49.096463,-25.099384],[-49.096812,-25.099787],[-49.097342,-25.099914],[-49.098624,-25.099898],[-49.099211,-25.099789],[-49.09974,-25.099498],[-49.100306,-25.099404],[-49.10083,-25.099557],[-49.101862,-25.099521],[-49.102406,-25.099736],[-49.102941,-25.099637],[-49.103426,-25.098731],[-49.103894,-25.098741],[-49.10485,-25.099432],[-49.10538,-25.099626],[-49.10653,-25.099637],[-49.107382,-25.100149],[-49.107915,-25.100097],[-49.108375,-25.100261],[-49.108669,-25.101307],[-49.110214,-25.101901],[-49.111312,-25.101947],[-49.112206,-25.102555],[-49.112205,-25.10307],[-49.111979,-25.103562],[-49.11222,-25.104052],[-49.112199,-25.104559],[-49.110597,-25.105225],[-49.110331,-25.105675],[-49.110195,-25.106122],[-49.109864,-25.106516],[-49.109403,-25.106791],[-49.108887,-25.106978],[-49.107636,-25.10798],[-49.107382,-25.108389],[-49.107216,-25.108862],[-49.106817,-25.109167],[-49.106325,-25.10917],[-49.105475,-25.10849],[-49.104372,-25.108457],[-49.103852,-25.1086],[-49.101963,-25.110632],[-49.100923,-25.11088],[-49.100001,-25.111635],[-49.099661,-25.112065],[-49.099586,-25.112533],[-49.099836,-25.114223],[-49.100291,-25.115179],[-49.100062,-25.115663],[-49.099408,-25.11634],[-49.09841,-25.116882],[-49.098099,-25.117319],[-49.097926,-25.117863],[-49.097593,-25.118341],[-49.097254,-25.119381],[-49.096368,-25.120003],[-49.095217,-25.1203],[-49.095016,-25.120787],[-49.095344,-25.121092],[-49.096523,-25.121346],[-49.097129,-25.121309],[-49.09804,-25.120683],[-49.098931,-25.119835],[-49.099458,-25.119567],[-49.100618,-25.119662],[-49.10083,-25.120151],[-49.100119,-25.120973],[-49.09943,-25.122462],[-49.099406,-25.12299],[-49.099762,-25.124056],[-49.100026,-25.124459],[-49.100514,-25.124699],[-49.100735,-25.125096],[-49.100612,-25.125585],[-49.100781,-25.126084],[-49.102078,-25.127116],[-49.10245,-25.127517],[-49.102647,-25.128524],[-49.103462,-25.12907],[-49.103718,-25.129971],[-49.10409,-25.130313],[-49.104377,-25.130717],[-49.104534,-25.131192],[-49.104429,-25.132195],[-49.104694,-25.133197],[-49.104302,-25.134103],[-49.103852,-25.135646],[-49.103007,-25.13646],[-49.102827,-25.136887],[-49.103243,-25.137257],[-49.103785,-25.137412],[-49.104158,-25.137798],[-49.104572,-25.138048],[-49.105075,-25.137936],[-49.105558,-25.137711],[-49.106101,-25.137695],[-49.1066,-25.137921],[-49.106847,-25.138373],[-49.106366,-25.1393],[-49.106028,-25.140269],[-49.105556,-25.14126],[-49.105397,-25.141702],[-49.105396,-25.142154],[-49.106317,-25.144051],[-49.106905,-25.145528],[-49.109189,-25.147818],[-49.109186,-25.148274],[-49.108844,-25.148747],[-49.108739,-25.149294],[-49.108799,-25.149886],[-49.109595,-25.150562],[-49.110169,-25.151492],[-49.110902,-25.152914],[-49.111087,-25.153845],[-49.11078,-25.154972],[-49.110776,-25.155539],[-49.111288,-25.156862],[-49.112184,-25.157584],[-49.112505,-25.157939],[-49.112787,-25.158391],[-49.11348,-25.15993],[-49.113552,-25.160431],[-49.113005,-25.163829],[-49.112844,-25.165795],[-49.112937,-25.166261],[-49.113419,-25.167262],[-49.113902,-25.167624],[-49.114478,-25.167876],[-49.11482,-25.168312],[-49.114725,-25.168852],[-49.113965,-25.170119],[-49.114069,-25.170561],[-49.114471,-25.170862],[-49.114718,-25.171301],[-49.11458,-25.171854],[-49.113998,-25.172765],[-49.113695,-25.173634],[-49.113411,-25.174108],[-49.112994,-25.174417],[-49.112743,-25.174876],[-49.113176,-25.175673],[-49.112859,-25.176075],[-49.111844,-25.176573],[-49.110903,-25.177801],[-49.111046,-25.178236],[-49.111526,-25.178578],[-49.112668,-25.179048],[-49.113169,-25.178999],[-49.115291,-25.178501],[-49.115815,-25.178481],[-49.117997,-25.178844],[-49.118518,-25.178998],[-49.119469,-25.179446],[-49.119962,-25.179826],[-49.120643,-25.180479],[-49.120798,-25.181021],[-49.120478,-25.182015],[-49.120181,-25.184464],[-49.119989,-25.184892],[-49.118097,-25.187352],[-49.117416,-25.188114],[-49.114531,-25.190248],[-49.113905,-25.190355],[-49.113403,-25.190343],[-49.112765,-25.190254],[-49.112198,-25.189963],[-49.111582,-25.189913],[-49.110071,-25.190607],[-49.10963,-25.191008],[-49.108489,-25.192729],[-49.108466,-25.193255],[-49.108711,-25.19368],[-49.108689,-25.194159],[-49.10828,-25.195046],[-49.108249,-25.195499],[-49.108637,-25.195797],[-49.109759,-25.195944],[-49.110286,-25.196101],[-49.11068,-25.196495],[-49.110745,-25.19704],[-49.110383,-25.197881],[-49.110601,-25.198431],[-49.111136,-25.198687],[-49.111669,-25.198539],[-49.113408,-25.197456],[-49.114356,-25.197141],[-49.114936,-25.197153],[-49.115384,-25.197534],[-49.115729,-25.198008],[-49.116229,-25.199003],[-49.116374,-25.200147],[-49.116319,-25.20071],[-49.116152,-25.201235],[-49.115281,-25.203575]]}},{"type":"Feature","properties":{"rod":"BR476","trecho":"476BPR0040(a)","km_ini":53.3,"km_fim":55.6,"sentido":"ambos","de":"ENTR. PR-340(NÃO PAV.) (P/ CERRO AZUL)","para":"TUNAS  DO PARANÁ","municipio":"Tunas do Paraná","situacao":"PAV","pista":"Simples","resp":"DNIT","reg":"S.R. Leste","juris":"Federal"},"geometry":{"type":"LineString","coordinates":[[-49.096906,-24.958967],[-49.096928,-24.959472],[-49.096248,-24.960177],[-49.096089,-24.961184],[-49.095546,-24.961329],[-49.094588,-24.960791],[-49.094011,-24.960762],[-49.093275,-24.96139],[-49.092749,-24.961531],[-49.092273,-24.961791],[-49.091743,-24.961947],[-49.091173,-24.961904],[-49.090639,-24.961998],[-49.090316,-24.962378],[-49.090293,-24.963398],[-49.089907,-24.96372],[-49.08943,-24.963934],[-49.088868,-24.964726],[-49.087793,-24.965045],[-49.087603,-24.965458],[-49.087521,-24.965935],[-49.087277,-24.966332],[-49.0867,-24.966512],[-49.08611,-24.966479],[-49.085669,-24.966777],[-49.0856,-24.967264],[-49.08575,-24.967714],[-49.085797,-24.968188],[-49.085716,-24.968649],[-49.085811,-24.969079],[-49.086122,-24.969553],[-49.086065,-24.970022],[-49.085683,-24.970983],[-49.085531,-24.971803]]}},{"type":"Feature","properties":{"rod":"BR476","trecho":"476BPR0036","km_ini":2.3,"km_fim":53.3,"sentido":"ambos","de":"FINAL P. DUPLA ADRIANÓPOLIS","para":"ENTR. PR-340 (NÃO PAV.) (P/ CERRO AZUL)","municipio":"Adrianópolis","situacao":"PAV","pista":"Simples","resp":"DNIT","reg":"S.R. Leste","juris":"Federal"},"geometry":{"type":"LineString","coordinates":[[-48.989333,-24.666508],[-48.988215,-24.667577],[-48.987762,-24.667874],[-48.986677,-24.668353],[-48.98535,-24.669264],[-48.985104,-24.669662],[-48.984932,-24.670142],[-48.984966,-24.670614],[-48.985285,-24.671509],[-48.98503,-24.67308],[-48.985072,-24.673606],[-48.985554,-24.674679],[-48.987089,-24.676079],[-48.988055,-24.67668],[-48.988369,-24.677033],[-48.988677,-24.677558],[-48.988469,-24.678585],[-48.988774,-24.679022],[-48.989316,-24.679344],[-48.989629,-24.679689],[-48.989942,-24.681635],[-48.990785,-24.682438],[-48.990952,-24.682951],[-48.991265,-24.683346],[-48.991797,-24.683436],[-48.992368,-24.683313],[-48.992851,-24.683622],[-48.993791,-24.684893],[-48.994042,-24.685381],[-48.994075,-24.68588],[-48.994311,-24.686279],[-48.994654,-24.686609],[-48.994862,-24.687036],[-48.994891,-24.687562],[-48.995126,-24.68804],[-48.995665,-24.688331],[-48.996545,-24.688954],[-48.997179,-24.689075],[-48.997454,-24.689505],[-48.997233,-24.690011],[-48.997296,-24.690526],[-48.997952,-24.691426],[-48.998383,-24.691637],[-49.00196,-24.692704],[-49.002525,-24.692944],[-49.003554,-24.692604],[-49.004026,-24.692772],[-49.004047,-24.693284],[-49.003908,-24.693826],[-49.004027,-24.694255],[-49.004476,-24.695269],[-49.005405,-24.69663],[-49.005444,-24.697141],[-49.00566,-24.697556],[-49.006185,-24.697694],[-49.007822,-24.69777],[-49.008408,-24.698015],[-49.008833,-24.698351],[-49.009164,-24.699392],[-49.009444,-24.699888],[-49.00987,-24.700064],[-49.011607,-24.70044],[-49.011925,-24.700855],[-49.012202,-24.702397],[-49.012042,-24.703301],[-49.011819,-24.703865],[-49.011377,-24.704296],[-49.010784,-24.704452],[-49.009674,-24.704495],[-49.009545,-24.704974],[-49.009736,-24.706186],[-49.010264,-24.707015],[-49.010449,-24.707541],[-49.010405,-24.70814],[-49.010647,-24.70905],[-49.010554,-24.709537],[-49.010257,-24.70995],[-49.009846,-24.710257],[-49.008418,-24.710941],[-49.00803,-24.711304],[-49.008107,-24.712374],[-49.007316,-24.713645],[-49.006848,-24.71405],[-49.006333,-24.71437],[-49.006282,-24.715498],[-49.006036,-24.715918],[-49.005559,-24.71634],[-49.004969,-24.716534],[-49.004423,-24.716459],[-49.003937,-24.716291],[-49.003365,-24.716351],[-49.002281,-24.716044],[-49.001198,-24.716057],[-49.000654,-24.716215],[-49.00056,-24.716649],[-49.000897,-24.717047],[-49.001471,-24.717257],[-49.001884,-24.717564],[-49.002111,-24.7181],[-49.002503,-24.718516],[-49.002538,-24.718982],[-49.001665,-24.719546],[-49.001699,-24.720517],[-49.001287,-24.720856],[-49.000805,-24.721036],[-49.000398,-24.721348],[-48.999769,-24.722611],[-48.999348,-24.72295],[-48.998157,-24.722886],[-48.997649,-24.723169],[-48.997107,-24.723314],[-48.996385,-24.724043],[-48.995832,-24.72427],[-48.994787,-24.724212],[-48.994163,-24.72425],[-48.993629,-24.72452],[-48.993197,-24.724949],[-48.992207,-24.725251],[-48.991745,-24.726196],[-48.99093,-24.726908],[-48.989812,-24.727502],[-48.989281,-24.727634],[-48.988738,-24.727657],[-48.988297,-24.727841],[-48.988194,-24.728818],[-48.987771,-24.729708],[-48.987087,-24.732201],[-48.986816,-24.732721],[-48.985735,-24.733128],[-48.984245,-24.734728],[-48.984135,-24.735224],[-48.984518,-24.735637],[-48.985014,-24.735417],[-48.985434,-24.735091],[-48.985951,-24.734971],[-48.986478,-24.735124],[-48.986802,-24.735503],[-48.9868,-24.73597],[-48.986955,-24.736393],[-48.987399,-24.736573],[-48.988548,-24.736362],[-48.988978,-24.736656],[-48.989229,-24.73715],[-48.989064,-24.737637],[-48.988622,-24.738039],[-48.988334,-24.738464],[-48.987918,-24.739437],[-48.988005,-24.739999],[-48.987984,-24.740541],[-48.988343,-24.74154],[-48.988811,-24.742372],[-48.988925,-24.742903],[-48.98839,-24.744386],[-48.988518,-24.744885],[-48.988811,-24.745238],[-48.988986,-24.745691],[-48.98909,-24.746198],[-48.989127,-24.747251],[-48.98977,-24.748205],[-48.989767,-24.748766],[-48.989602,-24.749703],[-48.989878,-24.750238],[-48.990364,-24.75056],[-48.991469,-24.750515],[-48.992102,-24.750609],[-48.992553,-24.750979],[-48.992684,-24.751504],[-48.992825,-24.753045],[-48.993084,-24.753531],[-48.993405,-24.753918],[-48.993924,-24.75403],[-48.995125,-24.753825],[-48.995696,-24.75398],[-48.995994,-24.75437],[-48.996052,-24.754922],[-48.996497,-24.755756],[-48.996858,-24.756059],[-48.997328,-24.756257],[-48.997948,-24.756415],[-48.999111,-24.756378],[-48.999622,-24.75661],[-49.000012,-24.757613],[-49.000405,-24.757982],[-49.000897,-24.758036],[-49.001201,-24.757641],[-49.001383,-24.757167],[-49.001827,-24.756872],[-49.002268,-24.755997],[-49.002776,-24.755906],[-49.003136,-24.756268],[-49.003437,-24.756712],[-49.003963,-24.75687],[-49.00505,-24.756964],[-49.005572,-24.75717],[-49.00576,-24.757641],[-49.006024,-24.758039],[-49.006567,-24.758298],[-49.006863,-24.758754],[-49.006975,-24.759311],[-49.007387,-24.759533],[-49.009014,-24.760035],[-49.009826,-24.759426],[-49.010383,-24.759535],[-49.010907,-24.759492],[-49.011374,-24.759165],[-49.011633,-24.758676],[-49.012006,-24.758191],[-49.012579,-24.758075],[-49.012983,-24.758448],[-49.013153,-24.75902],[-49.014381,-24.760815],[-49.014443,-24.761318],[-49.014612,-24.761808],[-49.015662,-24.762393],[-49.016093,-24.762824],[-49.016298,-24.763284],[-49.016394,-24.763772],[-49.017028,-24.764596],[-49.0171,-24.765092],[-49.01703,-24.765573],[-49.016405,-24.766569],[-49.016277,-24.767093],[-49.016718,-24.767393],[-49.017171,-24.76725],[-49.017588,-24.766894],[-49.018136,-24.766766],[-49.018645,-24.766983],[-49.020944,-24.767239],[-49.021176,-24.767665],[-49.021268,-24.768223],[-49.021731,-24.7685],[-49.023278,-24.767981],[-49.02441,-24.767968],[-49.024957,-24.76789],[-49.025522,-24.768102],[-49.026136,-24.768184],[-49.026657,-24.768429],[-49.027359,-24.769195],[-49.02789,-24.769407],[-49.028467,-24.769474],[-49.029026,-24.769632],[-49.029307,-24.770025],[-49.029495,-24.770517],[-49.029581,-24.771014],[-49.029628,-24.771593],[-49.029504,-24.772049],[-49.028496,-24.772353],[-49.028192,-24.772782],[-49.02771,-24.77307],[-49.02737,-24.773431],[-49.027185,-24.773987],[-49.026725,-24.774143],[-49.026208,-24.774204],[-49.025882,-24.774548],[-49.025861,-24.775038],[-49.026729,-24.776501],[-49.027116,-24.776948],[-49.027961,-24.777757],[-49.029417,-24.778791],[-49.029568,-24.779221],[-49.029209,-24.779512],[-49.02862,-24.779602],[-49.028042,-24.779597],[-49.026923,-24.779353],[-49.026137,-24.778728],[-49.025692,-24.77888],[-49.02565,-24.779326],[-49.026062,-24.779666],[-49.027037,-24.780134],[-49.027592,-24.78024],[-49.02995,-24.780363],[-49.030496,-24.780659],[-49.03086,-24.781656],[-49.031324,-24.78183],[-49.03187,-24.781617],[-49.03247,-24.781636],[-49.032875,-24.782027],[-49.033415,-24.782954],[-49.033803,-24.783341],[-49.034282,-24.783611],[-49.034452,-24.784055],[-49.033743,-24.784847],[-49.033725,-24.785287],[-49.034094,-24.785676],[-49.034179,-24.78615],[-49.03403,-24.786647],[-49.034219,-24.787152],[-49.034754,-24.787386],[-49.035699,-24.787157],[-49.036358,-24.787202],[-49.03686,-24.787443],[-49.037178,-24.788458],[-49.037549,-24.788735],[-49.038011,-24.788911],[-49.038533,-24.789796],[-49.039014,-24.789915],[-49.040179,-24.789955],[-49.040609,-24.790224],[-49.040783,-24.790666],[-49.041244,-24.792238],[-49.041498,-24.792727],[-49.041554,-24.793229],[-49.041329,-24.793712],[-49.04126,-24.794207],[-49.041962,-24.795014],[-49.042135,-24.79549],[-49.041837,-24.798219],[-49.041728,-24.798781],[-49.041093,-24.799497],[-49.04068,-24.799809],[-49.039639,-24.800346],[-49.039278,-24.800709],[-49.039405,-24.801152],[-49.040864,-24.803203],[-49.040961,-24.803649],[-49.040816,-24.804225],[-49.040576,-24.804628],[-49.040509,-24.805064],[-49.04066,-24.80551],[-49.041728,-24.806588],[-49.041934,-24.807046],[-49.042149,-24.808608],[-49.042136,-24.809115],[-49.041875,-24.809548],[-49.041514,-24.809928],[-49.040592,-24.810483],[-49.040357,-24.810905],[-49.040283,-24.811939],[-49.040582,-24.812349],[-49.040726,-24.8128],[-49.040337,-24.813673],[-49.040221,-24.814132],[-49.040316,-24.814594],[-49.041341,-24.818013],[-49.041956,-24.818888],[-49.044213,-24.821229],[-49.044515,-24.822335],[-49.044737,-24.822862],[-49.04514,-24.823191],[-49.045649,-24.823361],[-49.04615,-24.824172],[-49.046611,-24.824358],[-49.047756,-24.824482],[-49.048277,-24.824653],[-49.048479,-24.825105],[-49.047961,-24.826532],[-49.047872,-24.827009],[-49.048996,-24.833447],[-49.049138,-24.833891],[-49.050602,-24.835936],[-49.051623,-24.838334],[-49.051817,-24.838886],[-49.051772,-24.840604],[-49.051886,-24.841102],[-49.052908,-24.841586],[-49.053621,-24.842358],[-49.055854,-24.842709],[-49.0572,-24.843856],[-49.057925,-24.844613],[-49.05804,-24.845056],[-49.057475,-24.848867],[-49.056686,-24.850634],[-49.056651,-24.85109],[-49.056746,-24.851537],[-49.057649,-24.853495],[-49.057575,-24.854017],[-49.056978,-24.854955],[-49.057053,-24.855431],[-49.057838,-24.85667],[-49.058022,-24.857092],[-49.058046,-24.857662],[-49.058206,-24.858149],[-49.059627,-24.859077],[-49.060177,-24.859086],[-49.060604,-24.859374],[-49.060601,-24.859879],[-49.059763,-24.860505],[-49.059575,-24.860916],[-49.059412,-24.862271],[-49.06088,-24.875063],[-49.061161,-24.875581],[-49.061486,-24.875913],[-49.063185,-24.877232],[-49.063543,-24.877618],[-49.064142,-24.879255],[-49.065749,-24.882964],[-49.065991,-24.883438],[-49.066309,-24.883805],[-49.06674,-24.884035],[-49.067278,-24.884183],[-49.075187,-24.88615],[-49.075671,-24.886386],[-49.076035,-24.886743],[-49.078312,-24.890064],[-49.078579,-24.890569],[-49.078797,-24.891663],[-49.078991,-24.892204],[-49.080975,-24.896092],[-49.081302,-24.896595],[-49.083695,-24.89798],[-49.084175,-24.898186],[-49.086903,-24.899014],[-49.087477,-24.899089],[-49.088651,-24.898718],[-49.089239,-24.898696],[-49.090975,-24.899015],[-49.091487,-24.899247],[-49.092307,-24.899875],[-49.092482,-24.900883],[-49.093005,-24.901102],[-49.094063,-24.901303],[-49.094471,-24.901602],[-49.094864,-24.901929],[-49.09509,-24.902334],[-49.095126,-24.902794],[-49.095418,-24.903174],[-49.096206,-24.903775],[-49.096681,-24.903633],[-49.097011,-24.903237],[-49.097482,-24.903129],[-49.097962,-24.903408],[-49.098448,-24.903468],[-49.098942,-24.903309],[-49.099415,-24.903439],[-49.09964,-24.903928],[-49.099658,-24.90492],[-49.09933,-24.905827],[-49.099099,-24.906248],[-49.098326,-24.906839],[-49.097374,-24.90807],[-49.096962,-24.908458],[-49.096025,-24.909117],[-49.094857,-24.910383],[-49.094048,-24.911143],[-49.093806,-24.911572],[-49.093752,-24.912065],[-49.093781,-24.91261],[-49.094456,-24.913472],[-49.094811,-24.913865],[-49.095316,-24.913938],[-49.09565,-24.913579],[-49.096151,-24.912609],[-49.096268,-24.912116],[-49.096491,-24.911684],[-49.096993,-24.911656],[-49.097455,-24.911932],[-49.097559,-24.912391],[-49.09686,-24.913112],[-49.096937,-24.913564],[-49.098142,-24.914633],[-49.098384,-24.915149],[-49.098832,-24.91682],[-49.099101,-24.917346],[-49.099272,-24.917898],[-49.099273,-24.918363],[-49.099108,-24.919394],[-49.099534,-24.919679],[-49.099994,-24.91945],[-49.100054,-24.918923],[-49.100221,-24.918504],[-49.100779,-24.917663],[-49.100874,-24.917068],[-49.100696,-24.916558],[-49.100309,-24.916117],[-49.100465,-24.91561],[-49.101035,-24.915378],[-49.101582,-24.915526],[-49.101733,-24.916046],[-49.101504,-24.916594],[-49.10138,-24.917146],[-49.101402,-24.917646],[-49.101221,-24.918663],[-49.101383,-24.919817],[-49.10087,-24.920704],[-49.100537,-24.9211],[-49.1001,-24.921281],[-49.098319,-24.921053],[-49.097689,-24.920904],[-49.09719,-24.921093],[-49.097087,-24.921518],[-49.09711,-24.922655],[-49.097031,-24.92323],[-49.096479,-24.924722],[-49.096432,-24.926283],[-49.096594,-24.926769],[-49.097321,-24.928202],[-49.097429,-24.928658],[-49.097242,-24.929216],[-49.096055,-24.930231],[-49.095548,-24.930432],[-49.094961,-24.930418],[-49.09439,-24.930543],[-49.093922,-24.93088],[-49.093667,-24.931367],[-49.093415,-24.933113],[-49.092997,-24.934187],[-49.093026,-24.934661],[-49.093953,-24.935181],[-49.094141,-24.935671],[-49.093819,-24.944181],[-49.093565,-24.945169],[-49.09375,-24.945738],[-49.094254,-24.946071],[-49.095254,-24.946362],[-49.096204,-24.946801],[-49.0967,-24.946947],[-49.098374,-24.946921],[-49.098861,-24.94724],[-49.099468,-24.948024],[-49.099663,-24.948489],[-49.0997,-24.949013],[-49.099471,-24.953881],[-49.099198,-24.954285],[-49.098825,-24.954643],[-49.098779,-24.955151],[-49.098855,-24.955731],[-49.09872,-24.956298],[-49.098403,-24.956787],[-49.097936,-24.957138],[-49.097374,-24.957358],[-49.096179,-24.957551],[-49.095844,-24.957908],[-49.095991,-24.958427],[-49.096906,-24.958967]]}},{"type":"Feature","properties":{"rod":"BR476","trecho":"476BPR0030","km_ini":0.0,"km_fim":0.9,"sentido":"ambos","de":"DIV SP/PR (CABEÇEIRA NORTE DA PONTE S/ RIO RIBEIRA)","para":"INÍCIO P. DUPLA ADRIANÓPOLIS","municipio":"Adrianópolis","situacao":"PAV","pista":"Simples","resp":"DNIT","reg":"S.R. Leste","juris":"Federal"},"geometry":{"type":"LineString","coordinates":[[-49.002625,-24.656706],[-49.001892,-24.656941],[-48.997489,-24.65647],[-48.994864,-24.656533]]}},{"type":"Feature","properties":{"rod":"PR340","trecho":"340N0070EPR","km_ini":100.08,"km_fim":129.66,"sentido":"ambos","de":"ENTR. BR-476 (TUNAS DO`PARANÁ)","para":"CERRO AZUL (A)","municipio":"Tunas do Paraná","situacao":"NPV","pista":"Simples","resp":"DER SR1","reg":"S.R. Leste","juris":"Estadual"},"geometry":{"type":"LineString","coordinates":[[-49.096906,-24.958967],[-49.097239,-24.958761],[-49.098237,-24.95842],[-49.098774,-24.958318],[-49.099326,-24.958349],[-49.099865,-24.958283],[-49.100783,-24.957893],[-49.102351,-24.957604],[-49.104435,-24.956137],[-49.104951,-24.956017],[-49.107481,-24.956404],[-49.107799,-24.95606],[-49.107971,-24.955609],[-49.108032,-24.955119],[-49.10807,-24.954652],[-49.107842,-24.953308],[-49.108805,-24.953235],[-49.109164,-24.952912],[-49.109887,-24.951661],[-49.109996,-24.95118],[-49.109968,-24.950689],[-49.110204,-24.949808],[-49.110664,-24.948981],[-49.110516,-24.948504],[-49.109802,-24.947755],[-49.109951,-24.947365],[-49.110616,-24.94656],[-49.111139,-24.946442],[-49.112697,-24.946535],[-49.112837,-24.946123],[-49.112764,-24.945657],[-49.112882,-24.945223],[-49.113361,-24.945198],[-49.11435,-24.945385],[-49.114856,-24.945328],[-49.115336,-24.94511],[-49.115722,-24.94473],[-49.116238,-24.943852],[-49.1166,-24.942954],[-49.116859,-24.942541],[-49.116882,-24.941557],[-49.116779,-24.94107],[-49.116439,-24.940682],[-49.116576,-24.940298],[-49.117053,-24.94051],[-49.117448,-24.940874],[-49.117753,-24.941288],[-49.118611,-24.940938],[-49.119643,-24.940786],[-49.120065,-24.940546],[-49.120542,-24.940416],[-49.121014,-24.940676],[-49.121334,-24.941038],[-49.121833,-24.941843],[-49.122842,-24.942113],[-49.123349,-24.94212],[-49.124363,-24.941718],[-49.124856,-24.941606],[-49.125355,-24.941633],[-49.126066,-24.94237],[-49.126474,-24.942652],[-49.126943,-24.94275],[-49.127891,-24.942339],[-49.128851,-24.941753],[-49.129151,-24.94137],[-49.129379,-24.940892],[-49.12978,-24.94055],[-49.130845,-24.940252],[-49.131306,-24.940029],[-49.131887,-24.939208],[-49.132053,-24.938726],[-49.132419,-24.938402],[-49.134479,-24.937801],[-49.13484,-24.93748],[-49.135398,-24.936646],[-49.135931,-24.936506],[-49.136468,-24.936608],[-49.137436,-24.93706],[-49.137972,-24.937206],[-49.139119,-24.937292],[-49.139601,-24.937064],[-49.139921,-24.936627],[-49.140287,-24.936321],[-49.140714,-24.936132],[-49.141488,-24.936721],[-49.141957,-24.936856],[-49.142489,-24.936878],[-49.143007,-24.936737],[-49.143339,-24.935831],[-49.14366,-24.935488],[-49.144727,-24.935519],[-49.145119,-24.935257],[-49.145168,-24.934312],[-49.146182,-24.933261],[-49.146486,-24.932851],[-49.146913,-24.932553],[-49.147151,-24.932089],[-49.148085,-24.931584],[-49.148474,-24.930739],[-49.148544,-24.930232],[-49.149006,-24.930111],[-49.1496,-24.930244],[-49.150073,-24.930457],[-49.150503,-24.930397],[-49.150361,-24.929885],[-49.149828,-24.928947],[-49.149708,-24.928523],[-49.14936,-24.928179],[-49.148862,-24.928016],[-49.148513,-24.927698],[-49.148319,-24.927239],[-49.147981,-24.92685],[-49.147923,-24.926368],[-49.147651,-24.925944],[-49.147763,-24.925514],[-49.148008,-24.925104],[-49.148381,-24.924792],[-49.148838,-24.924548],[-49.14858,-24.924219],[-49.147112,-24.923729],[-49.146766,-24.923397],[-49.146193,-24.922511],[-49.145899,-24.921493],[-49.14607,-24.920469],[-49.145613,-24.91904],[-49.145589,-24.918514],[-49.145682,-24.917984],[-49.145884,-24.91757],[-49.147599,-24.915722],[-49.149668,-24.914261],[-49.150202,-24.914136],[-49.150743,-24.914103],[-49.151827,-24.914137],[-49.152304,-24.913914],[-49.153511,-24.912941],[-49.153813,-24.912561],[-49.154232,-24.911202],[-49.154588,-24.910832],[-49.154742,-24.910365],[-49.154769,-24.909844],[-49.154953,-24.909407],[-49.155701,-24.908118],[-49.156951,-24.90716],[-49.157198,-24.906757],[-49.156922,-24.905882],[-49.157081,-24.905437],[-49.157472,-24.90515],[-49.158442,-24.904691],[-49.158895,-24.904527],[-49.159395,-24.90456],[-49.159853,-24.904392],[-49.161442,-24.903115],[-49.161903,-24.90222],[-49.162465,-24.901384],[-49.162827,-24.901031],[-49.163323,-24.900999],[-49.16385,-24.90116],[-49.164317,-24.901438],[-49.165837,-24.902799],[-49.166284,-24.903087],[-49.166752,-24.903143],[-49.168846,-24.902645],[-49.170495,-24.902836],[-49.171972,-24.902217],[-49.173808,-24.901258],[-49.175042,-24.900376],[-49.175942,-24.899877],[-49.176466,-24.899788],[-49.176887,-24.899927],[-49.177535,-24.900473],[-49.177855,-24.900402],[-49.177879,-24.899952],[-49.177538,-24.899039],[-49.177626,-24.898523],[-49.178466,-24.897246],[-49.178616,-24.896296],[-49.17922,-24.895552],[-49.18044,-24.894613],[-49.181355,-24.893387],[-49.181589,-24.892479],[-49.18158,-24.891976],[-49.18205,-24.891112],[-49.182354,-24.890218],[-49.182355,-24.889213],[-49.182542,-24.888788],[-49.183224,-24.888053],[-49.184216,-24.88638],[-49.184596,-24.886083],[-49.185086,-24.885848],[-49.185469,-24.885512],[-49.185744,-24.885111],[-49.185867,-24.884145],[-49.185667,-24.883689],[-49.185711,-24.883283],[-49.186201,-24.883229],[-49.186573,-24.883536],[-49.186685,-24.884015],[-49.186659,-24.884494],[-49.187117,-24.88452],[-49.187391,-24.884089],[-49.18778,-24.883202],[-49.188136,-24.882853],[-49.189105,-24.882847],[-49.190215,-24.881912],[-49.190683,-24.881717],[-49.191204,-24.8816],[-49.191708,-24.881702],[-49.192145,-24.881594],[-49.192234,-24.88111],[-49.192632,-24.880826],[-49.192808,-24.880394],[-49.192614,-24.879958],[-49.192309,-24.879573],[-49.192496,-24.87921],[-49.192979,-24.878956],[-49.193259,-24.87854],[-49.193626,-24.878233],[-49.194723,-24.878052],[-49.195699,-24.878164],[-49.196178,-24.877348],[-49.19663,-24.877159],[-49.196978,-24.876835],[-49.196769,-24.87642],[-49.19461,-24.875034],[-49.194248,-24.874666],[-49.194199,-24.874216],[-49.194536,-24.873961],[-49.194778,-24.873612],[-49.194561,-24.873216],[-49.194214,-24.87283],[-49.193435,-24.872137],[-49.193613,-24.871744],[-49.194031,-24.871537],[-49.193894,-24.870592],[-49.194093,-24.869622],[-49.194603,-24.868769],[-49.195004,-24.868569],[-49.195508,-24.868665],[-49.195642,-24.86822],[-49.195615,-24.867774],[-49.195911,-24.867353],[-49.196415,-24.867329],[-49.196749,-24.867101],[-49.196616,-24.866647],[-49.196636,-24.86613],[-49.197148,-24.86531],[-49.197577,-24.865001],[-49.197901,-24.864654],[-49.198362,-24.864629],[-49.198522,-24.865054],[-49.198841,-24.86538],[-49.199218,-24.865154],[-49.199499,-24.86419],[-49.199441,-24.863711],[-49.199613,-24.863261],[-49.200051,-24.863027],[-49.201074,-24.863285],[-49.201339,-24.862877],[-49.200962,-24.862536],[-49.200725,-24.8621],[-49.200676,-24.861585],[-49.200728,-24.861142],[-49.201248,-24.861142],[-49.201787,-24.86124],[-49.203356,-24.861228],[-49.203522,-24.860832],[-49.20276,-24.860105],[-49.202471,-24.859698],[-49.202733,-24.859336],[-49.203621,-24.858847],[-49.203738,-24.858405],[-49.203703,-24.857953],[-49.203459,-24.857025],[-49.203725,-24.856652],[-49.204853,-24.856821],[-49.205409,-24.856755],[-49.205994,-24.856822],[-49.206484,-24.856772],[-49.20726,-24.85614],[-49.207377,-24.855694],[-49.207331,-24.855223],[-49.20701,-24.854799],[-49.206829,-24.854364],[-49.207005,-24.853933],[-49.20788,-24.853916],[-49.208294,-24.853636],[-49.20924,-24.85321],[-49.210157,-24.852886],[-49.211149,-24.85275],[-49.211637,-24.852547],[-49.211988,-24.852179],[-49.212422,-24.851889],[-49.212948,-24.851747],[-49.213778,-24.85111],[-49.214662,-24.850669],[-49.216914,-24.850668],[-49.217425,-24.850849],[-49.217948,-24.850812],[-49.219841,-24.849875],[-49.221799,-24.849096],[-49.223673,-24.848249],[-49.224436,-24.847625],[-49.22597,-24.846992],[-49.226709,-24.846207],[-49.227146,-24.84598],[-49.228858,-24.846011],[-49.2294,-24.845836],[-49.229892,-24.845819],[-49.230831,-24.845312],[-49.231877,-24.844932],[-49.232273,-24.844607],[-49.232739,-24.844388],[-49.233234,-24.844275],[-49.233879,-24.843594],[-49.233988,-24.843149],[-49.234271,-24.842786],[-49.235359,-24.842666],[-49.23634,-24.842312],[-49.236689,-24.841944],[-49.236947,-24.840901],[-49.236912,-24.840456],[-49.236706,-24.839993],[-49.237152,-24.83982],[-49.237608,-24.840072],[-49.238259,-24.840871],[-49.238737,-24.84105],[-49.23977,-24.840831],[-49.240297,-24.840808],[-49.240544,-24.840432],[-49.240521,-24.83994],[-49.240802,-24.839531],[-49.24132,-24.839455],[-49.242183,-24.838828],[-49.242289,-24.83791],[-49.242648,-24.837486],[-49.24286,-24.836976],[-49.243517,-24.83619],[-49.24373,-24.83576],[-49.244092,-24.835453],[-49.244372,-24.835021],[-49.244391,-24.834066],[-49.244786,-24.833191],[-49.2452,-24.8329],[-49.245532,-24.8325],[-49.245648,-24.832047],[-49.247115,-24.831604],[-49.248542,-24.831005],[-49.248927,-24.830675],[-49.249065,-24.830235],[-49.249423,-24.829944],[-49.249874,-24.830047],[-49.250314,-24.830289],[-49.250827,-24.8302],[-49.251272,-24.829927],[-49.251508,-24.828987],[-49.252198,-24.827606],[-49.252139,-24.827155],[-49.252574,-24.826921],[-49.254166,-24.826687],[-49.254365,-24.826241],[-49.254641,-24.825857],[-49.255101,-24.825693],[-49.258716,-24.825683],[-49.258875,-24.825739]]}},{"type":"Feature","properties":{"rod":"PR092","trecho":"092S0060EPR","km_ini":33.61,"km_fim":83.0,"sentido":"ambos","de":"R. BRANCO DO SUL (R. 7 DE ABRIL)","para":"CERRO AZUL (A)","municipio":"Cerro Azul","situacao":"PAV","pista":"Simples","resp":"DER SR1","reg":"S.R. Leste","juris":"Estadual"},"geometry":{"type":"LineString","coordinates":[[-49.321158,-25.171689],[-49.32152,-25.171299],[-49.321687,-25.170811],[-49.321846,-25.169308],[-49.321779,-25.168819],[-49.321128,-25.168021],[-49.320417,-25.165912],[-49.320365,-25.165371],[-49.321149,-25.163752],[-49.321455,-25.162711],[-49.321967,-25.161761],[-49.322232,-25.161352],[-49.322748,-25.16109],[-49.323991,-25.160922],[-49.324639,-25.160906],[-49.325244,-25.161039],[-49.325755,-25.160899],[-49.326224,-25.160641],[-49.326725,-25.160471],[-49.32784,-25.160661],[-49.328303,-25.160377],[-49.328596,-25.159933],[-49.328672,-25.159406],[-49.328615,-25.158381],[-49.328416,-25.157954],[-49.327763,-25.157137],[-49.326481,-25.154817],[-49.326314,-25.154306],[-49.326437,-25.153798],[-49.326854,-25.153437],[-49.327484,-25.153307],[-49.328586,-25.153209],[-49.329014,-25.152969],[-49.329211,-25.152557],[-49.329502,-25.151478],[-49.329876,-25.151151],[-49.33159,-25.150915],[-49.332384,-25.150331],[-49.332662,-25.149921],[-49.332479,-25.149481],[-49.332072,-25.149115],[-49.331914,-25.148635],[-49.332223,-25.148182],[-49.333213,-25.147596],[-49.335216,-25.146729],[-49.335712,-25.146384],[-49.33641,-25.145627],[-49.337075,-25.142188],[-49.337705,-25.141257],[-49.339744,-25.139368],[-49.340288,-25.139034],[-49.340776,-25.138845],[-49.342865,-25.1384],[-49.343425,-25.138247],[-49.34394,-25.137985],[-49.344411,-25.137666],[-49.344715,-25.137232],[-49.345013,-25.136243],[-49.345263,-25.135731],[-49.34675,-25.134369],[-49.347287,-25.134092],[-49.34791,-25.133896],[-49.349378,-25.133167],[-49.351091,-25.132606],[-49.351584,-25.132256],[-49.352352,-25.131502],[-49.35249,-25.131086],[-49.352617,-25.130009],[-49.352952,-25.128582],[-49.352589,-25.127658],[-49.35233,-25.12661],[-49.352426,-25.125464],[-49.352692,-25.12504],[-49.354302,-25.12472],[-49.354732,-25.124409],[-49.354921,-25.123935],[-49.355417,-25.121932],[-49.356309,-25.120781],[-49.357607,-25.119847],[-49.358618,-25.118695],[-49.359143,-25.118325],[-49.359671,-25.118128],[-49.361064,-25.117292],[-49.361345,-25.116867],[-49.361281,-25.115814],[-49.361561,-25.115294],[-49.362073,-25.11493],[-49.362677,-25.114056],[-49.36311,-25.113649],[-49.363349,-25.113182],[-49.363827,-25.112861],[-49.364656,-25.112079],[-49.365122,-25.111856],[-49.365337,-25.110721],[-49.365137,-25.109751],[-49.365235,-25.109212],[-49.365711,-25.108245],[-49.366973,-25.107154],[-49.367475,-25.106872],[-49.368019,-25.106769],[-49.368493,-25.106454],[-49.368731,-25.105997],[-49.369799,-25.105851],[-49.369991,-25.104905],[-49.370187,-25.10448],[-49.370543,-25.104132],[-49.37101,-25.104052],[-49.371322,-25.103129],[-49.371676,-25.102834],[-49.372692,-25.103176],[-49.373502,-25.103811],[-49.374055,-25.103795],[-49.374449,-25.103507],[-49.375579,-25.103264],[-49.376161,-25.103235],[-49.376712,-25.103083],[-49.377571,-25.102475],[-49.377569,-25.102022],[-49.37708,-25.101159],[-49.377242,-25.100712],[-49.377633,-25.100313],[-49.377771,-25.099794],[-49.377514,-25.099289],[-49.376721,-25.09843],[-49.376534,-25.097928],[-49.376718,-25.097435],[-49.377038,-25.096902],[-49.377196,-25.095906],[-49.37686,-25.095579],[-49.376311,-25.095586],[-49.375731,-25.095745],[-49.375163,-25.095755],[-49.374678,-25.095396],[-49.374182,-25.0945],[-49.37408,-25.094049],[-49.374406,-25.093127],[-49.375663,-25.090868],[-49.375724,-25.090338],[-49.375287,-25.08931],[-49.37517,-25.08873],[-49.374879,-25.084706],[-49.374726,-25.084285],[-49.373601,-25.082543],[-49.373257,-25.082198],[-49.37164,-25.081699],[-49.371238,-25.081304],[-49.370935,-25.080811],[-49.370507,-25.080492],[-49.370334,-25.080063],[-49.370388,-25.079523],[-49.370533,-25.079056],[-49.370798,-25.07864],[-49.371342,-25.078509],[-49.371851,-25.07873],[-49.372414,-25.078812],[-49.373099,-25.078141],[-49.373583,-25.078032],[-49.373981,-25.077682],[-49.373946,-25.077222],[-49.374194,-25.076848],[-49.37473,-25.076888],[-49.375229,-25.077111],[-49.375774,-25.076974],[-49.376041,-25.075985],[-49.376413,-25.075569],[-49.37758,-25.075171],[-49.378055,-25.074895],[-49.378331,-25.074408],[-49.378701,-25.073959],[-49.378954,-25.073452],[-49.378988,-25.072879],[-49.378244,-25.070521],[-49.375811,-25.066939],[-49.375664,-25.066425],[-49.375925,-25.065344],[-49.375955,-25.064807],[-49.375634,-25.063847],[-49.37558,-25.063382],[-49.374478,-25.060652],[-49.37423,-25.060169],[-49.373188,-25.059495],[-49.372714,-25.059287],[-49.372181,-25.059159],[-49.370625,-25.058891],[-49.370028,-25.057945],[-49.369783,-25.057405],[-49.369706,-25.056868],[-49.36908,-25.05487],[-49.368733,-25.054459],[-49.368467,-25.05396],[-49.367959,-25.052563],[-49.36743,-25.051728],[-49.367141,-25.050818],[-49.365995,-25.04904],[-49.365399,-25.047387],[-49.36483,-25.04608],[-49.364301,-25.045212],[-49.363948,-25.044224],[-49.363683,-25.043715],[-49.361731,-25.040826],[-49.361479,-25.039825],[-49.360612,-25.037933],[-49.360403,-25.035889],[-49.358415,-25.03288],[-49.357671,-25.030464],[-49.35744,-25.030006],[-49.355945,-25.028543],[-49.355625,-25.02811],[-49.354976,-25.026847],[-49.354388,-25.02599],[-49.353686,-25.025269],[-49.353182,-25.02501],[-49.35279,-25.024682],[-49.352538,-25.024265],[-49.351402,-25.023081],[-49.350682,-25.021824],[-49.348932,-25.019922],[-49.348524,-25.01849],[-49.348274,-25.018019],[-49.347594,-25.017171],[-49.347234,-25.016805],[-49.346673,-25.016603],[-49.343872,-25.015992],[-49.343409,-25.015674],[-49.3427,-25.01487],[-49.342266,-25.014542],[-49.342165,-25.014061],[-49.342676,-25.013198],[-49.34304,-25.012228],[-49.34286,-25.011767],[-49.342425,-25.011479],[-49.339635,-25.010263],[-49.337717,-25.010405],[-49.337259,-25.01026],[-49.335113,-25.008116],[-49.334414,-25.007233],[-49.334052,-25.006906],[-49.333606,-25.006705],[-49.333005,-25.006602],[-49.331403,-25.006556],[-49.331112,-25.006195],[-49.331198,-25.005714],[-49.331051,-25.005247],[-49.330761,-25.004826],[-49.33064,-25.004319],[-49.330332,-25.00389],[-49.330234,-25.003394],[-49.330353,-25.002876],[-49.330364,-25.002364],[-49.329483,-25.001803],[-49.328217,-25.00083],[-49.327945,-25.00043],[-49.32779,-24.999991],[-49.327797,-24.999447],[-49.327961,-24.998363],[-49.32863,-24.996413],[-49.328686,-24.995851],[-49.328537,-24.994825],[-49.328673,-24.99433],[-49.328531,-24.993839],[-49.32821,-24.993343],[-49.328072,-24.992362],[-49.327782,-24.991906],[-49.327418,-24.991517],[-49.327214,-24.991062],[-49.326906,-24.98953],[-49.32663,-24.989111],[-49.325908,-24.988429],[-49.323758,-24.98705],[-49.323427,-24.986631],[-49.323794,-24.985616],[-49.323376,-24.984608],[-49.322551,-24.983324],[-49.322583,-24.982818],[-49.322468,-24.982363],[-49.322126,-24.981921],[-49.32199,-24.981409],[-49.322198,-24.980912],[-49.322285,-24.98046],[-49.321405,-24.97972],[-49.320825,-24.978672],[-49.320599,-24.977641],[-49.320421,-24.977176],[-49.320024,-24.976834],[-49.319013,-24.975622],[-49.318845,-24.975069],[-49.318916,-24.974559],[-49.318435,-24.973647],[-49.318072,-24.973301],[-49.31755,-24.973203],[-49.317019,-24.973233],[-49.316633,-24.972981],[-49.316477,-24.972524],[-49.315859,-24.971765],[-49.316232,-24.970826],[-49.316223,-24.970348],[-49.315923,-24.969944],[-49.315167,-24.969184],[-49.314877,-24.968715],[-49.314448,-24.968354],[-49.313505,-24.967866],[-49.313193,-24.967426],[-49.312863,-24.966352],[-49.312586,-24.965873],[-49.312185,-24.965469],[-49.310449,-24.965003],[-49.309848,-24.964921],[-49.30925,-24.964996],[-49.308673,-24.964853],[-49.307619,-24.963596],[-49.307539,-24.963104],[-49.307738,-24.962642],[-49.307756,-24.962127],[-49.307624,-24.9616],[-49.307303,-24.961106],[-49.306814,-24.960732],[-49.306131,-24.959932],[-49.306005,-24.959459],[-49.305998,-24.958897],[-49.305752,-24.958368],[-49.305702,-24.957814],[-49.30587,-24.957278],[-49.305699,-24.956791],[-49.305398,-24.956319],[-49.304595,-24.955712],[-49.304181,-24.954161],[-49.304126,-24.953609],[-49.304187,-24.953051],[-49.303778,-24.951613],[-49.303527,-24.951218],[-49.303354,-24.950676],[-49.303501,-24.949555],[-49.303308,-24.947818],[-49.303442,-24.946735],[-49.30325,-24.946287],[-49.302321,-24.945685],[-49.301822,-24.945518],[-49.30125,-24.945583],[-49.300232,-24.94529],[-49.299645,-24.94533],[-49.299165,-24.945111],[-49.298954,-24.944717],[-49.299037,-24.944189],[-49.297713,-24.943253],[-49.297584,-24.942771],[-49.298186,-24.941932],[-49.298104,-24.941468],[-49.297743,-24.941088],[-49.296617,-24.94091],[-49.296069,-24.939989],[-49.295644,-24.93965],[-49.294142,-24.938925],[-49.293951,-24.938462],[-49.293946,-24.937456],[-49.293868,-24.936986],[-49.293649,-24.93655],[-49.293298,-24.936219],[-49.291835,-24.935343],[-49.291246,-24.935067],[-49.290923,-24.934605],[-49.290934,-24.934076],[-49.290501,-24.93319],[-49.290693,-24.932748],[-49.291733,-24.932578],[-49.292385,-24.931781],[-49.292862,-24.931513],[-49.293372,-24.931355],[-49.293762,-24.931063],[-49.293628,-24.930615],[-49.293138,-24.929683],[-49.293057,-24.929228],[-49.293161,-24.928786],[-49.29356,-24.928348],[-49.293774,-24.927909],[-49.293479,-24.927512],[-49.292902,-24.92739],[-49.292354,-24.927446],[-49.292033,-24.927092],[-49.292031,-24.926547],[-49.291786,-24.92551],[-49.291546,-24.925077],[-49.290669,-24.924371],[-49.290636,-24.923209],[-49.29078,-24.92273],[-49.29103,-24.92227],[-49.290971,-24.921804],[-49.290806,-24.921289],[-49.28995,-24.920518],[-49.29,-24.919984],[-49.290457,-24.919637],[-49.29069,-24.919231],[-49.29036,-24.918879],[-49.289839,-24.9186],[-49.289439,-24.918194],[-49.289192,-24.917663],[-49.289066,-24.917113],[-49.289125,-24.916559],[-49.288486,-24.915621],[-49.288436,-24.914595],[-49.287958,-24.912968],[-49.287999,-24.911806],[-49.28795,-24.911235],[-49.287698,-24.910193],[-49.287683,-24.909296],[-49.287222,-24.908355],[-49.287356,-24.907892],[-49.287215,-24.907401],[-49.286824,-24.906996],[-49.286327,-24.906662],[-49.28593,-24.906215],[-49.285398,-24.905911],[-49.2843,-24.905943],[-49.283974,-24.905577],[-49.283932,-24.90368],[-49.283389,-24.902793],[-49.283519,-24.90233],[-49.284227,-24.90152],[-49.284486,-24.901096],[-49.284606,-24.9006],[-49.285221,-24.89966],[-49.285923,-24.898802],[-49.286329,-24.89848],[-49.287254,-24.897948],[-49.28707,-24.896335],[-49.286455,-24.895343],[-49.286435,-24.894787],[-49.286326,-24.894334],[-49.285845,-24.894211],[-49.285333,-24.894208],[-49.285041,-24.893837],[-49.28502,-24.893277],[-49.285132,-24.8927],[-49.285457,-24.892208],[-49.285656,-24.891683],[-49.285502,-24.89112],[-49.285013,-24.890332],[-49.285065,-24.889239],[-49.285407,-24.887261],[-49.285433,-24.886283],[-49.285352,-24.885745],[-49.285485,-24.885225],[-49.285486,-24.884695],[-49.28513,-24.883693],[-49.285111,-24.883124],[-49.285231,-24.882574],[-49.285888,-24.880966],[-49.285925,-24.879963],[-49.286103,-24.879527],[-49.286141,-24.879],[-49.285552,-24.878129],[-49.28539,-24.877675],[-49.285435,-24.877194],[-49.285346,-24.875599],[-49.285505,-24.875022],[-49.285576,-24.874042],[-49.284793,-24.87334],[-49.284233,-24.872497],[-49.283798,-24.872324],[-49.283288,-24.87247],[-49.282782,-24.872425],[-49.282505,-24.872042],[-49.282681,-24.871141],[-49.282025,-24.870393],[-49.282507,-24.869515],[-49.282277,-24.867908],[-49.282446,-24.867432],[-49.282971,-24.866516],[-49.283915,-24.865342],[-49.284041,-24.864944],[-49.283601,-24.864723],[-49.283029,-24.864908],[-49.281454,-24.865753],[-49.280828,-24.865897],[-49.28034,-24.86589],[-49.279792,-24.865732],[-49.279525,-24.865306],[-49.279498,-24.864746],[-49.279987,-24.863789],[-49.280021,-24.863226],[-49.279674,-24.861603],[-49.279393,-24.861116],[-49.278859,-24.860982],[-49.278247,-24.861057],[-49.277793,-24.860841],[-49.277037,-24.859977],[-49.277026,-24.859482],[-49.277947,-24.858875],[-49.27826,-24.857987],[-49.278591,-24.857555],[-49.278603,-24.857106],[-49.278483,-24.856652],[-49.27806,-24.856263],[-49.27762,-24.856051],[-49.276745,-24.855389],[-49.27587,-24.854948],[-49.275092,-24.854281],[-49.274801,-24.85387],[-49.274664,-24.852858],[-49.274466,-24.852309],[-49.274574,-24.851775],[-49.275115,-24.850823],[-49.274877,-24.850353],[-49.27439,-24.850173],[-49.273166,-24.849889],[-49.272617,-24.849599],[-49.272392,-24.849214],[-49.272278,-24.848102],[-49.272066,-24.847155],[-49.272118,-24.845616],[-49.271995,-24.845127],[-49.271608,-24.844213],[-49.271376,-24.843192],[-49.271721,-24.842826],[-49.272241,-24.842836],[-49.272873,-24.842048],[-49.273096,-24.841541],[-49.273223,-24.840963],[-49.273342,-24.840379],[-49.273351,-24.839796],[-49.273202,-24.838389],[-49.273114,-24.837932],[-49.272931,-24.837502],[-49.272686,-24.837116],[-49.272252,-24.836778],[-49.271647,-24.836633]]}},{"type":"Feature","properties":{"rod":"PR092","trecho":"092S0030EPR","km_ini":15.12,"km_fim":21.4,"sentido":"ambos","de":"ENTR. PR-509 (ALMIRANTE TAMANDARÉ)","para":"ACESSO TRANQUEIRA","municipio":"Almirante Tamandaré","situacao":"PAV","pista":"Simples","resp":"DER SR1","reg":"S.R. Leste","juris":"Estadual"},"geometry":{"type":"LineString","coordinates":[[-49.302792,-25.313989],[-49.303462,-25.312537],[-49.303706,-25.311433],[-49.303711,-25.310477],[-49.303534,-25.308813],[-49.30356,-25.30824],[-49.303817,-25.307711],[-49.304521,-25.306692],[-49.30464,-25.30612],[-49.302846,-25.296877],[-49.302849,-25.295824],[-49.303482,-25.294238],[-49.305464,-25.289927],[-49.305856,-25.289464],[-49.306369,-25.289111],[-49.307509,-25.288505],[-49.307797,-25.2881],[-49.307835,-25.287584],[-49.307579,-25.287086],[-49.30508,-25.284008],[-49.304583,-25.283174],[-49.304101,-25.281825],[-49.303409,-25.279076],[-49.30329,-25.278448],[-49.303324,-25.277868],[-49.303562,-25.27669],[-49.303568,-25.275471],[-49.302931,-25.263189],[-49.302531,-25.260489]]}},{"type":"Feature","properties":{"rod":"PR092","trecho":"092S0035EPR","km_ini":21.4,"km_fim":26.27,"sentido":"ambos","de":"ACESSO TRANQUEIRA","para":"ENTR. PR-800 (AC. ITAPERUÇU)","municipio":"Almirante Tamandaré","situacao":"PAV","pista":"Simples","resp":"DER SR1","reg":"S.R. Leste","juris":"Estadual"},"geometry":{"type":"LineString","coordinates":[[-49.302531,-25.260489],[-49.300543,-25.248285],[-49.300013,-25.246801],[-49.297829,-25.24269],[-49.297649,-25.24217],[-49.297611,-25.241609],[-49.298191,-25.236054],[-49.298112,-25.235548],[-49.297884,-25.235054],[-49.296933,-25.233632],[-49.296768,-25.233096],[-49.296727,-25.232524],[-49.296827,-25.231949],[-49.297072,-25.231401],[-49.297446,-25.230905],[-49.2989,-25.229623],[-49.299333,-25.229105],[-49.302165,-25.225021],[-49.302721,-25.223553],[-49.30335,-25.219283]]}},{"type":"Feature","properties":{"rod":"PR092","trecho":"092S0040EPR","km_ini":26.27,"km_fim":29.41,"sentido":"ambos","de":"ENTR. PR-800 (AC. ITAPERUÇU)","para":"RIO BRANCO DO SUL (A) (VIADUTO LINHA FÉRREA)","municipio":"Rio Branco do Sul","situacao":"PAV","pista":"Simples","resp":"DER SR1","reg":"S.R. Leste","juris":"Estadual"},"geometry":{"type":"LineString","coordinates":[[-49.30335,-25.219283],[-49.303491,-25.21823],[-49.30345,-25.216549],[-49.303722,-25.216004],[-49.305237,-25.214769],[-49.305738,-25.214511],[-49.306292,-25.214456],[-49.307961,-25.214818],[-49.30844,-25.214711],[-49.308901,-25.214355],[-49.30916,-25.213852],[-49.309345,-25.213265],[-49.309677,-25.211354],[-49.309882,-25.210794],[-49.311364,-25.208718],[-49.311564,-25.208079],[-49.311665,-25.206998],[-49.311638,-25.206387],[-49.311415,-25.205813],[-49.31,-25.203628],[-49.309792,-25.202732],[-49.309682,-25.200704],[-49.310175,-25.197607],[-49.310407,-25.197052],[-49.311314,-25.196194]]}},{"type":"Feature","properties":{"rod":"PR092","trecho":"092S0050EPR","km_ini":30.95,"km_fim":33.61,"sentido":"ambos","de":"RIO BRANCO SUL (B) (FÁB. VOTORAN)","para":"R. BRANCO DO SUL (R. 7 DE ABRIL)","municipio":"Rio Branco do Sul","situacao":"PAV","pista":"Simples","resp":"DER SR1","reg":"S.R. Leste","juris":"Estadual"},"geometry":{"type":"LineString","coordinates":[[-49.323169,-25.190733],[-49.323293,-25.189622],[-49.323194,-25.189118],[-49.323409,-25.188153],[-49.322985,-25.187911],[-49.321961,-25.18752],[-49.321477,-25.187254],[-49.321087,-25.18692],[-49.32039,-25.186197],[-49.320162,-25.185693],[-49.320175,-25.185201],[-49.320382,-25.184778],[-49.319966,-25.184517],[-49.318997,-25.184231],[-49.318643,-25.183878],[-49.318434,-25.183437],[-49.318479,-25.182971],[-49.318739,-25.182579],[-49.319935,-25.181579],[-49.320259,-25.181194],[-49.320778,-25.18029],[-49.320875,-25.17978],[-49.320822,-25.179282],[-49.320605,-25.178818],[-49.320261,-25.178438],[-49.319275,-25.17772],[-49.319099,-25.177232],[-49.319372,-25.176786],[-49.321293,-25.174919],[-49.321568,-25.174496],[-49.321736,-25.173905],[-49.321705,-25.173381],[-49.321328,-25.172455],[-49.321158,-25.171689]]}},{"type":"Feature","properties":{"rod":"BR116","trecho":"116BPR2803","km_ini":170.6,"km_fim":194.8,"sentido":"ambos","de":"ACESSO QUITANDINHA","para":"ENTR. PR-427 (CAMPO DO TENENTE)","municipio":"Quitandinha","situacao":"PAV","pista":"Simples","resp":"CONC. FED.","reg":"Xisto","juris":"Federal"},"geometry":{"type":"LineString","coordinates":[[-49.486678,-25.875492],[-49.487861,-25.875704],[-49.488537,-25.875955],[-49.489116,-25.876344],[-49.493392,-25.88027],[-49.494563,-25.880957],[-49.499551,-25.883403],[-49.503174,-25.885877],[-49.503815,-25.88616],[-49.504325,-25.886284],[-49.512413,-25.88771],[-49.513903,-25.888097],[-49.514777,-25.888593],[-49.523424,-25.89433],[-49.524382,-25.894793],[-49.524882,-25.894898],[-49.525589,-25.894923],[-49.526226,-25.894812],[-49.526872,-25.894569],[-49.532841,-25.891733],[-49.533478,-25.891448],[-49.534161,-25.891255],[-49.534873,-25.891206],[-49.535564,-25.89131],[-49.536194,-25.891494],[-49.543075,-25.893654],[-49.557358,-25.899156],[-49.557932,-25.899284],[-49.558488,-25.899295],[-49.561041,-25.899151],[-49.561691,-25.899214],[-49.562292,-25.89939],[-49.562838,-25.899666],[-49.564375,-25.900823],[-49.568004,-25.902704],[-49.574278,-25.906437],[-49.575614,-25.907026],[-49.586533,-25.909371],[-49.58712,-25.90956],[-49.587664,-25.909851],[-49.589106,-25.910951],[-49.58962,-25.911241],[-49.590156,-25.911412],[-49.590702,-25.911487],[-49.592545,-25.911469],[-49.593229,-25.911542],[-49.593883,-25.91175],[-49.594468,-25.912062],[-49.600913,-25.917364],[-49.601475,-25.917701],[-49.602154,-25.917937],[-49.602879,-25.918019],[-49.603556,-25.917959],[-49.604144,-25.91779],[-49.604653,-25.917531],[-49.606507,-25.916331],[-49.607079,-25.916016],[-49.607572,-25.915848],[-49.608125,-25.915745],[-49.608703,-25.915736],[-49.609295,-25.915833],[-49.609847,-25.916033],[-49.612555,-25.917684],[-49.620981,-25.923168],[-49.621428,-25.923465],[-49.622209,-25.924154],[-49.628436,-25.930487],[-49.628878,-25.930776],[-49.629893,-25.931131],[-49.632083,-25.931205],[-49.633112,-25.931427],[-49.633579,-25.931652],[-49.636733,-25.933623],[-49.637532,-25.934303],[-49.637824,-25.934739],[-49.638024,-25.935225],[-49.638112,-25.935729],[-49.638018,-25.939913],[-49.638149,-25.940427],[-49.638384,-25.940904],[-49.644385,-25.947995],[-49.646232,-25.950291],[-49.659654,-25.971255],[-49.661872,-25.974936],[-49.662021,-25.975576],[-49.661957,-25.976512],[-49.661781,-25.976964],[-49.660754,-25.978717],[-49.660561,-25.979197],[-49.660462,-25.979694],[-49.660554,-25.980686],[-49.660739,-25.981154],[-49.66102,-25.981594],[-49.66139,-25.981982],[-49.662272,-25.982538],[-49.663718,-25.983146],[-49.664206,-25.983488],[-49.664622,-25.983932],[-49.664938,-25.984451],[-49.665141,-25.985054],[-49.665388,-25.987718],[-49.667169,-25.994203]]}},{"type":"Feature","properties":{"rod":"BR116","trecho":"116BPR2800","km_ini":156.3,"km_fim":170.6,"sentido":"ambos","de":"ENTR. PR-419 (AREIA BRANCA)","para":"ACESSO QUITANDINHA","municipio":"Mandirituba","situacao":"PAV","pista":"Simples","resp":"CONC. FED.","reg":"S.R. Leste","juris":"Federal"},"geometry":{"type":"LineString","coordinates":[[-49.361883,-25.862211],[-49.363979,-25.866544],[-49.364511,-25.867506],[-49.365256,-25.868287],[-49.365697,-25.868586],[-49.366713,-25.869061],[-49.367217,-25.869179],[-49.368389,-25.869191],[-49.369464,-25.86903],[-49.369978,-25.868846],[-49.371501,-25.867999],[-49.372114,-25.867821],[-49.372769,-25.867752],[-49.375731,-25.868013],[-49.376735,-25.867959],[-49.378116,-25.867547],[-49.383673,-25.865267],[-49.38481,-25.865151],[-49.386679,-25.865256],[-49.387287,-25.865215],[-49.396092,-25.86382],[-49.397455,-25.863521],[-49.403867,-25.8618],[-49.404891,-25.861632],[-49.405616,-25.861687],[-49.406289,-25.861882],[-49.406886,-25.862204],[-49.411542,-25.865767],[-49.412144,-25.866081],[-49.41279,-25.866259],[-49.413423,-25.866293],[-49.414072,-25.866204],[-49.414715,-25.865973],[-49.417,-25.864749],[-49.418099,-25.86444],[-49.418687,-25.864393],[-49.419283,-25.864416],[-49.422937,-25.864902],[-49.428436,-25.864365],[-49.430407,-25.864261],[-49.431498,-25.864509],[-49.432028,-25.864751],[-49.433828,-25.865934],[-49.434319,-25.866163],[-49.43538,-25.866389],[-49.436546,-25.866309],[-49.443924,-25.865216],[-49.445061,-25.86516],[-49.446109,-25.865295],[-49.450063,-25.866021],[-49.451182,-25.866371],[-49.454718,-25.868396],[-49.467331,-25.874842],[-49.468497,-25.875293],[-49.469652,-25.875471],[-49.470791,-25.875383],[-49.476961,-25.873962],[-49.477617,-25.873911],[-49.478248,-25.873983],[-49.482734,-25.87511],[-49.486678,-25.875492]]}},{"type":"Feature","properties":{"rod":"BR476","trecho":"476BPR0095(b)","km_ini":172.9,"km_fim":182.8,"sentido":"ambos","de":"FINAL PISTA DUPLA (CONTENDA)","para":"ENTR. PR-512 (P/ BALSA NOVA)","municipio":"Contenda","situacao":"PAV","pista":"Simples","resp":"DNIT","reg":"Xisto","juris":"Federal"},"geometry":{"type":"LineString","coordinates":[[-49.536192,-25.686147],[-49.539321,-25.689051],[-49.539792,-25.689407],[-49.540361,-25.68965],[-49.543039,-25.690247],[-49.555153,-25.695148],[-49.556281,-25.695404],[-49.560975,-25.696125],[-49.562164,-25.696156],[-49.564995,-25.696028],[-49.566,-25.696214],[-49.57243,-25.699457],[-49.573308,-25.700068],[-49.575609,-25.702245],[-49.576515,-25.702755],[-49.577578,-25.702952],[-49.581562,-25.702893],[-49.582635,-25.703102],[-49.584112,-25.703677],[-49.585089,-25.703932],[-49.587164,-25.703901],[-49.587865,-25.70408],[-49.589459,-25.705378],[-49.59114,-25.706552],[-49.591697,-25.706899],[-49.592304,-25.707035],[-49.594085,-25.706921],[-49.598204,-25.707116],[-49.598823,-25.707186],[-49.599404,-25.707385],[-49.599888,-25.707748],[-49.60129,-25.709788],[-49.601741,-25.71019],[-49.60232,-25.710413],[-49.604776,-25.71037],[-49.605301,-25.710425],[-49.605751,-25.710637],[-49.606126,-25.711118],[-49.606474,-25.712564],[-49.60677,-25.712988],[-49.609714,-25.715883],[-49.610145,-25.716195],[-49.610628,-25.716401],[-49.614003,-25.716841],[-49.6151,-25.716874],[-49.615694,-25.716698],[-49.61628,-25.716421],[-49.621442,-25.713761],[-49.622037,-25.713611]]}},{"type":"Feature","properties":{"rod":"BR476","trecho":"476BPR0095(c)","km_ini":182.8,"km_fim":183.41,"sentido":"ambos","de":"ENTR. PR-512 (P/ BALSA NOVA)","para":"INÍCIO OBRA DE DUPLICAÇÃO","municipio":"Lapa","situacao":"PAV","pista":"Simples","resp":"DNIT","reg":"Xisto","juris":"Federal"},"geometry":{"type":"LineString","coordinates":[[-49.622037,-25.713611],[-49.622854,-25.713555],[-49.623604,-25.713594],[-49.636186,-25.714399],[-49.63684,-25.714545],[-49.637457,-25.714815],[-49.640156,-25.716656]]}},{"type":"Feature","properties":{"rod":"BR476","trecho":"476BPR0095(d)","km_ini":183.41,"km_fim":185.31,"sentido":"ambos","de":"INÍCIO OBRA DE DUPLICAÇÃO","para":"FINAL OBRA DE DUPLICAÇÃO","municipio":"","situacao":"EOD","pista":"Simples","resp":"DNIT","reg":"Xisto","juris":"Federal"},"geometry":{"type":"LineString","coordinates":[[-49.640156,-25.716656],[-49.64222,-25.718075],[-49.64277,-25.718334],[-49.643348,-25.718398],[-49.645589,-25.717858]]}},{"type":"Feature","properties":{"rod":"BR476","trecho":"476BPR0095(e)","km_ini":185.31,"km_fim":195.8,"sentido":"ambos","de":"FINAL OBRA DE DUPLICAÇÃO","para":"ENTR. PR-428(PLAN.) (ACESSO LAPA)","municipio":"","situacao":"PAV","pista":"Simples","resp":"DNIT","reg":"Xisto","juris":"Federal"},"geometry":{"type":"LineString","coordinates":[[-49.645589,-25.717858],[-49.648167,-25.717193],[-49.649257,-25.717253],[-49.654095,-25.717952],[-49.658102,-25.719305],[-49.659178,-25.719524],[-49.660349,-25.719567],[-49.677771,-25.71852],[-49.67895,-25.718244],[-49.684601,-25.716091],[-49.685169,-25.715926],[-49.685778,-25.715876],[-49.686388,-25.715974],[-49.686937,-25.716182],[-49.696296,-25.720199],[-49.696802,-25.720464],[-49.697233,-25.720827],[-49.697543,-25.721284],[-49.69906,-25.724423],[-49.699361,-25.724802],[-49.69973,-25.725112],[-49.699982,-25.725526],[-49.700167,-25.726001],[-49.700152,-25.726597],[-49.700293,-25.727148],[-49.701217,-25.729129],[-49.70174,-25.72999],[-49.702854,-25.731271],[-49.703405,-25.731589],[-49.703916,-25.731655],[-49.704416,-25.731518],[-49.704839,-25.73122],[-49.705612,-25.730494],[-49.706236,-25.730327],[-49.707261,-25.73024],[-49.707803,-25.730238],[-49.708312,-25.730347],[-49.708762,-25.73057],[-49.709129,-25.730903],[-49.70941,-25.731369],[-49.710568,-25.735698],[-49.710523,-25.736816],[-49.710005,-25.738723],[-49.710013,-25.739298],[-49.710245,-25.739778],[-49.719774,-25.748178],[-49.72411,-25.751891],[-49.724322,-25.752208]]}},{"type":"Feature","properties":{"rod":"PR419","trecho":"419S0010EPR","km_ini":0.0,"km_fim":16.26,"sentido":"ambos","de":"ENTR. BR-116 (AREIA BRANCA)","para":"AC. AGUDOS DO SUL","municipio":"Agudos do Sul","situacao":"PAV","pista":"Simples","resp":"DER SR1","reg":"S.R. Leste","juris":"Estadual"},"geometry":{"type":"LineString","coordinates":[[-49.361883,-25.862211],[-49.360521,-25.863169],[-49.359521,-25.863656],[-49.358225,-25.863896],[-49.356082,-25.864097],[-49.354873,-25.864414],[-49.354263,-25.86476],[-49.353799,-25.865169],[-49.353439,-25.865613],[-49.353015,-25.866576],[-49.352959,-25.867664],[-49.353156,-25.870267],[-49.353417,-25.873183],[-49.353576,-25.873766],[-49.354178,-25.874843],[-49.354621,-25.875321],[-49.357009,-25.877478],[-49.357385,-25.877989],[-49.357597,-25.878587],[-49.357617,-25.879231],[-49.357427,-25.879844],[-49.35637,-25.881544],[-49.356126,-25.88212],[-49.356043,-25.882709],[-49.356112,-25.8833],[-49.356346,-25.883896],[-49.356724,-25.884419],[-49.357241,-25.88488],[-49.360173,-25.886747],[-49.360867,-25.887424],[-49.361206,-25.888058],[-49.361337,-25.888529],[-49.361339,-25.889522],[-49.360557,-25.895439],[-49.360455,-25.895944],[-49.360058,-25.896944],[-49.359479,-25.897776],[-49.359035,-25.898234],[-49.358073,-25.898935],[-49.355445,-25.900022],[-49.352782,-25.900981],[-49.352248,-25.901284],[-49.351801,-25.90172],[-49.351488,-25.902278],[-49.35136,-25.902929],[-49.351391,-25.904844],[-49.351196,-25.905793],[-49.35097,-25.906257],[-49.349587,-25.908299],[-49.349255,-25.909017],[-49.349104,-25.909533],[-49.348982,-25.910656],[-49.348987,-25.913435],[-49.349296,-25.914425],[-49.349575,-25.914895],[-49.351055,-25.916698],[-49.351679,-25.917717],[-49.352916,-25.92041],[-49.354377,-25.922853],[-49.355744,-25.926358],[-49.357388,-25.929448],[-49.357751,-25.930364],[-49.357907,-25.931357],[-49.357853,-25.932301],[-49.355768,-25.940209],[-49.355642,-25.941319],[-49.355903,-25.942226],[-49.356176,-25.942669],[-49.358267,-25.945085],[-49.358633,-25.94566],[-49.358808,-25.946622],[-49.358891,-25.949728],[-49.358648,-25.950339],[-49.358163,-25.95086],[-49.356992,-25.951878],[-49.356644,-25.952289],[-49.355046,-25.95509],[-49.354673,-25.955438],[-49.351797,-25.957275],[-49.351397,-25.957614],[-49.351081,-25.958016],[-49.34983,-25.96029],[-49.349474,-25.96064],[-49.347621,-25.961722],[-49.346758,-25.962368],[-49.344796,-25.96451],[-49.344479,-25.964948],[-49.343763,-25.966286],[-49.342138,-25.967675],[-49.341827,-25.968104],[-49.341107,-25.969454],[-49.340382,-25.971818],[-49.338466,-25.975048],[-49.337935,-25.976384],[-49.336814,-25.980645],[-49.336781,-25.981777],[-49.337031,-25.984781]]}},{"type":"Feature","properties":{"rod":"PR281","trecho":"281S0040EPR","km_ini":33.82,"km_fim":34.03,"sentido":"ambos","de":"ENTR. PR-419","para":"AC. PRINCIPAL AGUDOS DO SUL","municipio":"","situacao":"PAV","pista":"Simples","resp":"DER SR1","reg":"S.R. Leste","juris":"Estadual"},"geometry":{"type":"LineString","coordinates":[[-49.337031,-25.984781],[-49.337233,-25.985906],[-49.337556,-25.986597]]}},{"type":"Feature","properties":{"rod":"PR151","trecho":"151S0370EPR","km_ini":377.22,"km_fim":423.7,"sentido":"ambos","de":"ENTR. BR-277","para":"AC. SÃO JOÃO DO TRIUNFO","municipio":"Palmeira","situacao":"PAV","pista":"Simples","resp":"DER SR1","reg":"Xisto","juris":"Estadual"},"geometry":{"type":"LineString","coordinates":[[-49.994894,-25.434958],[-49.994814,-25.435059],[-49.995037,-25.438199],[-49.995154,-25.438691],[-49.99624,-25.440893],[-49.996377,-25.442522],[-49.996348,-25.443466],[-49.996223,-25.443929],[-49.995258,-25.445685],[-49.995201,-25.446285],[-49.995479,-25.44682],[-49.996734,-25.448414],[-49.996967,-25.448829],[-49.997367,-25.450245],[-49.998781,-25.452454],[-49.998887,-25.452906],[-49.998942,-25.453869],[-49.999438,-25.455294],[-49.999713,-25.455684],[-50.000093,-25.455997],[-50.001514,-25.456595],[-50.001867,-25.456911],[-50.003016,-25.458565],[-50.005051,-25.460473],[-50.0057,-25.460748],[-50.008097,-25.460959],[-50.008593,-25.460947],[-50.009258,-25.460696],[-50.010505,-25.459831],[-50.011152,-25.459634],[-50.011799,-25.459698],[-50.012384,-25.460023],[-50.014795,-25.462499],[-50.015645,-25.463245],[-50.016633,-25.46379],[-50.01822,-25.464516],[-50.019572,-25.465426],[-50.020067,-25.465644],[-50.022181,-25.466278],[-50.022842,-25.466257],[-50.024038,-25.466004],[-50.024578,-25.46599],[-50.025118,-25.466173],[-50.026666,-25.467541],[-50.027627,-25.46868],[-50.028157,-25.469653],[-50.030704,-25.475272],[-50.031223,-25.47576],[-50.040535,-25.482257],[-50.041203,-25.48243],[-50.04186,-25.48226],[-50.043812,-25.481032],[-50.044424,-25.480825],[-50.05405,-25.481812],[-50.055232,-25.482167],[-50.057066,-25.48291],[-50.067577,-25.487888],[-50.068011,-25.488197],[-50.068358,-25.488573],[-50.069504,-25.490896],[-50.069935,-25.491458],[-50.0703,-25.491774],[-50.07374,-25.494005],[-50.079666,-25.498172],[-50.083818,-25.501567],[-50.086226,-25.503317],[-50.086528,-25.503697],[-50.086748,-25.504129],[-50.090674,-25.512629],[-50.091002,-25.513187],[-50.091493,-25.513673],[-50.091918,-25.513926],[-50.095652,-25.515408],[-50.096659,-25.515998],[-50.097514,-25.516791],[-50.098558,-25.518147],[-50.09914,-25.519087],[-50.099537,-25.520118],[-50.101222,-25.526184],[-50.102072,-25.530887],[-50.102231,-25.531366],[-50.102512,-25.531743],[-50.104109,-25.533091],[-50.105655,-25.534676],[-50.10596,-25.535104],[-50.10636,-25.536047],[-50.107283,-25.543415],[-50.107254,-25.543955],[-50.106791,-25.54606],[-50.106644,-25.547141],[-50.106643,-25.548273],[-50.106792,-25.549412],[-50.10761,-25.552644],[-50.107955,-25.553665],[-50.108574,-25.55462],[-50.109765,-25.555842],[-50.110692,-25.556467],[-50.112254,-25.557089],[-50.112798,-25.557199],[-50.11462,-25.557347],[-50.117411,-25.55814],[-50.124219,-25.559396],[-50.124747,-25.559582],[-50.125715,-25.560187],[-50.128189,-25.562179],[-50.129037,-25.563122],[-50.129717,-25.564194],[-50.130198,-25.565355],[-50.131383,-25.569458],[-50.131555,-25.570558],[-50.131679,-25.572193],[-50.131798,-25.572636],[-50.132209,-25.573168],[-50.140339,-25.577736],[-50.141549,-25.578242],[-50.143478,-25.578763],[-50.145647,-25.57969],[-50.146168,-25.579747],[-50.149202,-25.579528],[-50.153923,-25.578997],[-50.154442,-25.579004],[-50.155115,-25.579236],[-50.155679,-25.579661],[-50.15599,-25.580043],[-50.158703,-25.583917],[-50.159127,-25.584996],[-50.159417,-25.586139],[-50.159577,-25.587153],[-50.159504,-25.58759],[-50.159183,-25.588176],[-50.157667,-25.590104],[-50.157425,-25.590737],[-50.157358,-25.59142],[-50.157559,-25.592349],[-50.157946,-25.593224],[-50.15826,-25.593778],[-50.158751,-25.594165],[-50.159391,-25.594284],[-50.162335,-25.594246],[-50.163007,-25.594309],[-50.163685,-25.594504],[-50.164328,-25.59485],[-50.167155,-25.597308],[-50.172507,-25.601493],[-50.175829,-25.604565],[-50.17683,-25.605384],[-50.177935,-25.606045],[-50.185789,-25.610011],[-50.186223,-25.610346],[-50.186575,-25.610741],[-50.187794,-25.612508],[-50.188209,-25.612885],[-50.188699,-25.613173],[-50.197528,-25.617218],[-50.198532,-25.61777],[-50.19969,-25.618741],[-50.200712,-25.619996],[-50.201193,-25.620425],[-50.203937,-25.621829],[-50.207356,-25.624655],[-50.20816,-25.625551],[-50.210291,-25.629107],[-50.21102,-25.629976],[-50.212028,-25.630648],[-50.215425,-25.632402],[-50.222082,-25.637336],[-50.222587,-25.637563],[-50.223122,-25.637681],[-50.223678,-25.637704],[-50.226607,-25.637575],[-50.228949,-25.637321],[-50.229436,-25.637328],[-50.230095,-25.637535],[-50.230611,-25.637951],[-50.231926,-25.640089],[-50.232388,-25.640602],[-50.232917,-25.641039],[-50.233508,-25.641407],[-50.234172,-25.641696],[-50.237482,-25.64291],[-50.23836,-25.643408],[-50.238837,-25.643919],[-50.239577,-25.645144],[-50.239825,-25.64571],[-50.23981,-25.646257],[-50.239499,-25.646758],[-50.237872,-25.648223],[-50.237562,-25.648597],[-50.237374,-25.649015],[-50.23726,-25.64993],[-50.237416,-25.650585],[-50.238499,-25.652264],[-50.238959,-25.653188],[-50.239194,-25.654215],[-50.239405,-25.65578],[-50.239657,-25.65638],[-50.240172,-25.656804],[-50.24342,-25.658315],[-50.244574,-25.65875],[-50.245788,-25.659056],[-50.247991,-25.659405],[-50.248571,-25.659428],[-50.249718,-25.659278],[-50.252555,-25.658427],[-50.253613,-25.658257],[-50.254681,-25.658436],[-50.256939,-25.659235],[-50.257495,-25.659367],[-50.261153,-25.659388],[-50.262297,-25.659601],[-50.263271,-25.660125],[-50.265433,-25.662156],[-50.266494,-25.662816],[-50.267648,-25.663291],[-50.268247,-25.663456],[-50.270024,-25.663755],[-50.270501,-25.663918],[-50.273638,-25.665765],[-50.274281,-25.666044],[-50.278234,-25.667278],[-50.278783,-25.667511],[-50.279795,-25.668167],[-50.28434,-25.671977],[-50.284825,-25.67222],[-50.285362,-25.672376],[-50.287669,-25.672867],[-50.288645,-25.673287],[-50.289037,-25.673601],[-50.289335,-25.674006],[-50.290798,-25.676865],[-50.291168,-25.677236],[-50.293379,-25.678936],[-50.293973,-25.679245],[-50.296548,-25.679376],[-50.298243,-25.679543],[-50.299292,-25.679481]]}},{"type":"Feature","properties":{"rod":"PR800","trecho":"800S0010EPR","km_ini":0.0,"km_fim":4.24,"sentido":"ambos","de":"ENTR. PR-092","para":"ITAPERUÇU","municipio":"Itaperuçu","situacao":"PAV","pista":"Simples","resp":"DER SR1","reg":"S.R. Leste","juris":"Estadual"},"geometry":{"type":"LineString","coordinates":[[-49.30335,-25.219283],[-49.3037,-25.219221],[-49.304162,-25.218973],[-49.305373,-25.217705],[-49.305981,-25.217504],[-49.311755,-25.218436],[-49.31231,-25.21857],[-49.312734,-25.218788],[-49.313229,-25.219208],[-49.31391,-25.220141],[-49.314764,-25.221735],[-49.315152,-25.222104],[-49.315632,-25.222278],[-49.3167,-25.22228],[-49.317214,-25.222218],[-49.317668,-25.222041],[-49.319426,-25.220855],[-49.323276,-25.219815],[-49.32377,-25.21955],[-49.324186,-25.219176],[-49.324842,-25.218265],[-49.325234,-25.21789],[-49.325738,-25.217709],[-49.329422,-25.217667],[-49.331113,-25.21784],[-49.333346,-25.218423],[-49.335152,-25.219419],[-49.335767,-25.2194],[-49.336198,-25.219127],[-49.339131,-25.216544]]}},{"type":"Feature","properties":{"rod":"PR427","trecho":"427S0035EPR","km_ini":44.67,"km_fim":65.2,"sentido":"ambos","de":"ENTR. PR-433 (P/ ÁGUA AZUL)","para":"ACESSO PORTO AMAZONAS","municipio":"Porto Amazonas","situacao":"PAV","pista":"Simples","resp":"DER SR1","reg":"Xisto","juris":"Estadual"},"geometry":{"type":"LineString","coordinates":[[-49.810817,-25.689442],[-49.812049,-25.688332],[-49.821292,-25.678229],[-49.825094,-25.672651],[-49.825852,-25.672044],[-49.828824,-25.669983],[-49.829538,-25.669304],[-49.836443,-25.660242],[-49.836982,-25.659409],[-49.837007,-25.658967],[-49.835534,-25.655011],[-49.833829,-25.645816],[-49.831356,-25.639234],[-49.830969,-25.637764],[-49.830891,-25.636767],[-49.830963,-25.635789],[-49.832553,-25.629448],[-49.832613,-25.628506],[-49.832526,-25.62803],[-49.831384,-25.624737],[-49.830761,-25.623721],[-49.829212,-25.621971],[-49.828323,-25.620221],[-49.827942,-25.619307],[-49.827568,-25.617897],[-49.827443,-25.616915],[-49.827427,-25.615894],[-49.827619,-25.61185],[-49.827531,-25.611367],[-49.827325,-25.610907],[-49.826303,-25.609094],[-49.825922,-25.608174],[-49.825864,-25.607693],[-49.826067,-25.605756],[-49.826042,-25.605265],[-49.825511,-25.602781],[-49.825504,-25.602283],[-49.826409,-25.598825],[-49.826742,-25.597916],[-49.828375,-25.595485],[-49.83047,-25.591662],[-49.831653,-25.589969],[-49.832989,-25.58825],[-49.835437,-25.586027],[-49.836123,-25.585175],[-49.836626,-25.584245],[-49.837332,-25.582286],[-49.837779,-25.581371],[-49.838401,-25.580571],[-49.839136,-25.579841],[-49.840059,-25.57936],[-49.840578,-25.579237],[-49.844469,-25.578816],[-49.845201,-25.578816],[-49.8478,-25.579706],[-49.848359,-25.579795],[-49.849473,-25.579779],[-49.851688,-25.579507],[-49.855536,-25.57874],[-49.856577,-25.578404],[-49.857053,-25.578142],[-49.857903,-25.577478],[-49.86124,-25.57453],[-49.861683,-25.574038],[-49.863804,-25.569791],[-49.865366,-25.565742],[-49.865761,-25.565197],[-49.866144,-25.564923],[-49.866598,-25.564731],[-49.870358,-25.563638],[-49.871873,-25.563023],[-49.872765,-25.562547],[-49.873448,-25.561838],[-49.877463,-25.5569],[-49.881566,-25.553391],[-49.883913,-25.552024],[-49.884407,-25.551681],[-49.885167,-25.550963],[-49.885494,-25.550573],[-49.886034,-25.549594],[-49.886088,-25.549019],[-49.885847,-25.547999],[-49.885829,-25.547507],[-49.885946,-25.547037],[-49.886506,-25.545644]]}},{"type":"Feature","properties":{"rod":"PR281","trecho":"281S0090EPR","km_ini":146.49,"km_fim":157.64,"sentido":"ambos","de":"ANTONIO OLINTO (B)","para":"ENTR. BR-476 (A)","municipio":"","situacao":"PAV","pista":"Simples","resp":"DER SR1","reg":"Xisto","juris":"Estadual"},"geometry":{"type":"LineString","coordinates":[[-50.197369,-25.983653],[-50.197546,-25.983347],[-50.197639,-25.98279],[-50.198147,-25.976459],[-50.198532,-25.970215],[-50.199245,-25.963581],[-50.199625,-25.962495],[-50.199916,-25.961964],[-50.205231,-25.953657],[-50.206296,-25.952144],[-50.206858,-25.951159],[-50.208031,-25.946259],[-50.20811,-25.945323],[-50.207948,-25.943196],[-50.206046,-25.928967],[-50.206018,-25.928482],[-50.206133,-25.927524],[-50.206485,-25.92652],[-50.209871,-25.918494],[-50.212632,-25.913],[-50.212901,-25.912603],[-50.213249,-25.912268],[-50.216211,-25.910362],[-50.217003,-25.909704],[-50.217285,-25.909332],[-50.21815,-25.907662],[-50.220803,-25.902044],[-50.221641,-25.899558],[-50.222791,-25.893985],[-50.223517,-25.88999],[-50.223537,-25.88924]]}},{"type":"Feature","properties":{"rod":"BR153","trecho":"153BPR1445","km_ini":409.6,"km_fim":417.0,"sentido":"ambos","de":"ENTR. PR-160 (B) (PAULO FRONTIN)","para":"ENTR. BR-476 (A)","municipio":"Paulo Frontin","situacao":"PAV","pista":"Simples","resp":"DNIT","reg":"Médio Iguaçu","juris":"Federal"},"geometry":{"type":"LineString","coordinates":[[-50.824483,-26.045256],[-50.807813,-26.059608],[-50.807506,-26.059996],[-50.807331,-26.060494],[-50.806021,-26.064882],[-50.805691,-26.065259],[-50.800414,-26.06812],[-50.799911,-26.068554],[-50.797006,-26.071671],[-50.794956,-26.073399],[-50.790085,-26.075887],[-50.789529,-26.076213],[-50.789075,-26.076628],[-50.774647,-26.093089]]}},{"type":"Feature","properties":{"rod":"BR153","trecho":"153BPR1443(e)","km_ini":408.38,"km_fim":409.6,"sentido":"ambos","de":"AC. NORTE DE PAULO FRONTIN","para":"ENTR. PR-160 (B) (PAULO FRONTIN)","municipio":"","situacao":"PAV","pista":"Simples","resp":"DNIT","reg":"Médio Iguaçu","juris":"Federal"},"geometry":{"type":"LineString","coordinates":[[-50.831733,-26.037019],[-50.827832,-26.039966],[-50.827395,-26.040372],[-50.82709,-26.040836],[-50.82691,-26.04133],[-50.826476,-26.043277],[-50.826191,-26.043784],[-50.824483,-26.045256]]}},{"type":"Feature","properties":{"rod":"BR153","trecho":"153BPR1443(d)","km_ini":398.2,"km_fim":408.38,"sentido":"ambos","de":"AC. III DORIZON","para":"AC. NORTE DE PAULO FRONTIN","municipio":"Mallet","situacao":"PAV","pista":"Simples","resp":"DNIT","reg":"Médio Iguaçu","juris":"Federal"},"geometry":{"type":"LineString","coordinates":[[-50.844964,-25.950983],[-50.844703,-25.952657],[-50.843858,-25.954318],[-50.843793,-25.95496],[-50.843839,-25.957217],[-50.843737,-25.957745],[-50.842951,-25.959019],[-50.843007,-25.959479],[-50.843634,-25.960289],[-50.843853,-25.960759],[-50.843921,-25.961245],[-50.843814,-25.961722],[-50.843532,-25.9622],[-50.843093,-25.962618],[-50.840012,-25.964992],[-50.839669,-25.965447],[-50.839506,-25.96598],[-50.839116,-25.979554],[-50.83906,-25.986376],[-50.839017,-25.986977],[-50.838592,-25.988005],[-50.838481,-25.988516],[-50.838492,-25.98907],[-50.838585,-25.989585],[-50.838773,-25.990038],[-50.839071,-25.990588],[-50.839836,-25.991351],[-50.840014,-25.991893],[-50.839778,-25.992279],[-50.838784,-25.993074],[-50.838373,-25.993508],[-50.838276,-25.99395],[-50.838454,-25.994386],[-50.839316,-25.995147],[-50.839662,-25.995641],[-50.83985,-25.996204],[-50.840413,-26.002904],[-50.840458,-26.004763],[-50.840188,-26.006087],[-50.838594,-26.011789],[-50.834162,-26.024203],[-50.83408,-26.024827],[-50.834018,-26.027493],[-50.833895,-26.028048],[-50.833471,-26.028965],[-50.833508,-26.029421],[-50.834463,-26.03064],[-50.834622,-26.031145],[-50.834626,-26.031685],[-50.834228,-26.034621],[-50.833981,-26.035174],[-50.833602,-26.035631],[-50.831733,-26.037019]]}},{"type":"Feature","properties":{"rod":"BR153","trecho":"153BPR1443(c)","km_ini":396.99,"km_fim":398.2,"sentido":"ambos","de":"AC. II DORIZON","para":"AC. III DORIZON","municipio":"","situacao":"PAV","pista":"Simples","resp":"DNIT","reg":"Médio Iguaçu","juris":"Federal"},"geometry":{"type":"LineString","coordinates":[[-50.852489,-25.944031],[-50.851467,-25.94399],[-50.850879,-25.944173],[-50.849055,-25.945583],[-50.846708,-25.946667],[-50.846166,-25.946956],[-50.845739,-25.947331],[-50.845461,-25.94777],[-50.845316,-25.948231],[-50.844964,-25.950983]]}},{"type":"Feature","properties":{"rod":"BR153","trecho":"153BPR1443(b)","km_ini":394.84,"km_fim":396.99,"sentido":"ambos","de":"AC. I DORIZON","para":"AC. II DORIZON","municipio":"Mallet","situacao":"PAV","pista":"Simples","resp":"DNIT","reg":"Médio Iguaçu","juris":"Federal"},"geometry":{"type":"LineString","coordinates":[[-50.8553,-25.928422],[-50.858771,-25.932728],[-50.858953,-25.933315],[-50.858953,-25.93636],[-50.858865,-25.936827],[-50.858584,-25.937246],[-50.856477,-25.939227],[-50.856228,-25.939684],[-50.855895,-25.941276],[-50.854923,-25.942593],[-50.854557,-25.943477],[-50.854166,-25.943937],[-50.85368,-25.944125],[-50.852489,-25.944031]]}},{"type":"Feature","properties":{"rod":"BR153","trecho":"153BPR1443(a)","km_ini":390.5,"km_fim":394.84,"sentido":"ambos","de":"ENTR. PR-281(PLAN.) (AC. SUL DE MALLET)","para":"AC. I DORIZON","municipio":"Mallet","situacao":"PAV","pista":"Simples","resp":"DNIT","reg":"Médio Iguaçu","juris":"Federal"},"geometry":{"type":"LineString","coordinates":[[-50.834025,-25.89765],[-50.833631,-25.89883],[-50.833461,-25.901351],[-50.833487,-25.901811],[-50.833629,-25.902327],[-50.833906,-25.902845],[-50.840198,-25.909571],[-50.841141,-25.910559],[-50.841631,-25.910968],[-50.842638,-25.911484],[-50.846111,-25.912951],[-50.846599,-25.913208],[-50.846994,-25.913559],[-50.847274,-25.913986],[-50.847444,-25.914453],[-50.847833,-25.917016],[-50.847804,-25.918683],[-50.847968,-25.919133],[-50.849045,-25.920419],[-50.849639,-25.921454],[-50.850027,-25.921937],[-50.851539,-25.923253],[-50.854134,-25.925135],[-50.854463,-25.925528],[-50.85457,-25.925993],[-50.854518,-25.926997],[-50.854604,-25.927456],[-50.8553,-25.928422]]}},{"type":"Feature","properties":{"rod":"BR153","trecho":"153BPR1440(e)","km_ini":388.98,"km_fim":390.5,"sentido":"ambos","de":"AC. NORTE DE MALLET","para":"ENTR. PR-281(PLAN.)  (AC. SUL DE MALLET)","municipio":"Mallet","situacao":"PAV","pista":"Simples","resp":"DNIT","reg":"Médio Iguaçu","juris":"Federal"},"geometry":{"type":"LineString","coordinates":[[-50.837697,-25.884894],[-50.838199,-25.886446],[-50.838246,-25.887486],[-50.83667,-25.893722],[-50.8365,-25.894221],[-50.836002,-25.895185],[-50.834025,-25.89765]]}},{"type":"Feature","properties":{"rod":"PR281","trecho":"281N0120EPR","km_ini":206.04,"km_fim":237.4,"sentido":"ambos","de":"ENTR. BR-476(B) (FLUVIÓPOLIS)","para":"MALLET (A)","municipio":"","situacao":"NPV","pista":"Simples","resp":"DER SR1","reg":"Xisto","juris":"Estadual"},"geometry":{"type":"LineString","coordinates":[[-50.615511,-26.012419],[-50.631813,-25.98949],[-50.637323,-25.981156],[-50.647895,-25.965966],[-50.648279,-25.965477],[-50.648742,-25.965059],[-50.649736,-25.964344],[-50.652189,-25.963117],[-50.653072,-25.962516],[-50.653404,-25.962118],[-50.65365,-25.961635],[-50.653914,-25.960646],[-50.654109,-25.960209],[-50.654418,-25.959811],[-50.657514,-25.957639],[-50.65855,-25.957055],[-50.659632,-25.956557],[-50.665788,-25.954533],[-50.672625,-25.952758],[-50.673711,-25.952351],[-50.675631,-25.951433],[-50.676738,-25.95131],[-50.683545,-25.951312],[-50.683621,-25.943357],[-50.683541,-25.937788],[-50.683526,-25.924281],[-50.683713,-25.923378],[-50.684033,-25.922897],[-50.686364,-25.920964],[-50.686776,-25.920705],[-50.687348,-25.920478],[-50.687937,-25.920344],[-50.688459,-25.920318],[-50.697496,-25.920283],[-50.699291,-25.920202],[-50.70169,-25.920261],[-50.714925,-25.919858],[-50.715993,-25.919937],[-50.718641,-25.920453],[-50.719215,-25.920417],[-50.720186,-25.920003],[-50.720776,-25.919875],[-50.722451,-25.919876],[-50.722995,-25.919943],[-50.723467,-25.920101],[-50.724493,-25.920564],[-50.724969,-25.920685],[-50.725468,-25.920702],[-50.727045,-25.920564],[-50.730211,-25.919541],[-50.730771,-25.919386],[-50.731315,-25.919351],[-50.73405,-25.91974],[-50.736258,-25.91974],[-50.736755,-25.919806],[-50.737236,-25.919962],[-50.738702,-25.920695],[-50.739208,-25.920842],[-50.739726,-25.920885],[-50.740249,-25.920789],[-50.742285,-25.920077],[-50.74387,-25.919729],[-50.747309,-25.919716],[-50.747768,-25.919912],[-50.748643,-25.920648],[-50.749575,-25.921235],[-50.751574,-25.922059],[-50.752671,-25.922166],[-50.75541,-25.92136],[-50.758085,-25.920737],[-50.758575,-25.920506],[-50.759446,-25.91981],[-50.760012,-25.919666],[-50.763398,-25.919536],[-50.763933,-25.91965],[-50.764869,-25.92013],[-50.765432,-25.920337],[-50.765965,-25.920197],[-50.768806,-25.918732],[-50.770593,-25.91743],[-50.771106,-25.917224],[-50.771672,-25.917156],[-50.772263,-25.917254],[-50.773917,-25.917993],[-50.777924,-25.919492],[-50.779053,-25.919601],[-50.781418,-25.919566],[-50.781934,-25.919462],[-50.78239,-25.919224],[-50.786268,-25.916329],[-50.786702,-25.916106],[-50.787249,-25.916073],[-50.788348,-25.916166],[-50.78888,-25.916407],[-50.790443,-25.917986],[-50.792276,-25.919282],[-50.792858,-25.919462],[-50.793379,-25.919466],[-50.795026,-25.919351],[-50.795558,-25.919238],[-50.795932,-25.91885],[-50.796019,-25.91835],[-50.796049,-25.916887],[-50.795972,-25.913965],[-50.796013,-25.909452],[-50.79574,-25.902874],[-50.796081,-25.902484],[-50.79662,-25.902296],[-50.79776,-25.902235],[-50.798703,-25.901729],[-50.799274,-25.901742],[-50.800186,-25.902356],[-50.800774,-25.902302],[-50.801232,-25.901975],[-50.80177,-25.901739],[-50.80228,-25.901813],[-50.803314,-25.902188],[-50.803835,-25.902248],[-50.804347,-25.902159],[-50.807,-25.901324],[-50.807431,-25.901042],[-50.807772,-25.900663],[-50.808299,-25.899733],[-50.808352,-25.899218],[-50.808199,-25.893766],[-50.808237,-25.892809],[-50.809264,-25.887462],[-50.809594,-25.886418],[-50.811046,-25.88382],[-50.811414,-25.883538],[-50.819797,-25.883386]]}},{"type":"Feature","properties":{"rod":"PR160","trecho":"160N0515EPR","km_ini":455.86,"km_fim":474.1,"sentido":"ambos","de":"ENTR. BR-153 (B) (PAULO FRONTIN)","para":"ENTR. BR-476","municipio":"Paula Freitas","situacao":"NPV","pista":"Simples","resp":"DER SR1","reg":"Médio Iguaçu","juris":"Estadual"},"geometry":{"type":"LineString","coordinates":[[-50.824483,-26.045256],[-50.824271,-26.046681],[-50.823659,-26.049637],[-50.823676,-26.050206],[-50.82406,-26.051826],[-50.825138,-26.054398],[-50.826084,-26.057508],[-50.82613,-26.058012],[-50.825924,-26.058475],[-50.823872,-26.060956],[-50.823659,-26.061421],[-50.823035,-26.063525],[-50.819532,-26.067062],[-50.819307,-26.067571],[-50.818995,-26.069062],[-50.819194,-26.069541],[-50.820788,-26.07203],[-50.821293,-26.073068],[-50.821642,-26.073531],[-50.822116,-26.073933],[-50.823201,-26.074532],[-50.823679,-26.074902],[-50.826184,-26.078326],[-50.827493,-26.079505],[-50.828013,-26.079763],[-50.828554,-26.079922],[-50.830917,-26.080357],[-50.83138,-26.080544],[-50.831953,-26.080867],[-50.832933,-26.081575],[-50.834511,-26.08236],[-50.834852,-26.082763],[-50.835286,-26.084281],[-50.837566,-26.087194],[-50.838758,-26.088246],[-50.841314,-26.090178],[-50.843234,-26.092099],[-50.843704,-26.09245],[-50.844238,-26.09269],[-50.849394,-26.09478],[-50.849925,-26.095041],[-50.850343,-26.095405],[-50.85079,-26.096384],[-50.850949,-26.097345],[-50.851131,-26.097857],[-50.851421,-26.098278],[-50.856026,-26.102571],[-50.856448,-26.103042],[-50.859408,-26.108716],[-50.85967,-26.109138],[-50.860052,-26.109513],[-50.860921,-26.110099],[-50.862814,-26.111151],[-50.864244,-26.112044],[-50.873125,-26.118181],[-50.874522,-26.119441],[-50.878944,-26.124123],[-50.880188,-26.125337],[-50.883335,-26.127549],[-50.885845,-26.129486],[-50.886139,-26.129905],[-50.886261,-26.130398],[-50.887033,-26.134509],[-50.887184,-26.134951],[-50.888089,-26.136376],[-50.898911,-26.152105],[-50.900353,-26.154301],[-50.904762,-26.166294],[-50.905129,-26.166651],[-50.907707,-26.168482],[-50.911925,-26.171198],[-50.91257,-26.171887],[-50.912681,-26.172106]]}},{"type":"Feature","properties":{"rod":"PR170","trecho":"170S0600EPR","km_ini":507.79,"km_fim":554.06,"sentido":"ambos","de":"ENTR. PR-446 (BITURUNA)","para":"ENTR.BR-153 (JANGADA DO SUL)","municipio":"General Carneiro","situacao":"PAV","pista":"Simples","resp":"DER SR1","reg":"Médio Iguaçu","juris":"Estadual"},"geometry":{"type":"LineString","coordinates":[[-51.542803,-26.153119],[-51.54288,-26.153821],[-51.542715,-26.154346],[-51.54178,-26.156716],[-51.541321,-26.157675],[-51.540637,-26.158597],[-51.538858,-26.160445],[-51.537881,-26.161613],[-51.537003,-26.162948],[-51.535857,-26.165267],[-51.535575,-26.165705],[-51.535143,-26.166176],[-51.532322,-26.167988],[-51.531781,-26.168312],[-51.531214,-26.168534],[-51.530602,-26.168586],[-51.529357,-26.168374],[-51.528769,-26.168344],[-51.528184,-26.168477],[-51.527636,-26.168793],[-51.5262,-26.170321],[-51.525654,-26.171339],[-51.524737,-26.175158],[-51.524395,-26.176056],[-51.523835,-26.176889],[-51.521464,-26.179752],[-51.520961,-26.180572],[-51.520823,-26.18102],[-51.52076,-26.18481],[-51.520566,-26.185294],[-51.519287,-26.1863],[-51.519254,-26.186864],[-51.521938,-26.190332],[-51.522278,-26.190842],[-51.522464,-26.191434],[-51.522453,-26.192063],[-51.521876,-26.193904],[-51.521894,-26.194532],[-51.522976,-26.199182],[-51.522997,-26.199711],[-51.522728,-26.200162],[-51.521818,-26.200804],[-51.521664,-26.201313],[-51.521702,-26.203622],[-51.5216,-26.204262],[-51.520515,-26.207185],[-51.52033,-26.207812],[-51.520241,-26.208471],[-51.520259,-26.209116],[-51.520516,-26.21099],[-51.520389,-26.211606],[-51.51649,-26.218983],[-51.516221,-26.219521],[-51.516084,-26.220065],[-51.516139,-26.2206],[-51.516367,-26.221089],[-51.51674,-26.221488],[-51.517714,-26.222181],[-51.518112,-26.222649],[-51.518358,-26.223201],[-51.518369,-26.223813],[-51.518117,-26.224419],[-51.517418,-26.225374],[-51.517102,-26.22597],[-51.516985,-26.226621],[-51.516899,-26.229033],[-51.516665,-26.230014],[-51.516313,-26.230379],[-51.515182,-26.230657],[-51.514691,-26.230865],[-51.514355,-26.231294],[-51.513465,-26.233034],[-51.512722,-26.234794],[-51.512348,-26.235311],[-51.511298,-26.236081],[-51.510944,-26.236595],[-51.510051,-26.238968],[-51.509671,-26.239563],[-51.508117,-26.2413],[-51.507844,-26.241881],[-51.507724,-26.242501],[-51.507754,-26.243116],[-51.508589,-26.245547],[-51.508795,-26.246805],[-51.508401,-26.250746],[-51.5084,-26.257112],[-51.50854,-26.25841],[-51.509715,-26.263929],[-51.509797,-26.264506],[-51.509715,-26.26507],[-51.509424,-26.265559],[-51.508986,-26.265947],[-51.508431,-26.266185],[-51.507796,-26.266253],[-51.505786,-26.266105],[-51.505125,-26.266183],[-51.504503,-26.266459],[-51.500479,-26.269085],[-51.499327,-26.269945],[-51.498928,-26.270481],[-51.498656,-26.271082],[-51.496855,-26.275926],[-51.496332,-26.277049],[-51.495523,-26.277947],[-51.495035,-26.278295],[-51.493007,-26.279403],[-51.492617,-26.279785],[-51.492386,-26.280308],[-51.490855,-26.285817],[-51.49061,-26.286405],[-51.489106,-26.288608],[-51.488618,-26.289051],[-51.488047,-26.289393],[-51.487396,-26.289549],[-51.486719,-26.289533],[-51.484823,-26.288903],[-51.484172,-26.288783],[-51.483517,-26.288765],[-51.480758,-26.289203],[-51.479824,-26.289547],[-51.478948,-26.290063],[-51.471937,-26.294769],[-51.4709,-26.29572],[-51.469137,-26.297895],[-51.468265,-26.299262],[-51.467789,-26.300532],[-51.467617,-26.30164],[-51.467638,-26.30274],[-51.467899,-26.304019],[-51.469491,-26.310123],[-51.46992,-26.313524],[-51.470237,-26.314895],[-51.470795,-26.316713],[-51.470966,-26.317641],[-51.471025,-26.318607],[-51.470958,-26.319593],[-51.470777,-26.320577],[-51.470451,-26.321524],[-51.470009,-26.322414],[-51.469459,-26.323232],[-51.468464,-26.324296],[-51.458473,-26.331726],[-51.457803,-26.332414],[-51.454059,-26.336809],[-51.453089,-26.337757],[-51.451474,-26.33887],[-51.450599,-26.339344],[-51.445534,-26.341483],[-51.444917,-26.341765],[-51.444386,-26.342108],[-51.443943,-26.342539],[-51.443574,-26.343076],[-51.441256,-26.347076],[-51.440685,-26.347839],[-51.440028,-26.348545],[-51.438912,-26.349479],[-51.432704,-26.353728],[-51.432269,-26.354004],[-51.431318,-26.354382],[-51.428267,-26.354969],[-51.425738,-26.355222],[-51.42514,-26.355405],[-51.424585,-26.355684],[-51.416752,-26.36242],[-51.416282,-26.362701],[-51.415751,-26.362857],[-51.415167,-26.362863],[-51.412667,-26.362392],[-51.41019,-26.362126],[-51.40433,-26.361774],[-51.402891,-26.361499],[-51.402207,-26.361281],[-51.401294,-26.360895],[-51.399991,-26.36011],[-51.394613,-26.355578],[-51.394068,-26.355235],[-51.393448,-26.355031],[-51.39278,-26.354994],[-51.392097,-26.3551],[-51.387676,-26.356271],[-51.385959,-26.356972],[-51.380613,-26.359641],[-51.379954,-26.359889],[-51.378613,-26.360232],[-51.377223,-26.360385],[-51.375759,-26.360321],[-51.37383,-26.359881],[-51.363972,-26.356434],[-51.362218,-26.356139],[-51.360973,-26.356136],[-51.360239,-26.356218],[-51.358833,-26.356543],[-51.352443,-26.358814],[-51.351852,-26.359187],[-51.349734,-26.361369],[-51.348891,-26.361943],[-51.347956,-26.362379],[-51.344935,-26.363281],[-51.343372,-26.363609],[-51.341265,-26.363681],[-51.34023,-26.363577],[-51.334501,-26.362539],[-51.333426,-26.362457],[-51.331803,-26.362597],[-51.330225,-26.363055],[-51.326699,-26.364556],[-51.324879,-26.365582],[-51.320473,-26.368473],[-51.319538,-26.368956],[-51.319047,-26.369129],[-51.317546,-26.369427],[-51.316318,-26.369419],[-51.312173,-26.36867],[-51.31143,-26.368598],[-51.310023,-26.36868],[-51.308812,-26.36899],[-51.301984,-26.371375],[-51.300756,-26.371578],[-51.29944,-26.371656],[-51.298834,-26.371826],[-51.298301,-26.372139],[-51.2979,-26.372578],[-51.297657,-26.373112],[-51.297365,-26.37426],[-51.297076,-26.374764],[-51.29666,-26.375181],[-51.295757,-26.375877],[-51.295253,-26.37611],[-51.294682,-26.376124],[-51.293538,-26.375654],[-51.292918,-26.375484],[-51.29229,-26.375486],[-51.288025,-26.376858],[-51.287497,-26.377183],[-51.285559,-26.378868],[-51.284998,-26.379224],[-51.27986,-26.381158],[-51.276741,-26.382171],[-51.273318,-26.384616],[-51.272824,-26.38503],[-51.272244,-26.385942],[-51.272033,-26.386103]]}},{"type":"Feature","properties":{"rod":"PR170","trecho":"170S0590EPR","km_ini":490.96,"km_fim":507.79,"sentido":"ambos","de":"ENTR. PR-281 (PLAN.)","para":"ENTR. PR-446 (BITURUNA)","municipio":"Bituruna","situacao":"PAV","pista":"Simples","resp":"DER SR1","reg":"Médio Iguaçu","juris":"Estadual"},"geometry":{"type":"LineString","coordinates":[[-51.629128,-26.106083],[-51.627364,-26.108625],[-51.626097,-26.112015],[-51.625881,-26.112699],[-51.625824,-26.113358],[-51.625989,-26.113973],[-51.626352,-26.114521],[-51.629273,-26.117653],[-51.630121,-26.118744],[-51.630249,-26.119398],[-51.630123,-26.120028],[-51.629875,-26.120413],[-51.629523,-26.120756],[-51.628708,-26.121364],[-51.628068,-26.121707],[-51.626061,-26.122127],[-51.623194,-26.121997],[-51.622708,-26.122238],[-51.622423,-26.122691],[-51.621956,-26.125034],[-51.621524,-26.125426],[-51.620235,-26.125907],[-51.61974,-26.126277],[-51.618686,-26.128051],[-51.617967,-26.128867],[-51.616599,-26.130206],[-51.616341,-26.130721],[-51.616382,-26.131253],[-51.616689,-26.131738],[-51.619353,-26.134663],[-51.619396,-26.135134],[-51.618784,-26.135973],[-51.618689,-26.136425],[-51.61953,-26.138097],[-51.619552,-26.138634],[-51.619255,-26.139071],[-51.618712,-26.139311],[-51.618084,-26.13944],[-51.617464,-26.13946],[-51.615776,-26.138762],[-51.615244,-26.13884],[-51.614683,-26.139108],[-51.614229,-26.139485],[-51.614002,-26.140052],[-51.613822,-26.140946],[-51.613703,-26.141605],[-51.613733,-26.14222],[-51.614001,-26.142767],[-51.615626,-26.144735],[-51.61584,-26.14514],[-51.615961,-26.145583],[-51.615996,-26.146528],[-51.615892,-26.147201],[-51.615595,-26.147797],[-51.612682,-26.150902],[-51.61227,-26.151423],[-51.612048,-26.15204],[-51.612086,-26.153443],[-51.611928,-26.154407],[-51.611281,-26.155989],[-51.610703,-26.156987],[-51.610051,-26.157721],[-51.609675,-26.158036],[-51.605658,-26.161055],[-51.605432,-26.161538],[-51.605744,-26.163256],[-51.605513,-26.1638],[-51.603852,-26.165723],[-51.60309,-26.166365],[-51.601986,-26.166904],[-51.600114,-26.167587],[-51.599693,-26.16795],[-51.599522,-26.168488],[-51.599558,-26.169681],[-51.599284,-26.170216],[-51.598749,-26.170644],[-51.597351,-26.171506],[-51.596537,-26.17218],[-51.595959,-26.173002],[-51.595127,-26.17486],[-51.594482,-26.175623],[-51.593398,-26.176521],[-51.592816,-26.176781],[-51.592166,-26.176784],[-51.591578,-26.176507],[-51.590589,-26.175251],[-51.590245,-26.174923],[-51.587513,-26.173149],[-51.586905,-26.172318],[-51.586414,-26.172099],[-51.58512,-26.172072],[-51.584514,-26.171989],[-51.584073,-26.17164],[-51.583935,-26.171148],[-51.584037,-26.170676],[-51.583995,-26.170088],[-51.583607,-26.169798],[-51.581937,-26.16965],[-51.581229,-26.169404],[-51.580796,-26.16917],[-51.579638,-26.168287],[-51.578999,-26.167978],[-51.578319,-26.167787],[-51.577732,-26.167443],[-51.575878,-26.165523],[-51.575533,-26.165021],[-51.575329,-26.164481],[-51.575296,-26.163414],[-51.575173,-26.162931],[-51.574747,-26.162507],[-51.569628,-26.15859],[-51.566523,-26.156753],[-51.565934,-26.156511],[-51.565302,-26.156373],[-51.564651,-26.156335],[-51.561525,-26.156828],[-51.554936,-26.156888],[-51.554819,-26.156451],[-51.554526,-26.156064],[-51.553519,-26.155595],[-51.55137,-26.154008],[-51.550402,-26.15356],[-51.544768,-26.152967],[-51.543004,-26.152991],[-51.542803,-26.153119]]}},{"type":"Feature","properties":{"rod":"PR446","trecho":"446S0070EPR","km_ini":47.41,"km_fim":64.51,"sentido":"ambos","de":"SANTO ANTÔNIO DO IRATIM","para":"ENTR. PR-170 (BITURUNA)","municipio":"Bituruna","situacao":"PAV","pista":"Simples","resp":"DER SR1","reg":"Médio Iguaçu","juris":"Estadual"},"geometry":{"type":"LineString","coordinates":[[-51.400264,-26.158711],[-51.401948,-26.158458],[-51.40262,-26.158455],[-51.405249,-26.158884],[-51.40587,-26.15895],[-51.4065,-26.158926],[-51.407149,-26.158837],[-51.407754,-26.158647],[-51.409302,-26.157853],[-51.409892,-26.157785],[-51.413308,-26.15849],[-51.416381,-26.159221],[-51.417567,-26.160254],[-51.41777,-26.160711],[-51.418096,-26.162279],[-51.418293,-26.162771],[-51.419188,-26.163385],[-51.420341,-26.163638],[-51.421192,-26.164298],[-51.424576,-26.166296],[-51.4251,-26.166667],[-51.425557,-26.167115],[-51.428633,-26.170445],[-51.428937,-26.170888],[-51.429287,-26.172433],[-51.429517,-26.172857],[-51.430589,-26.17411],[-51.431043,-26.17438],[-51.431588,-26.174559],[-51.432039,-26.174901],[-51.432871,-26.175738],[-51.433349,-26.17579],[-51.434431,-26.175673],[-51.435569,-26.175162],[-51.436045,-26.175488],[-51.436829,-26.176928],[-51.437238,-26.177398],[-51.438801,-26.178163],[-51.439917,-26.177958],[-51.440413,-26.178089],[-51.440917,-26.178359],[-51.44135,-26.178783],[-51.44192,-26.17958],[-51.442365,-26.180002],[-51.443448,-26.180435],[-51.444018,-26.18036],[-51.446406,-26.178948],[-51.446364,-26.177984],[-51.446629,-26.177069],[-51.446775,-26.176124],[-51.44741,-26.175207],[-51.448346,-26.174467],[-51.448504,-26.174023],[-51.448517,-26.173523],[-51.448413,-26.173045],[-51.448447,-26.17257],[-51.450079,-26.170628],[-51.450511,-26.170323],[-51.450988,-26.170151],[-51.452059,-26.170309],[-51.454385,-26.170087],[-51.4555,-26.170081],[-51.456091,-26.170004],[-51.457418,-26.169113],[-51.458058,-26.168353],[-51.458584,-26.168005],[-51.459763,-26.167667],[-51.460304,-26.167688],[-51.460763,-26.167857],[-51.462384,-26.168112],[-51.462891,-26.168253],[-51.463527,-26.168344],[-51.464047,-26.168303],[-51.46508,-26.168052],[-51.466922,-26.167025],[-51.468068,-26.16658],[-51.468627,-26.166595],[-51.469202,-26.166798],[-51.470415,-26.166956],[-51.470974,-26.166906],[-51.472055,-26.166667],[-51.473219,-26.166893],[-51.474259,-26.167184],[-51.474766,-26.167122],[-51.475297,-26.167184],[-51.475787,-26.167141],[-51.476739,-26.166618],[-51.477283,-26.16642],[-51.477746,-26.166703],[-51.478269,-26.16659],[-51.478739,-26.166304],[-51.47931,-26.166199],[-51.479683,-26.16583],[-51.480102,-26.165683],[-51.482369,-26.165664],[-51.48294,-26.165748],[-51.483496,-26.165989],[-51.484999,-26.166228],[-51.485652,-26.166181],[-51.486215,-26.165887],[-51.486822,-26.165768],[-51.487463,-26.16587],[-51.487997,-26.166112],[-51.488461,-26.16646],[-51.48908,-26.166518],[-51.489704,-26.166379],[-51.490291,-26.166124],[-51.493084,-26.165759],[-51.494149,-26.165398],[-51.49465,-26.165377],[-51.495261,-26.165456],[-51.495801,-26.165394],[-51.497633,-26.164301],[-51.498168,-26.164222],[-51.499864,-26.164472],[-51.500307,-26.164731],[-51.500826,-26.164795],[-51.501307,-26.164567],[-51.502433,-26.164569],[-51.503891,-26.164186],[-51.505095,-26.163709],[-51.506848,-26.16347],[-51.507801,-26.162923],[-51.509211,-26.162283],[-51.509699,-26.162132],[-51.510636,-26.161482],[-51.511159,-26.161245],[-51.511588,-26.160901],[-51.512165,-26.160673],[-51.513162,-26.160418],[-51.514675,-26.160183],[-51.515839,-26.159713],[-51.516897,-26.159509],[-51.517346,-26.159182],[-51.517916,-26.159053],[-51.518556,-26.159143],[-51.519158,-26.159089],[-51.520315,-26.15878],[-51.521463,-26.157487],[-51.522399,-26.156756],[-51.523498,-26.156186],[-51.524071,-26.156022],[-51.525432,-26.155065],[-51.526545,-26.154599],[-51.527101,-26.154603],[-51.527702,-26.154782],[-51.528207,-26.154747],[-51.528712,-26.154583],[-51.529109,-26.154275],[-51.530121,-26.154033],[-51.531181,-26.153633],[-51.531747,-26.153561],[-51.532732,-26.154012],[-51.533977,-26.15393],[-51.53448,-26.153976],[-51.536043,-26.15454],[-51.536534,-26.154469],[-51.538279,-26.153837],[-51.538945,-26.153024],[-51.539371,-26.152747],[-51.539863,-26.152568],[-51.540448,-26.152491],[-51.541566,-26.152671],[-51.542803,-26.153119]]}},{"type":"Feature","properties":{"rod":"PR446","trecho":"446N0050EPR","km_ini":15.95,"km_fim":47.41,"sentido":"ambos","de":"PORTO VITÓRIA (B)","para":"SANTO ANTÔNIO DO IRATIM","municipio":"Bituruna","situacao":"NPV","pista":"Simples","resp":"DER SR1","reg":"Médio Iguaçu","juris":"Estadual"},"geometry":{"type":"LineString","coordinates":[[-51.232878,-26.162483],[-51.233031,-26.162983],[-51.233516,-26.163944],[-51.233578,-26.164442],[-51.233385,-26.164925],[-51.233645,-26.165362],[-51.234169,-26.165466],[-51.234764,-26.165459],[-51.235197,-26.165774],[-51.234877,-26.166719],[-51.234896,-26.167193],[-51.235118,-26.167697],[-51.235263,-26.168687],[-51.235487,-26.169101],[-51.235594,-26.169552],[-51.235458,-26.170091],[-51.235458,-26.170603],[-51.236121,-26.171449],[-51.236626,-26.171706],[-51.236863,-26.172117],[-51.237109,-26.173239],[-51.2373,-26.173799],[-51.237577,-26.174302],[-51.238009,-26.17469],[-51.239409,-26.175688],[-51.239811,-26.176067],[-51.240046,-26.176491],[-51.239945,-26.177006],[-51.239986,-26.177518],[-51.24045,-26.177805],[-51.24221,-26.178067],[-51.242698,-26.178264],[-51.243187,-26.178566],[-51.24397,-26.179356],[-51.244299,-26.180318],[-51.245089,-26.180889],[-51.246143,-26.181424],[-51.246739,-26.181566],[-51.247,-26.18201],[-51.247039,-26.182534],[-51.246977,-26.183104],[-51.24642,-26.184019],[-51.246278,-26.184478],[-51.24639,-26.184989],[-51.247874,-26.186763],[-51.248053,-26.187201],[-51.247855,-26.187705],[-51.247795,-26.18828],[-51.248224,-26.189872],[-51.248255,-26.190335],[-51.24762,-26.193252],[-51.247468,-26.194327],[-51.246888,-26.195829],[-51.246619,-26.196206],[-51.245218,-26.197197],[-51.244389,-26.198463],[-51.243086,-26.199969],[-51.2419,-26.201155],[-51.24163,-26.201571],[-51.241636,-26.2021],[-51.241843,-26.203541],[-51.241831,-26.204125],[-51.241614,-26.204664],[-51.241268,-26.205188],[-51.239677,-26.206744],[-51.239669,-26.20722],[-51.240052,-26.207586],[-51.241686,-26.208569],[-51.242208,-26.208882],[-51.242767,-26.209082],[-51.243361,-26.209132],[-51.245561,-26.208613],[-51.246065,-26.208602],[-51.246502,-26.208852],[-51.246852,-26.209209],[-51.247058,-26.209651],[-51.24723,-26.211035],[-51.24767,-26.211903],[-51.247957,-26.212976],[-51.248162,-26.213393],[-51.248588,-26.213816],[-51.248851,-26.214294],[-51.248307,-26.216266],[-51.248467,-26.217231],[-51.248135,-26.217572],[-51.247735,-26.217813],[-51.247956,-26.218283],[-51.249103,-26.218488],[-51.249527,-26.218745],[-51.249848,-26.21914],[-51.250682,-26.221129],[-51.250691,-26.222096],[-51.250791,-26.222556],[-51.251161,-26.222896],[-51.251718,-26.223097],[-51.253523,-26.223222],[-51.254068,-26.223316],[-51.255032,-26.223625],[-51.255547,-26.223656],[-51.257073,-26.223202],[-51.259012,-26.223028],[-51.259606,-26.223193],[-51.260147,-26.223468],[-51.263211,-26.224005],[-51.263752,-26.224287],[-51.264353,-26.224416],[-51.264973,-26.224405],[-51.265551,-26.224365],[-51.266531,-26.22387],[-51.267703,-26.22363],[-51.268442,-26.222991],[-51.268925,-26.222856],[-51.269962,-26.223104],[-51.270559,-26.223054],[-51.27165,-26.222712],[-51.272178,-26.222827],[-51.272703,-26.22274],[-51.273483,-26.222105],[-51.273935,-26.222102],[-51.275109,-26.22317],[-51.275538,-26.223456],[-51.276059,-26.223636],[-51.277202,-26.223719],[-51.277726,-26.223862],[-51.278741,-26.224317],[-51.279805,-26.224082],[-51.281633,-26.224133],[-51.282242,-26.224088],[-51.282754,-26.223843],[-51.283088,-26.223436],[-51.283164,-26.222962],[-51.283089,-26.221914],[-51.283312,-26.221495],[-51.284873,-26.220871],[-51.286123,-26.220694],[-51.28667,-26.220482],[-51.288405,-26.218865],[-51.288898,-26.218807],[-51.289357,-26.219024],[-51.291671,-26.220422],[-51.292253,-26.220454],[-51.292794,-26.220187],[-51.293082,-26.219702],[-51.293251,-26.217253],[-51.293216,-26.216775],[-51.292776,-26.215913],[-51.292524,-26.214471],[-51.292242,-26.213446],[-51.292352,-26.213008],[-51.293024,-26.21166],[-51.293157,-26.211178],[-51.293251,-26.210184],[-51.293158,-26.209692],[-51.292977,-26.209242],[-51.292577,-26.208851],[-51.292103,-26.208688],[-51.291661,-26.208412],[-51.290876,-26.207761],[-51.290444,-26.206848],[-51.29045,-26.206346],[-51.291113,-26.204423],[-51.29094,-26.203992],[-51.290862,-26.203484],[-51.290854,-26.20297],[-51.290951,-26.202495],[-51.291961,-26.200596],[-51.292078,-26.200118],[-51.291776,-26.199698],[-51.290813,-26.199187],[-51.288972,-26.197699],[-51.288888,-26.197208],[-51.289325,-26.196338],[-51.289609,-26.195957],[-51.290414,-26.195205],[-51.29076,-26.19424],[-51.290599,-26.193827],[-51.290521,-26.193299],[-51.290597,-26.192778],[-51.290909,-26.192382],[-51.292998,-26.191865],[-51.293475,-26.192057],[-51.293996,-26.192142],[-51.294459,-26.191952],[-51.29483,-26.191584],[-51.294867,-26.19064],[-51.295269,-26.190358],[-51.297965,-26.190181],[-51.298254,-26.189771],[-51.298644,-26.189415],[-51.299179,-26.189462],[-51.300118,-26.189841],[-51.300781,-26.190778],[-51.301738,-26.191231],[-51.302308,-26.191328],[-51.302801,-26.191243],[-51.303237,-26.190952],[-51.303754,-26.19078],[-51.304823,-26.190692],[-51.308225,-26.191295],[-51.308747,-26.191506],[-51.309567,-26.192238],[-51.310077,-26.19246],[-51.311487,-26.193286],[-51.312091,-26.193461],[-51.313183,-26.193585],[-51.314223,-26.193159],[-51.31479,-26.193017],[-51.317682,-26.193261],[-51.318268,-26.193123],[-51.318665,-26.192727],[-51.319158,-26.192452],[-51.320257,-26.192646],[-51.321913,-26.192223],[-51.32238,-26.192018],[-51.323348,-26.190721],[-51.323558,-26.190214],[-51.323926,-26.189893],[-51.325022,-26.189758],[-51.325544,-26.189954],[-51.325946,-26.190326],[-51.326988,-26.191583],[-51.327793,-26.192314],[-51.328341,-26.192577],[-51.328761,-26.192947],[-51.329021,-26.193402],[-51.329429,-26.193773],[-51.329949,-26.193866],[-51.330558,-26.193833],[-51.331131,-26.193955],[-51.332729,-26.194114],[-51.333815,-26.194125],[-51.334306,-26.193835],[-51.335475,-26.192849],[-51.335785,-26.192482],[-51.335796,-26.191966],[-51.335678,-26.191519],[-51.335955,-26.191094],[-51.33633,-26.190761],[-51.336802,-26.189886],[-51.337286,-26.1897],[-51.33944,-26.189261],[-51.339909,-26.188994],[-51.341695,-26.186706],[-51.343115,-26.185904],[-51.343504,-26.185554],[-51.343267,-26.184633],[-51.344669,-26.183645],[-51.345659,-26.182461],[-51.346534,-26.180065],[-51.346511,-26.179575],[-51.346166,-26.178684],[-51.346239,-26.178222],[-51.346065,-26.177752],[-51.346045,-26.177286],[-51.346353,-26.175179],[-51.346427,-26.173158],[-51.346726,-26.172777],[-51.348374,-26.17254],[-51.348856,-26.1723],[-51.350226,-26.171334],[-51.351722,-26.170907],[-51.35221,-26.170585],[-51.353022,-26.169787],[-51.353419,-26.169501],[-51.35394,-26.169665],[-51.354642,-26.170469],[-51.355132,-26.170529],[-51.355665,-26.170309],[-51.356814,-26.170308],[-51.357344,-26.170535],[-51.358342,-26.171658],[-51.358829,-26.171726],[-51.359961,-26.171464],[-51.360535,-26.171442],[-51.362141,-26.171492],[-51.363698,-26.171678],[-51.364246,-26.171607],[-51.364765,-26.171502],[-51.365044,-26.171127],[-51.365181,-26.170631],[-51.365638,-26.170548],[-51.367249,-26.170799],[-51.367764,-26.170788],[-51.372093,-26.169763],[-51.373576,-26.168913],[-51.37408,-26.168741],[-51.375049,-26.169204],[-51.375484,-26.16955],[-51.376052,-26.169666],[-51.377154,-26.16966],[-51.377649,-26.169535],[-51.378045,-26.169228],[-51.378499,-26.169006],[-51.379212,-26.168296],[-51.379489,-26.167912],[-51.37961,-26.167461],[-51.380392,-26.166767],[-51.38084,-26.165823],[-51.381805,-26.165412],[-51.382152,-26.16507],[-51.382675,-26.164178],[-51.383063,-26.163876],[-51.384191,-26.16367],[-51.385676,-26.162975],[-51.386682,-26.162797],[-51.387189,-26.1625],[-51.387574,-26.162122],[-51.387821,-26.161696],[-51.388008,-26.161187],[-51.387993,-26.160717],[-51.388206,-26.16028],[-51.38853,-26.159925],[-51.388996,-26.159666],[-51.389988,-26.159309],[-51.390957,-26.15964],[-51.39204,-26.159777],[-51.393656,-26.160189],[-51.394247,-26.160151],[-51.394666,-26.159839],[-51.394891,-26.159367],[-51.395325,-26.159153],[-51.395894,-26.159048],[-51.396398,-26.159221],[-51.396845,-26.159566],[-51.397365,-26.159524],[-51.397779,-26.159185],[-51.398249,-26.158961],[-51.399383,-26.158903],[-51.400264,-26.158711]]}},{"type":"Feature","properties":{"rod":"PR446","trecho":"446S0030EPR","km_ini":0.0,"km_fim":14.64,"sentido":"ambos","de":"ENTR. BR-153","para":"PORTO VITÓRIA (A)","municipio":"União da Vitória","situacao":"PAV","pista":"Simples","resp":"DER SR1","reg":"Médio Iguaçu","juris":"Estadual"},"geometry":{"type":"LineString","coordinates":[[-51.131042,-26.217469],[-51.13134,-26.217241],[-51.131379,-26.216822],[-51.131076,-26.215925],[-51.131008,-26.215409],[-51.131144,-26.214871],[-51.131664,-26.213877],[-51.131783,-26.213387],[-51.131556,-26.212313],[-51.131568,-26.211804],[-51.13216,-26.210863],[-51.13238,-26.210326],[-51.13241,-26.209761],[-51.13215,-26.207862],[-51.131662,-26.206785],[-51.131542,-26.20623],[-51.131493,-26.205096],[-51.131558,-26.204569],[-51.131893,-26.204125],[-51.132918,-26.203374],[-51.133232,-26.20293],[-51.133603,-26.201248],[-51.13467,-26.199664],[-51.135481,-26.198171],[-51.13592,-26.197804],[-51.137723,-26.196864],[-51.141724,-26.194384],[-51.144323,-26.191817],[-51.144791,-26.191579],[-51.145317,-26.191543],[-51.146535,-26.191728],[-51.147197,-26.191725],[-51.152629,-26.19131],[-51.153808,-26.190988],[-51.15644,-26.189988],[-51.157026,-26.189811],[-51.157646,-26.189728],[-51.159428,-26.189967],[-51.160418,-26.19021],[-51.161389,-26.190553],[-51.163919,-26.19168],[-51.165572,-26.192185],[-51.169566,-26.192783],[-51.170201,-26.192799],[-51.171396,-26.192457],[-51.171976,-26.19221],[-51.172465,-26.191868],[-51.172828,-26.19143],[-51.173244,-26.190418],[-51.173336,-26.189932],[-51.172641,-26.187572],[-51.172487,-26.186412],[-51.172776,-26.184218],[-51.174028,-26.181069],[-51.173977,-26.178853],[-51.174168,-26.175552],[-51.174332,-26.175002],[-51.17466,-26.174486],[-51.175105,-26.174031],[-51.177134,-26.17235],[-51.177696,-26.17208],[-51.179031,-26.171996],[-51.183066,-26.172096],[-51.187922,-26.172409],[-51.190279,-26.172152],[-51.191524,-26.171717],[-51.192654,-26.170999],[-51.194717,-26.169342],[-51.195144,-26.16892],[-51.195715,-26.168031],[-51.196134,-26.167762],[-51.198059,-26.167701],[-51.199981,-26.167247],[-51.200443,-26.16693],[-51.200778,-26.16652],[-51.200983,-26.166071],[-51.201025,-26.165559],[-51.200679,-26.162926],[-51.200783,-26.162445],[-51.201467,-26.160999],[-51.201872,-26.160625],[-51.204255,-26.159729],[-51.20989,-26.15857],[-51.210868,-26.157934],[-51.214256,-26.155999],[-51.214744,-26.155728],[-51.215249,-26.155563],[-51.215822,-26.155525],[-51.216422,-26.15558],[-51.217581,-26.155958],[-51.219712,-26.156989],[-51.220155,-26.157303],[-51.220691,-26.158123],[-51.220874,-26.158576],[-51.220948,-26.159056],[-51.221641,-26.160464],[-51.221927,-26.160862],[-51.222056,-26.161299],[-51.222822,-26.161019]]}},{"type":"Feature","properties":{"rod":"PR447","trecho":"447S0030EPR","km_ini":3.73,"km_fim":49.34,"sentido":"ambos","de":"ENTR. BR-153 (B) (UNIÃO DA VITÓRIA)","para":"CRUZ MACHADO","municipio":"Cruz Machado","situacao":"PAV","pista":"Simples","resp":"DER SR1","reg":"Médio Iguaçu","juris":"Estadual"},"geometry":{"type":"LineString","coordinates":[[-51.113086,-26.202567],[-51.113323,-26.202588],[-51.113791,-26.20233],[-51.113957,-26.20183],[-51.113923,-26.200734],[-51.114408,-26.198181],[-51.114711,-26.19554],[-51.114952,-26.194999],[-51.115256,-26.194597],[-51.115642,-26.194217],[-51.116113,-26.193933],[-51.118334,-26.193317],[-51.119312,-26.192696],[-51.121088,-26.191355],[-51.125683,-26.186234],[-51.127033,-26.184543],[-51.127517,-26.184131],[-51.127996,-26.183966],[-51.128549,-26.183894],[-51.134246,-26.183338],[-51.137006,-26.183633],[-51.13876,-26.183614],[-51.140553,-26.183173],[-51.143785,-26.182075],[-51.147021,-26.1806],[-51.147475,-26.180213],[-51.147652,-26.179664],[-51.147561,-26.179214],[-51.146977,-26.177772],[-51.144837,-26.173478],[-51.144355,-26.172584],[-51.144062,-26.172195],[-51.143645,-26.171945],[-51.143166,-26.171813],[-51.140829,-26.171494],[-51.139787,-26.171084],[-51.132221,-26.16618],[-51.131766,-26.165841],[-51.130652,-26.164563],[-51.130197,-26.16416],[-51.129697,-26.163796],[-51.127137,-26.162306],[-51.126752,-26.161975],[-51.126322,-26.161105],[-51.124636,-26.156687],[-51.124293,-26.155544],[-51.124224,-26.155006],[-51.124236,-26.153982],[-51.124599,-26.151992],[-51.126014,-26.148429],[-51.125993,-26.147928],[-51.125804,-26.147444],[-51.124763,-26.145956],[-51.124404,-26.145559],[-51.123481,-26.145023],[-51.120023,-26.143405],[-51.119492,-26.143113],[-51.119028,-26.142742],[-51.118665,-26.142245],[-51.118464,-26.141667],[-51.118445,-26.141071],[-51.118823,-26.139943],[-51.119621,-26.138269],[-51.120069,-26.137824],[-51.123331,-26.135838],[-51.124707,-26.134511],[-51.124946,-26.134033],[-51.125053,-26.132814],[-51.125027,-26.132154],[-51.124725,-26.130894],[-51.124116,-26.129044],[-51.123759,-26.12813],[-51.121649,-26.124289],[-51.121616,-26.123708],[-51.121851,-26.123111],[-51.122767,-26.121441],[-51.122866,-26.120986],[-51.122544,-26.119568],[-51.122724,-26.119128],[-51.124364,-26.117093],[-51.124838,-26.116719],[-51.125428,-26.11646],[-51.12697,-26.11601],[-51.13206,-26.114671],[-51.138,-26.112348],[-51.13848,-26.111991],[-51.138832,-26.11156],[-51.13906,-26.111092],[-51.139165,-26.109996],[-51.139297,-26.10944],[-51.139572,-26.108922],[-51.14054,-26.107526],[-51.140665,-26.107066],[-51.140642,-26.10661],[-51.140856,-26.106136],[-51.141414,-26.106019],[-51.142516,-26.106295],[-51.143161,-26.106268],[-51.145083,-26.105551],[-51.146886,-26.104981],[-51.147317,-26.104579],[-51.14727,-26.104087],[-51.146783,-26.103795],[-51.144773,-26.103391],[-51.14431,-26.103182],[-51.143258,-26.102513],[-51.142502,-26.101456],[-51.142199,-26.100886],[-51.142008,-26.100288],[-51.142078,-26.099669],[-51.142312,-26.099101],[-51.142716,-26.098631],[-51.143243,-26.098212],[-51.145287,-26.096686],[-51.146518,-26.095972],[-51.148512,-26.094352],[-51.148944,-26.09411],[-51.151659,-26.093113],[-51.152088,-26.092729],[-51.152375,-26.092215],[-51.152583,-26.091573],[-51.15297,-26.089977],[-51.152917,-26.085413],[-51.153033,-26.084791],[-51.153283,-26.084249],[-51.154286,-26.083366],[-51.154664,-26.082854],[-51.155882,-26.080048],[-51.156166,-26.079543],[-51.15665,-26.079197],[-51.158575,-26.078465],[-51.159101,-26.078135],[-51.16137,-26.074977],[-51.161909,-26.074583],[-51.162547,-26.074377],[-51.163843,-26.074226],[-51.164327,-26.073893],[-51.16467,-26.073439],[-51.165282,-26.070447],[-51.165556,-26.069975],[-51.166024,-26.069695],[-51.168591,-26.069401],[-51.1692,-26.069528],[-51.169718,-26.069821],[-51.170981,-26.07084],[-51.171522,-26.071111],[-51.172078,-26.071284],[-51.17647,-26.071726],[-51.178299,-26.071837],[-51.178856,-26.071841],[-51.181195,-26.07145],[-51.182481,-26.071526],[-51.183664,-26.07185],[-51.188578,-26.073625],[-51.189211,-26.073684],[-51.189848,-26.073581],[-51.191073,-26.073092],[-51.192309,-26.072467],[-51.192827,-26.072038],[-51.193257,-26.071535],[-51.19586,-26.068162],[-51.196314,-26.067851],[-51.197524,-26.067607],[-51.198031,-26.067352],[-51.200827,-26.064682],[-51.201337,-26.064395],[-51.201951,-26.064299],[-51.203246,-26.064269],[-51.205157,-26.063648],[-51.205868,-26.063662],[-51.207943,-26.064042],[-51.208595,-26.064224],[-51.209186,-26.064555],[-51.210657,-26.065932],[-51.211226,-26.066238],[-51.214511,-26.067494],[-51.215139,-26.067596],[-51.215595,-26.067264],[-51.215968,-26.066303],[-51.216352,-26.065908],[-51.216888,-26.065615],[-51.217484,-26.065419],[-51.219136,-26.064985],[-51.219664,-26.064909],[-51.220211,-26.064945],[-51.221272,-26.065156],[-51.22183,-26.065016],[-51.222904,-26.064515],[-51.223397,-26.064365],[-51.229816,-26.063018],[-51.230314,-26.062744],[-51.230642,-26.062337],[-51.231371,-26.060269],[-51.231658,-26.059803],[-51.23254,-26.059263],[-51.234305,-26.058669],[-51.234834,-26.058427],[-51.23521,-26.058065],[-51.235426,-26.057576],[-51.236155,-26.055148],[-51.236553,-26.054568],[-51.236904,-26.05424],[-51.237303,-26.053971],[-51.238435,-26.053573],[-51.242235,-26.052941],[-51.242874,-26.052992],[-51.243422,-26.053254],[-51.243801,-26.053726],[-51.244721,-26.055435],[-51.245161,-26.055807],[-51.245744,-26.05601],[-51.246418,-26.056042],[-51.247872,-26.055953],[-51.248548,-26.055761],[-51.249173,-26.055429],[-51.251033,-26.054158],[-51.251635,-26.053835],[-51.252276,-26.053714],[-51.252906,-26.053784],[-51.253466,-26.054037],[-51.254853,-26.055203],[-51.25541,-26.055394],[-51.255995,-26.055383],[-51.256539,-26.055178],[-51.256988,-26.054796],[-51.258095,-26.053384],[-51.258521,-26.053092],[-51.259184,-26.053056],[-51.259782,-26.05333],[-51.261095,-26.054148],[-51.261987,-26.054885],[-51.262886,-26.055763],[-51.263403,-26.056122],[-51.264526,-26.056512],[-51.267365,-26.056907],[-51.267781,-26.057214],[-51.268812,-26.059297],[-51.269225,-26.05968],[-51.271428,-26.061036],[-51.271943,-26.061456],[-51.27238,-26.061931],[-51.27487,-26.065661],[-51.275726,-26.066725],[-51.277759,-26.068353],[-51.278287,-26.068659],[-51.278865,-26.068848],[-51.279479,-26.068909],[-51.280115,-26.068847],[-51.290659,-26.067032],[-51.292073,-26.066718],[-51.301666,-26.063186],[-51.302309,-26.062927],[-51.302855,-26.062602],[-51.303231,-26.062123],[-51.303458,-26.061573],[-51.30347,-26.060992],[-51.303163,-26.059165],[-51.303287,-26.058556],[-51.303694,-26.058035],[-51.304851,-26.057071],[-51.305274,-26.056777],[-51.307857,-26.055373],[-51.308404,-26.054994],[-51.30911,-26.054047],[-51.309979,-26.052455],[-51.310198,-26.051936],[-51.310264,-26.051392],[-51.310222,-26.050188],[-51.312064,-26.044124],[-51.312512,-26.043067],[-51.313259,-26.042181],[-51.314279,-26.041511],[-51.315888,-26.040801],[-51.316494,-26.040439],[-51.318444,-26.038762],[-51.318979,-26.0384],[-51.319597,-26.038211],[-51.321835,-26.037938],[-51.323024,-26.037568],[-51.324907,-26.036594],[-51.326443,-26.035504],[-51.327578,-26.034876],[-51.328156,-26.03478],[-51.328731,-26.034883],[-51.329915,-26.035287],[-51.330537,-26.035271],[-51.333907,-26.034341],[-51.33511,-26.033779],[-51.336114,-26.03304],[-51.338518,-26.030854],[-51.341087,-26.028862],[-51.343495,-26.026801],[-51.343811,-26.026323],[-51.344225,-26.025319],[-51.34517,-26.02457],[-51.34636,-26.023062],[-51.347399,-26.021997],[-51.347948,-26.021661],[-51.348494,-26.021462],[-51.349625,-26.021425]]}},{"type":"Feature","properties":{"rod":"PRC280","trecho":"280S0090PRC","km_ini":70.8,"km_fim":130.35,"sentido":"ambos","de":"ENTR. BR-153 (B)","para":"ACESSO LESTE A PALMAS","municipio":"General Carneiro","situacao":"PAV","pista":"Simples","resp":"DER SR1","reg":"Médio Iguaçu","juris":"Estadual"},"geometry":{"type":"LineString","coordinates":[[-51.4788,-26.609117],[-51.478871,-26.6086],[-51.479326,-26.607071],[-51.480007,-26.60573],[-51.480777,-26.604843],[-51.484573,-26.601098],[-51.48747,-26.598094],[-51.488907,-26.596377],[-51.495295,-26.58743],[-51.496476,-26.586022],[-51.497899,-26.584862],[-51.499511,-26.583979],[-51.506961,-26.581172],[-51.508119,-26.580985],[-51.509286,-26.580998],[-51.510415,-26.581213],[-51.510955,-26.581387],[-51.511961,-26.581876],[-51.512858,-26.582531],[-51.51894,-26.587866],[-51.519449,-26.588201],[-51.520573,-26.588715],[-51.533483,-26.591623],[-51.534634,-26.591818],[-51.535795,-26.591825],[-51.536381,-26.591752],[-51.537529,-26.591449],[-51.540375,-26.590472],[-51.541536,-26.590208],[-51.542129,-26.590159],[-51.543325,-26.590197],[-51.549983,-26.590909],[-51.551188,-26.590914],[-51.551789,-26.590839],[-51.552967,-26.590534],[-51.558657,-26.588311],[-51.5598,-26.588039],[-51.56039,-26.58798],[-51.561588,-26.58801],[-51.562182,-26.588103],[-51.570161,-26.590034],[-51.571231,-26.590158],[-51.5725,-26.590086],[-51.577587,-26.589332],[-51.579273,-26.589002],[-51.594624,-26.584639],[-51.595825,-26.584381],[-51.597679,-26.584181],[-51.599488,-26.5842],[-51.600628,-26.584322],[-51.602344,-26.584669],[-51.603476,-26.58502],[-51.60455,-26.585451],[-51.606055,-26.586237],[-51.609492,-26.588472],[-51.610539,-26.589053],[-51.611683,-26.589447],[-51.612878,-26.589633],[-51.613477,-26.589647],[-51.614653,-26.589523],[-51.623048,-26.587543],[-51.624844,-26.587468],[-51.628305,-26.587883],[-51.62947,-26.58792],[-51.630056,-26.587866],[-51.630643,-26.587762],[-51.631787,-26.587393],[-51.632324,-26.587136],[-51.633298,-26.586485],[-51.642956,-26.576451],[-51.644325,-26.575415],[-51.649041,-26.572812],[-51.650594,-26.571829],[-51.651521,-26.57107],[-51.655796,-26.567185],[-51.657167,-26.566124],[-51.658681,-26.565226],[-51.659762,-26.564737],[-51.66088,-26.564339],[-51.662626,-26.563909],[-51.664405,-26.563694],[-51.66617,-26.563681],[-51.668443,-26.563988],[-51.670554,-26.564601],[-51.672503,-26.565507],[-51.673821,-26.566344],[-51.691893,-26.580005],[-51.692788,-26.580526],[-51.693738,-26.58092],[-51.695492,-26.58131],[-51.696757,-26.58135],[-51.70113,-26.58116],[-51.702713,-26.580919],[-51.703742,-26.580592],[-51.704717,-26.580127],[-51.70562,-26.579534],[-51.708816,-26.57669],[-51.709662,-26.576075],[-51.711083,-26.575375],[-51.712115,-26.575069],[-51.7132,-26.574899],[-51.721383,-26.574277],[-51.723611,-26.573895],[-51.730121,-26.5725],[-51.731779,-26.572309],[-51.733946,-26.572331],[-51.735195,-26.572482],[-51.737698,-26.573165],[-51.757946,-26.580528],[-51.760106,-26.581239],[-51.77069,-26.584312],[-51.783199,-26.587839],[-51.784781,-26.588242],[-51.785835,-26.588432],[-51.78848,-26.588675],[-51.790092,-26.588641],[-51.791759,-26.588466],[-51.808156,-26.58494],[-51.809721,-26.584727],[-51.810773,-26.584708],[-51.81233,-26.584861],[-51.813868,-26.585236],[-51.823393,-26.588835],[-51.825458,-26.589419],[-51.827069,-26.589729],[-51.829274,-26.589904],[-51.847598,-26.590623],[-51.849713,-26.590681],[-51.850733,-26.59059],[-51.852238,-26.590209],[-51.853224,-26.589789],[-51.858325,-26.586726],[-51.859818,-26.586037],[-51.860904,-26.585691],[-51.862582,-26.585384],[-51.868262,-26.585073],[-51.870592,-26.584722],[-51.871736,-26.584438],[-51.873335,-26.583915],[-51.878951,-26.581605],[-51.880505,-26.581066],[-51.882103,-26.580688],[-51.883213,-26.580526],[-51.886036,-26.580376],[-51.887723,-26.580161],[-51.889352,-26.579768],[-51.890954,-26.579192],[-51.892499,-26.578414],[-51.893476,-26.577804],[-51.894369,-26.577135],[-51.89554,-26.576061],[-51.904088,-26.567468],[-51.90459,-26.567032],[-51.905604,-26.566368],[-51.906995,-26.565797],[-51.908211,-26.565536],[-51.908946,-26.565474],[-51.909681,-26.565485],[-51.91091,-26.565655],[-51.9119,-26.565946],[-51.916392,-26.567788],[-51.917618,-26.568073],[-51.918995,-26.568212],[-51.920396,-26.568157],[-51.92173,-26.567928],[-51.923096,-26.567487],[-51.924189,-26.566965],[-51.944812,-26.552938],[-51.946289,-26.552006],[-51.947744,-26.551252],[-51.948902,-26.550776],[-51.955912,-26.54845],[-51.957044,-26.547997],[-51.958615,-26.547168],[-51.960035,-26.546177],[-51.961327,-26.544993],[-51.962451,-26.543649],[-51.966378,-26.537529],[-51.967488,-26.5361],[-51.968783,-26.534797],[-51.973947,-26.530375],[-51.975131,-26.529043],[-51.975767,-26.528031],[-51.976261,-26.526955],[-51.977865,-26.521431],[-51.978243,-26.520402],[-51.978781,-26.519465],[-51.979467,-26.51863],[-51.98078,-26.517547],[-51.981849,-26.516977],[-51.991081,-26.513323],[-51.992393,-26.51284],[-51.992464,-26.512892]]}},{"type":"Feature","properties":{"rod":"BR153","trecho":"153BPR1497","km_ini":485.3,"km_fim":492.8,"sentido":"ambos","de":"ENTR. PR-170 (P/ BITURUNA)","para":"AC. GENERAL CARNEIRO","municipio":"General Carneiro","situacao":"PAV","pista":"Simples","resp":"DNIT","reg":"Médio Iguaçu","juris":"Federal"},"geometry":{"type":"LineString","coordinates":[[-51.272033,-26.386103],[-51.272154,-26.38632],[-51.273241,-26.386791],[-51.276817,-26.388121],[-51.277667,-26.388687],[-51.278292,-26.389489],[-51.278624,-26.390442],[-51.278864,-26.394512],[-51.279044,-26.394962],[-51.279326,-26.395376],[-51.280132,-26.396066],[-51.285151,-26.399753],[-51.285586,-26.399987],[-51.287005,-26.400515],[-51.287614,-26.400901],[-51.28808,-26.401407],[-51.289227,-26.402932],[-51.289435,-26.403483],[-51.289475,-26.404077],[-51.289327,-26.404684],[-51.28724,-26.408214],[-51.285462,-26.412076],[-51.285045,-26.413296],[-51.285031,-26.413926],[-51.285177,-26.41454],[-51.285458,-26.415105],[-51.285869,-26.415584],[-51.286371,-26.415966],[-51.286945,-26.416247],[-51.287565,-26.416412],[-51.292435,-26.417096],[-51.295343,-26.417821],[-51.296358,-26.418219],[-51.305737,-26.423437],[-51.313522,-26.429197]]}},{"type":"Feature","properties":{"rod":"BR153","trecho":"153BPR1500","km_ini":492.8,"km_fim":523.2,"sentido":"ambos","de":"AC. GENERAL CARNEIRO","para":"ENTR. PRC-280 (B) (P/ PALMAS)","municipio":"General Carneiro","situacao":"PAV","pista":"Simples","resp":"DNIT","reg":"Médio Iguaçu","juris":"Federal"},"geometry":{"type":"LineString","coordinates":[[-51.313522,-26.429197],[-51.314557,-26.42981],[-51.316257,-26.430146],[-51.316886,-26.430392],[-51.317344,-26.430665],[-51.318206,-26.431466],[-51.319063,-26.432404],[-51.319376,-26.432925],[-51.319579,-26.433506],[-51.319968,-26.436108],[-51.319895,-26.436753],[-51.319238,-26.437929],[-51.318989,-26.43854],[-51.318574,-26.443604],[-51.318689,-26.444257],[-51.319021,-26.444844],[-51.319556,-26.445295],[-51.320743,-26.446049],[-51.321149,-26.446594],[-51.321338,-26.447227],[-51.321313,-26.447888],[-51.32116,-26.448318],[-51.320681,-26.44914],[-51.319973,-26.45006],[-51.31986,-26.450673],[-51.319875,-26.45132],[-51.320069,-26.45196],[-51.322897,-26.458228],[-51.323093,-26.459212],[-51.323758,-26.464337],[-51.324018,-26.465332],[-51.324246,-26.465799],[-51.324884,-26.466635],[-51.326515,-26.467947],[-51.326807,-26.468319],[-51.327004,-26.468738],[-51.327847,-26.471595],[-51.328018,-26.472521],[-51.327966,-26.472973],[-51.327498,-26.474495],[-51.327531,-26.475156],[-51.327795,-26.475774],[-51.328276,-26.47628],[-51.329263,-26.476956],[-51.329702,-26.477452],[-51.329947,-26.478044],[-51.32999,-26.478691],[-51.329789,-26.480746],[-51.329868,-26.481194],[-51.3302,-26.481805],[-51.330539,-26.482141],[-51.332156,-26.483194],[-51.332622,-26.483694],[-51.33423,-26.485919],[-51.334577,-26.486325],[-51.335393,-26.487046],[-51.336347,-26.487627],[-51.340335,-26.489432],[-51.341787,-26.489999],[-51.342699,-26.490465],[-51.346241,-26.493418],[-51.346872,-26.494133],[-51.347236,-26.494975],[-51.347295,-26.495663],[-51.34704,-26.49756],[-51.34713,-26.498536],[-51.347746,-26.501995],[-51.348278,-26.50339],[-51.348551,-26.503832],[-51.349242,-26.504648],[-51.355758,-26.510953],[-51.356384,-26.511777],[-51.356834,-26.512694],[-51.357096,-26.513674],[-51.357152,-26.514674],[-51.356771,-26.518828],[-51.356814,-26.519361],[-51.357081,-26.520396],[-51.357974,-26.522215],[-51.358005,-26.52288],[-51.357357,-26.524561],[-51.357321,-26.52501],[-51.357426,-26.525688],[-51.357857,-26.526508],[-51.358573,-26.527131],[-51.35925,-26.527452],[-51.359757,-26.527559],[-51.361367,-26.52763],[-51.362448,-26.527837],[-51.372186,-26.530994],[-51.372802,-26.531308],[-51.373752,-26.531981],[-51.375501,-26.533891],[-51.376798,-26.534852],[-51.380378,-26.53666],[-51.385228,-26.538542],[-51.386281,-26.539136],[-51.387176,-26.539906],[-51.388602,-26.541665],[-51.38899,-26.542019],[-51.389457,-26.542241],[-51.390126,-26.542285],[-51.391872,-26.541819],[-51.392566,-26.541735],[-51.393307,-26.541767],[-51.399291,-26.542637],[-51.40031,-26.542667],[-51.401049,-26.542589],[-51.401774,-26.542439],[-51.403092,-26.541912],[-51.403688,-26.541549],[-51.405756,-26.53979],[-51.406318,-26.539416],[-51.40761,-26.53884],[-51.408326,-26.538655],[-51.40933,-26.538526],[-51.418328,-26.538419],[-51.419395,-26.53828],[-51.421967,-26.537691],[-51.422678,-26.53764],[-51.423347,-26.537765],[-51.423947,-26.538047],[-51.424449,-26.538473],[-51.42483,-26.539034],[-51.428083,-26.545234],[-51.428625,-26.546062],[-51.428972,-26.546405],[-51.429369,-26.546678],[-51.430043,-26.546964],[-51.431798,-26.547419],[-51.432775,-26.5478],[-51.433579,-26.54843],[-51.434873,-26.550012],[-51.435695,-26.550704],[-51.436659,-26.551263],[-51.439776,-26.552693],[-51.440186,-26.552959],[-51.440643,-26.553462],[-51.442075,-26.557098],[-51.442979,-26.558918],[-51.443353,-26.559888],[-51.446354,-26.570589],[-51.446605,-26.572057],[-51.44704,-26.577325],[-51.447385,-26.578696],[-51.447981,-26.579973],[-51.452497,-26.586712],[-51.452626,-26.587164],[-51.452337,-26.589097],[-51.452365,-26.589556],[-51.452518,-26.589995],[-51.452788,-26.590403],[-51.454361,-26.591961],[-51.454881,-26.592228],[-51.455452,-26.592385],[-51.457343,-26.592729],[-51.457993,-26.592917],[-51.459195,-26.593437],[-51.460322,-26.594063],[-51.462023,-26.595532],[-51.463669,-26.597514],[-51.463825,-26.597973],[-51.4638,-26.598465],[-51.463228,-26.599942],[-51.463229,-26.60047],[-51.463661,-26.601471],[-51.463981,-26.601939],[-51.464414,-26.602331],[-51.473599,-26.607779],[-51.474673,-26.608205],[-51.4788,-26.609117]]}},{"type":"Feature","properties":{"rod":"BR153","trecho":"153BPR1510","km_ini":523.2,"km_fim":524.5,"sentido":"ambos","de":"ENTR. PRC-280 (B) (P/ PALMAS)","para":"DIVISA PR/SC","municipio":"General Carneiro","situacao":"PAV","pista":"Simples","resp":"DNIT","reg":"Médio Iguaçu","juris":"Federal"},"geometry":{"type":"LineString","coordinates":[[-51.4788,-26.609117],[-51.489499,-26.61147],[-51.492014,-26.612089]]}},{"type":"Feature","properties":{"rod":"PR418","trecho":"418D0010EPR","km_ini":0.0,"km_fim":1.33,"sentido":"direita","de":"ENTR. BR-277 (CAMPO COMPRIDO)","para":"FINAL DA PISTA DUPLA","municipio":"Curitiba","situacao":"DUP","pista":"Direita - sentido crescente da rodovia","resp":"DER SR1","reg":"S.R. Leste","juris":"Estadual"},"geometry":{"type":"LineString","coordinates":[[-49.366,-25.432017],[-49.365781,-25.431704],[-49.366167,-25.428968],[-49.366423,-25.427801],[-49.366833,-25.426577],[-49.366972,-25.425442],[-49.366787,-25.424491],[-49.365474,-25.421085],[-49.365392,-25.420439]]}},{"type":"Feature","properties":{"rod":"PR151","trecho":"151S0440EPR","km_ini":469.32,"km_fim":479.6,"sentido":"ambos","de":"LAJEADO","para":"OLHO D'ÁGUA","municipio":"São Mateus do Sul","situacao":"PAV","pista":"Simples","resp":"DER SR1","reg":"Xisto","juris":"Estadual"},"geometry":{"type":"LineString","coordinates":[[-50.363519,-25.989494],[-50.363566,-25.990423],[-50.363202,-25.991804],[-50.36151,-25.99467],[-50.360522,-25.997254],[-50.359186,-25.999971],[-50.359021,-26.000438],[-50.358971,-26.000948],[-50.359314,-26.003664],[-50.360189,-26.006213],[-50.360209,-26.006716],[-50.360086,-26.007203],[-50.358697,-26.009763],[-50.358119,-26.010551],[-50.35772,-26.010868],[-50.355861,-26.011861],[-50.35553,-26.012223],[-50.355263,-26.012664],[-50.354016,-26.01539],[-50.353552,-26.016801],[-50.353115,-26.02147],[-50.353203,-26.022543],[-50.353565,-26.024744],[-50.353508,-26.025274],[-50.352574,-26.028271],[-50.352294,-26.030196],[-50.352361,-26.030793],[-50.353261,-26.032172],[-50.353477,-26.032672],[-50.353569,-26.03322],[-50.353366,-26.035848],[-50.353199,-26.03635],[-50.352892,-26.036828],[-50.350193,-26.03927],[-50.348937,-26.040914],[-50.348718,-26.041355],[-50.34862,-26.041847],[-50.348644,-26.042343],[-50.348766,-26.042792],[-50.35058,-26.045969],[-50.35154,-26.048883],[-50.351791,-26.049343],[-50.352087,-26.049786],[-50.352506,-26.050166],[-50.353423,-26.050848],[-50.355202,-26.052421],[-50.355631,-26.052834],[-50.355876,-26.053236],[-50.356156,-26.05424],[-50.356148,-26.054816],[-50.355444,-26.057905],[-50.355304,-26.05837],[-50.355033,-26.058859],[-50.354656,-26.059289],[-50.352527,-26.061228],[-50.35201,-26.061612],[-50.350997,-26.062183],[-50.348152,-26.063571],[-50.347613,-26.063921],[-50.346222,-26.065084],[-50.343803,-26.068011],[-50.343596,-26.068954],[-50.343203,-26.070131]]}},{"type":"Feature","properties":{"rod":"PR506","trecho":"506S0005EPR","km_ini":0.0,"km_fim":7.93,"sentido":"ambos","de":"ENTR. BR-277","para":"ENTR. PR-415(A) (PIRAQUARA)","municipio":"Piraquara","situacao":"PAV","pista":"Simples","resp":"DER SR1","reg":"S.R. Leste","juris":"Estadual"},"geometry":{"type":"LineString","coordinates":[[-49.104853,-25.521792],[-49.10463,-25.521313],[-49.104634,-25.520793],[-49.104805,-25.519766],[-49.104943,-25.519264],[-49.105484,-25.518473],[-49.105247,-25.518083],[-49.105095,-25.517621],[-49.106688,-25.515651],[-49.106863,-25.515196],[-49.106752,-25.514704],[-49.106407,-25.514317],[-49.106242,-25.513814],[-49.106265,-25.512833],[-49.1062,-25.512376],[-49.10599,-25.511935],[-49.104722,-25.511027],[-49.104472,-25.510632],[-49.104362,-25.509665],[-49.104028,-25.508712],[-49.103928,-25.508148],[-49.103869,-25.505675],[-49.104257,-25.502662],[-49.104189,-25.502207],[-49.103714,-25.500732],[-49.103487,-25.50023],[-49.101828,-25.498334],[-49.101565,-25.497899],[-49.100448,-25.494617],[-49.09962,-25.493363],[-49.099254,-25.492954],[-49.097859,-25.492112],[-49.096991,-25.491414],[-49.09076,-25.485272],[-49.088709,-25.48308],[-49.088131,-25.482267],[-49.087997,-25.481811],[-49.088288,-25.480459],[-49.088916,-25.479661],[-49.089603,-25.478472],[-49.089905,-25.477602],[-49.090408,-25.476769],[-49.090592,-25.476318],[-49.090456,-25.47587],[-49.089958,-25.475651],[-49.089733,-25.475237],[-49.089754,-25.474295],[-49.089628,-25.473781],[-49.089403,-25.473343],[-49.088552,-25.472827],[-49.087899,-25.47211],[-49.087704,-25.471679],[-49.087447,-25.470716],[-49.087176,-25.470292],[-49.085464,-25.468284],[-49.083988,-25.465517],[-49.083019,-25.4631],[-49.082812,-25.46211],[-49.082366,-25.460719],[-49.082375,-25.46]]}},{"type":"Feature","properties":{"rod":"BR476","trecho":"476BPR0145","km_ini":325.4,"km_fim":342.4,"sentido":"ambos","de":"ENTR BR-153(A)","para":"ENTR PR-160 (P/PAULO FRONTIN) (NPV)","municipio":"Paulo Frontin","situacao":"PAV","pista":"Simples","resp":"DNIT","reg":"Médio Iguaçu","juris":"Federal"},"geometry":{"type":"LineString","coordinates":[[-50.774647,-26.093089],[-50.775956,-26.093638],[-50.77658,-26.093695],[-50.782413,-26.092572],[-50.783147,-26.092572],[-50.784366,-26.092929],[-50.792149,-26.096042],[-50.792995,-26.096552],[-50.794583,-26.097925],[-50.795568,-26.098617],[-50.803465,-26.103502],[-50.811238,-26.108155],[-50.812287,-26.109178],[-50.815023,-26.112826],[-50.81592,-26.113765],[-50.822098,-26.117823],[-50.823542,-26.118602],[-50.824078,-26.118793],[-50.825233,-26.11904],[-50.835022,-26.12025],[-50.839545,-26.121008],[-50.841151,-26.121324],[-50.841634,-26.121519],[-50.842502,-26.122095],[-50.850894,-26.128324],[-50.858442,-26.13294],[-50.861355,-26.134997],[-50.865075,-26.137799],[-50.86603,-26.138796],[-50.876402,-26.150848],[-50.877179,-26.151571],[-50.880615,-26.154314],[-50.885535,-26.15868],[-50.888118,-26.160091],[-50.890513,-26.160949],[-50.891801,-26.161565],[-50.896592,-26.164812],[-50.901682,-26.167735],[-50.902353,-26.168064],[-50.90335,-26.168402],[-50.908353,-26.169381],[-50.909429,-26.169726],[-50.911322,-26.171002],[-50.912227,-26.171674],[-50.912681,-26.172106]]}},{"type":"Feature","properties":{"rod":"PR170","trecho":"170S0580EPR","km_ini":470.33,"km_fim":490.96,"sentido":"ambos","de":"BARRAGEM FOZ DO AREIA (B)","para":"ENTR. PR-281 (PLAN.)","municipio":"Bituruna","situacao":"PAV","pista":"Simples","resp":"DER SR1","reg":"Médio Iguaçu","juris":"Estadual"},"geometry":{"type":"LineString","coordinates":[[-51.665364,-26.014897],[-51.665744,-26.015288],[-51.666285,-26.015557],[-51.668255,-26.015849],[-51.668828,-26.015718],[-51.669298,-26.015385],[-51.6701,-26.014451],[-51.670649,-26.01418],[-51.671259,-26.014139],[-51.672536,-26.014268],[-51.673161,-26.014189],[-51.674886,-26.013408],[-51.675456,-26.013255],[-51.676003,-26.013444],[-51.676434,-26.013792],[-51.676617,-26.014286],[-51.676094,-26.017195],[-51.675837,-26.01777],[-51.675555,-26.018113],[-51.675099,-26.018594],[-51.674576,-26.018932],[-51.672667,-26.019212],[-51.669895,-26.020415],[-51.669258,-26.020631],[-51.668638,-26.020694],[-51.668007,-26.020573],[-51.667366,-26.020255],[-51.666513,-26.019664],[-51.665225,-26.018932],[-51.663219,-26.018155],[-51.662675,-26.018023],[-51.662169,-26.018172],[-51.661679,-26.018599],[-51.661242,-26.019162],[-51.661056,-26.019581],[-51.660945,-26.020232],[-51.660953,-26.020819],[-51.661089,-26.021301],[-51.661486,-26.021607],[-51.663115,-26.022135],[-51.664621,-26.022891],[-51.665303,-26.02301],[-51.667753,-26.023148],[-51.670283,-26.023114],[-51.670827,-26.023286],[-51.671171,-26.02363],[-51.672293,-26.025084],[-51.672562,-26.025474],[-51.673215,-26.026942],[-51.674328,-26.028162],[-51.674764,-26.028717],[-51.6751,-26.029301],[-51.675106,-26.030215],[-51.674831,-26.031299],[-51.674476,-26.031822],[-51.673473,-26.032622],[-51.672852,-26.032809],[-51.672203,-26.032875],[-51.671657,-26.033124],[-51.671337,-26.033589],[-51.671284,-26.034169],[-51.671415,-26.034714],[-51.672186,-26.035583],[-51.672721,-26.036695],[-51.673141,-26.037157],[-51.675288,-26.039093],[-51.675671,-26.039521],[-51.675808,-26.040063],[-51.675658,-26.040677],[-51.675224,-26.041837],[-51.67492,-26.042292],[-51.67376,-26.042891],[-51.672738,-26.043635],[-51.671557,-26.043819],[-51.671092,-26.044133],[-51.670639,-26.044561],[-51.670133,-26.044867],[-51.667459,-26.04528],[-51.666986,-26.045516],[-51.665728,-26.046781],[-51.665198,-26.047167],[-51.662113,-26.048446],[-51.66162,-26.04882],[-51.660797,-26.049625],[-51.660236,-26.049736],[-51.65963,-26.049556],[-51.658503,-26.049031],[-51.657878,-26.049104],[-51.657573,-26.049585],[-51.657675,-26.050115],[-51.658308,-26.051906],[-51.658676,-26.05326],[-51.659013,-26.055107],[-51.658989,-26.055776],[-51.658786,-26.056396],[-51.658441,-26.056954],[-51.654341,-26.061775],[-51.653997,-26.062282],[-51.653865,-26.062805],[-51.653955,-26.06332],[-51.654262,-26.063796],[-51.655967,-26.065413],[-51.656273,-26.065932],[-51.656333,-26.066541],[-51.65631,-26.068291],[-51.656491,-26.068819],[-51.658005,-26.070845],[-51.658157,-26.071408],[-51.658045,-26.072002],[-51.65756,-26.073228],[-51.657303,-26.075604],[-51.656734,-26.076698],[-51.656592,-26.077278],[-51.656714,-26.077869],[-51.657243,-26.079047],[-51.657324,-26.080277],[-51.65747,-26.080888],[-51.657924,-26.082078],[-51.6582,-26.083201],[-51.65859,-26.083613],[-51.659531,-26.084288],[-51.659847,-26.084715],[-51.660008,-26.085212],[-51.66032,-26.085628],[-51.660862,-26.085871],[-51.662108,-26.086245],[-51.662625,-26.08661],[-51.663938,-26.088129],[-51.664899,-26.089424],[-51.665223,-26.089977],[-51.665394,-26.090544],[-51.665407,-26.091627],[-51.665537,-26.092128],[-51.668568,-26.095386],[-51.668801,-26.095808],[-51.668734,-26.096257],[-51.668294,-26.096654],[-51.667027,-26.097277],[-51.66452,-26.097861],[-51.663914,-26.097846],[-51.663347,-26.097604],[-51.661587,-26.095945],[-51.66106,-26.095673],[-51.658519,-26.095431],[-51.657896,-26.095275],[-51.656788,-26.094742],[-51.656217,-26.094578],[-51.654965,-26.094455],[-51.652622,-26.093574],[-51.652033,-26.093485],[-51.651473,-26.093592],[-51.650537,-26.094061],[-51.650016,-26.094188],[-51.649466,-26.094109],[-51.647135,-26.093322],[-51.645165,-26.093137],[-51.644542,-26.093021],[-51.643399,-26.092605],[-51.642826,-26.092542],[-51.642287,-26.092691],[-51.641832,-26.092966],[-51.641467,-26.093303],[-51.641397,-26.093758],[-51.642561,-26.09556],[-51.64273,-26.096042],[-51.642534,-26.09648],[-51.642063,-26.096663],[-51.63975,-26.096191],[-51.638972,-26.096217],[-51.638462,-26.096318],[-51.637505,-26.096714],[-51.633557,-26.099205],[-51.632716,-26.100014],[-51.63151,-26.10164],[-51.631246,-26.102211],[-51.630975,-26.103442],[-51.630726,-26.104028],[-51.629128,-26.106083]]}},{"type":"Feature","properties":{"rod":"PR831","trecho":"831S0010EPR","km_ini":0.0,"km_fim":3.33,"sentido":"ambos","de":"ENTR. BR-153","para":"PAULA FREITAS","municipio":"Paula Freitas","situacao":"PAV","pista":"Simples","resp":"DER SR1","reg":"Médio Iguaçu","juris":"Estadual"},"geometry":{"type":"LineString","coordinates":[[-50.925986,-26.181644],[-50.926132,-26.181694],[-50.928335,-26.184573],[-50.928576,-26.185066],[-50.931218,-26.191822],[-50.933313,-26.197465],[-50.932692,-26.201385],[-50.931876,-26.204458],[-50.931862,-26.204975],[-50.932331,-26.210044]]}},{"type":"Feature","properties":{"rod":"PR835","trecho":"835S0010EPR","km_ini":0.0,"km_fim":0.46,"sentido":"ambos","de":"ENTR. BR-476","para":"ENTR. PR-836 (UNIÃO DA VITÓRIA)","municipio":"União da Vitória","situacao":"PAV","pista":"Simples","resp":"DER SR1","reg":"Médio Iguaçu","juris":"Estadual"},"geometry":{"type":"LineString","coordinates":[[-51.074772,-26.214336],[-51.075828,-26.214794],[-51.076356,-26.215123],[-51.0781,-26.21645],[-51.078394,-26.216794]]}},{"type":"Feature","properties":{"rod":"PR835","trecho":"835S0015EPR","km_ini":0.46,"km_fim":0.68,"sentido":"ambos","de":"ENTR. PR-836 (UNIÃO DA VITÓRIA)","para":"PONTE DOMÍCIO SCARAMELA (UNIÃO DA VITÓRIA)","municipio":"União da Vitória","situacao":"PAV","pista":"Simples","resp":"DER SR1","reg":"Médio Iguaçu","juris":"Estadual"},"geometry":{"type":"LineString","coordinates":[[-51.078394,-26.216794],[-51.080131,-26.218061]]}},{"type":"Feature","properties":{"rod":"PR512","trecho":"512N0010EPR","km_ini":0.0,"km_fim":13.95,"sentido":"ambos","de":"ENTR. PR-510 (BALSA NOVA)","para":"ENTR. BR-476 (MARIENTAL)","municipio":"Lapa","situacao":"NPV","pista":"Simples","resp":"DER SR1","reg":"Xisto","juris":"Estadual"},"geometry":{"type":"LineString","coordinates":[[-49.629775,-25.615906],[-49.629866,-25.616154],[-49.629776,-25.617079],[-49.629964,-25.618148],[-49.630543,-25.620584],[-49.631183,-25.622117],[-49.631121,-25.622648],[-49.630225,-25.624184],[-49.628912,-25.625904],[-49.628658,-25.626355],[-49.628104,-25.627915],[-49.628028,-25.628465],[-49.628154,-25.628988],[-49.629806,-25.630952],[-49.630686,-25.632307],[-49.632979,-25.633755],[-49.633305,-25.63423],[-49.633597,-25.635339],[-49.633964,-25.635759],[-49.637226,-25.638436],[-49.637482,-25.638931],[-49.637586,-25.640056],[-49.637845,-25.640596],[-49.638952,-25.641892],[-49.639438,-25.642222],[-49.6399,-25.642409],[-49.640918,-25.642688],[-49.643657,-25.643243],[-49.644105,-25.643581],[-49.644298,-25.644087],[-49.644517,-25.645106],[-49.645359,-25.645768],[-49.645634,-25.646258],[-49.645543,-25.647305],[-49.646308,-25.648641],[-49.646408,-25.649123],[-49.646159,-25.649561],[-49.645668,-25.649831],[-49.644463,-25.650146],[-49.643144,-25.651113],[-49.64286,-25.651501],[-49.642832,-25.653054],[-49.642205,-25.654361],[-49.642087,-25.654856],[-49.642087,-25.655381],[-49.642208,-25.655856],[-49.642453,-25.656377],[-49.642854,-25.656692],[-49.644645,-25.657144],[-49.645046,-25.657439],[-49.645113,-25.65797],[-49.644425,-25.658859],[-49.644203,-25.659368],[-49.644188,-25.659938],[-49.644399,-25.660443],[-49.652139,-25.667586],[-49.652488,-25.66808],[-49.65271,-25.668601],[-49.652739,-25.669167],[-49.652555,-25.670719],[-49.652403,-25.671289],[-49.652143,-25.671843],[-49.651538,-25.672721],[-49.64911,-25.675796],[-49.647569,-25.678902],[-49.646839,-25.680164],[-49.645432,-25.682313],[-49.645034,-25.682743],[-49.644499,-25.683015],[-49.643338,-25.683375],[-49.642741,-25.683463],[-49.640497,-25.683437],[-49.63933,-25.683631],[-49.638858,-25.683804],[-49.638494,-25.684133],[-49.637921,-25.685975],[-49.637683,-25.686481],[-49.636406,-25.688076],[-49.635659,-25.68876],[-49.634809,-25.690108],[-49.632008,-25.693488],[-49.630425,-25.695911],[-49.629979,-25.696283],[-49.628934,-25.696918],[-49.628549,-25.697353],[-49.628302,-25.697816],[-49.628014,-25.69875],[-49.627141,-25.700035],[-49.626112,-25.701082],[-49.625653,-25.702021],[-49.625905,-25.703093],[-49.625906,-25.703672],[-49.626061,-25.704224],[-49.626749,-25.705214],[-49.62695,-25.706726],[-49.62681,-25.707183],[-49.62639,-25.708051],[-49.622457,-25.711573],[-49.622137,-25.712059],[-49.62195,-25.71255],[-49.621911,-25.713051],[-49.622037,-25.713611]]}},{"type":"Feature","properties":{"rod":"PR418","trecho":"418S0030EPR","km_ini":14.38,"km_fim":21.86,"sentido":"ambos","de":"ENTR. PR-092 (CURITIBA)","para":"ENTR. PR-417 (COLOMBO)","municipio":"Almirante Tamandaré","situacao":"PAV","pista":"Simples","resp":"DER SR1","reg":"S.R. Leste","juris":"Estadual"},"geometry":{"type":"LineString","coordinates":[[-49.281375,-25.351019],[-49.280339,-25.350171],[-49.27863,-25.34894],[-49.27751,-25.348403],[-49.274362,-25.34733],[-49.273791,-25.347028],[-49.272839,-25.346244],[-49.272334,-25.34592],[-49.271757,-25.345768],[-49.270518,-25.345779],[-49.269918,-25.345655],[-49.269408,-25.345346],[-49.267228,-25.343542],[-49.266739,-25.343216],[-49.266179,-25.343052],[-49.264741,-25.34299],[-49.264055,-25.342805],[-49.263305,-25.342192],[-49.261593,-25.340331],[-49.261012,-25.339891],[-49.257759,-25.338498],[-49.257184,-25.338172],[-49.256696,-25.33778],[-49.254262,-25.335206],[-49.253829,-25.334894],[-49.253249,-25.33465],[-49.252814,-25.334603],[-49.252313,-25.334645],[-49.249957,-25.335458],[-49.249329,-25.3356],[-49.248708,-25.335565],[-49.247535,-25.335233],[-49.246925,-25.335211],[-49.246327,-25.335369],[-49.245794,-25.335715],[-49.244379,-25.337122],[-49.243819,-25.337507],[-49.241835,-25.33817],[-49.241356,-25.338597],[-49.241108,-25.339191],[-49.240834,-25.340286],[-49.240593,-25.340904],[-49.240148,-25.341386],[-49.239558,-25.341676],[-49.238907,-25.34178],[-49.237574,-25.341804],[-49.236934,-25.341976],[-49.235151,-25.342899],[-49.233802,-25.343284],[-49.230478,-25.344026],[-49.229765,-25.344121],[-49.229029,-25.344052],[-49.228124,-25.343638],[-49.22554,-25.341935],[-49.224916,-25.34169],[-49.22426,-25.341642],[-49.22364,-25.341766],[-49.2231,-25.342033],[-49.222207,-25.342695],[-49.221625,-25.342992],[-49.221023,-25.343064],[-49.218914,-25.342747]]}},{"type":"Feature","properties":{"rod":"PR418","trecho":"418S0020EPR","km_ini":5.1,"km_fim":14.38,"sentido":"ambos","de":"ENTR. PR-090 (CURITIBA)","para":"ENTR. PR-092 (CURITIBA)","municipio":"Curitiba","situacao":"PAV","pista":"Simples","resp":"DER SR1","reg":"S.R. Leste","juris":"Estadual"},"geometry":{"type":"LineString","coordinates":[[-49.355717,-25.388869],[-49.355282,-25.388659],[-49.354245,-25.387562],[-49.353766,-25.387222],[-49.352794,-25.386781],[-49.341526,-25.383249],[-49.338885,-25.382579],[-49.337832,-25.382076],[-49.336926,-25.381327],[-49.336253,-25.380342],[-49.334302,-25.374082],[-49.332796,-25.370761],[-49.33212,-25.369863],[-49.331647,-25.369461],[-49.330498,-25.368857],[-49.320545,-25.365103],[-49.319441,-25.364604],[-49.318102,-25.363862],[-49.316814,-25.362995],[-49.315879,-25.362244],[-49.307738,-25.355083],[-49.306974,-25.354481],[-49.306411,-25.354142],[-49.305262,-25.353677],[-49.304669,-25.353545],[-49.303488,-25.353443],[-49.28792,-25.353991],[-49.286563,-25.353954],[-49.285919,-25.35383],[-49.284729,-25.353359],[-49.281375,-25.351019]]}},{"type":"Feature","properties":{"rod":"PR405","trecho":"405N0040EPR","km_ini":31.73,"km_fim":76.61,"sentido":"ambos","de":"ENTR. PR-404 BR-101 (PLAN.) (SERRA NEGRA)","para":"ENTR. PR-340 (CACATU)","municipio":"Guaraqueçaba","situacao":"NPV","pista":"Simples","resp":"DER SR1","reg":"S.R. Leste","juris":"Estadual"},"geometry":{"type":"LineString","coordinates":[[-48.417144,-25.174169],[-48.418175,-25.174311],[-48.419776,-25.173976],[-48.420356,-25.174027],[-48.420717,-25.174335],[-48.420917,-25.174737],[-48.421527,-25.175585],[-48.421979,-25.175877],[-48.423591,-25.176488],[-48.4246,-25.176441],[-48.425098,-25.176473],[-48.425597,-25.176601],[-48.427378,-25.17766],[-48.430525,-25.178662],[-48.430911,-25.178986],[-48.431459,-25.179836],[-48.43189,-25.180184],[-48.432231,-25.180594],[-48.432382,-25.181581],[-48.43223,-25.184223],[-48.432165,-25.184687],[-48.431795,-25.185667],[-48.431542,-25.186044],[-48.430054,-25.18645],[-48.429336,-25.18717],[-48.4289,-25.187413],[-48.428712,-25.187828],[-48.429208,-25.188661],[-48.429984,-25.189428],[-48.430428,-25.18968],[-48.43149,-25.189827],[-48.432524,-25.190248],[-48.432695,-25.190677],[-48.432505,-25.191156],[-48.432433,-25.191622],[-48.432986,-25.192452],[-48.433017,-25.192902],[-48.432759,-25.193318],[-48.432398,-25.193703],[-48.431832,-25.194557],[-48.430768,-25.195703],[-48.430646,-25.196143],[-48.430892,-25.197032],[-48.431016,-25.198024],[-48.430859,-25.198453],[-48.430253,-25.199206],[-48.430004,-25.20022],[-48.429773,-25.202214],[-48.429804,-25.202705],[-48.430172,-25.203603],[-48.430529,-25.203959],[-48.431454,-25.204451],[-48.432135,-25.205187],[-48.432326,-25.205669],[-48.432197,-25.206129],[-48.43221,-25.206553],[-48.432801,-25.20734],[-48.433055,-25.208366],[-48.433797,-25.209115],[-48.434103,-25.209531],[-48.434269,-25.210987],[-48.434638,-25.211316],[-48.43517,-25.211526],[-48.435983,-25.212174],[-48.436298,-25.212577],[-48.436427,-25.213045],[-48.437591,-25.214703],[-48.438421,-25.215227],[-48.438724,-25.215609],[-48.438833,-25.216139],[-48.439077,-25.216566],[-48.4403,-25.217557],[-48.441232,-25.217977],[-48.441922,-25.21872],[-48.442518,-25.219544],[-48.442901,-25.219833],[-48.443358,-25.220022],[-48.443771,-25.22039],[-48.444388,-25.221197],[-48.444742,-25.221536],[-48.445688,-25.221806],[-48.44672,-25.221917],[-48.448867,-25.221718],[-48.44924,-25.221414],[-48.450167,-25.220181],[-48.450727,-25.220055],[-48.451694,-25.220444],[-48.452745,-25.22051],[-48.454261,-25.220959],[-48.455268,-25.221089],[-48.455739,-25.22123],[-48.45663,-25.221785],[-48.458364,-25.222243],[-48.459355,-25.22274],[-48.459841,-25.222843],[-48.491144,-25.221999],[-48.492224,-25.222054],[-48.49272,-25.222143],[-48.493789,-25.222555],[-48.494302,-25.222674],[-48.495462,-25.222687],[-48.4959,-25.222949],[-48.4964,-25.223743],[-48.4981,-25.225101],[-48.498597,-25.225312],[-48.499196,-25.225356],[-48.499765,-25.225488],[-48.51619,-25.233446],[-48.516588,-25.233802],[-48.518099,-25.235872],[-48.518567,-25.236174],[-48.519091,-25.236331],[-48.523089,-25.237404],[-48.524159,-25.23753],[-48.525295,-25.23777],[-48.525849,-25.237744],[-48.526345,-25.237466],[-48.526721,-25.237037],[-48.527523,-25.235764],[-48.52788,-25.235412],[-48.528375,-25.235084],[-48.529427,-25.234702],[-48.529968,-25.234827],[-48.530424,-25.235134],[-48.531562,-25.235417],[-48.532115,-25.23535],[-48.533171,-25.235014],[-48.534192,-25.234577],[-48.534761,-25.234579],[-48.535894,-25.234721],[-48.53706,-25.234643],[-48.537611,-25.234763],[-48.538089,-25.235043],[-48.538474,-25.235063],[-48.538509,-25.235321],[-48.53994,-25.236877],[-48.540928,-25.237194],[-48.542362,-25.238014],[-48.542914,-25.23802],[-48.543382,-25.237838],[-48.543888,-25.23786],[-48.544977,-25.238168],[-48.545902,-25.238677],[-48.54698,-25.238927],[-48.548609,-25.238834],[-48.549724,-25.238656],[-48.550255,-25.238781],[-48.550709,-25.238991],[-48.551184,-25.239362],[-48.551452,-25.239848],[-48.552428,-25.242251],[-48.552835,-25.243681],[-48.553118,-25.244124],[-48.553495,-25.244444],[-48.555164,-25.24475],[-48.556764,-25.245208],[-48.557321,-25.245237],[-48.557814,-25.245361],[-48.559976,-25.246857],[-48.562372,-25.247867],[-48.563437,-25.247959],[-48.563941,-25.248196],[-48.564594,-25.249019],[-48.564663,-25.250007],[-48.56481,-25.250443],[-48.565167,-25.250916],[-48.56555,-25.251206],[-48.567047,-25.251851],[-48.568663,-25.251845],[-48.569114,-25.252043],[-48.570132,-25.253719],[-48.570817,-25.25448],[-48.571695,-25.255648],[-48.572101,-25.25594],[-48.573548,-25.256529],[-48.574059,-25.256392],[-48.574932,-25.255831],[-48.575409,-25.255949],[-48.575844,-25.256234],[-48.576562,-25.256917],[-48.577517,-25.257474],[-48.577893,-25.25786],[-48.578092,-25.258333],[-48.578413,-25.258801],[-48.57928,-25.259521],[-48.581743,-25.260945],[-48.582161,-25.261354],[-48.582361,-25.261826],[-48.582449,-25.262291],[-48.582792,-25.262644],[-48.583205,-25.262917],[-48.583413,-25.263357],[-48.583521,-25.263821],[-48.583379,-25.264292],[-48.582888,-25.264561],[-48.582796,-25.264975],[-48.582998,-25.265408],[-48.583875,-25.266029],[-48.584261,-25.266398],[-48.584528,-25.26685],[-48.585058,-25.267012],[-48.586604,-25.267277],[-48.588731,-25.267858],[-48.590078,-25.268731],[-48.590799,-25.270101],[-48.592167,-25.27323],[-48.592076,-25.275704],[-48.592266,-25.276175],[-48.59325,-25.277374],[-48.594608,-25.278194],[-48.595056,-25.278524],[-48.59543,-25.278921],[-48.596131,-25.280153],[-48.597189,-25.281304],[-48.598409,-25.283571],[-48.599515,-25.285296],[-48.600164,-25.286087],[-48.60121,-25.287166],[-48.602404,-25.288215],[-48.602837,-25.289107],[-48.603805,-25.290344],[-48.60418,-25.290647],[-48.60466,-25.290764],[-48.605738,-25.290844],[-48.606209,-25.291122],[-48.607351,-25.292876],[-48.60872,-25.293779],[-48.609291,-25.293957],[-48.610933,-25.293986],[-48.611917,-25.293733],[-48.612347,-25.293996],[-48.612524,-25.294473],[-48.612828,-25.294903],[-48.613229,-25.295229],[-48.613726,-25.295418],[-48.614507,-25.296047],[-48.614832,-25.296412],[-48.615248,-25.297324],[-48.61569,-25.297516],[-48.6164,-25.298242],[-48.616875,-25.298379],[-48.617358,-25.298642],[-48.618622,-25.299515],[-48.619048,-25.300409],[-48.61953,-25.300517],[-48.620055,-25.300403],[-48.621224,-25.300402],[-48.622238,-25.300573],[-48.622776,-25.300819],[-48.624022,-25.301822],[-48.624502,-25.302078],[-48.624876,-25.302434],[-48.625647,-25.303703],[-48.626074,-25.30464],[-48.626383,-25.305087],[-48.626752,-25.305456],[-48.627009,-25.305937],[-48.628054,-25.305798],[-48.628525,-25.305665],[-48.629316,-25.305057],[-48.629795,-25.305128],[-48.630649,-25.305689],[-48.631564,-25.306187],[-48.632005,-25.306349],[-48.63294,-25.305989],[-48.633484,-25.305883],[-48.63397,-25.30601],[-48.634595,-25.306836],[-48.634694,-25.307751],[-48.63485,-25.308251],[-48.635123,-25.308662],[-48.635539,-25.308992],[-48.635985,-25.309187],[-48.636396,-25.309525],[-48.636674,-25.309951],[-48.638046,-25.310655],[-48.638365,-25.311038],[-48.638539,-25.311527],[-48.638867,-25.31189],[-48.639972,-25.312038],[-48.640427,-25.312313],[-48.641258,-25.313019],[-48.64151,-25.313961],[-48.641995,-25.314842],[-48.64245,-25.315131],[-48.64288,-25.314879],[-48.643247,-25.315071],[-48.643313,-25.315532],[-48.643836,-25.316391],[-48.64432,-25.316596],[-48.645355,-25.316454],[-48.646362,-25.315277],[-48.646654,-25.314826],[-48.647517,-25.314314],[-48.648047,-25.314236],[-48.648498,-25.314426],[-48.648699,-25.315367],[-48.649079,-25.316285],[-48.649331,-25.316709],[-48.649705,-25.317122],[-48.65012,-25.31736],[-48.65067,-25.317328],[-48.651198,-25.317402],[-48.651673,-25.317245],[-48.652446,-25.316647],[-48.653015,-25.31649],[-48.653591,-25.316469],[-48.654093,-25.316604],[-48.654835,-25.315991],[-48.657409,-25.31545],[-48.660733,-25.314665],[-48.661754,-25.31436],[-48.66226,-25.314128],[-48.665165,-25.312411],[-48.666298,-25.312092],[-48.669136,-25.311937],[-48.669736,-25.312023],[-48.671306,-25.312477],[-48.67324,-25.313381],[-48.673809,-25.313578],[-48.679162,-25.313338],[-48.67969,-25.313251],[-48.681082,-25.31227],[-48.681886,-25.311585],[-48.682357,-25.311304],[-48.683448,-25.311007],[-48.684547,-25.310908],[-48.684987,-25.311109],[-48.686102,-25.312128],[-48.686607,-25.312452],[-48.687094,-25.31255],[-48.691886,-25.313068],[-48.71706,-25.316532],[-48.717586,-25.316451],[-48.718058,-25.316286],[-48.718931,-25.315793],[-48.71983,-25.315154],[-48.721444,-25.314901],[-48.723752,-25.313914],[-48.724259,-25.314],[-48.724589,-25.31435],[-48.725112,-25.314348],[-48.7262,-25.314069],[-48.726626,-25.313685],[-48.72718,-25.312802],[-48.727405,-25.312302],[-48.728346,-25.311073],[-48.728817,-25.310843],[-48.73104,-25.310948],[-48.733135,-25.311591],[-48.733652,-25.311511],[-48.733966,-25.311127],[-48.734426,-25.310818],[-48.735467,-25.310457],[-48.7367,-25.310296],[-48.737793,-25.31004],[-48.740488,-25.309227],[-48.742802,-25.309126],[-48.744001,-25.309148],[-48.744588,-25.309327],[-48.745242,-25.309744]]}},{"type":"Feature","properties":{"rod":"PR090","trecho":"090S0030EPR","km_ini":28.47,"km_fim":36.85,"sentido":"ambos","de":"ENTR. PR-510 (B)/509(PLAN.) (BATEIAS)","para":"FINAL DO PAVIMENTO (2ª PONTE RIO DO CERNE)","municipio":"Campo Largo","situacao":"PAV","pista":"Simples","resp":"DER SR1","reg":"S.R. Leste","juris":"Estadual"},"geometry":{"type":"LineString","coordinates":[[-49.507169,-25.354481],[-49.507403,-25.354386],[-49.507844,-25.353865],[-49.508051,-25.353267],[-49.508088,-25.352595],[-49.508192,-25.352315],[-49.508598,-25.351824],[-49.509623,-25.350895],[-49.511044,-25.350466],[-49.511668,-25.350092],[-49.512545,-25.349302],[-49.513533,-25.348184],[-49.514412,-25.346219],[-49.516034,-25.344119],[-49.516147,-25.34358],[-49.515986,-25.343024],[-49.51567,-25.342482],[-49.515636,-25.342169],[-49.515744,-25.341858],[-49.516856,-25.340125],[-49.51891,-25.337803],[-49.519275,-25.336983],[-49.519559,-25.33668],[-49.52007,-25.336349],[-49.520245,-25.336113],[-49.520425,-25.335566],[-49.520418,-25.334972],[-49.520729,-25.334434],[-49.521248,-25.334088],[-49.522277,-25.333778],[-49.522859,-25.333402],[-49.523362,-25.332924],[-49.523997,-25.332618],[-49.524685,-25.332413],[-49.525776,-25.332479],[-49.526173,-25.332417],[-49.528272,-25.331768],[-49.528601,-25.331578],[-49.529117,-25.331055],[-49.530207,-25.329236],[-49.531035,-25.328413],[-49.531372,-25.328175],[-49.535328,-25.326095],[-49.535719,-25.32598],[-49.536107,-25.326053],[-49.536827,-25.32634],[-49.537272,-25.32638],[-49.537665,-25.32624],[-49.538141,-25.32573],[-49.538392,-25.325383],[-49.538548,-25.324692],[-49.538709,-25.324359],[-49.53905,-25.323885],[-49.539839,-25.321711],[-49.539912,-25.321283],[-49.539644,-25.320308],[-49.539695,-25.319941],[-49.540027,-25.319296],[-49.539943,-25.318964],[-49.539249,-25.318299],[-49.539059,-25.317996],[-49.538885,-25.317283],[-49.538952,-25.316566],[-49.539295,-25.315633],[-49.539221,-25.314639],[-49.539241,-25.313269],[-49.539068,-25.312893],[-49.538179,-25.312299],[-49.537972,-25.312081],[-49.537765,-25.311544],[-49.53773,-25.310884],[-49.537909,-25.310552],[-49.538355,-25.310024],[-49.538363,-25.309656],[-49.538216,-25.309299],[-49.538209,-25.308896],[-49.538519,-25.308412],[-49.54083,-25.305673],[-49.541385,-25.305249],[-49.542376,-25.304753],[-49.542596,-25.304462],[-49.542859,-25.3036],[-49.543284,-25.303058],[-49.544752,-25.302013],[-49.54677,-25.300755],[-49.547172,-25.300211],[-49.547281,-25.299561]]}},{"type":"Feature","properties":{"rod":"PR090","trecho":"090S0014EPR","km_ini":27.54,"km_fim":28.47,"sentido":"ambos","de":"ENTR. PR-510 (A) (BATEIAS)","para":"ENTR. PR-510 (B) / 509(PLAN.) (BATEIAS)","municipio":"Campo Largo","situacao":"PAV","pista":"Simples","resp":"DER SR1","reg":"S.R. Leste","juris":"Estadual"},"geometry":{"type":"LineString","coordinates":[[-49.509803,-25.3625],[-49.509547,-25.362109],[-49.508135,-25.357989],[-49.507719,-25.356163],[-49.507267,-25.354971],[-49.507169,-25.354481]]}},{"type":"Feature","properties":{"rod":"PR090","trecho":"090N0035EPR","km_ini":36.85,"km_fim":49.69,"sentido":"ambos","de":"FINAL DO PAVIMENTO (2ª PONTE RIO DO CERNE)","para":"RIO AÇUNGUI","municipio":"Campo Largo","situacao":"NPV","pista":"Simples","resp":"DER SR1","reg":"S.R. Leste","juris":"Estadual"},"geometry":{"type":"LineString","coordinates":[[-49.547281,-25.299561],[-49.547761,-25.295069],[-49.547877,-25.293067],[-49.548115,-25.292489],[-49.54868,-25.291755],[-49.550718,-25.289561],[-49.551234,-25.28839],[-49.551973,-25.28729],[-49.552545,-25.286945],[-49.553447,-25.286582],[-49.553948,-25.286045],[-49.554084,-25.285432],[-49.553854,-25.284438],[-49.553927,-25.284149],[-49.55447,-25.283712],[-49.556487,-25.282453],[-49.558622,-25.27924],[-49.56144,-25.276398],[-49.561608,-25.276151],[-49.561666,-25.275811],[-49.561335,-25.274624],[-49.560358,-25.272923],[-49.56017,-25.272307],[-49.560121,-25.271653],[-49.560322,-25.270783],[-49.560204,-25.270466],[-49.559703,-25.27007],[-49.559646,-25.269764],[-49.560085,-25.269274],[-49.560201,-25.268628],[-49.560378,-25.268324],[-49.560669,-25.268229],[-49.561368,-25.268399],[-49.56259,-25.267786],[-49.562915,-25.267798],[-49.56391,-25.26811],[-49.564264,-25.268082],[-49.564845,-25.267693],[-49.565167,-25.267612],[-49.565821,-25.267827],[-49.566117,-25.267852],[-49.566839,-25.26776],[-49.56711,-25.267642],[-49.567795,-25.266881],[-49.569047,-25.266591],[-49.569332,-25.266349],[-49.570249,-25.26581],[-49.57119,-25.265089],[-49.571834,-25.265087],[-49.572186,-25.265004],[-49.572416,-25.264756],[-49.572825,-25.263854],[-49.573704,-25.263402],[-49.573908,-25.263195],[-49.573929,-25.262906],[-49.573587,-25.262368],[-49.573625,-25.262039],[-49.573911,-25.261463],[-49.574225,-25.261365],[-49.574498,-25.261576],[-49.574385,-25.262483],[-49.574512,-25.26278],[-49.574687,-25.263054],[-49.57497,-25.263144],[-49.575188,-25.263105],[-49.575348,-25.262848],[-49.575066,-25.262128],[-49.575206,-25.261855],[-49.576544,-25.261589],[-49.576746,-25.261338],[-49.576691,-25.261028],[-49.576422,-25.260839],[-49.575655,-25.260759],[-49.57535,-25.260522],[-49.575341,-25.259851],[-49.574832,-25.25936],[-49.574437,-25.259272],[-49.573759,-25.259428],[-49.573423,-25.259286],[-49.573287,-25.259008],[-49.573337,-25.258394],[-49.573231,-25.258116],[-49.572697,-25.257778],[-49.572558,-25.257493],[-49.572537,-25.257155],[-49.572858,-25.256643],[-49.573271,-25.256176],[-49.574535,-25.255683],[-49.574736,-25.255438],[-49.575363,-25.255183],[-49.576049,-25.255121],[-49.577053,-25.25528],[-49.577376,-25.255252],[-49.577927,-25.2549],[-49.578397,-25.254452],[-49.578447,-25.254165],[-49.57832,-25.253844],[-49.578365,-25.253578],[-49.578603,-25.253372],[-49.579535,-25.252908],[-49.579861,-25.252857],[-49.580483,-25.253133],[-49.58216,-25.25427],[-49.582773,-25.254532],[-49.583452,-25.255364],[-49.584086,-25.255636],[-49.584374,-25.25555],[-49.584763,-25.25502],[-49.585027,-25.254851],[-49.58565,-25.254683],[-49.586176,-25.254364],[-49.586723,-25.253918],[-49.587248,-25.253121],[-49.587727,-25.252712],[-49.587885,-25.252421],[-49.587637,-25.251564],[-49.587638,-25.251202],[-49.587866,-25.250986],[-49.588228,-25.250977],[-49.588825,-25.251194],[-49.589774,-25.251204],[-49.591049,-25.251697],[-49.591402,-25.251726],[-49.591651,-25.251549],[-49.592176,-25.250727],[-49.592117,-25.250402],[-49.591563,-25.250022],[-49.591268,-25.249446],[-49.590726,-25.248929],[-49.590526,-25.248599],[-49.590644,-25.247985],[-49.590763,-25.247638],[-49.591246,-25.24713],[-49.591879,-25.246779],[-49.592524,-25.246604],[-49.593129,-25.245868],[-49.594033,-25.245397],[-49.594357,-25.244904],[-49.595028,-25.244253],[-49.595134,-25.243926],[-49.595108,-25.243578],[-49.594371,-25.242438],[-49.5944,-25.24212],[-49.594726,-25.241526],[-49.594946,-25.241259],[-49.595253,-25.241052],[-49.595593,-25.241013],[-49.595876,-25.241169],[-49.596098,-25.241398],[-49.596383,-25.241529],[-49.596714,-25.241445],[-49.596972,-25.241195],[-49.597378,-25.240335],[-49.597634,-25.240186],[-49.599662,-25.240303],[-49.599944,-25.240177],[-49.600773,-25.239279],[-49.600776,-25.238949],[-49.600594,-25.238695],[-49.599919,-25.2384],[-49.59942,-25.237948],[-49.599476,-25.237661],[-49.600001,-25.237198],[-49.600534,-25.236865],[-49.600921,-25.236333],[-49.600839,-25.236036],[-49.599948,-25.235618],[-49.599734,-25.235343],[-49.599747,-25.235108]]}},{"type":"Feature","properties":{"rod":"BR476","trecho":"476BPR0125(a)","km_ini":273.8,"km_fim":276.0,"sentido":"ambos","de":"ENTR. PR-151 (P/ TRÊS BARRAS)","para":"RIO IGUAÇU (S. MATEUS DO SUL)","municipio":"São Mateus do Sul","situacao":"PAV","pista":"Simples","resp":"DNIT","reg":"Xisto","juris":"Federal"},"geometry":{"type":"LineString","coordinates":[[-50.376339,-25.894311],[-50.376976,-25.894127],[-50.377525,-25.893743],[-50.380577,-25.890285],[-50.38089,-25.889833],[-50.381103,-25.889359],[-50.384728,-25.879599],[-50.384799,-25.879145],[-50.384721,-25.878595],[-50.384271,-25.877132],[-50.384186,-25.876572]]}},{"type":"Feature","properties":{"rod":"BR476","trecho":"476BPR0120","km_ini":257.7,"km_fim":273.8,"sentido":"ambos","de":"ENTR. PR-281(A) (P/ ANTONIO OLINTO)","para":"ENTR. PR-151 (P/ TRÊS BARRAS)","municipio":"Antônio Olinto","situacao":"PAV","pista":"Simples","resp":"DNIT","reg":"Xisto","juris":"Federal"},"geometry":{"type":"LineString","coordinates":[[-50.223536,-25.889239],[-50.226972,-25.889444],[-50.228025,-25.889427],[-50.2443,-25.887149],[-50.245705,-25.887048],[-50.246431,-25.887107],[-50.24764,-25.887382],[-50.248886,-25.887952],[-50.260016,-25.894833],[-50.261483,-25.89544],[-50.263019,-25.895695],[-50.26404,-25.895672],[-50.265737,-25.895355],[-50.283867,-25.890637],[-50.285484,-25.890344],[-50.28659,-25.890362],[-50.287139,-25.890438],[-50.294384,-25.892303],[-50.295954,-25.892563],[-50.297026,-25.892526],[-50.308482,-25.891406],[-50.30958,-25.891375],[-50.310636,-25.891564],[-50.311613,-25.891971],[-50.32414,-25.898632],[-50.325635,-25.899101],[-50.32668,-25.899271],[-50.32775,-25.899246],[-50.34496,-25.896395],[-50.356172,-25.894613],[-50.357298,-25.89457],[-50.365816,-25.894843],[-50.367059,-25.894687],[-50.370345,-25.89369],[-50.371579,-25.893505],[-50.372511,-25.893606],[-50.375698,-25.894306],[-50.376339,-25.894311]]}},{"type":"Feature","properties":{"rod":"PR151","trecho":"151S0430EPR","km_ini":457.45,"km_fim":469.32,"sentido":"ambos","de":"ENTR. BR-476 (B)","para":"LAJEADO","municipio":"São Mateus do Sul","situacao":"PAV","pista":"Simples","resp":"DER SR1","reg":"Xisto","juris":"Estadual"},"geometry":{"type":"LineString","coordinates":[[-50.376339,-25.894311],[-50.376524,-25.895512],[-50.377381,-25.898144],[-50.378132,-25.903422],[-50.37836,-25.904382],[-50.378588,-25.90485],[-50.378948,-25.905307],[-50.381688,-25.908185],[-50.381935,-25.908629],[-50.382076,-25.909116],[-50.381439,-25.913041],[-50.380768,-25.916456],[-50.378286,-25.923396],[-50.378159,-25.923934],[-50.378135,-25.924471],[-50.378226,-25.924998],[-50.378427,-25.925504],[-50.378728,-25.925966],[-50.379122,-25.926375],[-50.380964,-25.927797],[-50.381304,-25.928245],[-50.381548,-25.928731],[-50.381741,-25.929761],[-50.381218,-25.933039],[-50.381197,-25.93357],[-50.381302,-25.934099],[-50.381544,-25.934589],[-50.382707,-25.935839],[-50.38372,-25.937158],[-50.384003,-25.937642],[-50.38415,-25.938171],[-50.384171,-25.939833],[-50.383986,-25.940321],[-50.380457,-25.946539],[-50.380246,-25.946997],[-50.380147,-25.947458],[-50.380188,-25.947941],[-50.380409,-25.948417],[-50.381883,-25.949964],[-50.382098,-25.950417],[-50.382253,-25.951524],[-50.38246,-25.954305],[-50.382347,-25.956618],[-50.382255,-25.957149],[-50.382058,-25.957682],[-50.381765,-25.958207],[-50.381371,-25.958687],[-50.37901,-25.960713],[-50.377338,-25.961514],[-50.375252,-25.963372],[-50.374545,-25.964138],[-50.372838,-25.967458],[-50.372854,-25.968055],[-50.373241,-25.969584],[-50.373319,-25.971772],[-50.37322,-25.972894],[-50.372774,-25.974475],[-50.372484,-25.974947],[-50.37209,-25.975362],[-50.368329,-25.979026],[-50.364006,-25.983514],[-50.363741,-25.983974],[-50.36357,-25.98448],[-50.363501,-25.985],[-50.363302,-25.988366],[-50.363519,-25.989494]]}},{"type":"Feature","properties":{"rod":"BR277","trecho":"277BPR0010","km_ini":0.0,"km_fim":4.7,"sentido":"ambos","de":"PONTE S/ RIO EMBOGUAÇU","para":"ACESSO  PARANAGUÁ","municipio":"Paranaguá","situacao":"PAV","pista":"Simples","resp":"DNIT","reg":"S.R. Leste","juris":"Federal"},"geometry":{"type":"LineString","coordinates":[[-48.544436,-25.520411],[-48.546554,-25.522045],[-48.547127,-25.522739],[-48.547348,-25.523305],[-48.547429,-25.523913],[-48.547462,-25.526779],[-48.547638,-25.527859],[-48.548181,-25.52947],[-48.548933,-25.530828],[-48.549879,-25.53198],[-48.551216,-25.533133],[-48.554772,-25.535276],[-48.555794,-25.536036],[-48.556988,-25.537237],[-48.557854,-25.538555],[-48.558302,-25.539521],[-48.558598,-25.540432],[-48.562009,-25.55304],[-48.562496,-25.55401],[-48.563063,-25.554803],[-48.563738,-25.55553],[-48.564936,-25.556386]]}},{"type":"Feature","properties":{"rod":"PR807","trecho":"807S0010EPR","km_ini":0.0,"km_fim":1.02,"sentido":"ambos","de":"GUARATUBA (ANTIGO MERCADO)","para":"ENTR. PR-412 (FERRY BOAT)","municipio":"Guaratuba","situacao":"PAV","pista":"Simples","resp":"DER SR1","reg":"S.R. Leste","juris":"Estadual"},"geometry":{"type":"LineString","coordinates":[[-48.575053,-25.872414],[-48.574956,-25.871615],[-48.574441,-25.870663],[-48.574459,-25.870351],[-48.574792,-25.869095],[-48.574722,-25.868543],[-48.574554,-25.868272],[-48.574011,-25.867952],[-48.57365,-25.867827],[-48.572113,-25.867805],[-48.570531,-25.867625],[-48.569422,-25.86735]]}},{"type":"Feature","properties":{"rod":"PR412","trecho":"412S0025EPR","km_ini":21.48,"km_fim":22.17,"sentido":"ambos","de":"GUARATUBA (B) (CORPO DE BOMBEIROS)","para":"ENTR. PR-807","municipio":"Guaratuba","situacao":"PAV","pista":"Simples","resp":"DER SR1","reg":"S.R. Leste","juris":"Estadual"},"geometry":{"type":"LineString","coordinates":[[-48.568011,-25.873258],[-48.569084,-25.871094],[-48.569307,-25.870468],[-48.569475,-25.868883],[-48.569285,-25.86778],[-48.569422,-25.86735]]}},{"type":"Feature","properties":{"rod":"PR412","trecho":"412S0027EPR","km_ini":22.17,"km_fim":22.36,"sentido":"ambos","de":"ENTR. PR-807","para":"PORTO PASSAGEM GUARATUBA (F. BOAT)","municipio":"Guaratuba","situacao":"PAV","pista":"Simples","resp":"DER SR1","reg":"S.R. Leste","juris":"Estadual"},"geometry":{"type":"LineString","coordinates":[[-48.569422,-25.86735],[-48.570411,-25.8659]]}},{"type":"Feature","properties":{"rod":"RM412","trecho":"412B0028AQV","km_ini":22.36,"km_fim":23.6,"sentido":"ambos","de":"PORTO PASSAGEM GUARATUBA (FERRY BOAT)","para":"PORTO PASSAGEM CAIOBÁ (FERRY BOAT)","municipio":"Guaratuba","situacao":"PLA","pista":"Simples","resp":"DER SR1","reg":"S.R. Leste","juris":"Estadual"},"geometry":{"type":"LineString","coordinates":[[-48.570411,-25.8659],[-48.569897,-25.854783]]}},{"type":"Feature","properties":{"rod":"PR412","trecho":"412S0012EPR","km_ini":8.28,"km_fim":12.41,"sentido":"ambos","de":"ENTR. PR-808 (P/ ITAPOÁ)","para":"INTERS. AC. BALNEÁRIO COROADOS","municipio":"Guaratuba","situacao":"PAV","pista":"Simples","resp":"DER SR1","reg":"S.R. Leste","juris":"Estadual"},"geometry":{"type":"LineString","coordinates":[[-48.637039,-25.951997],[-48.63307,-25.951514],[-48.597407,-25.947637],[-48.596575,-25.947488],[-48.596393,-25.947331],[-48.596728,-25.947197]]}},{"type":"Feature","properties":{"rod":"PR412","trecho":"412S0018EPR","km_ini":12.41,"km_fim":19.86,"sentido":"ambos","de":"INTERS. AC. BALN. COROADOS (AV. PARANÁ)","para":"GUARATUBA (A) (AV. PARANÁ x R. ANTONIO A. CORREIA)","municipio":"Guaratuba","situacao":"PAV","pista":"Simples","resp":"DER SR1","reg":"S.R. Leste","juris":"Estadual"},"geometry":{"type":"LineString","coordinates":[[-48.596728,-25.947197],[-48.59639,-25.947123],[-48.596536,-25.946755],[-48.596465,-25.946501],[-48.59377,-25.945069],[-48.593228,-25.944495],[-48.592933,-25.943947],[-48.591949,-25.939443],[-48.588925,-25.923956],[-48.588652,-25.923001],[-48.583261,-25.911828],[-48.583028,-25.911498],[-48.582214,-25.910942],[-48.582016,-25.910722],[-48.578783,-25.904832],[-48.576775,-25.88835],[-48.576418,-25.884802],[-48.576289,-25.884408]]}},{"type":"Feature","properties":{"rod":"RM151","trecho":"151M0395MUN","km_ini":451.17,"km_fim":452.84,"sentido":"ambos","de":"SÃO MATEUS DO SUL (A)","para":"ENTR. PR-364 (S. MATEUS DO SUL) (B)","municipio":"São Mateus do Sul","situacao":"PLA","pista":"Simples","resp":"Município","reg":"Xisto","juris":"Muncipal"},"geometry":{"type":"LineString","coordinates":[[-50.384122,-25.858678],[-50.384016,-25.858744],[-50.384045,-25.863696],[-50.384491,-25.863823],[-50.393624,-25.863791],[-50.395019,-25.863906]]}},{"type":"Feature","properties":{"rod":"RM092","trecho":"092M0045MUN","km_ini":29.41,"km_fim":30.95,"sentido":"ambos","de":"RIO BRANCO DO SUL (A) (VIADUTO LINHA FÉRREA)","para":"RIO BRANCO SUL (B) (FÁB. VOTORAN)","municipio":"Rio Branco do Sul","situacao":"PLA","pista":"Simples","resp":"Município","reg":"S.R. Leste","juris":"Muncipal"},"geometry":{"type":"LineString","coordinates":[[-49.311314,-25.196194],[-49.314866,-25.194926],[-49.316181,-25.193994],[-49.317134,-25.193518],[-49.317479,-25.193092],[-49.317542,-25.192159],[-49.317735,-25.191736],[-49.318111,-25.191392],[-49.318575,-25.191178],[-49.319638,-25.190882],[-49.320803,-25.189878],[-49.321387,-25.189746],[-49.322384,-25.189947],[-49.322814,-25.190213],[-49.323169,-25.190733]]}},{"type":"Feature","properties":{"rod":"RM092","trecho":"092M0083MUN","km_ini":131.19,"km_fim":132.05,"sentido":"ambos","de":"DOUTOR ULISSES (A)","para":"DOUTOR ULISSES (B)","municipio":"Doutor Ulysses","situacao":"PLA","pista":"Simples","resp":"Município","reg":"S.R. Leste","juris":"Muncipal"},"geometry":{"type":"LineString","coordinates":[[-49.423153,-24.568903],[-49.422798,-24.56869],[-49.421861,-24.568343],[-49.419924,-24.567986],[-49.419417,-24.567807],[-49.419121,-24.567551],[-49.419224,-24.567094],[-49.419148,-24.566632],[-49.419239,-24.566187],[-49.419967,-24.564964],[-49.420544,-24.564186]]}},{"type":"Feature","properties":{"rod":"RM281","trecho":"281M0015MUN","km_ini":13.61,"km_fim":14.2,"sentido":"ambos","de":"TIJUCAS DO SUL (A)","para":"TIJUCAS DO SUL (B)","municipio":"Tijucas do Sul","situacao":"PLA","pista":"Simples","resp":"Município","reg":"S.R. Leste","juris":"Muncipal"},"geometry":{"type":"LineString","coordinates":[[-49.178494,-25.924097],[-49.178706,-25.925339],[-49.178891,-25.925825],[-49.179693,-25.927591],[-49.180458,-25.928958]]}},{"type":"Feature","properties":{"rod":"RM281","trecho":"281M0125MUN","km_ini":237.4,"km_fim":239.55,"sentido":"ambos","de":"MALLET (A)","para":"ENTR. BR-153 (MALLET) (B)","municipio":"Mallet","situacao":"PLA","pista":"Simples","resp":"Município","reg":"Xisto","juris":"Muncipal"},"geometry":{"type":"LineString","coordinates":[[-50.819797,-25.883386],[-50.828601,-25.882994],[-50.828876,-25.88319],[-50.828473,-25.88456],[-50.828391,-25.885077],[-50.828625,-25.885565],[-50.828947,-25.885914],[-50.829457,-25.886093],[-50.831074,-25.886261],[-50.831665,-25.886292],[-50.83275,-25.885969],[-50.837697,-25.884894]]}},{"type":"Feature","properties":{"rod":"RM340","trecho":"340M0075MUN","km_ini":129.66,"km_fim":129.99,"sentido":"ambos","de":"CERRO AZUL (A)","para":"CERRO AZUL (B)","municipio":"Cerro Azul","situacao":"PLA","pista":"Simples","resp":"Município","reg":"S.R. Leste","juris":"Muncipal"},"geometry":{"type":"LineString","coordinates":[[-49.258875,-24.825739],[-49.259094,-24.825668],[-49.262158,-24.825678]]}},{"type":"Feature","properties":{"rod":"RM412","trecho":"412M0035MUN","km_ini":30.42,"km_fim":31.19,"sentido":"ambos","de":"ENTR. PR-508 (MATINHOS) (A)","para":"MATINHOS (B)","municipio":"","situacao":"PLA","pista":"Simples","resp":"Município","reg":"S.R. Leste","juris":"Muncipal"},"geometry":{"type":"LineString","coordinates":[[-48.538297,-25.816875],[-48.537167,-25.816708],[-48.534645,-25.815926],[-48.534345,-25.815618],[-48.533909,-25.814743],[-48.53378,-25.814293],[-48.533564,-25.812639]]}},{"type":"Feature","properties":{"rod":"RM412","trecho":"412M0020MUN","km_ini":19.86,"km_fim":21.48,"sentido":"ambos","de":"GUARATUBA (A) (AV. PARANÁ x R. ANTONIO A. CORREIA)","para":"GUARATUBA (B) (CORPO DE BOMBEIROS)","municipio":"Guaratuba","situacao":"PLA","pista":"Simples","resp":"Município","reg":"S.R. Leste","juris":"Muncipal"},"geometry":{"type":"LineString","coordinates":[[-48.576289,-25.884408],[-48.568425,-25.878727],[-48.568011,-25.873258]]}},{"type":"Feature","properties":{"rod":"RM446","trecho":"446M0035MUN","km_ini":14.64,"km_fim":15.95,"sentido":"ambos","de":"PORTO VITÓRIA (A)","para":"PORTO VITÓRIA (B)","municipio":"Porto Vitória","situacao":"PLA","pista":"Simples","resp":"Município","reg":"Médio Iguaçu","juris":"Muncipal"},"geometry":{"type":"LineString","coordinates":[[-51.222822,-26.161019],[-51.222848,-26.160336],[-51.223196,-26.159938],[-51.223791,-26.159841],[-51.230289,-26.160053],[-51.230855,-26.160151],[-51.23177,-26.160598],[-51.23215,-26.160959],[-51.233155,-26.161309],[-51.233242,-26.161725],[-51.232929,-26.162099],[-51.232878,-26.162483]]}},{"type":"Feature","properties":{"rod":"RM408","trecho":"408M0025MUN","km_ini":9.73,"km_fim":11.24,"sentido":"ambos","de":"MORRETES (A)","para":"MORRETES (B)","municipio":"Morretes","situacao":"PLA","pista":"Simples","resp":"Município","reg":"S.R. Leste","juris":"Muncipal"},"geometry":{"type":"LineString","coordinates":[[-48.828556,-25.469419],[-48.82941,-25.470598],[-48.82941,-25.471043],[-48.828762,-25.474657],[-48.828793,-25.475186],[-48.828957,-25.475738],[-48.829782,-25.476992],[-48.830286,-25.478465],[-48.829709,-25.479317],[-48.829518,-25.479779],[-48.829546,-25.480279],[-48.829367,-25.482281]]}},{"type":"Feature","properties":{"rod":"RM411","trecho":"411M0005MUN","km_ini":0.0,"km_fim":1.07,"sentido":"ambos","de":"ENTR. PR-408 (MORRETES)","para":"ENTR. PR-411 (MORRETES)","municipio":"Morretes","situacao":"PLA","pista":"Simples","resp":"Município","reg":"S.R. Leste","juris":"Muncipal"},"geometry":{"type":"LineString","coordinates":[[-48.829367,-25.482281],[-48.829622,-25.481982],[-48.830714,-25.482484],[-48.831089,-25.482212],[-48.834676,-25.476526],[-48.835606,-25.475783]]}},{"type":"Feature","properties":{"rod":"RM511","trecho":"511M0005MUN","km_ini":0.0,"km_fim":2.54,"sentido":"ambos","de":"ENTR. BR-116 (QUITANDINHA) (A)","para":"QUITANDINHA (B)","municipio":"Quitandinha","situacao":"PLA","pista":"Simples","resp":"Município","reg":"Xisto","juris":"Muncipal"},"geometry":{"type":"LineString","coordinates":[[-49.486678,-25.875492],[-49.487202,-25.874567],[-49.492335,-25.871843],[-49.492891,-25.871757],[-49.499463,-25.871533],[-49.501133,-25.871497],[-49.501552,-25.871602],[-49.501379,-25.87081],[-49.501388,-25.87033],[-49.501783,-25.868939],[-49.502151,-25.868002],[-49.502745,-25.866906],[-49.502661,-25.866433],[-49.502809,-25.8659],[-49.503635,-25.86474],[-49.504019,-25.864017]]}},{"type":"Feature","properties":{"rod":"RM509","trecho":"509M0035MUN","km_ini":36.51,"km_fim":37.32,"sentido":"ambos","de":"COLOMBO (A)","para":"COLOMBO (B)","municipio":"Colombo","situacao":"PLA","pista":"Simples","resp":"Município","reg":"S.R. Leste","juris":"Muncipal"},"geometry":{"type":"LineString","coordinates":[[-49.230894,-25.293975],[-49.229776,-25.293057],[-49.228864,-25.292622],[-49.227809,-25.292754],[-49.223517,-25.293564]]}},{"type":"Feature","properties":{"rod":"RM506","trecho":"506M0009MUN","km_ini":10.13,"km_fim":11.15,"sentido":"ambos","de":"ENTR. PR-415(B) (PIRAQ.- INÍCIO P. DUPLA) (A)","para":"PIRAQUARA (FINAL P. DUPLA) (B)","municipio":"","situacao":"PLA","pista":"Simples","resp":"Município","reg":"S.R. Leste","juris":"Muncipal"},"geometry":{"type":"LineString","coordinates":[[-49.065947,-25.447475],[-49.065721,-25.447112],[-49.0591,-25.440747]]}},{"type":"Feature","properties":{"rod":"RM836","trecho":"836M0015MUN","km_ini":1.68,"km_fim":3.34,"sentido":"ambos","de":"UNIÃO DA VITÓRIA (P/ AEROPORTO) (A)","para":"ENTR. PR-838 (UNIÃO DA VITÓRIA) (B)","municipio":"União da Vitória","situacao":"PLA","pista":"Simples","resp":"Município","reg":"Médio Iguaçu","juris":"Muncipal"},"geometry":{"type":"LineString","coordinates":[[-51.075778,-26.227233],[-51.075535,-26.227238],[-51.07437,-26.228835],[-51.073904,-26.228904],[-51.069619,-26.228269],[-51.062123,-26.22675],[-51.061561,-26.226668],[-51.060372,-26.2267]]}},{"type":"Feature","properties":{"rod":"PR511","trecho":"511N0010EPR","km_ini":2.54,"km_fim":22.36,"sentido":"ambos","de":"QUITANDINHA (B)","para":"ENTR. ROD. MUN. (CATANDUVAS DO SUL)","municipio":"Quitandinha","situacao":"NPV","pista":"Simples","resp":"DER SR1","reg":"Xisto","juris":"Estadual"},"geometry":{"type":"LineString","coordinates":[[-49.504019,-25.864017],[-49.504256,-25.86342],[-49.504339,-25.862925],[-49.504845,-25.857875],[-49.504857,-25.857398],[-49.50467,-25.856282],[-49.504715,-25.855735],[-49.505178,-25.854209],[-49.505205,-25.853724],[-49.505108,-25.853234],[-49.504186,-25.85055],[-49.502557,-25.846177],[-49.502029,-25.845386],[-49.501584,-25.845034],[-49.499969,-25.844496],[-49.499466,-25.844262],[-49.499095,-25.843894],[-49.497665,-25.841996],[-49.496975,-25.840558],[-49.496656,-25.840059],[-49.495204,-25.838489],[-49.494714,-25.838179],[-49.493561,-25.837824],[-49.493071,-25.837558],[-49.492765,-25.837113],[-49.492298,-25.835575],[-49.491208,-25.833431],[-49.490899,-25.83305],[-49.489746,-25.832008],[-49.489045,-25.830728],[-49.487932,-25.829662],[-49.487711,-25.829213],[-49.487488,-25.826125],[-49.487551,-25.82566],[-49.487834,-25.82531],[-49.488289,-25.825028],[-49.488641,-25.82459],[-49.489747,-25.822253],[-49.490071,-25.821875],[-49.490523,-25.821606],[-49.493239,-25.820463],[-49.49371,-25.820159],[-49.494814,-25.818889],[-49.494965,-25.818431],[-49.494997,-25.817924],[-49.494922,-25.817397],[-49.494581,-25.815893],[-49.494307,-25.815475],[-49.493639,-25.81472],[-49.492925,-25.811825],[-49.492727,-25.810693],[-49.492568,-25.808068],[-49.492696,-25.807052],[-49.492988,-25.805954],[-49.493002,-25.805408],[-49.492079,-25.803407],[-49.492067,-25.802877],[-49.493453,-25.797944],[-49.493477,-25.797357],[-49.492789,-25.795844],[-49.492426,-25.794753],[-49.491826,-25.793802],[-49.491637,-25.79337],[-49.4911,-25.791923],[-49.489826,-25.790677],[-49.489166,-25.789749],[-49.488941,-25.789267],[-49.488603,-25.787901],[-49.487957,-25.787155],[-49.487694,-25.786709],[-49.487715,-25.786196],[-49.488212,-25.785296],[-49.488636,-25.782563],[-49.48851,-25.782107],[-49.487279,-25.780832],[-49.486859,-25.779335],[-49.486901,-25.778293],[-49.487282,-25.775261],[-49.487483,-25.774822],[-49.488169,-25.774056],[-49.488284,-25.773566],[-49.488151,-25.773061],[-49.487374,-25.771752],[-49.487365,-25.77126],[-49.487588,-25.770861],[-49.488114,-25.770584],[-49.489272,-25.770465],[-49.489692,-25.770181],[-49.490282,-25.768872],[-49.491784,-25.767966],[-49.492064,-25.767485],[-49.492139,-25.767038],[-49.492022,-25.766571],[-49.49093,-25.76457],[-49.490576,-25.764093],[-49.489861,-25.763387],[-49.488929,-25.762074],[-49.488595,-25.761732],[-49.488088,-25.761439],[-49.486315,-25.76115],[-49.485844,-25.760934],[-49.484567,-25.759896],[-49.484243,-25.759473],[-49.484159,-25.759012],[-49.484248,-25.757027],[-49.484186,-25.756487],[-49.483917,-25.756089],[-49.482998,-25.755427],[-49.482652,-25.75496],[-49.482573,-25.754476],[-49.482592,-25.753417],[-49.482449,-25.752859],[-49.48211,-25.752375],[-49.481895,-25.751855],[-49.481502,-25.747781],[-49.481568,-25.745197],[-49.481435,-25.744693],[-49.481162,-25.744216],[-49.479834,-25.742518],[-49.478195,-25.741156],[-49.476388,-25.737415],[-49.47624,-25.736886],[-49.47633,-25.736419],[-49.476659,-25.736059],[-49.47804,-25.735113],[-49.478373,-25.734726],[-49.479378,-25.732945],[-49.479559,-25.73247],[-49.479556,-25.731967],[-49.479498,-25.730934],[-49.479348,-25.730446],[-49.478984,-25.730087],[-49.478027,-25.729625],[-49.477551,-25.729311],[-49.475097,-25.727189],[-49.473469,-25.726367],[-49.473033,-25.725987],[-49.472759,-25.725495],[-49.47222,-25.723111],[-49.472287,-25.722166],[-49.472526,-25.721768],[-49.473758,-25.720712],[-49.474963,-25.719054],[-49.475141,-25.718616],[-49.475037,-25.717543],[-49.475146,-25.717059],[-49.476024,-25.715697],[-49.477264,-25.714517],[-49.477521,-25.714137],[-49.477931,-25.711878]]}},{"type":"Feature","properties":{"rod":"PR510","trecho":"510N0030EPR","km_ini":29.19,"km_fim":42.41,"sentido":"ambos","de":"CONTENDA (B)","para":"ENTR. PR-512","municipio":"Contenda","situacao":"NPV","pista":"Simples","resp":"DER SR1","reg":"Xisto","juris":"Estadual"},"geometry":{"type":"LineString","coordinates":[[-49.536228,-25.673297],[-49.535982,-25.671164],[-49.535991,-25.670214],[-49.536586,-25.668824],[-49.536667,-25.668335],[-49.536324,-25.667347],[-49.536242,-25.666883],[-49.536519,-25.666385],[-49.53751,-25.665174],[-49.537912,-25.664816],[-49.539028,-25.664446],[-49.539522,-25.66419],[-49.539879,-25.663267],[-49.540901,-25.661947],[-49.541179,-25.661078],[-49.541434,-25.660647],[-49.541976,-25.660404],[-49.542479,-25.660297],[-49.543111,-25.660386],[-49.545334,-25.662073],[-49.546649,-25.662846],[-49.548323,-25.66346],[-49.548862,-25.663581],[-49.549491,-25.663506],[-49.550514,-25.663881],[-49.550998,-25.664188],[-49.551545,-25.664278],[-49.551979,-25.664044],[-49.552313,-25.663709],[-49.552939,-25.662304],[-49.554794,-25.660482],[-49.555348,-25.659639],[-49.555757,-25.659166],[-49.556212,-25.658773],[-49.5567,-25.658569],[-49.558948,-25.658523],[-49.560956,-25.658581],[-49.563003,-25.659024],[-49.564044,-25.659101],[-49.564681,-25.659046],[-49.565896,-25.658868],[-49.569593,-25.656779],[-49.572304,-25.654853],[-49.572522,-25.654433],[-49.572436,-25.653916],[-49.572568,-25.653411],[-49.5736,-25.652116],[-49.574018,-25.651863],[-49.576068,-25.651306],[-49.577768,-25.650998],[-49.57828,-25.650799],[-49.579561,-25.649941],[-49.579855,-25.649586],[-49.580689,-25.647652],[-49.581399,-25.646833],[-49.581917,-25.645814],[-49.582397,-25.645428],[-49.583405,-25.644954],[-49.584317,-25.644369],[-49.586148,-25.644073],[-49.586726,-25.644057],[-49.58733,-25.643915],[-49.588205,-25.643416],[-49.588782,-25.643186],[-49.58987,-25.643178],[-49.590761,-25.643729],[-49.591272,-25.643758],[-49.591826,-25.643649],[-49.592294,-25.643364],[-49.592982,-25.642562],[-49.593451,-25.642233],[-49.594553,-25.641854],[-49.595448,-25.641353],[-49.59609,-25.641331],[-49.596689,-25.64153],[-49.597731,-25.642015],[-49.598274,-25.642052],[-49.599304,-25.64185],[-49.600386,-25.641403],[-49.600821,-25.641042],[-49.6017,-25.640488],[-49.602095,-25.640118],[-49.602658,-25.63933],[-49.604943,-25.637391],[-49.605892,-25.636992],[-49.608317,-25.63554],[-49.610474,-25.634875],[-49.610959,-25.634644],[-49.611429,-25.634285],[-49.613062,-25.632096],[-49.614165,-25.630963],[-49.615199,-25.629178],[-49.615567,-25.628871],[-49.616961,-25.628031],[-49.61852,-25.62745],[-49.619044,-25.627349],[-49.619458,-25.62713],[-49.620826,-25.623995],[-49.621424,-25.623181],[-49.622623,-25.621972],[-49.625051,-25.618472],[-49.625789,-25.617205],[-49.626113,-25.616893],[-49.628265,-25.616697],[-49.629775,-25.615906]]}},{"type":"Feature","properties":{"rod":"PR508","trecho":"508E0030EPR","km_ini":30.82,"km_fim":31.21,"sentido":"esquerda","de":"AC. P/ PR-412 (P/ CAIOBÁ) (MATINHOS)","para":"ENTR. PR-412 (MATINHOS)","municipio":"Matinhos","situacao":"DUP","pista":"Esquerda - sentido decrescente da rodovia","resp":"DER SR1","reg":"S.R. Leste","juris":"Estadual"},"geometry":{"type":"LineString","coordinates":[[-48.541975,-25.815872],[-48.539647,-25.816542],[-48.538598,-25.816697],[-48.538297,-25.816875]]}},{"type":"Feature","properties":{"rod":"BR277","trecho":"277BPR0020E","km_ini":6.5,"km_fim":9.9,"sentido":"esquerda","de":"ENTR. PR-407 (P/ PRAIA DE LESTE)","para":"ENTR. PR-508 (P/ MATINHOS)","municipio":"Paranaguá","situacao":"DUP","pista":"Esquerda - sentido decrescente da rodovia","resp":"DNIT","reg":"S.R. Leste","juris":"Federal"},"geometry":{"type":"LineString","coordinates":[[-48.582147,-25.560736],[-48.584692,-25.561413],[-48.58902,-25.562375],[-48.610987,-25.567632],[-48.613302,-25.568099],[-48.615253,-25.5682]]}},{"type":"Feature","properties":{"rod":"BR277","trecho":"277BPR0030D","km_ini":23.8,"km_fim":29.0,"sentido":"direita","de":"ENTR. BR-101(PLAN.) PR-408 (P/MORRETES)","para":"ENTR. PR-804 (P/MORRETES)","municipio":"Morretes","situacao":"DUP","pista":"Direita - sentido crescente da rodovia","resp":"DNIT","reg":"S.R. Leste","juris":"Federal"},"geometry":{"type":"LineString","coordinates":[[-48.744044,-25.529036],[-48.774143,-25.539476],[-48.775303,-25.540042],[-48.776298,-25.540779],[-48.777138,-25.54165],[-48.778213,-25.543087],[-48.778631,-25.543523],[-48.779097,-25.54391],[-48.780073,-25.544526],[-48.780583,-25.544753],[-48.781691,-25.545077],[-48.788572,-25.54647],[-48.789816,-25.546871],[-48.790337,-25.5471],[-48.790481,-25.547269]]}},{"type":"Feature","properties":{"rod":"BR277","trecho":"277APR3010D","km_ini":0.0,"km_fim":9.4,"sentido":"direita","de":"AC. S. JOSÉ DOS  PINHAIS (AV. RUI BARBOSA)","para":"ENTR. BR-476  (CURITIBA)","municipio":"São José dos Pinhais","situacao":"DUP","pista":"Direita - sentido crescente da rodovia","resp":"DNIT","reg":"S.R. Leste","juris":"Federal"},"geometry":{"type":"LineString","coordinates":[[-49.162744,-25.495964],[-49.202081,-25.478485],[-49.205608,-25.476862],[-49.20707,-25.475975],[-49.208375,-25.474897],[-49.209182,-25.474028],[-49.232903,-25.444396],[-49.233553,-25.443756],[-49.233761,-25.443775]]}},{"type":"Feature","properties":{"rod":"BR277","trecho":"277APR3005D","km_ini":0.0,"km_fim":3.9,"sentido":"direita","de":"ENTR. BR-116 (CONT. LESTE CTBA)","para":"AC. S. JOSÉ DOS PINHAIS (AV. R. BARBOSA)","municipio":"São José dos Pinhais","situacao":"DUP","pista":"Direita - sentido crescente da rodovia","resp":"DNIT","reg":"S.R. Leste","juris":"Federal"},"geometry":{"type":"LineString","coordinates":[[-49.128089,-25.511561],[-49.128169,-25.511386],[-49.162744,-25.495964]]}},{"type":"Feature","properties":{"rod":"BR277","trecho":"277BPR0033D(b)","km_ini":67.8,"km_fim":70.4,"sentido":"direita","de":"ENTR. PR-506 (P/ PIRAQUARA)","para":"ENTR. BR-116 (CONT. LESTE CTBA.)","municipio":"São José dos Pinhais","situacao":"DUP","pista":"Direita - sentido crescente da rodovia","resp":"DNIT","reg":"S.R. Leste","juris":"Federal"},"geometry":{"type":"LineString","coordinates":[[-49.104853,-25.521792],[-49.127684,-25.511605],[-49.128089,-25.511561]]}},{"type":"Feature","properties":{"rod":"BR277","trecho":"277BPR0033D(a)","km_ini":29.0,"km_fim":67.8,"sentido":"direita","de":"ENTR. PR-804 (P/ MORRETES)","para":"ENTR. PR-506 (P/ PIRAQUARA)","municipio":"São José dos Pinhais","situacao":"DUP","pista":"Direita - sentido crescente da rodovia","resp":"DNIT","reg":"S.R. Leste","juris":"Federal"},"geometry":{"type":"LineString","coordinates":[[-48.790481,-25.547269],[-48.790848,-25.547369],[-48.79135,-25.547655],[-48.799621,-25.552505],[-48.800966,-25.55341],[-48.802541,-25.554853],[-48.80745,-25.560059],[-48.808409,-25.560831],[-48.808978,-25.561045],[-48.8096,-25.561133],[-48.812196,-25.561073],[-48.812795,-25.560954],[-48.814389,-25.560157],[-48.814975,-25.56019],[-48.815434,-25.560474],[-48.815723,-25.560908],[-48.816117,-25.561858],[-48.816113,-25.562364],[-48.815895,-25.562826],[-48.815173,-25.563582],[-48.81434,-25.564249],[-48.813344,-25.564829],[-48.811606,-25.565672],[-48.811147,-25.566062],[-48.81093,-25.566579],[-48.810969,-25.567127],[-48.811264,-25.567599],[-48.811751,-25.567907],[-48.812864,-25.56828],[-48.813383,-25.568537],[-48.813817,-25.568907],[-48.814135,-25.569369],[-48.814644,-25.570385],[-48.81503,-25.570816],[-48.815573,-25.57106],[-48.81803,-25.571165],[-48.818618,-25.571362],[-48.819691,-25.571969],[-48.820884,-25.572371],[-48.822136,-25.572688],[-48.825428,-25.573201],[-48.828029,-25.574069],[-48.828689,-25.574215],[-48.829293,-25.574209],[-48.829848,-25.574068],[-48.833749,-25.572657],[-48.835428,-25.571919],[-48.837008,-25.571039],[-48.83757,-25.57083],[-48.838168,-25.570758],[-48.838764,-25.570795],[-48.839322,-25.570949],[-48.842243,-25.57279],[-48.843302,-25.573323],[-48.843897,-25.573463],[-48.845751,-25.573626],[-48.848046,-25.574579],[-48.848678,-25.57465],[-48.850614,-25.574649],[-48.852529,-25.574915],[-48.853133,-25.574846],[-48.854732,-25.573996],[-48.855333,-25.57385],[-48.855956,-25.573863],[-48.85655,-25.574043],[-48.857064,-25.57437],[-48.857461,-25.574813],[-48.858187,-25.576418],[-48.858595,-25.576867],[-48.859142,-25.577171],[-48.860363,-25.577597],[-48.861509,-25.578215],[-48.864241,-25.580065],[-48.864745,-25.580483],[-48.86613,-25.581885],[-48.867235,-25.582632],[-48.867856,-25.582876],[-48.8685,-25.582888],[-48.869085,-25.582658],[-48.869537,-25.582246],[-48.871134,-25.580412],[-48.871534,-25.580047],[-48.871993,-25.579836],[-48.873034,-25.579859],[-48.874615,-25.580081],[-48.877198,-25.580937],[-48.877657,-25.58123],[-48.87798,-25.581651],[-48.878124,-25.582147],[-48.878063,-25.582657],[-48.877809,-25.583113],[-48.876375,-25.584705],[-48.874952,-25.586886],[-48.873787,-25.588109],[-48.873518,-25.58856],[-48.873434,-25.589055],[-48.87354,-25.589552],[-48.873836,-25.589972],[-48.875168,-25.590966],[-48.875729,-25.591265],[-48.876219,-25.59137],[-48.878395,-25.591414],[-48.878927,-25.591585],[-48.883037,-25.593397],[-48.883645,-25.593635],[-48.884269,-25.593778],[-48.884882,-25.593705],[-48.885402,-25.593414],[-48.8862,-25.592594],[-48.886654,-25.592253],[-48.887195,-25.592072],[-48.887767,-25.592073],[-48.888313,-25.592239],[-48.889862,-25.592987],[-48.890446,-25.59304],[-48.891018,-25.592918],[-48.891491,-25.592594],[-48.892747,-25.591365],[-48.893324,-25.591156],[-48.89394,-25.591158],[-48.894505,-25.591366],[-48.894935,-25.59173],[-48.897659,-25.595076],[-48.898198,-25.595531],[-48.898816,-25.595912],[-48.899498,-25.596204],[-48.90047,-25.596487],[-48.902484,-25.596922],[-48.903499,-25.597028],[-48.904524,-25.596873],[-48.905446,-25.596461],[-48.906564,-25.595522],[-48.907944,-25.593912],[-48.908534,-25.593545],[-48.909211,-25.59334],[-48.910664,-25.593213],[-48.911883,-25.592997],[-48.91569,-25.591861],[-48.916403,-25.591761],[-48.92126,-25.591439],[-48.925806,-25.591736],[-48.927819,-25.591651],[-48.928997,-25.591326],[-48.931251,-25.590354],[-48.932711,-25.589906],[-48.945771,-25.588244],[-48.956624,-25.585574],[-48.957108,-25.585405],[-48.957718,-25.585039],[-48.958138,-25.58453],[-48.958699,-25.583417],[-48.959101,-25.582947],[-48.95963,-25.582592],[-48.969476,-25.57791],[-48.970522,-25.577542],[-48.973252,-25.576885],[-48.974311,-25.576311],[-48.975895,-25.575113],[-48.976506,-25.574855],[-48.977181,-25.574722],[-48.977913,-25.5747],[-48.984219,-25.574865],[-48.985407,-25.57475],[-48.986602,-25.574434],[-49.025787,-25.557086],[-49.033802,-25.553461],[-49.035711,-25.552458],[-49.039806,-25.550804],[-49.104853,-25.521792]]}},{"type":"Feature","properties":{"rod":"BR277","trecho":"277BPR0025D","km_ini":9.9,"km_fim":23.8,"sentido":"direita","de":"ENTR. PR-508 (P/ MATINHOS)","para":"ENTR. BR-101(PLAN.) PR-408 (P/MORRETES)","municipio":"Morretes","situacao":"DUP","pista":"Direita - sentido crescente da rodovia","resp":"DNIT","reg":"S.R. Leste","juris":"Federal"},"geometry":{"type":"LineString","coordinates":[[-48.615253,-25.5682],[-48.615631,-25.568055],[-48.617391,-25.567789],[-48.645212,-25.561125],[-48.646876,-25.560692],[-48.647993,-25.560314],[-48.649635,-25.559577],[-48.661979,-25.553231],[-48.663646,-25.55244],[-48.664845,-25.552048],[-48.670408,-25.550855],[-48.671531,-25.550511],[-48.67257,-25.550056],[-48.673538,-25.549508],[-48.681775,-25.543997],[-48.683316,-25.543166],[-48.70339,-25.535195],[-48.705145,-25.534556],[-48.706367,-25.534275],[-48.715203,-25.532934],[-48.716529,-25.53245],[-48.718933,-25.530949],[-48.720032,-25.530454],[-48.721822,-25.529826],[-48.724276,-25.529241],[-48.725519,-25.529222],[-48.728102,-25.529651],[-48.729431,-25.529656],[-48.730753,-25.52947],[-48.737452,-25.528175],[-48.73941,-25.528028],[-48.741373,-25.528222],[-48.742647,-25.528549],[-48.744044,-25.529036]]}},{"type":"Feature","properties":{"rod":"BR277","trecho":"277BPR0033E(b)","km_ini":67.8,"km_fim":70.4,"sentido":"esquerda","de":"ENTR. PR-506 (P/ PIRAQUARA)","para":"ENTR. BR-116 (CONT. LESTE CTBA.)","municipio":"São José dos Pinhais","situacao":"DUP","pista":"Esquerda - sentido decrescente da rodovia","resp":"DNIT","reg":"S.R. Leste","juris":"Federal"},"geometry":{"type":"LineString","coordinates":[[-49.104853,-25.521792],[-49.105062,-25.521805],[-49.105899,-25.521461],[-49.128089,-25.511561]]}},{"type":"Feature","properties":{"rod":"BR277","trecho":"277BPR0033E(a)","km_ini":29.0,"km_fim":67.8,"sentido":"esquerda","de":"ENTR. PR-804 (P/ MORRETES)","para":"ENTR. PR-506 (P/ PIRAQUARA)","municipio":"São José dos Pinhais","situacao":"DUP","pista":"Esquerda - sentido decrescente da rodovia","resp":"DNIT","reg":"S.R. Leste","juris":"Federal"},"geometry":{"type":"LineString","coordinates":[[-48.790481,-25.547269],[-48.798587,-25.552032],[-48.800901,-25.553532],[-48.802078,-25.554568],[-48.8081,-25.56079],[-48.808491,-25.561013],[-48.809131,-25.561208],[-48.811145,-25.561247],[-48.811804,-25.561372],[-48.812366,-25.561665],[-48.812989,-25.562428],[-48.813237,-25.563373],[-48.813291,-25.563962],[-48.813142,-25.564499],[-48.812803,-25.56492],[-48.811273,-25.565801],[-48.810937,-25.566229],[-48.810804,-25.566725],[-48.810893,-25.567221],[-48.81118,-25.567655],[-48.811586,-25.567973],[-48.812792,-25.568397],[-48.813383,-25.568714],[-48.813843,-25.569164],[-48.814732,-25.570713],[-48.815177,-25.571051],[-48.815695,-25.571213],[-48.818012,-25.57129],[-48.81856,-25.571467],[-48.819529,-25.572009],[-48.8201,-25.572239],[-48.821312,-25.572597],[-48.822526,-25.57286],[-48.825067,-25.573247],[-48.82839,-25.5743],[-48.828946,-25.574347],[-48.830015,-25.57411],[-48.834127,-25.572662],[-48.835321,-25.572125],[-48.837037,-25.571162],[-48.83766,-25.570926],[-48.838331,-25.570859],[-48.838967,-25.570923],[-48.839534,-25.571125],[-48.842697,-25.573132],[-48.843334,-25.573414],[-48.844022,-25.573563],[-48.845417,-25.573665],[-48.846056,-25.573804],[-48.84779,-25.574559],[-48.848389,-25.574696],[-48.850495,-25.574698],[-48.852485,-25.57499],[-48.85311,-25.574937],[-48.854875,-25.574039],[-48.855555,-25.573926],[-48.856228,-25.574016],[-48.856821,-25.574288],[-48.857271,-25.574695],[-48.857558,-25.575178],[-48.858005,-25.576265],[-48.858395,-25.576802],[-48.858973,-25.577189],[-48.860787,-25.577874],[-48.86194,-25.57856],[-48.864183,-25.580089],[-48.86473,-25.58053],[-48.866001,-25.581854],[-48.867469,-25.582875],[-48.868062,-25.583033],[-48.868653,-25.582983],[-48.869163,-25.582758],[-48.869564,-25.582409],[-48.871167,-25.58057],[-48.871698,-25.58022],[-48.872325,-25.580035],[-48.872984,-25.579997],[-48.874331,-25.580102],[-48.876815,-25.580891],[-48.877362,-25.581136],[-48.877775,-25.581521],[-48.878001,-25.58201],[-48.878004,-25.582529],[-48.877797,-25.582998],[-48.876291,-25.584733],[-48.87489,-25.586866],[-48.873564,-25.588336],[-48.873385,-25.588831],[-48.873408,-25.589325],[-48.873607,-25.589764],[-48.873934,-25.590123],[-48.875402,-25.591213],[-48.875996,-25.591452],[-48.876651,-25.591512],[-48.878037,-25.591465],[-48.878707,-25.591596],[-48.88364,-25.593766],[-48.884226,-25.593916],[-48.884807,-25.593876],[-48.885314,-25.593665],[-48.886489,-25.592531],[-48.886959,-25.592287],[-48.887514,-25.592194],[-48.888074,-25.592311],[-48.889748,-25.593153],[-48.890548,-25.593211],[-48.891096,-25.59301],[-48.89285,-25.591465],[-48.893375,-25.591285],[-48.893927,-25.59129],[-48.894436,-25.591474],[-48.894852,-25.591809],[-48.897249,-25.594815],[-48.897919,-25.59547],[-48.898499,-25.595875],[-48.899138,-25.596197],[-48.900274,-25.596535],[-48.902407,-25.596998],[-48.903083,-25.597102],[-48.903748,-25.597106],[-48.90439,-25.597003],[-48.904992,-25.596797],[-48.905547,-25.596499],[-48.906518,-25.595679],[-48.907683,-25.594297],[-48.908122,-25.593884],[-48.908655,-25.593588],[-48.909254,-25.593428],[-48.9106,-25.593287],[-48.912024,-25.593019],[-48.915309,-25.592045],[-48.9167,-25.591854],[-48.921594,-25.591541],[-48.925523,-25.591837],[-48.927122,-25.591806],[-48.928156,-25.591708],[-48.92913,-25.591396],[-48.931578,-25.590358],[-48.93308,-25.589943],[-48.945618,-25.588351],[-48.956562,-25.585686],[-48.957236,-25.585473],[-48.957804,-25.58512],[-48.958222,-25.584637],[-48.958796,-25.583488],[-48.959214,-25.583009],[-48.959754,-25.582655],[-48.969633,-25.577927],[-48.970757,-25.577556],[-48.972807,-25.577112],[-48.973366,-25.576926],[-48.973879,-25.576665],[-48.97568,-25.575437],[-48.97658,-25.574981],[-48.977566,-25.574766],[-48.97809,-25.574754],[-48.983563,-25.574936],[-48.984718,-25.574918],[-48.985877,-25.574732],[-48.986965,-25.574379],[-49.033341,-25.553784],[-49.036267,-25.552296],[-49.039351,-25.551109],[-49.10431,-25.522176],[-49.104838,-25.52194],[-49.104853,-25.521792]]}},{"type":"Feature","properties":{"rod":"BR277","trecho":"277APR4005E","km_ini":0.0,"km_fim":5.3,"sentido":"esquerda","de":"ACESSO OESTE DE CURITIBA","para":"PONTE SOBRE O RIO BARIGUI","municipio":"Curitiba","situacao":"DUP","pista":"Esquerda - sentido decrescente da rodovia","resp":"DNIT","reg":"S.R. Leste","juris":"Federal"},"geometry":{"type":"LineString","coordinates":[[-49.366,-25.432017],[-49.365623,-25.431871],[-49.359514,-25.431121],[-49.354476,-25.430679],[-49.349713,-25.430117],[-49.328848,-25.430618],[-49.324611,-25.430955],[-49.32337,-25.430748],[-49.321023,-25.430063],[-49.320408,-25.429935],[-49.319766,-25.4299],[-49.319126,-25.429942],[-49.318506,-25.430072],[-49.313889,-25.431848],[-49.313691,-25.431847]]}},{"type":"Feature","properties":{"rod":"BR277","trecho":"277BPR0065","km_ini":130.2,"km_fim":134.0,"sentido":"direita","de":"ENTR. PR-423 (I)","para":"AC. I FABR. CIMENTO ITAMBÉ","municipio":"Campo Largo","situacao":"PAV","pista":"Direita - sentido crescente da rodovia","resp":"DNIT","reg":"S.R. Leste","juris":"Federal"},"geometry":{"type":"LineString","coordinates":[[-49.57605,-25.446744],[-49.577704,-25.446977],[-49.579653,-25.44763],[-49.581349,-25.448583],[-49.58406,-25.450656],[-49.584868,-25.451192],[-49.586181,-25.451791],[-49.587553,-25.452144],[-49.588252,-25.452223],[-49.589657,-25.452206],[-49.59036,-25.452108],[-49.591749,-25.451721],[-49.592427,-25.451427],[-49.593299,-25.450927],[-49.596192,-25.448956],[-49.597062,-25.448457],[-49.597979,-25.448063],[-49.599094,-25.447693],[-49.600428,-25.447418],[-49.6011,-25.447349],[-49.60313,-25.447375],[-49.604508,-25.447609],[-49.610153,-25.449417],[-49.611249,-25.449683],[-49.612391,-25.449752],[-49.613472,-25.449652]]}},{"type":"Feature","properties":{"rod":"BR277","trecho":"277APR4005D","km_ini":0.0,"km_fim":5.3,"sentido":"direita","de":"ACESSO OESTE DE CURITIBA","para":"PONTE SOBRE O RIO BARIGUI","municipio":"Curitiba","situacao":"DUP","pista":"Direita - sentido crescente da rodovia","resp":"DNIT","reg":"S.R. Leste","juris":"Federal"},"geometry":{"type":"LineString","coordinates":[[-49.366,-25.432017],[-49.365596,-25.432042],[-49.358189,-25.431168],[-49.349739,-25.43027],[-49.329021,-25.430778],[-49.324734,-25.431122],[-49.32356,-25.431028],[-49.32101,-25.430287],[-49.319871,-25.430089],[-49.319303,-25.430107],[-49.318268,-25.430364],[-49.315032,-25.431657],[-49.314634,-25.431987],[-49.313691,-25.431847]]}},{"type":"Feature","properties":{"rod":"BR277","trecho":"277VPR1015","km_ini":10.7,"km_fim":16.4,"sentido":"ambos","de":"ENTR. PR-423 (II) (P/ ITAQUI)","para":"ENTR. ROD. MUNIC. (P/ PR-510 - P/ BATEIAS)","municipio":"","situacao":"PAV","pista":"Simples","resp":"DNIT","reg":"S.R. Leste","juris":"Federal"},"geometry":{"type":"LineString","coordinates":[[-49.575983,-25.461206],[-49.564181,-25.459465],[-49.562882,-25.459206],[-49.562273,-25.458994],[-49.561698,-25.458715],[-49.561181,-25.458362],[-49.556438,-25.454105],[-49.555975,-25.453803],[-49.554797,-25.453274],[-49.55298,-25.452794],[-49.551632,-25.452622],[-49.523553,-25.450702],[-49.52205,-25.450511]]}},{"type":"Feature","properties":{"rod":"BR277","trecho":"277BPR0015E","km_ini":4.7,"km_fim":6.5,"sentido":"esquerda","de":"ACESSO  PARANAGUÁ","para":"ENTR. PR-407 (P/ PRAIA DE LESTE)","municipio":"Paranaguá","situacao":"DUP","pista":"Esquerda - sentido decrescente da rodovia","resp":"DNIT","reg":"S.R. Leste","juris":"Federal"},"geometry":{"type":"LineString","coordinates":[[-48.564936,-25.556386],[-48.565326,-25.556696],[-48.582147,-25.560736]]}},{"type":"Feature","properties":{"rod":"BR277","trecho":"277BPR0015D","km_ini":4.7,"km_fim":6.5,"sentido":"direita","de":"ACESSO  PARANAGUÁ","para":"ENTR. PR-407 (P/ PRAIA DE LESTE)","municipio":"Paranaguá","situacao":"DUP","pista":"Direita - sentido crescente da rodovia","resp":"DNIT","reg":"S.R. Leste","juris":"Federal"},"geometry":{"type":"LineString","coordinates":[[-48.564936,-25.556386],[-48.565196,-25.556237],[-48.566126,-25.556722],[-48.567067,-25.557009],[-48.581586,-25.560447],[-48.582147,-25.560736]]}},{"type":"Feature","properties":{"rod":"BR277","trecho":"277BPR0020D","km_ini":6.5,"km_fim":9.9,"sentido":"direita","de":"ENTR. PR-407 (P/ PRAIA DE LESTE)","para":"ENTR. PR-508 (P/ MATINHOS)","municipio":"Paranaguá","situacao":"DUP","pista":"Direita - sentido crescente da rodovia","resp":"DNIT","reg":"S.R. Leste","juris":"Federal"},"geometry":{"type":"LineString","coordinates":[[-48.582147,-25.560736],[-48.582522,-25.560672],[-48.612394,-25.567758],[-48.613583,-25.567964],[-48.615204,-25.568052],[-48.615253,-25.5682]]}},{"type":"Feature","properties":{"rod":"BR277","trecho":"277APR3010E","km_ini":0.0,"km_fim":9.4,"sentido":"esquerda","de":"AC. S. JOSÉ DOS  PINHAIS (AV. RUI BARBOSA)","para":"ENTR. BR-476  (CURITIBA)","municipio":"São José dos Pinhais","situacao":"DUP","pista":"Esquerda - sentido decrescente da rodovia","resp":"DNIT","reg":"S.R. Leste","juris":"Federal"},"geometry":{"type":"LineString","coordinates":[[-49.162744,-25.495964],[-49.163084,-25.495959],[-49.165927,-25.494712],[-49.204744,-25.477384],[-49.206471,-25.47651],[-49.207517,-25.475792],[-49.208463,-25.474984],[-49.209269,-25.474129],[-49.233071,-25.444349],[-49.23346,-25.443945],[-49.233761,-25.443775]]}},{"type":"Feature","properties":{"rod":"BR277","trecho":"277APR3005E","km_ini":0.0,"km_fim":3.9,"sentido":"esquerda","de":"ENTR. BR-116 (CONT. LESTE CTBA)","para":"AC. S. JOSÉ DOS PINHAIS (AV. R. BARBOSA)","municipio":"São José dos Pinhais","situacao":"DUP","pista":"Esquerda - sentido decrescente da rodovia","resp":"DNIT","reg":"S.R. Leste","juris":"Federal"},"geometry":{"type":"LineString","coordinates":[[-49.128089,-25.511561],[-49.159825,-25.497459],[-49.162506,-25.496217],[-49.162744,-25.495964]]}},{"type":"Feature","properties":{"rod":"BR277","trecho":"277BPR0075D","km_ini":140.5,"km_fim":147.5,"sentido":"direita","de":"ACESSO SANTA","para":"ENTR. BR-376 (B) PR-428(PLAN.) (S. LUIZ DO PURUNÃ)","municipio":"Balsa Nova","situacao":"DUP","pista":"Direita - sentido crescente da rodovia","resp":"DNIT","reg":"S.R. Leste","juris":"Federal"},"geometry":{"type":"LineString","coordinates":[[-49.666953,-25.471706],[-49.667671,-25.471516],[-49.688918,-25.470145],[-49.690468,-25.470068],[-49.691536,-25.47009],[-49.692615,-25.470289],[-49.693617,-25.470638],[-49.695492,-25.471722],[-49.69612,-25.47202],[-49.697408,-25.472451],[-49.711426,-25.475848],[-49.71288,-25.476081],[-49.713578,-25.476098],[-49.718808,-25.475718],[-49.720034,-25.475434],[-49.720957,-25.475056],[-49.721947,-25.47443],[-49.722878,-25.47353],[-49.723495,-25.472634],[-49.728416,-25.464494],[-49.728658,-25.464372]]}},{"type":"Feature","properties":{"rod":"BR277","trecho":"277BPR0070","km_ini":134.0,"km_fim":140.5,"sentido":"direita","de":"AC. I FABR. CIMENTO ITAMBÉ","para":"ACESSO SANTA","municipio":"Balsa Nova","situacao":"PAV","pista":"Direita - sentido crescente da rodovia","resp":"DNIT","reg":"S.R. Leste","juris":"Federal"},"geometry":{"type":"LineString","coordinates":[[-49.613472,-25.449652],[-49.615229,-25.449404],[-49.616418,-25.449326],[-49.618291,-25.449478],[-49.619502,-25.449748],[-49.621198,-25.450384],[-49.622286,-25.450982],[-49.626659,-25.454436],[-49.627894,-25.45517],[-49.62855,-25.455464],[-49.629916,-25.455899],[-49.631294,-25.456161],[-49.635349,-25.456378],[-49.639188,-25.456933],[-49.6405,-25.457287],[-49.64111,-25.457565],[-49.642244,-25.458235],[-49.645386,-25.460485],[-49.648629,-25.462551],[-49.657918,-25.468768],[-49.659396,-25.469846],[-49.66059,-25.470846],[-49.661075,-25.471072],[-49.662498,-25.471156],[-49.664193,-25.471572],[-49.664729,-25.471624],[-49.666365,-25.471591],[-49.666953,-25.471706]]}},{"type":"Feature","properties":{"rod":"BR277","trecho":"277BPR0075E","km_ini":140.5,"km_fim":147.5,"sentido":"esquerda","de":"ACESSO SANTA","para":"ENTR. BR-376 (B) PR-428(PLAN.) (S. LUIZ DO PURUNÃ)","municipio":"Balsa Nova","situacao":"DUP","pista":"Esquerda - sentido decrescente da rodovia","resp":"DNIT","reg":"S.R. Leste","juris":"Federal"},"geometry":{"type":"LineString","coordinates":[[-49.666953,-25.471706],[-49.667393,-25.471801],[-49.669283,-25.471627],[-49.68623,-25.470572],[-49.688309,-25.4706],[-49.689654,-25.470826],[-49.712128,-25.47625],[-49.713532,-25.476356],[-49.718462,-25.476008],[-49.719978,-25.475712],[-49.720907,-25.47534],[-49.722081,-25.474593],[-49.722964,-25.473742],[-49.723573,-25.472867],[-49.726884,-25.467517],[-49.728542,-25.464685],[-49.728658,-25.464372]]}},{"type":"Feature","properties":{"rod":"BR277","trecho":"277VPR1005","km_ini":0.0,"km_fim":8.7,"sentido":"ambos","de":"ACESSO SANTA","para":"ACESSO II FAB. CIMENTO ITAMBÉ","municipio":"","situacao":"PAV","pista":"Simples","resp":"DNIT","reg":"S.R. Leste","juris":"Federal"},"geometry":{"type":"LineString","coordinates":[[-49.666953,-25.471706],[-49.666208,-25.471885],[-49.665637,-25.47192],[-49.659737,-25.47192],[-49.658516,-25.47208],[-49.654095,-25.472367],[-49.653474,-25.472448],[-49.652285,-25.472782],[-49.651147,-25.473335],[-49.650609,-25.473706],[-49.649656,-25.474614],[-49.646985,-25.478478],[-49.646527,-25.478895],[-49.64604,-25.479086],[-49.645498,-25.479116],[-49.644789,-25.478878],[-49.643826,-25.478305],[-49.642015,-25.478136],[-49.639564,-25.477105],[-49.638806,-25.47625],[-49.636757,-25.473439],[-49.636303,-25.473138],[-49.63575,-25.473015],[-49.634576,-25.47311],[-49.633982,-25.472984],[-49.633439,-25.472674],[-49.631503,-25.470832],[-49.631062,-25.470337],[-49.63043,-25.469379],[-49.629072,-25.46833],[-49.628584,-25.46806],[-49.628031,-25.467905],[-49.625185,-25.467313],[-49.624661,-25.467358],[-49.624197,-25.467614],[-49.623841,-25.468008],[-49.623585,-25.468487],[-49.623452,-25.469004],[-49.623735,-25.470524],[-49.623639,-25.471012],[-49.623387,-25.471461],[-49.622941,-25.471776],[-49.622389,-25.471926],[-49.621786,-25.471875],[-49.615803,-25.470186],[-49.614252,-25.469977],[-49.612611,-25.469946],[-49.601331,-25.470553],[-49.600308,-25.470538],[-49.599538,-25.470426],[-49.59807,-25.46997],[-49.596981,-25.469406],[-49.5949,-25.467896],[-49.594547,-25.467567]]}},{"type":"Feature","properties":{"rod":"BR476","trecho":"476BPR0094E(b)","km_ini":170.34,"km_fim":172.7,"sentido":"esquerda","de":"INÍCIO PISTA DUPLA (CONTENDA)","para":"ACESSO A CONTENDA","municipio":"Contenda","situacao":"DUP","pista":"Esquerda - sentido decrescente da rodovia","resp":"DNIT","reg":"S.R. Leste","juris":"Federal"},"geometry":{"type":"LineString","coordinates":[[-49.514658,-25.674572],[-49.515421,-25.675096],[-49.519343,-25.676861],[-49.520429,-25.67742],[-49.522851,-25.679266],[-49.523247,-25.679408],[-49.523427,-25.679736],[-49.523981,-25.680229],[-49.525231,-25.681255],[-49.525767,-25.681609],[-49.53391,-25.685064],[-49.534683,-25.685186]]}},{"type":"Feature","properties":{"rod":"BR476","trecho":"476BPR0094D(b)","km_ini":170.34,"km_fim":172.7,"sentido":"direita","de":"INÍCIO PISTA DUPLA (CONTENDA)","para":"ACESSO A CONTENDA","municipio":"Contenda","situacao":"DUP","pista":"Direita - sentido crescente da rodovia","resp":"DNIT","reg":"S.R. Leste","juris":"Federal"},"geometry":{"type":"LineString","coordinates":[[-49.514658,-25.674572],[-49.515545,-25.674846],[-49.516306,-25.675324],[-49.520621,-25.677376],[-49.523247,-25.679408],[-49.52535,-25.681168],[-49.525995,-25.681607],[-49.533206,-25.684602],[-49.534023,-25.684861],[-49.534683,-25.685186]]}},{"type":"Feature","properties":{"rod":"BR476","trecho":"476BPR0095D(a)","km_ini":172.7,"km_fim":172.9,"sentido":"direita","de":"ACESSO A CONTENDA","para":"FINAL PISTA DUPLA (CONTENDA)","municipio":"Contenda","situacao":"DUP","pista":"Direita - sentido crescente da rodovia","resp":"DNIT","reg":"Xisto","juris":"Federal"},"geometry":{"type":"LineString","coordinates":[[-49.534683,-25.685186],[-49.535441,-25.685432],[-49.536192,-25.686147]]}},{"type":"Feature","properties":{"rod":"BR476","trecho":"476BPR0095E(a)","km_ini":172.7,"km_fim":172.9,"sentido":"esquerda","de":"ACESSO A CONTENDA","para":"FINAL PISTA DUPLA (CONTENDA)","municipio":"Contenda","situacao":"DUP","pista":"Esquerda - sentido decrescente da rodovia","resp":"DNIT","reg":"Xisto","juris":"Federal"},"geometry":{"type":"LineString","coordinates":[[-49.534683,-25.685186],[-49.535257,-25.68575],[-49.536192,-25.686147]]}},{"type":"Feature","properties":{"rod":"PR508","trecho":"508D0030EPR","km_ini":30.82,"km_fim":31.21,"sentido":"direita","de":"AC. P/ PR-412 (P/ CAIOBÁ) (MATINHOS)","para":"ENTR. PR-412 (MATINHOS)","municipio":"Matinhos","situacao":"DUP","pista":"Direita - sentido crescente da rodovia","resp":"DER SR1","reg":"S.R. Leste","juris":"Estadual"},"geometry":{"type":"LineString","coordinates":[[-48.541975,-25.815872],[-48.540089,-25.816513],[-48.538297,-25.816875]]}},{"type":"Feature","properties":{"rod":"BR476","trecho":"476BPR0060D","km_ini":122.4,"km_fim":127.4,"sentido":"direita","de":"ENTR. BR-116 (A) (CURITIBA (N) - ATUBA)","para":"ENTR. PR-415 (P/ PIRAQUARA)","municipio":"Curitiba","situacao":"DUP","pista":"Direita - sentido crescente da rodovia","resp":"PM CURITIBA","reg":"S.R. Leste","juris":"Federal"},"geometry":{"type":"LineString","coordinates":[[-49.205878,-25.388761],[-49.210821,-25.394341],[-49.213867,-25.39673],[-49.214684,-25.397592],[-49.215034,-25.39813],[-49.226575,-25.423857],[-49.228594,-25.428508]]}},{"type":"Feature","properties":{"rod":"BR476","trecho":"476BPR0065D","km_ini":127.4,"km_fim":129.3,"sentido":"direita","de":"ENTR. PR-415 (P/PIRAQUARA)","para":"ENTR. BR-277 (AC. SUL CTBA.)","municipio":"Curitiba","situacao":"DUP","pista":"Direita - sentido crescente da rodovia","resp":"PM CURITIBA","reg":"S.R. Leste","juris":"Federal"},"geometry":{"type":"LineString","coordinates":[[-49.228594,-25.428508],[-49.229897,-25.431411],[-49.230216,-25.431928],[-49.23066,-25.432395],[-49.233066,-25.434309],[-49.233539,-25.434783],[-49.233853,-25.435321],[-49.234006,-25.435891],[-49.234023,-25.43647],[-49.233641,-25.438954],[-49.233702,-25.442428],[-49.233837,-25.443628],[-49.233761,-25.443775]]}},{"type":"Feature","properties":{"rod":"BR476","trecho":"476BPR0065E","km_ini":127.4,"km_fim":129.3,"sentido":"esquerda","de":"ENTR. PR-415 (P/PIRAQUARA)","para":"ENTR. BR-277 (AC. SUL CTBA.)","municipio":"Curitiba","situacao":"DUP","pista":"Esquerda - sentido decrescente da rodovia","resp":"PM CURITIBA","reg":"S.R. Leste","juris":"Federal"},"geometry":{"type":"LineString","coordinates":[[-49.228594,-25.428508],[-49.228669,-25.428815],[-49.229718,-25.431166],[-49.230011,-25.431754],[-49.230394,-25.432298],[-49.233109,-25.434566],[-49.233525,-25.435124],[-49.233709,-25.435536],[-49.233852,-25.436203],[-49.233535,-25.438773],[-49.233563,-25.442895],[-49.233596,-25.443388],[-49.233761,-25.443775]]}},{"type":"Feature","properties":{"rod":"BR476","trecho":"476BPR0070E","km_ini":129.3,"km_fim":132.9,"sentido":"esquerda","de":"ENTR. BR-277","para":"AV. MAL. FLORIANO PEIXOTO (CURITIBA)","municipio":"Curitiba","situacao":"DUP","pista":"Esquerda - sentido decrescente da rodovia","resp":"PM CURITIBA","reg":"S.R. Leste","juris":"Federal"},"geometry":{"type":"LineString","coordinates":[[-49.233761,-25.443775],[-49.233758,-25.443932],[-49.235291,-25.448261],[-49.235637,-25.448843],[-49.236855,-25.450456],[-49.237261,-25.450946],[-49.237751,-25.451373],[-49.238354,-25.451704],[-49.239028,-25.451943],[-49.247033,-25.454449],[-49.247597,-25.454785],[-49.24805,-25.455206],[-49.248399,-25.455708],[-49.248668,-25.456285],[-49.25263,-25.466866],[-49.253511,-25.468803]]}},{"type":"Feature","properties":{"rod":"BR476","trecho":"476BPR0080E","km_ini":132.9,"km_fim":142.8,"sentido":"esquerda","de":"AV. MAL. F. PEIXOTO (CURITIBA)","para":"ENTR. BR-116(B)/376 (A) (PINHEIRINHO)","municipio":"Curitiba","situacao":"DUP","pista":"Esquerda - sentido decrescente da rodovia","resp":"PM CURITIBA","reg":"S.R. Leste","juris":"Federal"},"geometry":{"type":"LineString","coordinates":[[-49.253511,-25.468803],[-49.258786,-25.475239],[-49.267369,-25.485974],[-49.275949,-25.496486],[-49.288046,-25.511451],[-49.289252,-25.51303],[-49.298021,-25.527395],[-49.298498,-25.528292],[-49.300887,-25.534689],[-49.30313,-25.54412],[-49.303306,-25.544422]]}},{"type":"Feature","properties":{"rod":"BR476","trecho":"476BPR0033E","km_ini":0.9,"km_fim":2.3,"sentido":"esquerda","de":"INÍCIO P. DUPLA ADRIANÓPOLIS","para":"FINAL P. DUPLA ADRIANÓPOLIS","municipio":"Adrianópolis","situacao":"DUP","pista":"Esquerda - sentido decrescente da rodovia","resp":"DNIT","reg":"S.R. Leste","juris":"Federal"},"geometry":{"type":"LineString","coordinates":[[-48.994864,-24.656533],[-48.994446,-24.656498],[-48.993935,-24.656672],[-48.993484,-24.656924],[-48.992626,-24.657501],[-48.990681,-24.659194],[-48.990365,-24.660049],[-48.990311,-24.660565],[-48.990887,-24.663069],[-48.990862,-24.663523],[-48.990506,-24.66491],[-48.990304,-24.665386],[-48.989333,-24.666508]]}},{"type":"Feature","properties":{"rod":"BR476","trecho":"476BPR0070D","km_ini":129.3,"km_fim":132.9,"sentido":"direita","de":"ENTR. BR-277","para":"AV. MAL. FLORIANO PEIXOTO (CURITIBA)","municipio":"Curitiba","situacao":"DUP","pista":"Direita - sentido crescente da rodovia","resp":"PM CURITIBA","reg":"S.R. Leste","juris":"Federal"},"geometry":{"type":"LineString","coordinates":[[-49.233761,-25.443775],[-49.233901,-25.443891],[-49.235422,-25.448244],[-49.235705,-25.448741],[-49.236439,-25.449704],[-49.237179,-25.450661],[-49.23761,-25.451098],[-49.238137,-25.451452],[-49.238745,-25.451699],[-49.246603,-25.454154],[-49.247182,-25.454423],[-49.247696,-25.454771],[-49.248098,-25.45517],[-49.248632,-25.456056],[-49.252789,-25.466746],[-49.253495,-25.468236],[-49.253511,-25.468803]]}},{"type":"Feature","properties":{"rod":"BR476","trecho":"476BPR0080D","km_ini":132.9,"km_fim":142.8,"sentido":"direita","de":"AV. MAL. F. PEIXOTO (CURITIBA)","para":"ENTR. BR-116(B)/376 (A) (PINHEIRINHO)","municipio":"Curitiba","situacao":"DUP","pista":"Direita - sentido crescente da rodovia","resp":"PM CURITIBA","reg":"S.R. Leste","juris":"Federal"},"geometry":{"type":"LineString","coordinates":[[-49.253511,-25.468803],[-49.253967,-25.469054],[-49.255017,-25.47052],[-49.259984,-25.47667],[-49.27365,-25.493524],[-49.275167,-25.495242],[-49.277308,-25.498096],[-49.288629,-25.512094],[-49.289374,-25.513114],[-49.293153,-25.519205],[-49.298493,-25.528039],[-49.300971,-25.534551],[-49.30182,-25.538083],[-49.302495,-25.540455],[-49.303329,-25.544082],[-49.303306,-25.544422]]}},{"type":"Feature","properties":{"rod":"BR476","trecho":"476BPR0060E","km_ini":122.4,"km_fim":127.4,"sentido":"esquerda","de":"ENTR. BR-116 (A) (CURITIBA (N) - ATUBA)","para":"ENTR. PR-415 (P/ PIRAQUARA)","municipio":"Curitiba","situacao":"DUP","pista":"Esquerda - sentido decrescente da rodovia","resp":"PM CURITIBA","reg":"S.R. Leste","juris":"Federal"},"geometry":{"type":"LineString","coordinates":[[-49.205878,-25.388761],[-49.20586,-25.389166],[-49.208549,-25.392042],[-49.210731,-25.394528],[-49.213879,-25.396951],[-49.21481,-25.398038],[-49.215439,-25.399296],[-49.227257,-25.425751],[-49.228431,-25.428283],[-49.228594,-25.428508]]}},{"type":"Feature","properties":{"rod":"BR476","trecho":"476BPR0093E","km_ini":152.2,"km_fim":156.0,"sentido":"esquerda","de":"ENTR. PR-423 (ARAUCÁRIA)","para":"FIM PISTA DUPLA","municipio":"Araucária","situacao":"DUP","pista":"Esquerda - sentido decrescente da rodovia","resp":"DNIT","reg":"S.R. Leste","juris":"Federal"},"geometry":{"type":"LineString","coordinates":[[-49.385639,-25.571264],[-49.385633,-25.571647],[-49.38709,-25.573225],[-49.393454,-25.578205],[-49.39753,-25.581236],[-49.408422,-25.589558],[-49.412562,-25.592065],[-49.413989,-25.593181]]}},{"type":"Feature","properties":{"rod":"BR476","trecho":"476BPR0091E","km_ini":151.3,"km_fim":152.2,"sentido":"esquerda","de":"PR-421 (AV. DAS ARAUCÁRIAS)","para":"ENTR. PR-423 (ARAUCÁRIA)","municipio":"Araucária","situacao":"DUP","pista":"Esquerda - sentido decrescente da rodovia","resp":"DNIT","reg":"S.R. Leste","juris":"Federal"},"geometry":{"type":"LineString","coordinates":[[-49.379267,-25.565236],[-49.379644,-25.565682],[-49.381973,-25.567599],[-49.382829,-25.568405],[-49.385301,-25.571262],[-49.385639,-25.571264]]}},{"type":"Feature","properties":{"rod":"BR476","trecho":"476BPR0090E","km_ini":143.7,"km_fim":151.3,"sentido":"esquerda","de":"ENTR. BR-376 (B) (P/ ARAUCÁRIA)","para":"PR-421 (AV. DAS ARAUCÁRIAS)","municipio":"Curitiba","situacao":"DUP","pista":"Esquerda - sentido decrescente da rodovia","resp":"DNIT","reg":"S.R. Leste","juris":"Federal"},"geometry":{"type":"LineString","coordinates":[[-49.311239,-25.540544],[-49.311074,-25.541391],[-49.311674,-25.541648],[-49.313196,-25.542663],[-49.316128,-25.545182],[-49.317131,-25.545889],[-49.318648,-25.546756],[-49.320231,-25.547432],[-49.343029,-25.555999],[-49.344839,-25.556493],[-49.353582,-25.557781],[-49.361346,-25.557924],[-49.365035,-25.557607],[-49.366276,-25.557724],[-49.366896,-25.557866],[-49.367505,-25.558067],[-49.368668,-25.55861],[-49.374714,-25.561816],[-49.376168,-25.562825],[-49.378748,-25.564944],[-49.379267,-25.565236]]}},{"type":"Feature","properties":{"rod":"BR476","trecho":"476BPR0091D","km_ini":151.3,"km_fim":152.2,"sentido":"direita","de":"PR-421 (AV. DAS ARAUCÁRIAS)","para":"ENTR. PR-423 (ARAUCÁRIA)","municipio":"Araucária","situacao":"DUP","pista":"Direita - sentido crescente da rodovia","resp":"DNIT","reg":"S.R. Leste","juris":"Federal"},"geometry":{"type":"LineString","coordinates":[[-49.379267,-25.565236],[-49.382367,-25.567823],[-49.383112,-25.568564],[-49.385349,-25.571204],[-49.385639,-25.571264]]}},{"type":"Feature","properties":{"rod":"BR476","trecho":"476BPR0090D","km_ini":143.7,"km_fim":151.3,"sentido":"direita","de":"ENTR. BR-376 (B) (P/ ARAUCÁRIA)","para":"PR-421 (AV. DAS ARAUCÁRIAS)","municipio":"Curitiba","situacao":"DUP","pista":"Direita - sentido crescente da rodovia","resp":"DNIT","reg":"S.R. Leste","juris":"Federal"},"geometry":{"type":"LineString","coordinates":[[-49.311239,-25.540544],[-49.311598,-25.540571],[-49.312351,-25.541499],[-49.316614,-25.545239],[-49.317512,-25.545866],[-49.318942,-25.54668],[-49.325238,-25.549198],[-49.342785,-25.55581],[-49.343917,-25.556193],[-49.345095,-25.556454],[-49.353542,-25.557731],[-49.361267,-25.557821],[-49.364752,-25.557505],[-49.365993,-25.557562],[-49.366994,-25.557782],[-49.368419,-25.558372],[-49.375199,-25.562007],[-49.376012,-25.562578],[-49.379267,-25.565236]]}},{"type":"Feature","properties":{"rod":"BR476","trecho":"476BPR0093D","km_ini":152.2,"km_fim":156.0,"sentido":"direita","de":"ENTR. PR-423 (ARAUCÁRIA)","para":"FIM PISTA DUPLA","municipio":"Araucária","situacao":"DUP","pista":"Direita - sentido crescente da rodovia","resp":"DNIT","reg":"S.R. Leste","juris":"Federal"},"geometry":{"type":"LineString","coordinates":[[-49.385639,-25.571264],[-49.385733,-25.571651],[-49.386931,-25.572993],[-49.389158,-25.574763],[-49.407028,-25.588418],[-49.408336,-25.589331],[-49.412753,-25.592083],[-49.413635,-25.592793],[-49.413989,-25.593181]]}},{"type":"Feature","properties":{"rod":"BR476","trecho":"476BPR0033D","km_ini":0.9,"km_fim":2.3,"sentido":"direita","de":"INÍCIO P. DUPLA ADRIANÓPOLIS","para":"FINAL P. DUPLA ADRIANÓPOLIS","municipio":"Adrianópolis","situacao":"DUP","pista":"Direita - sentido crescente da rodovia","resp":"DNIT","reg":"S.R. Leste","juris":"Federal"},"geometry":{"type":"LineString","coordinates":[[-48.994864,-24.656533],[-48.994321,-24.656587],[-48.9933,-24.657097],[-48.992008,-24.658082],[-48.990815,-24.659136],[-48.990408,-24.660118],[-48.990379,-24.660576],[-48.99094,-24.663022],[-48.990942,-24.663475],[-48.990345,-24.66544],[-48.989333,-24.666508]]}},{"type":"Feature","properties":{"rod":"BR376","trecho":"376APR2005E","km_ini":0.0,"km_fim":4.5,"sentido":"esquerda","de":"ENTR. BR-116(B) (CONTORNO LESTE CTBA)","para":"SÃO JOSÉ DOS PINHAIS","municipio":"São José dos Pinhais","situacao":"DUP","pista":"Esquerda - sentido decrescente da rodovia","resp":"DNIT","reg":"S.R. Leste","juris":"Federal"},"geometry":{"type":"LineString","coordinates":[[-49.181814,-25.569022],[-49.193362,-25.534989],[-49.193808,-25.53408],[-49.19469,-25.533293],[-49.194943,-25.532859],[-49.195614,-25.530797]]}},{"type":"Feature","properties":{"rod":"BR376","trecho":"376APR2005D","km_ini":0.0,"km_fim":4.5,"sentido":"direita","de":"ENTR. BR-116(B) (CONTORNO LESTE CTBA)","para":"SÃO JOSÉ DOS PINHAIS","municipio":"São José dos Pinhais","situacao":"DUP","pista":"Direita - sentido crescente da rodovia","resp":"DNIT","reg":"S.R. Leste","juris":"Federal"},"geometry":{"type":"LineString","coordinates":[[-49.181814,-25.569022],[-49.181794,-25.5689],[-49.193446,-25.534506],[-49.193647,-25.534065],[-49.193942,-25.533704],[-49.19446,-25.533353],[-49.194758,-25.532982],[-49.19538,-25.531166],[-49.195614,-25.530797]]}},{"type":"Feature","properties":{"rod":"BR476","trecho":"476BPR0055D","km_ini":116.1,"km_fim":122.4,"sentido":"direita","de":"INÍCIO PISTA DUPLA (J. GUARAITUBA)","para":"ENTR. BR-116(A) (CURITIBA(N)-ATUBA)","municipio":"Curitiba","situacao":"DUP","pista":"Direita - sentido crescente da rodovia","resp":"DNIT","reg":"S.R. Leste","juris":"Federal"},"geometry":{"type":"LineString","coordinates":[[-49.167397,-25.349736],[-49.168085,-25.349383],[-49.173073,-25.34791],[-49.173633,-25.347831],[-49.174201,-25.347858],[-49.174757,-25.347995],[-49.175268,-25.348254],[-49.177164,-25.35007],[-49.179447,-25.352419],[-49.179758,-25.352785],[-49.179981,-25.353209],[-49.1816,-25.358872],[-49.181832,-25.359403],[-49.184334,-25.361979],[-49.18708,-25.365893],[-49.192188,-25.372824],[-49.204724,-25.387379],[-49.205735,-25.388337],[-49.205878,-25.388761]]}},{"type":"Feature","properties":{"rod":"BR476","trecho":"476BPR0055E","km_ini":116.1,"km_fim":122.4,"sentido":"esquerda","de":"INÍCIO PISTA DUPLA (J. GUARAITUBA)","para":"ENTR. BR-116(A) (CURITIBA(N)-ATUBA)","municipio":"Curitiba","situacao":"DUP","pista":"Esquerda - sentido decrescente da rodovia","resp":"DNIT","reg":"S.R. Leste","juris":"Federal"},"geometry":{"type":"LineString","coordinates":[[-49.167397,-25.349736],[-49.173157,-25.348001],[-49.173715,-25.347924],[-49.174263,-25.347966],[-49.174768,-25.348114],[-49.175256,-25.348375],[-49.175628,-25.348693],[-49.178454,-25.351611],[-49.17953,-25.352772],[-49.179817,-25.353205],[-49.181426,-25.358745],[-49.181593,-25.359238],[-49.18187,-25.359684],[-49.184439,-25.362334],[-49.192384,-25.373281],[-49.205878,-25.388761]]}},{"type":"Feature","properties":{"rod":"BR116","trecho":"116APR1005E","km_ini":0.0,"km_fim":4.0,"sentido":"esquerda","de":"ACESSO  CONT. LESTE CURITIBA (ANT. KM 71,1)","para":"ENTR. PR-506 (QUATRO BARRAS) (ANT. KM 75,7)","municipio":"Quatro Barras","situacao":"DUP","pista":"Esquerda - sentido decrescente da rodovia","resp":"CONC. FED.","reg":"S.R. Leste","juris":"Federal"},"geometry":{"type":"LineString","coordinates":[[-49.044231,-25.346081],[-49.04551,-25.346604],[-49.057795,-25.350607],[-49.05981,-25.351393],[-49.06172,-25.352426],[-49.066328,-25.355418],[-49.067799,-25.356267],[-49.079307,-25.36155],[-49.081708,-25.362558]]}},{"type":"Feature","properties":{"rod":"BR116","trecho":"116APR1010E(a)","km_ini":4.0,"km_fim":8.9,"sentido":"ambos","de":"ENTR. PR-506 (Q. BARRAS) (ANT. KM 75,7)","para":"ENTR. PR-802 (AC. PARQUE NEWTON FREIRE MAIA)","municipio":"","situacao":"DUP","pista":"Simples","resp":"CONC. FED.","reg":"S.R. Leste","juris":"Federal"},"geometry":{"type":"LineString","coordinates":[[-49.081708,-25.362558],[-49.083733,-25.363528],[-49.085232,-25.364135],[-49.086779,-25.364586],[-49.088373,-25.364899],[-49.112495,-25.369197],[-49.128808,-25.371236]]}},{"type":"Feature","properties":{"rod":"BR116","trecho":"116APR1005D","km_ini":0.0,"km_fim":4.0,"sentido":"direita","de":"ACESSO  CONT. LESTE CURITIBA (ANT. KM 71,1)","para":"ENTR. PR-506 (QUATRO BARRAS) (ANT. KM 75,7)","municipio":"Quatro Barras","situacao":"DUP","pista":"Direita - sentido crescente da rodovia","resp":"CONC. FED.","reg":"S.R. Leste","juris":"Federal"},"geometry":{"type":"LineString","coordinates":[[-49.044232,-25.34608],[-49.044452,-25.346051],[-49.045562,-25.346478],[-49.058292,-25.350631],[-49.059631,-25.35116],[-49.061386,-25.352068],[-49.066555,-25.355398],[-49.067833,-25.356116],[-49.08152,-25.362364],[-49.081708,-25.362558]]}},{"type":"Feature","properties":{"rod":"BR116","trecho":"116BPR2710D","km_ini":0.0,"km_fim":22.7,"sentido":"direita","de":"DIVISA PR/SP (CAB. NORTE PTE. S/ RIO PARDINHO)","para":"IN. VARIANTE DO ALPINO (P. DIREITA)","municipio":"Antonina","situacao":"DUP","pista":"Direita - sentido crescente da rodovia","resp":"CONC. FED.","reg":"S.R. Leste","juris":"Federal"},"geometry":{"type":"LineString","coordinates":[[-48.560844,-25.059469],[-48.561426,-25.059464],[-48.561942,-25.059633],[-48.562449,-25.059895],[-48.5629,-25.060275],[-48.564593,-25.062919],[-48.56509,-25.063323],[-48.565706,-25.063575],[-48.566387,-25.063636],[-48.567067,-25.063514],[-48.56837,-25.063048],[-48.569004,-25.062893],[-48.569618,-25.062949],[-48.570134,-25.063262],[-48.571961,-25.065733],[-48.572389,-25.066175],[-48.572914,-25.066526],[-48.573512,-25.066786],[-48.574158,-25.066944],[-48.574827,-25.066978],[-48.575492,-25.066885],[-48.577405,-25.066197],[-48.578073,-25.066045],[-48.578777,-25.066056],[-48.579938,-25.066442],[-48.582177,-25.067455],[-48.583085,-25.067946],[-48.5838,-25.068614],[-48.586166,-25.07258],[-48.58678,-25.073393],[-48.587162,-25.073729],[-48.588076,-25.074182],[-48.593215,-25.075846],[-48.594113,-25.076347],[-48.59482,-25.077046],[-48.601542,-25.084855],[-48.60363,-25.086706],[-48.604246,-25.087078],[-48.604906,-25.087325],[-48.605589,-25.087444],[-48.606285,-25.087432],[-48.607982,-25.087066],[-48.609138,-25.08667],[-48.60971,-25.086269],[-48.61014,-25.085759],[-48.61087,-25.083916],[-48.611227,-25.083359],[-48.611753,-25.082897],[-48.612412,-25.082586],[-48.613425,-25.082433],[-48.617698,-25.082207],[-48.618383,-25.081988],[-48.619626,-25.081356],[-48.620242,-25.081139],[-48.620868,-25.081046],[-48.622235,-25.080913],[-48.622977,-25.080892],[-48.623488,-25.08096],[-48.629577,-25.082932],[-48.631827,-25.083381],[-48.632985,-25.083505],[-48.633649,-25.083359],[-48.635211,-25.082662],[-48.635898,-25.082521],[-48.638362,-25.082736],[-48.640499,-25.082211],[-48.641185,-25.082249],[-48.641823,-25.082483],[-48.642363,-25.082888],[-48.642753,-25.083452],[-48.645043,-25.088088],[-48.64559,-25.088927],[-48.646509,-25.090061],[-48.648813,-25.092217],[-48.653167,-25.096019],[-48.654199,-25.096661],[-48.655617,-25.097204],[-48.657773,-25.097731],[-48.658447,-25.097781],[-48.659083,-25.097624],[-48.660122,-25.097059],[-48.661051,-25.096672],[-48.662094,-25.096414],[-48.663234,-25.096326],[-48.667214,-25.096874],[-48.671938,-25.097214],[-48.672622,-25.097379],[-48.673226,-25.097704],[-48.67463,-25.099136],[-48.675137,-25.099522],[-48.675737,-25.099771],[-48.676404,-25.099859],[-48.67707,-25.099783],[-48.677679,-25.099558],[-48.679253,-25.098536],[-48.679796,-25.098286],[-48.680391,-25.09818],[-48.68434,-25.098526],[-48.686949,-25.09848],[-48.687677,-25.098628],[-48.688991,-25.099272],[-48.68965,-25.099539],[-48.690138,-25.099635],[-48.694305,-25.099805],[-48.695024,-25.099905],[-48.696237,-25.100198],[-48.697199,-25.100569],[-48.698577,-25.101277],[-48.69941,-25.101836],[-48.700694,-25.102871],[-48.701287,-25.10317],[-48.701941,-25.103297],[-48.705144,-25.103241],[-48.706345,-25.103296],[-48.713151,-25.104402],[-48.714337,-25.104519],[-48.715045,-25.104507],[-48.71575,-25.104375],[-48.729557,-25.100585],[-48.730266,-25.100505],[-48.73097,-25.100563],[-48.732333,-25.101073],[-48.737763,-25.103563],[-48.738279,-25.103988],[-48.740653,-25.106415],[-48.741769,-25.107168],[-48.746602,-25.109236],[-48.74965,-25.11072],[-48.750311,-25.110993],[-48.750994,-25.111108],[-48.754755,-25.110764],[-48.755806,-25.111281]]}},{"type":"Feature","properties":{"rod":"BR116","trecho":"116BPR2720","km_ini":22.7,"km_fim":34.3,"sentido":"direita","de":"IN. VARIANTE DO ALPINO (PISTA DIREITA)","para":"FIM VARIANTE DO ALPINO (PISTA DIREITA)","municipio":"Antonina","situacao":"PAV","pista":"Direita - sentido crescente da rodovia","resp":"CONC. FED.","reg":"S.R. Leste","juris":"Federal"},"geometry":{"type":"LineString","coordinates":[[-48.755806,-25.111281],[-48.756383,-25.11038],[-48.759952,-25.109499],[-48.785438,-25.106844],[-48.787072,-25.106874],[-48.788148,-25.107022],[-48.798647,-25.109114],[-48.799155,-25.10915],[-48.800149,-25.109069],[-48.800841,-25.108882],[-48.801504,-25.108582],[-48.804548,-25.106416],[-48.809017,-25.102976],[-48.811074,-25.100799],[-48.811606,-25.100364],[-48.812212,-25.100017],[-48.812871,-25.099764],[-48.81359,-25.099623],[-48.814633,-25.099621],[-48.82444,-25.100301],[-48.826176,-25.100536],[-48.832324,-25.102075],[-48.83345,-25.102522],[-48.837396,-25.104413],[-48.838529,-25.104786],[-48.839708,-25.105024],[-48.846487,-25.105775],[-48.84763,-25.106022],[-48.848152,-25.106214],[-48.8491,-25.106701],[-48.849921,-25.107306],[-48.851814,-25.109132],[-48.852678,-25.110161],[-48.853267,-25.111361],[-48.853518,-25.112457],[-48.853797,-25.114692],[-48.853606,-25.115719]]}},{"type":"Feature","properties":{"rod":"BR116","trecho":"116BPR2725D","km_ini":34.3,"km_fim":42.2,"sentido":"direita","de":"FIM VARIANTE DO ALPINO (PISTA DIREITA)","para":"REPRESA CAPIVARI","municipio":"Campina Grande do Sul","situacao":"DUP","pista":"Direita - sentido crescente da rodovia","resp":"CONC. FED.","reg":"S.R. Leste","juris":"Federal"},"geometry":{"type":"LineString","coordinates":[[-48.853606,-25.115719],[-48.854079,-25.116809],[-48.854778,-25.119231],[-48.857399,-25.12697],[-48.857499,-25.128238],[-48.8573,-25.135712],[-48.857101,-25.13689],[-48.856289,-25.139225],[-48.856149,-25.140359],[-48.856237,-25.140967],[-48.856444,-25.141597],[-48.859105,-25.1477],[-48.859369,-25.148774],[-48.859457,-25.151206],[-48.859695,-25.151794],[-48.861186,-25.153884],[-48.86138,-25.154469],[-48.861432,-25.155052],[-48.861339,-25.156175],[-48.8614,-25.156766],[-48.861702,-25.158014],[-48.862295,-25.159772],[-48.862293,-25.160328],[-48.861761,-25.161927],[-48.861657,-25.162467],[-48.861674,-25.162974],[-48.861801,-25.163481],[-48.86203,-25.163987],[-48.862383,-25.164473],[-48.866187,-25.168195],[-48.866962,-25.169123],[-48.868079,-25.173339],[-48.868337,-25.173886],[-48.8687,-25.174379],[-48.869157,-25.174803],[-48.869703,-25.175149],[-48.870308,-25.175403],[-48.877169,-25.176639],[-48.8781,-25.176883],[-48.878441,-25.177042],[-48.878825,-25.178017]]}},{"type":"Feature","properties":{"rod":"BR116","trecho":"116BPR2730D","km_ini":42.2,"km_fim":59.3,"sentido":"direita","de":"REPRESA CAPIVARI","para":"ENTR. PR-410 (GRACIOSA)","municipio":"Campina Grande do Sul","situacao":"DUP","pista":"Direita - sentido crescente da rodovia","resp":"CONC. FED.","reg":"S.R. Leste","juris":"Federal"},"geometry":{"type":"LineString","coordinates":[[-48.878825,-25.178017],[-48.879727,-25.178425],[-48.882399,-25.181524],[-48.882844,-25.181887],[-48.884974,-25.183141],[-48.885461,-25.18352],[-48.885839,-25.18399],[-48.886068,-25.184545],[-48.886103,-25.185147],[-48.885935,-25.185746],[-48.885374,-25.186944],[-48.884754,-25.188642],[-48.884551,-25.189875],[-48.8846,-25.190461],[-48.884892,-25.190984],[-48.885347,-25.191434],[-48.885926,-25.191783],[-48.887504,-25.192448],[-48.888093,-25.192851],[-48.889117,-25.194161],[-48.889814,-25.194913],[-48.890636,-25.195549],[-48.893959,-25.197756],[-48.894625,-25.198453],[-48.895783,-25.200682],[-48.896136,-25.201621],[-48.89617,-25.202584],[-48.895579,-25.204764],[-48.895455,-25.205421],[-48.895471,-25.206082],[-48.895656,-25.206737],[-48.896585,-25.208403],[-48.8973,-25.21087],[-48.8976,-25.211469],[-48.898056,-25.211977],[-48.902009,-25.214647],[-48.902548,-25.215093],[-48.903406,-25.216101],[-48.903723,-25.216615],[-48.904165,-25.217696],[-48.906212,-25.223656],[-48.907975,-25.229615],[-48.908134,-25.231279],[-48.908114,-25.234282],[-48.907824,-25.235781],[-48.907443,-25.236749],[-48.906924,-25.237683],[-48.906267,-25.238564],[-48.904285,-25.240618],[-48.902718,-25.242817],[-48.902537,-25.243268],[-48.90248,-25.243719],[-48.902587,-25.244364],[-48.9029,-25.244932],[-48.904817,-25.247005],[-48.905693,-25.247624],[-48.907702,-25.248651],[-48.908398,-25.249112],[-48.909196,-25.24984],[-48.909802,-25.250636],[-48.912878,-25.255926],[-48.913219,-25.256846],[-48.914702,-25.262479],[-48.915315,-25.263848],[-48.9171,-25.266972],[-48.918622,-25.269286],[-48.933035,-25.288635],[-48.933746,-25.28988],[-48.93471,-25.292707],[-48.934895,-25.293148],[-48.935388,-25.293939],[-48.936393,-25.294962],[-48.94057,-25.298271],[-48.941263,-25.298942],[-48.941902,-25.299853],[-48.943063,-25.302389],[-48.943367,-25.302883],[-48.943789,-25.30334],[-48.944811,-25.304123],[-48.945456,-25.304477],[-48.946278,-25.304811],[-48.946264,-25.304892]]}},{"type":"Feature","properties":{"rod":"BR116","trecho":"116BPR2740D(a)","km_ini":59.3,"km_fim":66.55,"sentido":"direita","de":"ENTR. PR-410 (GRACIOSA)","para":"AC. MUN. CAMPINA GRANDE DO SUL","municipio":"Quatro Barras","situacao":"DUP","pista":"Direita - sentido crescente da rodovia","resp":"CONC. FED.","reg":"S.R. Leste","juris":"Federal"},"geometry":{"type":"LineString","coordinates":[[-48.946264,-25.304892],[-48.946427,-25.304864],[-48.946943,-25.305005],[-48.948022,-25.305157],[-48.948562,-25.30518],[-48.949749,-25.305075],[-48.962264,-25.302762],[-48.963651,-25.302706],[-48.964957,-25.303014],[-48.979138,-25.307485],[-48.98084,-25.307849],[-48.982612,-25.307869],[-48.994301,-25.306044],[-48.995563,-25.306078],[-48.996222,-25.306244],[-48.996856,-25.306535],[-49.002046,-25.310348],[-49.002607,-25.310674],[-49.003236,-25.310906],[-49.003948,-25.311024],[-49.004955,-25.310967],[-49.007565,-25.310384],[-49.00861,-25.310242],[-49.010197,-25.310241],[-49.012409,-25.310411],[-49.013789,-25.310718],[-49.014993,-25.311272],[-49.015898,-25.311932],[-49.016575,-25.312633]]}},{"type":"Feature","properties":{"rod":"BR116","trecho":"116BPR2710E","km_ini":0.0,"km_fim":22.7,"sentido":"esquerda","de":"DIVISA PR/SP (CAB. NORTE PTE. S/ RIO PARDINHO)","para":"IN. VARIANTE DO ALPINO (P. ESQUERDA)","municipio":"Antonina","situacao":"DUP","pista":"Esquerda - sentido decrescente da rodovia","resp":"CONC. FED.","reg":"S.R. Leste","juris":"Federal"},"geometry":{"type":"LineString","coordinates":[[-48.560844,-25.059469],[-48.562303,-25.060225],[-48.562753,-25.06058],[-48.563539,-25.061569],[-48.564526,-25.063254],[-48.564908,-25.063743],[-48.565438,-25.064147],[-48.566092,-25.064444],[-48.574029,-25.067137],[-48.57469,-25.067225],[-48.575299,-25.067152],[-48.577482,-25.066389],[-48.578043,-25.066236],[-48.578626,-25.06622],[-48.579215,-25.066346],[-48.582733,-25.067932],[-48.583276,-25.068297],[-48.583709,-25.068779],[-48.585827,-25.072344],[-48.586792,-25.073732],[-48.587185,-25.074011],[-48.587647,-25.074217],[-48.592844,-25.075902],[-48.59393,-25.076468],[-48.594644,-25.077128],[-48.601495,-25.085097],[-48.604248,-25.087448],[-48.6049,-25.087732],[-48.60562,-25.087779],[-48.606102,-25.087698],[-48.608655,-25.087054],[-48.609547,-25.086628],[-48.610059,-25.086159],[-48.610407,-25.085596],[-48.61103,-25.083966],[-48.611358,-25.083513],[-48.611787,-25.08313],[-48.612345,-25.082821],[-48.613014,-25.082631],[-48.613733,-25.082569],[-48.617546,-25.082438],[-48.618205,-25.082286],[-48.619922,-25.081411],[-48.620567,-25.081239],[-48.622674,-25.081067],[-48.623388,-25.081122],[-48.624363,-25.081382],[-48.630197,-25.083279],[-48.64082,-25.085092],[-48.642016,-25.085411],[-48.642646,-25.085755],[-48.643383,-25.086415],[-48.64606,-25.08985],[-48.646758,-25.090598],[-48.653096,-25.09614],[-48.654007,-25.096749],[-48.654506,-25.096991],[-48.655564,-25.097345],[-48.657763,-25.097891],[-48.65888,-25.098107],[-48.659983,-25.098154],[-48.666243,-25.097511],[-48.671381,-25.097353],[-48.672075,-25.097436],[-48.672705,-25.097662],[-48.673255,-25.098007],[-48.674939,-25.099603],[-48.675601,-25.099901],[-48.676312,-25.10002],[-48.677016,-25.099971],[-48.677683,-25.09976],[-48.679405,-25.098673],[-48.680031,-25.098434],[-48.6807,-25.098368],[-48.681398,-25.098406],[-48.684778,-25.098712],[-48.686965,-25.098642],[-48.687921,-25.098895],[-48.6893,-25.099598],[-48.689818,-25.09975],[-48.690971,-25.099859],[-48.694018,-25.099963],[-48.695165,-25.100119],[-48.696262,-25.100405],[-48.697302,-25.100817],[-48.698741,-25.101592],[-48.700434,-25.102877],[-48.70086,-25.103162],[-48.701334,-25.103356],[-48.701855,-25.103445],[-48.705231,-25.103425],[-48.70688,-25.103521],[-48.712691,-25.104463],[-48.715837,-25.105259],[-48.716573,-25.105301],[-48.717216,-25.105144],[-48.717798,-25.104807],[-48.718949,-25.103851],[-48.719885,-25.103415],[-48.729261,-25.100845],[-48.729978,-25.100707],[-48.730707,-25.100709],[-48.731865,-25.101063],[-48.737241,-25.10349],[-48.738122,-25.10411],[-48.740599,-25.106553],[-48.741552,-25.107218],[-48.746704,-25.109466],[-48.750051,-25.111062],[-48.750758,-25.111237],[-48.751475,-25.111262],[-48.753599,-25.111122],[-48.754202,-25.111188],[-48.755201,-25.111543],[-48.755806,-25.111281]]}},{"type":"Feature","properties":{"rod":"BR116","trecho":"116VPR1005","km_ini":22.7,"km_fim":34.3,"sentido":"ambos","de":"IN. VARIANTE DO ALPINO (PISTA ESQ.)","para":"FIM VARIANTE DO ALPINO (PISTA ESQ.)","municipio":"","situacao":"PAV","pista":"Simples","resp":"CONC. FED.","reg":"S.R. Leste","juris":"Federal"},"geometry":{"type":"LineString","coordinates":[[-48.755806,-25.111281],[-48.756337,-25.112132],[-48.758025,-25.11298],[-48.758989,-25.113609],[-48.759476,-25.113842],[-48.760004,-25.113954],[-48.760564,-25.113914],[-48.761834,-25.113592],[-48.762487,-25.113341],[-48.763618,-25.112638],[-48.76454,-25.111837],[-48.765075,-25.111577],[-48.765658,-25.111542],[-48.767463,-25.112295],[-48.768096,-25.112327],[-48.769808,-25.11203],[-48.770921,-25.111932],[-48.781698,-25.111565],[-48.782776,-25.111425],[-48.783783,-25.111139],[-48.785205,-25.110594],[-48.785765,-25.110182],[-48.786878,-25.108577],[-48.787364,-25.10807],[-48.787959,-25.10776],[-48.788637,-25.107656],[-48.789103,-25.107696],[-48.790094,-25.107981],[-48.79658,-25.110163],[-48.797285,-25.110242],[-48.797971,-25.11018],[-48.799292,-25.10983],[-48.799943,-25.109744],[-48.800581,-25.109843],[-48.801149,-25.110131],[-48.801639,-25.11057],[-48.802994,-25.11208],[-48.80355,-25.112419],[-48.80418,-25.112515],[-48.804797,-25.112378],[-48.805315,-25.112023],[-48.806221,-25.111108],[-48.806692,-25.110752],[-48.807234,-25.110602],[-48.807758,-25.110658],[-48.809568,-25.111412],[-48.81024,-25.11155],[-48.812251,-25.111486],[-48.812835,-25.111647],[-48.814058,-25.11215],[-48.814722,-25.112204],[-48.815331,-25.112028],[-48.815802,-25.111658],[-48.816078,-25.111152],[-48.816564,-25.109446],[-48.816846,-25.108991],[-48.817287,-25.108651],[-48.81786,-25.108413],[-48.821182,-25.10765],[-48.822533,-25.107551],[-48.823832,-25.107773],[-48.827718,-25.109072],[-48.828366,-25.109101],[-48.828982,-25.108949],[-48.831392,-25.107725],[-48.832059,-25.10751],[-48.833265,-25.107442],[-48.833989,-25.107546],[-48.834671,-25.107767],[-48.840074,-25.110267],[-48.840602,-25.110369],[-48.841113,-25.110277],[-48.842339,-25.109479],[-48.842982,-25.109398],[-48.843462,-25.109548],[-48.846777,-25.111805],[-48.847153,-25.11224],[-48.84728,-25.112736],[-48.846865,-25.114354],[-48.847055,-25.114873],[-48.847484,-25.115216],[-48.847988,-25.115341],[-48.851498,-25.115065],[-48.851993,-25.115144],[-48.853606,-25.115719]]}},{"type":"Feature","properties":{"rod":"BR116","trecho":"116BPR2725E","km_ini":34.3,"km_fim":42.2,"sentido":"esquerda","de":"FIM VARIANTE DO ALPINO (PISTA ESQUERDA)","para":"REPRESA CAPIVARI","municipio":"Campina Grande do Sul","situacao":"DUP","pista":"Esquerda - sentido decrescente da rodovia","resp":"CONC. FED.","reg":"S.R. Leste","juris":"Federal"},"geometry":{"type":"LineString","coordinates":[[-48.853606,-25.115719],[-48.853702,-25.116522],[-48.853863,-25.117131],[-48.857027,-25.126222],[-48.857272,-25.127248],[-48.857324,-25.128304],[-48.857115,-25.135436],[-48.856783,-25.137145],[-48.856034,-25.139353],[-48.855919,-25.139947],[-48.855932,-25.140546],[-48.856311,-25.141702],[-48.858932,-25.147778],[-48.859171,-25.148738],[-48.859187,-25.150788],[-48.859272,-25.151341],[-48.859527,-25.151886],[-48.86077,-25.153625],[-48.860992,-25.154054],[-48.861179,-25.154689],[-48.861166,-25.156528],[-48.86144,-25.157811],[-48.862062,-25.159687],[-48.86208,-25.160269],[-48.861556,-25.161892],[-48.861441,-25.162476],[-48.861464,-25.163095],[-48.861631,-25.163704],[-48.861957,-25.16427],[-48.862397,-25.164786],[-48.866491,-25.168824],[-48.866827,-25.169375],[-48.866973,-25.169805],[-48.867839,-25.17325],[-48.868075,-25.173867],[-48.86844,-25.174426],[-48.86891,-25.1749],[-48.869466,-25.175271],[-48.870074,-25.175535],[-48.870686,-25.1757],[-48.876801,-25.176797],[-48.877882,-25.17727],[-48.878825,-25.178017]]}},{"type":"Feature","properties":{"rod":"BR116","trecho":"116BPR2730E","km_ini":42.2,"km_fim":59.3,"sentido":"esquerda","de":"REPRESA CAPIVARI","para":"ENTR. PR-410 (GRACIOSA)","municipio":"Campina Grande do Sul","situacao":"DUP","pista":"Esquerda - sentido decrescente da rodovia","resp":"CONC. FED.","reg":"S.R. Leste","juris":"Federal"},"geometry":{"type":"LineString","coordinates":[[-48.878825,-25.178017],[-48.879335,-25.178962],[-48.879582,-25.180061],[-48.879562,-25.180621],[-48.879149,-25.182223],[-48.879079,-25.182787],[-48.879189,-25.18335],[-48.879481,-25.183847],[-48.879917,-25.184231],[-48.880454,-25.184489],[-48.881078,-25.184581],[-48.883131,-25.184417],[-48.883759,-25.184534],[-48.884308,-25.184802],[-48.884756,-25.185236],[-48.885022,-25.185799],[-48.885078,-25.186413],[-48.884933,-25.187028],[-48.884207,-25.188921],[-48.884126,-25.189577],[-48.884243,-25.190215],[-48.88452,-25.190789],[-48.884923,-25.191276],[-48.885428,-25.191663],[-48.88735,-25.192527],[-48.887766,-25.192788],[-48.888126,-25.193127],[-48.889129,-25.19438],[-48.889923,-25.195174],[-48.893704,-25.197759],[-48.894362,-25.19845],[-48.89505,-25.199748],[-48.895879,-25.201559],[-48.89596,-25.202042],[-48.895928,-25.202519],[-48.895276,-25.204949],[-48.895254,-25.205922],[-48.895521,-25.206868],[-48.89651,-25.208669],[-48.897215,-25.211158],[-48.897458,-25.211609],[-48.898233,-25.212353],[-48.901752,-25.214692],[-48.902498,-25.215317],[-48.903406,-25.216467],[-48.904011,-25.217838],[-48.906033,-25.223732],[-48.907713,-25.229446],[-48.907903,-25.230509],[-48.90793,-25.234309],[-48.90765,-25.235879],[-48.907274,-25.23684],[-48.906775,-25.237725],[-48.906142,-25.238531],[-48.904198,-25.240447],[-48.902628,-25.242588],[-48.902416,-25.243024],[-48.902303,-25.243485],[-48.9023,-25.243951],[-48.902416,-25.2444],[-48.902629,-25.244816],[-48.903921,-25.24634],[-48.904659,-25.247037],[-48.905927,-25.247921],[-48.908216,-25.249186],[-48.909007,-25.249886],[-48.909647,-25.2507],[-48.912786,-25.256029],[-48.913131,-25.25705],[-48.914702,-25.262931],[-48.915174,-25.263951],[-48.917149,-25.26735],[-48.918036,-25.268696],[-48.932957,-25.288884],[-48.933631,-25.29013],[-48.934585,-25.292869],[-48.935059,-25.293729],[-48.93602,-25.294809],[-48.938667,-25.296994],[-48.939065,-25.297553],[-48.941171,-25.301774],[-48.941578,-25.302337],[-48.942065,-25.302791],[-48.942625,-25.303156],[-48.944729,-25.304312],[-48.945851,-25.304845],[-48.946209,-25.304968],[-48.946264,-25.304892]]}},{"type":"Feature","properties":{"rod":"BR116","trecho":"116BPR2740E(a)","km_ini":59.3,"km_fim":66.55,"sentido":"esquerda","de":"ENTR. PR-410 (GRACIOSA)","para":"AC. MUN. CAMPINA GRANDE DO SUL","municipio":"Quatro Barras","situacao":"DUP","pista":"Esquerda - sentido decrescente da rodovia","resp":"CONC. FED.","reg":"S.R. Leste","juris":"Federal"},"geometry":{"type":"LineString","coordinates":[[-48.946264,-25.304892],[-48.946326,-25.30501],[-48.947549,-25.305274],[-48.948281,-25.30533],[-48.949508,-25.305256],[-48.961931,-25.302955],[-48.962994,-25.302806],[-48.963515,-25.302801],[-48.964535,-25.302999],[-48.965551,-25.30331],[-48.978854,-25.307538],[-48.979888,-25.307827],[-48.980941,-25.308011],[-48.982565,-25.30798],[-48.994312,-25.306149],[-48.995037,-25.306106],[-48.995697,-25.306179],[-48.996747,-25.306561],[-49.002061,-25.310453],[-49.002663,-25.310795],[-49.003317,-25.311012],[-49.003997,-25.311107],[-49.00471,-25.311076],[-49.007417,-25.310512],[-49.008895,-25.310312],[-49.012305,-25.310503],[-49.013029,-25.310612],[-49.014418,-25.311075],[-49.015625,-25.311822],[-49.016431,-25.312616],[-49.016575,-25.312633]]}},{"type":"Feature","properties":{"rod":"BR116","trecho":"116BPR2760E","km_ini":96.9,"km_fim":106.4,"sentido":"esquerda","de":"ENTR. BR-277 (P/ PARANAGUÁ)","para":"ENTR. BR-376 (A) (P/ JOINVILLE)","municipio":"São José dos Pinhais","situacao":"DUP","pista":"Esquerda - sentido decrescente da rodovia","resp":"CONC. FED.","reg":"S.R. Leste","juris":"Federal"},"geometry":{"type":"LineString","coordinates":[[-49.128089,-25.511561],[-49.128086,-25.511786],[-49.13211,-25.517256],[-49.136756,-25.523013],[-49.138854,-25.525444],[-49.148382,-25.536057],[-49.149305,-25.537291],[-49.149795,-25.538152],[-49.150215,-25.539124],[-49.150551,-25.540263],[-49.150731,-25.541381],[-49.150769,-25.542468],[-49.149713,-25.554158],[-49.149701,-25.555767],[-49.149869,-25.556959],[-49.150423,-25.558678],[-49.151292,-25.560283],[-49.152063,-25.561285],[-49.153509,-25.562647],[-49.154617,-25.563411],[-49.155816,-25.564042],[-49.157784,-25.564737],[-49.159142,-25.56501],[-49.166852,-25.566213],[-49.173893,-25.567807],[-49.181639,-25.569075],[-49.181814,-25.569022]]}},{"type":"Feature","properties":{"rod":"BR116","trecho":"116BPR2755E","km_ini":90.1,"km_fim":96.9,"sentido":"esquerda","de":"ENTR. PR-415 (P/ PIRAQUARA)","para":"ENTR. BR-277 (P/ PARANAGUÁ)","municipio":"São José dos Pinhais","situacao":"DUP","pista":"Esquerda - sentido decrescente da rodovia","resp":"CONC. FED.","reg":"S.R. Leste","juris":"Federal"},"geometry":{"type":"LineString","coordinates":[[-49.088931,-25.461808],[-49.088991,-25.462288],[-49.092174,-25.470981],[-49.092964,-25.472473],[-49.094041,-25.473983],[-49.095343,-25.47536],[-49.096812,-25.476549],[-49.105825,-25.482456],[-49.106905,-25.483353],[-49.107864,-25.48432],[-49.109903,-25.486972],[-49.127793,-25.511391],[-49.128089,-25.511561]]}},{"type":"Feature","properties":{"rod":"BR116","trecho":"116BPR2750E(b)","km_ini":78.83,"km_fim":90.1,"sentido":"ambos","de":"ENTR. PR-506","para":"ENTR. PR-415 (P/ PIRAQUARA)","municipio":"","situacao":"DUP","pista":"Simples","resp":"CONC. FED.","reg":"S.R. Leste","juris":"Federal"},"geometry":{"type":"LineString","coordinates":[[-49.055514,-25.391672],[-49.055469,-25.392059],[-49.058106,-25.400497],[-49.058787,-25.402414],[-49.059588,-25.404243],[-49.060488,-25.406012],[-49.061517,-25.407704],[-49.062674,-25.409309],[-49.073832,-25.423037],[-49.075118,-25.424458],[-49.076082,-25.425318],[-49.077135,-25.426117],[-49.088311,-25.434043],[-49.089326,-25.434988],[-49.090167,-25.436008],[-49.090862,-25.437064],[-49.091424,-25.438148],[-49.091856,-25.439257],[-49.092234,-25.440946],[-49.092313,-25.442616],[-49.092115,-25.444214],[-49.091862,-25.445214],[-49.091488,-25.446233],[-49.088299,-25.453283],[-49.087917,-25.454553],[-49.087711,-25.455876],[-49.087675,-25.45723],[-49.087823,-25.458595],[-49.088348,-25.460503],[-49.088774,-25.461681],[-49.088931,-25.461808]]}},{"type":"Feature","properties":{"rod":"BR116","trecho":"116BPR2750E(a)","km_ini":71.1,"km_fim":78.83,"sentido":"esquerda","de":"INÍCIO CONT. LESTE CURITIBA (Q. BARRAS)","para":"ENTR. PR-506","municipio":"Quatro Barras","situacao":"DUP","pista":"Esquerda - sentido decrescente da rodovia","resp":"CONC. FED.","reg":"S.R. Leste","juris":"Federal"},"geometry":{"type":"LineString","coordinates":[[-49.044231,-25.346081],[-49.044179,-25.346248],[-49.044222,-25.347076],[-49.04402,-25.348142],[-49.041853,-25.352592],[-49.041185,-25.354404],[-49.040866,-25.355646],[-49.040602,-25.357547],[-49.040565,-25.359465],[-49.040782,-25.361351],[-49.041054,-25.362578],[-49.041654,-25.364371],[-49.042493,-25.366107],[-49.051192,-25.380305],[-49.052136,-25.382034],[-49.053102,-25.384493],[-49.055294,-25.391499],[-49.055514,-25.391672]]}},{"type":"Feature","properties":{"rod":"BR116","trecho":"116BPR2750D(a)","km_ini":71.1,"km_fim":78.83,"sentido":"direita","de":"INÍCIO CONT. LESTE CURITIBA (Q. BARRAS)","para":"ENTR. PR-506","municipio":"Quatro Barras","situacao":"DUP","pista":"Direita - sentido crescente da rodovia","resp":"CONC. FED.","reg":"S.R. Leste","juris":"Federal"},"geometry":{"type":"LineString","coordinates":[[-49.044231,-25.346081],[-49.044329,-25.346227],[-49.044366,-25.34682],[-49.04417,-25.348192],[-49.041929,-25.352865],[-49.041319,-25.354567],[-49.041018,-25.355766],[-49.040757,-25.357675],[-49.040725,-25.359002],[-49.040893,-25.360953],[-49.041136,-25.362197],[-49.041487,-25.363428],[-49.04194,-25.36464],[-49.042813,-25.366418],[-49.051233,-25.38008],[-49.052409,-25.382226],[-49.053182,-25.384221],[-49.055514,-25.391672]]}},{"type":"Feature","properties":{"rod":"BR116","trecho":"116BPR2750D(b)","km_ini":78.83,"km_fim":90.1,"sentido":"direita","de":"ENTR. PR-506","para":"ENTR. PR-415 (P/ PIRAQUARA)","municipio":"Piraquara","situacao":"DUP","pista":"Direita - sentido crescente da rodovia","resp":"CONC. FED.","reg":"S.R. Leste","juris":"Federal"},"geometry":{"type":"LineString","coordinates":[[-49.055514,-25.391672],[-49.057989,-25.399684],[-49.059111,-25.402777],[-49.059643,-25.403981],[-49.060552,-25.405734],[-49.061575,-25.407418],[-49.06272,-25.409043],[-49.073924,-25.422904],[-49.075321,-25.424444],[-49.076948,-25.425793],[-49.08764,-25.433338],[-49.088585,-25.434073],[-49.089484,-25.434919],[-49.090298,-25.435879],[-49.090998,-25.436911],[-49.091578,-25.438022],[-49.092024,-25.439213],[-49.092394,-25.441144],[-49.092407,-25.44315],[-49.092212,-25.444435],[-49.091625,-25.446255],[-49.088491,-25.453224],[-49.088118,-25.454434],[-49.087892,-25.455685],[-49.08783,-25.456963],[-49.08793,-25.458235],[-49.088187,-25.45947],[-49.088931,-25.461808]]}},{"type":"Feature","properties":{"rod":"BR116","trecho":"116BPR2755D","km_ini":90.1,"km_fim":96.9,"sentido":"direita","de":"ENTR. PR-415 (P/ PIRAQUARA)","para":"ENTR. BR-277 (P/ PARANAGUÁ)","municipio":"São José dos Pinhais","situacao":"DUP","pista":"Direita - sentido crescente da rodovia","resp":"CONC. FED.","reg":"S.R. Leste","juris":"Federal"},"geometry":{"type":"LineString","coordinates":[[-49.088931,-25.461808],[-49.089002,-25.461847],[-49.09212,-25.470444],[-49.092999,-25.472216],[-49.094184,-25.473914],[-49.095099,-25.474947],[-49.096657,-25.476292],[-49.105136,-25.481835],[-49.106805,-25.483118],[-49.107806,-25.484085],[-49.109108,-25.485689],[-49.128089,-25.511561]]}},{"type":"Feature","properties":{"rod":"BR116","trecho":"116BPR2760D","km_ini":96.9,"km_fim":106.4,"sentido":"direita","de":"ENTR. BR-277 (P/ PARANAGUÁ)","para":"ENTR. BR-376 (A) (P/ JOINVILLE)","municipio":"São José dos Pinhais","situacao":"DUP","pista":"Direita - sentido crescente da rodovia","resp":"CONC. FED.","reg":"S.R. Leste","juris":"Federal"},"geometry":{"type":"LineString","coordinates":[[-49.128089,-25.511561],[-49.132133,-25.517087],[-49.136975,-25.523097],[-49.14848,-25.536002],[-49.149252,-25.537001],[-49.149858,-25.538013],[-49.150336,-25.539116],[-49.150704,-25.540405],[-49.15082,-25.541055],[-49.150896,-25.542377],[-49.149851,-25.554003],[-49.149801,-25.555059],[-49.149863,-25.556154],[-49.150248,-25.557862],[-49.150702,-25.558997],[-49.151326,-25.560099],[-49.152582,-25.561625],[-49.153571,-25.562515],[-49.154664,-25.563276],[-49.155861,-25.56391],[-49.157824,-25.564611],[-49.159184,-25.564898],[-49.16675,-25.566087],[-49.173286,-25.567595],[-49.181814,-25.569022]]}},{"type":"Feature","properties":{"rod":"BR116","trecho":"116BPR2770D","km_ini":106.4,"km_fim":119.2,"sentido":"direita","de":"ENTR. BR-376 (A) P/ JOINVILLE)","para":"ENTR. BR-376(B)/476 (CURITIBA SUL / PINHEIRINHO)","municipio":"São José dos Pinhais","situacao":"DUP","pista":"Direita - sentido crescente da rodovia","resp":"CONC. FED.","reg":"S.R. Leste","juris":"Federal"},"geometry":{"type":"LineString","coordinates":[[-49.181814,-25.569022],[-49.200062,-25.571967],[-49.202211,-25.572084],[-49.20364,-25.571968],[-49.231143,-25.568431],[-49.235256,-25.567773],[-49.257779,-25.562734],[-49.260499,-25.56197],[-49.262756,-25.561091],[-49.264338,-25.560328],[-49.281075,-25.5507],[-49.282877,-25.549767],[-49.285172,-25.548744],[-49.288184,-25.547629],[-49.292026,-25.546557],[-49.302996,-25.544303],[-49.303306,-25.544422]]}},{"type":"Feature","properties":{"rod":"BR116","trecho":"116BPR2770E","km_ini":106.4,"km_fim":119.2,"sentido":"esquerda","de":"ENTR. BR-376 (A) P/ JOINVILLE)","para":"ENTR. BR-376(B)/476 (CURITIBA SUL / PINHEIRINHO)","municipio":"São José dos Pinhais","situacao":"DUP","pista":"Esquerda - sentido decrescente da rodovia","resp":"CONC. FED.","reg":"S.R. Leste","juris":"Federal"},"geometry":{"type":"LineString","coordinates":[[-49.181814,-25.569022],[-49.181905,-25.569111],[-49.182304,-25.569184],[-49.199809,-25.572029],[-49.20089,-25.572156],[-49.202029,-25.572187],[-49.204521,-25.571952],[-49.231254,-25.568518],[-49.235491,-25.567823],[-49.258141,-25.562751],[-49.260907,-25.561937],[-49.262773,-25.561201],[-49.264456,-25.560384],[-49.280875,-25.550928],[-49.282999,-25.549821],[-49.285074,-25.548893],[-49.287807,-25.547859],[-49.291286,-25.546841],[-49.295377,-25.545969],[-49.300504,-25.545018],[-49.303306,-25.544422]]}},{"type":"Feature","properties":{"rod":"BR376","trecho":"376BPR0490D","km_ini":645.3,"km_fim":682.9,"sentido":"direita","de":"ENTR. PR-281 (P/ TIJUCAS DO SUL)","para":"DIVISA PR/SC (ENTR. BR-101)","municipio":"Guaratuba","situacao":"DUP","pista":"Direita - sentido crescente da rodovia","resp":"CONC. FED.","reg":"S.R. Leste","juris":"Federal"},"geometry":{"type":"LineString","coordinates":[[-49.124802,-25.823926],[-49.117761,-25.829191],[-49.116456,-25.829939],[-49.112702,-25.831812],[-49.111463,-25.832648],[-49.110117,-25.834073],[-49.106942,-25.838757],[-49.106295,-25.839504],[-49.10557,-25.840184],[-49.098157,-25.845674],[-49.096774,-25.846283],[-49.095273,-25.846659],[-49.094208,-25.846811],[-49.093106,-25.846729],[-49.09256,-25.846627],[-49.090485,-25.84593],[-49.088853,-25.845626],[-49.087719,-25.845693],[-49.084473,-25.846323],[-49.083744,-25.846366],[-49.083051,-25.846173],[-49.081278,-25.845349],[-49.080545,-25.845216],[-49.076676,-25.845191],[-49.074453,-25.8449],[-49.073742,-25.844901],[-49.06982,-25.846074],[-49.069215,-25.846168],[-49.067459,-25.846049],[-49.066863,-25.84612],[-49.06519,-25.84672],[-49.064622,-25.846872],[-49.064004,-25.846894],[-49.063364,-25.846812],[-49.062749,-25.846618],[-49.062198,-25.846289],[-49.061747,-25.845848],[-49.06054,-25.844288],[-49.05911,-25.842831],[-49.058524,-25.842478],[-49.057838,-25.842296],[-49.057117,-25.842323],[-49.056421,-25.842538],[-49.05456,-25.843306],[-49.053921,-25.843516],[-49.053233,-25.843609],[-49.052552,-25.843509],[-49.050678,-25.842811],[-49.049507,-25.842209],[-49.048119,-25.841241],[-49.047596,-25.841046],[-49.047023,-25.84097],[-49.046429,-25.840992],[-49.043232,-25.841571],[-49.042558,-25.84163],[-49.039711,-25.841389],[-49.039042,-25.841546],[-49.038467,-25.841877],[-49.036823,-25.843622],[-49.036274,-25.844604],[-49.036028,-25.84575],[-49.036052,-25.84636],[-49.036417,-25.848219],[-49.036298,-25.848822],[-49.035978,-25.849358],[-49.035481,-25.849789],[-49.03485,-25.850114],[-49.030982,-25.851887],[-49.0293,-25.85311],[-49.028731,-25.853438],[-49.024537,-25.854589],[-49.023803,-25.854556],[-49.023326,-25.854412],[-49.022908,-25.854171],[-49.020542,-25.852007],[-49.019675,-25.851434],[-49.01746,-25.850224],[-49.016055,-25.849698],[-49.014767,-25.8495],[-49.013628,-25.849548],[-49.012517,-25.849796],[-49.007246,-25.851563],[-49.006732,-25.851678],[-49.005699,-25.851721],[-49.003589,-25.851645],[-49.00253,-25.851853],[-49.001567,-25.852343],[-48.997644,-25.855015],[-48.997194,-25.855198],[-48.99647,-25.855325],[-48.995967,-25.855294],[-48.995465,-25.855161],[-48.993179,-25.853935],[-48.992731,-25.853741],[-48.992083,-25.853582],[-48.990838,-25.8536],[-48.985832,-25.854503],[-48.984816,-25.854616],[-48.98429,-25.854604],[-48.983231,-25.854407],[-48.97973,-25.85334],[-48.978709,-25.853122],[-48.976614,-25.852817],[-48.973811,-25.852707],[-48.973061,-25.852604],[-48.971142,-25.852046],[-48.97043,-25.851902],[-48.969718,-25.851865],[-48.969017,-25.851937],[-48.968338,-25.852113],[-48.965179,-25.853615],[-48.961238,-25.854884],[-48.960531,-25.855047],[-48.959835,-25.855027],[-48.957965,-25.854383],[-48.957277,-25.854409],[-48.95492,-25.855086],[-48.953224,-25.855381],[-48.952604,-25.855619],[-48.952146,-25.856073],[-48.951866,-25.856639],[-48.950772,-25.859379],[-48.950778,-25.859901],[-48.950885,-25.860419],[-48.950864,-25.860954],[-48.950725,-25.861488],[-48.950732,-25.862032],[-48.95106,-25.863049],[-48.950941,-25.863551],[-48.950568,-25.863949],[-48.949633,-25.864479],[-48.949319,-25.864833],[-48.949084,-25.86577],[-48.948866,-25.866236],[-48.948459,-25.866606],[-48.947911,-25.86679],[-48.947315,-25.86675],[-48.945651,-25.8659],[-48.945022,-25.865713],[-48.944346,-25.865699],[-48.941662,-25.865962],[-48.940948,-25.865958],[-48.940263,-25.865813],[-48.939649,-25.865524],[-48.936827,-25.863664],[-48.93619,-25.863459],[-48.935521,-25.863482],[-48.934933,-25.863717],[-48.934465,-25.864121],[-48.934185,-25.864667],[-48.933963,-25.86669],[-48.933729,-25.867754],[-48.933705,-25.868375],[-48.933922,-25.868976],[-48.93438,-25.869447],[-48.936744,-25.870653],[-48.9371,-25.871046],[-48.937223,-25.87154],[-48.93708,-25.872039],[-48.936288,-25.872817],[-48.936064,-25.873262],[-48.93609,-25.873756],[-48.936403,-25.874748],[-48.93642,-25.875276],[-48.936314,-25.875835],[-48.934335,-25.879464],[-48.933955,-25.880336],[-48.933876,-25.880984],[-48.933979,-25.881632],[-48.934753,-25.883264],[-48.935066,-25.884574],[-48.935064,-25.885897],[-48.934915,-25.886564],[-48.934584,-25.887446],[-48.932993,-25.891147],[-48.932495,-25.892085],[-48.929436,-25.896482],[-48.928385,-25.897795],[-48.922293,-25.904698],[-48.921382,-25.905986],[-48.920958,-25.90694],[-48.920715,-25.907964],[-48.919423,-25.917286],[-48.919155,-25.918316],[-48.91846,-25.919703],[-48.915526,-25.924077],[-48.913718,-25.926527],[-48.913018,-25.927785],[-48.912542,-25.929186],[-48.911803,-25.932526],[-48.911415,-25.933448],[-48.910656,-25.934757],[-48.910174,-25.936114],[-48.909773,-25.939887],[-48.909519,-25.941251],[-48.909143,-25.942123],[-48.90839,-25.943367],[-48.907737,-25.944716],[-48.907411,-25.945679],[-48.906965,-25.947586],[-48.906634,-25.948518],[-48.905771,-25.949837],[-48.902072,-25.953554],[-48.90143,-25.954358],[-48.901211,-25.954784],[-48.901013,-25.955439],[-48.900956,-25.955895],[-48.900966,-25.95869],[-48.900903,-25.959206],[-48.900695,-25.959705],[-48.90032,-25.960157],[-48.898853,-25.961398],[-48.898477,-25.961935],[-48.897668,-25.964248],[-48.896973,-25.965525],[-48.890975,-25.972639],[-48.890123,-25.973801],[-48.889697,-25.974649],[-48.888044,-25.979084],[-48.887583,-25.979963],[-48.886836,-25.981106]]}},{"type":"Feature","properties":{"rod":"BR376","trecho":"376BPR0490E","km_ini":645.3,"km_fim":682.9,"sentido":"esquerda","de":"ENTR. PR-281 (P/ TIJUCAS DO SUL)","para":"DIVISA PR/SC (ENTR. BR-101)","municipio":"Guaratuba","situacao":"DUP","pista":"Esquerda - sentido decrescente da rodovia","resp":"CONC. FED.","reg":"S.R. Leste","juris":"Federal"},"geometry":{"type":"LineString","coordinates":[[-49.124802,-25.823926],[-49.12413,-25.824222],[-49.117668,-25.829059],[-49.115748,-25.830145],[-49.112762,-25.83167],[-49.111372,-25.832569],[-49.110201,-25.833724],[-49.106779,-25.838732],[-49.105636,-25.839958],[-49.098372,-25.845385],[-49.097021,-25.846062],[-49.095073,-25.846597],[-49.09403,-25.846703],[-49.092971,-25.846629],[-49.092465,-25.846524],[-49.090305,-25.845815],[-49.08907,-25.845575],[-49.088565,-25.845544],[-49.08755,-25.845651],[-49.084236,-25.846322],[-49.083553,-25.846296],[-49.082873,-25.846048],[-49.081498,-25.845379],[-49.081011,-25.845233],[-49.080267,-25.845162],[-49.076762,-25.845153],[-49.074144,-25.844794],[-49.073527,-25.844859],[-49.069682,-25.845989],[-49.068995,-25.846037],[-49.067634,-25.845943],[-49.066947,-25.846022],[-49.064901,-25.84675],[-49.064211,-25.846807],[-49.063542,-25.846734],[-49.062908,-25.846534],[-49.06233,-25.846212],[-49.061833,-25.84578],[-49.060265,-25.843774],[-49.059556,-25.843114],[-49.05858,-25.842351],[-49.058112,-25.842154],[-49.05759,-25.842057],[-49.057042,-25.842072],[-49.056475,-25.842208],[-49.054707,-25.842822],[-49.053504,-25.843112],[-49.052305,-25.843148],[-49.05172,-25.843068],[-49.051151,-25.842931],[-49.050099,-25.842501],[-49.047937,-25.841116],[-49.047236,-25.840938],[-49.044751,-25.841012],[-49.044007,-25.840962],[-49.043025,-25.840721],[-49.040844,-25.839754],[-49.04032,-25.839588],[-49.039225,-25.839449],[-49.038133,-25.839591],[-49.037126,-25.840001],[-49.034863,-25.841793],[-49.034213,-25.842134],[-49.033752,-25.842287],[-49.033037,-25.842393],[-49.032558,-25.842374],[-49.031862,-25.842224],[-49.031225,-25.841934],[-49.030667,-25.841532],[-49.029648,-25.840591],[-49.029238,-25.840331],[-49.028772,-25.840159],[-49.026428,-25.839916],[-49.024397,-25.839483],[-49.023368,-25.839517],[-49.021851,-25.839801],[-49.021336,-25.839837],[-49.019798,-25.839746],[-49.019066,-25.839832],[-49.018628,-25.840022],[-49.018061,-25.840466],[-49.016657,-25.841913],[-49.014855,-25.843252],[-49.014516,-25.843566],[-49.014101,-25.844118],[-49.013169,-25.845988],[-49.012687,-25.846481],[-49.012071,-25.846822],[-49.011612,-25.84696],[-49.010879,-25.846997],[-49.010181,-25.846851],[-49.00885,-25.846328],[-49.008133,-25.84624],[-49.00743,-25.846349],[-49.006118,-25.846842],[-49.005434,-25.846926],[-49.004766,-25.846819],[-49.002978,-25.846012],[-49.002344,-25.845922],[-49.001715,-25.845948],[-49.001107,-25.846074],[-48.999495,-25.846807],[-48.997744,-25.847392],[-48.997194,-25.847762],[-48.995971,-25.849273],[-48.995069,-25.849985],[-48.994193,-25.850802],[-48.992807,-25.852508],[-48.992259,-25.852983],[-48.991821,-25.853183],[-48.991146,-25.853311],[-48.989428,-25.853291],[-48.985726,-25.854266],[-48.985152,-25.85434],[-48.983986,-25.854334],[-48.982836,-25.854147],[-48.980051,-25.853296],[-48.978911,-25.853032],[-48.976562,-25.852687],[-48.973619,-25.852583],[-48.972486,-25.85238],[-48.970885,-25.851883],[-48.970357,-25.851787],[-48.969284,-25.851779],[-48.96876,-25.851864],[-48.967803,-25.852188],[-48.965923,-25.853126],[-48.964771,-25.853603],[-48.960955,-25.854839],[-48.960362,-25.854949],[-48.959757,-25.854913],[-48.959195,-25.854715],[-48.957642,-25.853924],[-48.955901,-25.853714],[-48.955339,-25.853591],[-48.954283,-25.853194],[-48.953723,-25.853141],[-48.952036,-25.853803],[-48.950871,-25.854107],[-48.950394,-25.854407],[-48.950154,-25.85488],[-48.950139,-25.85591],[-48.949726,-25.857306],[-48.949775,-25.85777],[-48.950226,-25.859108],[-48.950217,-25.85957],[-48.950005,-25.85999],[-48.949622,-25.860302],[-48.94912,-25.86045],[-48.947534,-25.860595],[-48.945992,-25.860405],[-48.945502,-25.860543],[-48.945131,-25.86088],[-48.94467,-25.862311],[-48.944288,-25.862704],[-48.94151,-25.864659],[-48.940996,-25.864883],[-48.940423,-25.864896],[-48.939882,-25.864729],[-48.939416,-25.864452],[-48.939066,-25.864079],[-48.939017,-25.86358],[-48.939208,-25.863073],[-48.939887,-25.8621],[-48.940139,-25.861589],[-48.940173,-25.861034],[-48.939749,-25.859457],[-48.939334,-25.859108],[-48.93881,-25.858948],[-48.938274,-25.859073],[-48.937897,-25.859527],[-48.937325,-25.86061],[-48.936898,-25.861072],[-48.935386,-25.862252],[-48.934614,-25.863203],[-48.934327,-25.863731],[-48.933978,-25.864855],[-48.933837,-25.8666],[-48.933419,-25.86823],[-48.933491,-25.868763],[-48.933776,-25.869226],[-48.934229,-25.869542],[-48.936247,-25.870454],[-48.936773,-25.870781],[-48.937106,-25.871273],[-48.9371,-25.871714],[-48.936892,-25.872136],[-48.936139,-25.872867],[-48.935949,-25.873356],[-48.936039,-25.873922],[-48.936252,-25.874525],[-48.936331,-25.87515],[-48.936241,-25.875753],[-48.936004,-25.876303],[-48.934019,-25.879906],[-48.93383,-25.880425],[-48.93378,-25.880967],[-48.93385,-25.881512],[-48.934786,-25.883604],[-48.935046,-25.884669],[-48.935052,-25.885642],[-48.934966,-25.886218],[-48.934645,-25.887203],[-48.933056,-25.890786],[-48.932505,-25.891829],[-48.929085,-25.896825],[-48.922767,-25.904003],[-48.922343,-25.904417],[-48.921456,-25.905053],[-48.920816,-25.905827],[-48.920511,-25.906823],[-48.920001,-25.91027],[-48.919287,-25.912],[-48.919194,-25.912614],[-48.919243,-25.913233],[-48.919561,-25.914491],[-48.919541,-25.915158],[-48.918545,-25.919025],[-48.918079,-25.919856],[-48.915134,-25.923907],[-48.914573,-25.924369],[-48.9135,-25.92496],[-48.912939,-25.925406],[-48.912629,-25.925769],[-48.912398,-25.926187],[-48.91225,-25.926643],[-48.911894,-25.929187],[-48.911527,-25.930163],[-48.910345,-25.932541],[-48.908893,-25.937698],[-48.908412,-25.938612],[-48.907113,-25.940356],[-48.906637,-25.941313],[-48.906512,-25.941832],[-48.90652,-25.942888],[-48.906987,-25.944846],[-48.907115,-25.946025],[-48.906973,-25.947159],[-48.906796,-25.947827],[-48.906441,-25.948698],[-48.90559,-25.949897],[-48.902084,-25.953422],[-48.901415,-25.954214],[-48.901173,-25.954651],[-48.900897,-25.955581],[-48.900868,-25.958736],[-48.900749,-25.959393],[-48.900534,-25.95979],[-48.900213,-25.96014],[-48.898875,-25.961246],[-48.89827,-25.962037],[-48.897878,-25.96297],[-48.897415,-25.964451],[-48.896609,-25.965806],[-48.890725,-25.972756],[-48.890087,-25.973599],[-48.889605,-25.974491],[-48.88783,-25.979222],[-48.887362,-25.980099],[-48.886812,-25.980898],[-48.886836,-25.981106]]}},{"type":"Feature","properties":{"rod":"BR116","trecho":"116APR1015E","km_ini":10.4,"km_fim":17.1,"sentido":"esquerda","de":"AC. CONT NORTE CURITIBA (ANT. KM 81,7)","para":"ENTR BR-476 (CURITIBA NORTE/ATUBA) (ANTIGO KM 88,3)","municipio":"","situacao":"DUP","pista":"Esquerda - sentido decrescente da rodovia","resp":"CONC. FED.","reg":"S.R. Leste","juris":"Federal"},"geometry":{"type":"LineString","coordinates":[[-49.143572,-25.373136],[-49.14624,-25.374042],[-49.175354,-25.386597],[-49.176905,-25.3872],[-49.177979,-25.387512],[-49.179661,-25.38785],[-49.187215,-25.389024],[-49.189371,-25.389243],[-49.190904,-25.38925],[-49.198814,-25.388993],[-49.201642,-25.389065],[-49.203738,-25.388979],[-49.205513,-25.389011],[-49.205878,-25.388761]]}},{"type":"Feature","properties":{"rod":"BR116","trecho":"116APR1010E(b)","km_ini":8.9,"km_fim":10.4,"sentido":"ambos","de":"ENTR. PR-802 (AC. PARQUE NEWTON FREIRE MAIA)","para":"AC. CONT NORTE CURITIBA (ANT. KM 81,7)","municipio":"","situacao":"DUP","pista":"Simples","resp":"CONC. FED.","reg":"S.R. Leste","juris":"Federal"},"geometry":{"type":"LineString","coordinates":[[-49.128808,-25.371236],[-49.141012,-25.372742],[-49.143572,-25.373136]]}},{"type":"Feature","properties":{"rod":"BR116","trecho":"116APR1010D(b)","km_ini":8.9,"km_fim":10.4,"sentido":"ambos","de":"ENTR. PR-802 (AC. PARQUE NEWTON FREIRE MAIA)","para":"AC. CONT NORTE CURITIBA (ANT. KM 81,7)","municipio":"","situacao":"DUP","pista":"Simples","resp":"CONC. FED.","reg":"S.R. Leste","juris":"Federal"},"geometry":{"type":"LineString","coordinates":[[-49.128808,-25.371236],[-49.129006,-25.371198],[-49.141065,-25.372687],[-49.142958,-25.372974],[-49.143572,-25.373136]]}},{"type":"Feature","properties":{"rod":"BR116","trecho":"116APR1015D","km_ini":10.4,"km_fim":17.1,"sentido":"direita","de":"AC. CONT NORTE CURITIBA (ANT. KM 81,7)","para":"ENTR BR-476 (CURITIBA NORTE/ATUBA) (ANTIGO KM 88,3)","municipio":"Colombo","situacao":"DUP","pista":"Direita - sentido crescente da rodovia","resp":"CONC. FED.","reg":"S.R. Leste","juris":"Federal"},"geometry":{"type":"LineString","coordinates":[[-49.143572,-25.373136],[-49.144823,-25.373453],[-49.146021,-25.373895],[-49.175564,-25.38661],[-49.176562,-25.387004],[-49.178142,-25.387471],[-49.186454,-25.388846],[-49.188975,-25.389147],[-49.190871,-25.389172],[-49.204136,-25.38873],[-49.205878,-25.388761]]}},{"type":"Feature","properties":{"rod":"BR116","trecho":"116BPR2740E(b)","km_ini":66.55,"km_fim":71.1,"sentido":"esquerda","de":"AC. MUN. CAMPINA GRANDE DO SUL","para":"INÍCIO CONT. LESTE CURITIBA (Q.  BARRAS)","municipio":"Quatro Barras","situacao":"DUP","pista":"Esquerda - sentido decrescente da rodovia","resp":"CONC. FED.","reg":"S.R. Leste","juris":"Federal"},"geometry":{"type":"LineString","coordinates":[[-49.016575,-25.312633],[-49.016549,-25.312762],[-49.017193,-25.313823],[-49.018421,-25.316875],[-49.018716,-25.317478],[-49.019104,-25.318038],[-49.019808,-25.318688],[-49.021982,-25.319965],[-49.022746,-25.320603],[-49.026589,-25.325455],[-49.036263,-25.336911],[-49.043194,-25.344137],[-49.043704,-25.344865],[-49.044231,-25.346081]]}},{"type":"Feature","properties":{"rod":"BR376","trecho":"376BPR0480E","km_ini":615.2,"km_fim":645.3,"sentido":"esquerda","de":"ENTR. BR-116 (B) (CONT. LESTE)","para":"ENTR. PR-281 (P/ TIJUCAS DO SUL)","municipio":"Tijucas do Sul","situacao":"DUP","pista":"Esquerda - sentido decrescente da rodovia","resp":"CONC. FED.","reg":"S.R. Leste","juris":"Federal"},"geometry":{"type":"LineString","coordinates":[[-49.181814,-25.569022],[-49.181725,-25.569109],[-49.180838,-25.571598],[-49.176824,-25.583256],[-49.176455,-25.583805],[-49.175967,-25.584276],[-49.173337,-25.586426],[-49.172938,-25.586897],[-49.172325,-25.587867],[-49.171596,-25.58925],[-49.17145,-25.590211],[-49.171524,-25.590719],[-49.173687,-25.596373],[-49.173827,-25.597486],[-49.172774,-25.604507],[-49.171434,-25.611869],[-49.170914,-25.613257],[-49.16103,-25.636171],[-49.155638,-25.658256],[-49.14825,-25.682289],[-49.14498,-25.692174],[-49.144729,-25.693618],[-49.144715,-25.696238],[-49.144547,-25.69716],[-49.142764,-25.701216],[-49.137667,-25.718361],[-49.130628,-25.737917],[-49.130348,-25.739262],[-49.12996,-25.743565],[-49.129738,-25.747136],[-49.129602,-25.747855],[-49.12932,-25.748696],[-49.129041,-25.749249],[-49.128457,-25.750117],[-49.127244,-25.751575],[-49.126623,-25.752918],[-49.125579,-25.757846],[-49.125087,-25.761328],[-49.124644,-25.763168],[-49.123979,-25.76664],[-49.120729,-25.774974],[-49.120458,-25.775937],[-49.120253,-25.77739],[-49.120246,-25.778325],[-49.120339,-25.779249],[-49.120889,-25.78278],[-49.121349,-25.784278],[-49.121754,-25.785162],[-49.122458,-25.786325],[-49.12637,-25.79162],[-49.133805,-25.801348],[-49.134287,-25.802203],[-49.13468,-25.803128],[-49.135025,-25.804641],[-49.135012,-25.806217],[-49.134811,-25.807236],[-49.134456,-25.808215],[-49.128355,-25.820298],[-49.127612,-25.821387],[-49.126609,-25.822298],[-49.124711,-25.823785],[-49.124803,-25.823925]]}},{"type":"Feature","properties":{"rod":"BR376","trecho":"376BPR0480D","km_ini":615.2,"km_fim":645.3,"sentido":"direita","de":"ENTR. BR-116 (B) (CONT. LESTE)","para":"ENTR. PR-281 (P/ TIJUCAS DO SUL)","municipio":"Tijucas do Sul","situacao":"DUP","pista":"Direita - sentido crescente da rodovia","resp":"CONC. FED.","reg":"S.R. Leste","juris":"Federal"},"geometry":{"type":"LineString","coordinates":[[-49.181814,-25.569022],[-49.177623,-25.581447],[-49.176893,-25.583416],[-49.176593,-25.583854],[-49.17621,-25.584241],[-49.173319,-25.586682],[-49.172152,-25.588345],[-49.171621,-25.589342],[-49.171508,-25.589918],[-49.171535,-25.590511],[-49.171696,-25.591087],[-49.173648,-25.595994],[-49.173841,-25.596558],[-49.17393,-25.59714],[-49.173901,-25.597745],[-49.172766,-25.6051],[-49.171481,-25.611914],[-49.170612,-25.614309],[-49.161149,-25.636182],[-49.155849,-25.658164],[-49.148435,-25.682086],[-49.145058,-25.692303],[-49.144843,-25.693721],[-49.144836,-25.695757],[-49.144654,-25.697074],[-49.144446,-25.697721],[-49.143213,-25.700469],[-49.142529,-25.702383],[-49.137311,-25.719821],[-49.130731,-25.738205],[-49.130519,-25.739443],[-49.129919,-25.746871],[-49.129759,-25.747882],[-49.129468,-25.748749],[-49.129094,-25.749466],[-49.128573,-25.750202],[-49.127338,-25.751624],[-49.126916,-25.752439],[-49.126694,-25.753088],[-49.125702,-25.758023],[-49.125296,-25.761152],[-49.124772,-25.763423],[-49.124229,-25.76638],[-49.123586,-25.768217],[-49.121038,-25.774559],[-49.120636,-25.77588],[-49.120379,-25.777633],[-49.120476,-25.779225],[-49.121012,-25.782695],[-49.12147,-25.784206],[-49.121924,-25.785185],[-49.122477,-25.786116],[-49.124985,-25.789505],[-49.133901,-25.801217],[-49.134543,-25.802335],[-49.134791,-25.802936],[-49.134987,-25.803571],[-49.135183,-25.804688],[-49.135218,-25.805616],[-49.135127,-25.80653],[-49.134911,-25.807457],[-49.134575,-25.808345],[-49.128566,-25.820261],[-49.12806,-25.821087],[-49.127436,-25.821796],[-49.124803,-25.823925]]}},{"type":"Feature","properties":{"rod":"BR116","trecho":"116BPR2740D(b)","km_ini":66.55,"km_fim":71.1,"sentido":"direita","de":"AC. MUN. CAMPINA GRANDE DO SUL","para":"INÍCIO CONT. LESTE CURITIBA (Q.  BARRAS)","municipio":"Quatro Barras","situacao":"DUP","pista":"Direita - sentido crescente da rodovia","resp":"CONC. FED.","reg":"S.R. Leste","juris":"Federal"},"geometry":{"type":"LineString","coordinates":[[-49.016575,-25.312633],[-49.01733,-25.313895],[-49.018585,-25.316918],[-49.019218,-25.317962],[-49.020023,-25.318679],[-49.022144,-25.319913],[-49.02293,-25.320609],[-49.02595,-25.324461],[-49.035792,-25.336176],[-49.037862,-25.338487],[-49.043209,-25.343901],[-49.044025,-25.345209],[-49.044264,-25.345905],[-49.044231,-25.346081]]}},{"type":"Feature","properties":{"rod":"BR277","trecho":"277BPR0055D","km_ini":107.3,"km_fim":122.2,"sentido":"direita","de":"ENTR. BR-376 (A) (CONT. SUL CTBA.)","para":"AC. CAMPO LARGO","municipio":"Curitiba","situacao":"DUP","pista":"Direita - sentido crescente da rodovia","resp":"DNIT","reg":"S.R. Leste","juris":"Federal"},"geometry":{"type":"LineString","coordinates":[[-49.366,-25.432017],[-49.366153,-25.431935],[-49.372012,-25.432594],[-49.373169,-25.432546],[-49.374245,-25.432338],[-49.375881,-25.431673],[-49.376898,-25.430989],[-49.377756,-25.430151],[-49.379712,-25.427963],[-49.380181,-25.427571],[-49.380725,-25.427255],[-49.38133,-25.427029],[-49.381974,-25.426893],[-49.382641,-25.426855],[-49.384681,-25.426975],[-49.39241,-25.42843],[-49.39311,-25.42862],[-49.394444,-25.429126],[-49.400529,-25.431906],[-49.401741,-25.432348],[-49.404135,-25.432902],[-49.412788,-25.434502],[-49.413493,-25.434553],[-49.414194,-25.434489],[-49.414881,-25.434305],[-49.416169,-25.433676],[-49.419843,-25.431618],[-49.421,-25.431077],[-49.422214,-25.430767],[-49.423536,-25.430691],[-49.424229,-25.430761],[-49.429707,-25.43185],[-49.435911,-25.433209],[-49.437724,-25.433842],[-49.443861,-25.436457],[-49.444974,-25.437143],[-49.445896,-25.438036],[-49.446582,-25.439084],[-49.447425,-25.440761],[-49.447763,-25.441303],[-49.448202,-25.441783],[-49.448735,-25.442184],[-49.449339,-25.442492],[-49.449993,-25.442683],[-49.451335,-25.442809],[-49.464902,-25.443448],[-49.465612,-25.443565],[-49.466927,-25.443958],[-49.467543,-25.444244],[-49.469293,-25.445271],[-49.470565,-25.445818],[-49.472597,-25.44642],[-49.47397,-25.446722],[-49.475318,-25.446943],[-49.476624,-25.447057],[-49.47928,-25.447009],[-49.490653,-25.44629],[-49.492471,-25.446041],[-49.499105,-25.44483],[-49.499278,-25.44505]]}},{"type":"Feature","properties":{"rod":"BR116","trecho":"116APR1010D(a)","km_ini":4.0,"km_fim":8.9,"sentido":"ambos","de":"ENTR. PR-506 (Q. BARRAS) (ANT. KM 75,7)","para":"ENTR. PR-802 (AC. PARQUE NEWTON FREIRE MAIA)","municipio":"","situacao":"DUP","pista":"Simples","resp":"CONC. FED.","reg":"S.R. Leste","juris":"Federal"},"geometry":{"type":"LineString","coordinates":[[-49.081708,-25.362558],[-49.081787,-25.362507],[-49.085379,-25.364075],[-49.087801,-25.364707],[-49.112328,-25.369073],[-49.12624,-25.370809],[-49.128799,-25.37117],[-49.128808,-25.371236]]}},{"type":"Feature","properties":{"rod":"PR281","trecho":"281S0035EPR","km_ini":33.01,"km_fim":33.82,"sentido":"ambos","de":"AGUDOS DO SUL","para":"ENTR. PR-419","municipio":"","situacao":"PAV","pista":"Simples","resp":"DER SR1","reg":"S.R. Leste","juris":"Estadual"},"geometry":{"type":"LineString","coordinates":[[-49.332471,-25.989386],[-49.333448,-25.990021],[-49.334929,-25.987835],[-49.336694,-25.984913],[-49.337031,-25.984781]]}},{"type":"Feature","properties":{"rod":"PR417","trecho":"417D0025EPR","km_ini":9.51,"km_fim":10.36,"sentido":"ambos","de":"COLOMBO","para":"FINAL DUPLICAÇÃO (COLOMBO)","municipio":"Colombo","situacao":"DUP","pista":"Simples","resp":"DER SR1","reg":"S.R. Leste","juris":"Estadual"},"geometry":{"type":"LineString","coordinates":[[-49.223517,-25.293564],[-49.222942,-25.292406],[-49.222072,-25.29159],[-49.217175,-25.288856]]}},{"type":"Feature","properties":{"rod":"PR417","trecho":"417S0030EPR","km_ini":10.36,"km_fim":22.51,"sentido":"ambos","de":"FINAL DA PISTA DUPLA (COLOMBO)","para":"BACAETAVA","municipio":"Colombo","situacao":"PAV","pista":"Simples","resp":"DER SR1","reg":"S.R. Leste","juris":"Estadual"},"geometry":{"type":"LineString","coordinates":[[-49.217175,-25.288856],[-49.216703,-25.288558],[-49.216271,-25.28805],[-49.216044,-25.287531],[-49.215977,-25.286975],[-49.215479,-25.285579],[-49.215401,-25.285095],[-49.215504,-25.284603],[-49.215873,-25.283659],[-49.2161,-25.283255],[-49.216787,-25.282373],[-49.216996,-25.281858],[-49.216645,-25.280797],[-49.216837,-25.278676],[-49.217818,-25.276029],[-49.217877,-25.275527],[-49.217626,-25.274601],[-49.216638,-25.271927],[-49.216503,-25.271384],[-49.216516,-25.269668],[-49.216349,-25.269104],[-49.214674,-25.266583],[-49.214581,-25.266109],[-49.214665,-25.265535],[-49.214624,-25.264949],[-49.214362,-25.264525],[-49.212627,-25.262971],[-49.212241,-25.262523],[-49.211915,-25.262041],[-49.211288,-25.260483],[-49.210926,-25.260166],[-49.207708,-25.259215],[-49.207197,-25.258939],[-49.206732,-25.258554],[-49.204339,-25.255603],[-49.201819,-25.253215],[-49.200972,-25.252654],[-49.196747,-25.250271],[-49.196245,-25.250131],[-49.195625,-25.250098],[-49.195097,-25.250201],[-49.193472,-25.250594],[-49.191322,-25.251409],[-49.185715,-25.252727],[-49.185107,-25.252758],[-49.184539,-25.252622],[-49.184038,-25.252357],[-49.183124,-25.251606],[-49.182595,-25.251373],[-49.182015,-25.251283],[-49.179422,-25.251722],[-49.178791,-25.251771],[-49.178249,-25.251587],[-49.177821,-25.251266],[-49.177475,-25.250847],[-49.177187,-25.250396],[-49.177102,-25.249951],[-49.177532,-25.248406],[-49.177482,-25.246626],[-49.177723,-25.24606],[-49.178588,-25.245217],[-49.17884,-25.244744],[-49.178252,-25.241168],[-49.17831,-25.240593],[-49.178516,-25.240092],[-49.178797,-25.239641],[-49.179156,-25.239272],[-49.180131,-25.238857],[-49.180675,-25.238735],[-49.181228,-25.238755],[-49.182304,-25.239052],[-49.183961,-25.238906],[-49.185038,-25.238936],[-49.185575,-25.238829],[-49.18806,-25.237717],[-49.190134,-25.237167],[-49.190565,-25.236988],[-49.190961,-25.235599],[-49.19136,-25.235299],[-49.193082,-25.234944],[-49.194156,-25.235037],[-49.195308,-25.234931],[-49.19975,-25.234002],[-49.202294,-25.232945],[-49.203116,-25.232144],[-49.203593,-25.231901],[-49.207442,-25.231537],[-49.208606,-25.23156],[-49.209177,-25.231644],[-49.209533,-25.231603]]}},{"type":"Feature","properties":{"rod":"PR417","trecho":"417S0020EPR","km_ini":3.89,"km_fim":9.51,"sentido":"ambos","de":"ENTR. PR-418 (P/ ALM. TAMANDARÉ)","para":"COLOMBO","municipio":"Colombo","situacao":"PAV","pista":"Simples","resp":"DER SR1","reg":"S.R. Leste","juris":"Estadual"},"geometry":{"type":"LineString","coordinates":[[-49.218914,-25.342747],[-49.219124,-25.341776],[-49.219357,-25.341297],[-49.220782,-25.339616],[-49.221112,-25.338776],[-49.221152,-25.338265],[-49.220827,-25.332027],[-49.221141,-25.326906],[-49.22096,-25.325775],[-49.219906,-25.322026],[-49.219713,-25.319561],[-49.219759,-25.318925],[-49.219908,-25.318316],[-49.220523,-25.316939],[-49.220796,-25.315944],[-49.221012,-25.311578],[-49.22119,-25.3104],[-49.223027,-25.305541],[-49.223256,-25.304637],[-49.223221,-25.303551],[-49.22279,-25.300909],[-49.222776,-25.300403],[-49.222938,-25.299438],[-49.223608,-25.298027],[-49.223967,-25.297021],[-49.223989,-25.296548],[-49.22382,-25.29452],[-49.223712,-25.294003],[-49.223517,-25.293564]]}},{"type":"Feature","properties":{"rod":"RM506","trecho":"506M0020MUN","km_ini":20.46,"km_fim":21.78,"sentido":"ambos","de":"QUATRO BARRAS (A)","para":"ENTR. BR-116 (QUATRO BARRAS) (B)","municipio":"Quatro Barras","situacao":"PLA","pista":"Simples","resp":"Município","reg":"S.R. Leste","juris":"Muncipal"},"geometry":{"type":"LineString","coordinates":[[-49.075764,-25.371175],[-49.07548,-25.370222],[-49.075318,-25.368743],[-49.07771,-25.368501],[-49.078247,-25.368263],[-49.078742,-25.36794],[-49.079671,-25.36721],[-49.079829,-25.366679],[-49.079867,-25.366123],[-49.080051,-25.365607],[-49.080775,-25.364303],[-49.081099,-25.363332],[-49.081493,-25.362991],[-49.081708,-25.362558]]}},{"type":"Feature","properties":{"rod":"PR423","trecho":"423S0060EPR","km_ini":35.67,"km_fim":37.33,"sentido":"ambos","de":"ENTR. BR-277(PISTA ESQ.) PR-510(PLAN.)","para":"ENTR. BR-277 (PISTA DIREITA)","municipio":"Campo Largo","situacao":"PAV","pista":"Simples","resp":"DER SR1","reg":"S.R. Leste","juris":"Estadual"},"geometry":{"type":"LineString","coordinates":[[-49.575983,-25.461206],[-49.5762,-25.459415],[-49.575895,-25.45777],[-49.576336,-25.456774],[-49.576423,-25.45633],[-49.576127,-25.454885],[-49.575994,-25.451996],[-49.57634,-25.450085],[-49.576388,-25.448304],[-49.576653,-25.447329],[-49.57661,-25.447075],[-49.576414,-25.446901],[-49.57605,-25.446744]]}},{"type":"Feature","properties":{"rod":"BR277","trecho":"277BPR0055E","km_ini":107.3,"km_fim":122.2,"sentido":"esquerda","de":"ENTR. BR-376 (A) (CONT. SUL CTBA.)","para":"AC. CAMPO LARGO","municipio":"Campo Largo","situacao":"DUP","pista":"Esquerda - sentido decrescente da rodovia","resp":"DNIT","reg":"S.R. Leste","juris":"Federal"},"geometry":{"type":"LineString","coordinates":[[-49.366,-25.432017],[-49.366168,-25.43211],[-49.372102,-25.432806],[-49.373309,-25.432769],[-49.374669,-25.432484],[-49.375801,-25.432027],[-49.377067,-25.43117],[-49.379818,-25.428296],[-49.380561,-25.427639],[-49.38147,-25.4272],[-49.382488,-25.427059],[-49.384547,-25.42713],[-49.39215,-25.4286],[-49.393262,-25.428918],[-49.39434,-25.429331],[-49.400429,-25.432091],[-49.401889,-25.432606],[-49.406084,-25.43345],[-49.41308,-25.434692],[-49.414095,-25.434692],[-49.415093,-25.434427],[-49.416033,-25.433978],[-49.4202,-25.43169],[-49.421108,-25.431288],[-49.422578,-25.430958],[-49.423613,-25.430926],[-49.425163,-25.431167],[-49.43579,-25.433405],[-49.437268,-25.43388],[-49.443429,-25.436467],[-49.444793,-25.43725],[-49.445886,-25.43832],[-49.446422,-25.439178],[-49.447353,-25.441027],[-49.447951,-25.441874],[-49.44878,-25.442492],[-49.449757,-25.442847],[-49.451329,-25.442994],[-49.464078,-25.443643],[-49.465722,-25.443823],[-49.467241,-25.444365],[-49.469033,-25.445472],[-49.470008,-25.445908],[-49.47411,-25.447117],[-49.47564,-25.447403],[-49.476668,-25.447396],[-49.490658,-25.44651],[-49.491894,-25.446353],[-49.498946,-25.445059],[-49.499278,-25.44505]]}},{"type":"Feature","properties":{"rod":"BR277","trecho":"277VPR1020","km_ini":16.4,"km_fim":18.4,"sentido":"ambos","de":"ENTR. ROD. MUNIC. (P/ PR-510 - P/ BATEIAS)","para":"ACESSO CAMPO LARGO","municipio":"","situacao":"PAV","pista":"Simples","resp":"DNIT","reg":"S.R. Leste","juris":"Federal"},"geometry":{"type":"LineString","coordinates":[[-49.52205,-25.450511],[-49.501172,-25.445185],[-49.500483,-25.445059],[-49.499278,-25.44505]]}},{"type":"Feature","properties":{"rod":"BR277","trecho":"277BPR0058D","km_ini":122.2,"km_fim":124.3,"sentido":"direita","de":"ENTR. BR-277 (INÍCIO CONTORNO C. LARGO)","para":"ENTR. PR-510 (P/ BATEIAS)","municipio":"Campo Largo","situacao":"DUP","pista":"Direita - sentido crescente da rodovia","resp":"DNIT","reg":"S.R. Leste","juris":"Federal"},"geometry":{"type":"LineString","coordinates":[[-49.499278,-25.44505],[-49.499659,-25.444728],[-49.502792,-25.444173],[-49.504582,-25.443766],[-49.506369,-25.443164],[-49.507527,-25.442627],[-49.508663,-25.441991],[-49.510211,-25.440891],[-49.511154,-25.440054],[-49.513373,-25.437689],[-49.51489,-25.436526],[-49.515941,-25.435951],[-49.517049,-25.435505],[-49.518833,-25.435053],[-49.51925,-25.435097]]}},{"type":"Feature","properties":{"rod":"BR277","trecho":"277BPR0058E","km_ini":122.2,"km_fim":124.3,"sentido":"esquerda","de":"ENTR. BR-277 (INÍCIO CONTORNO C. LARGO)","para":"ENTR. PR-510 (P/ BATEIAS)","municipio":"Campo Largo","situacao":"DUP","pista":"Esquerda - sentido decrescente da rodovia","resp":"DNIT","reg":"S.R. Leste","juris":"Federal"},"geometry":{"type":"LineString","coordinates":[[-49.499278,-25.44505],[-49.4994,-25.444977],[-49.504444,-25.444008],[-49.505919,-25.443539],[-49.507391,-25.4429],[-49.508833,-25.442085],[-49.510372,-25.440954],[-49.511522,-25.439881],[-49.51333,-25.437916],[-49.514678,-25.436836],[-49.515699,-25.436243],[-49.516738,-25.435773],[-49.518103,-25.435361],[-49.519237,-25.435171],[-49.51925,-25.435097]]}},{"type":"Feature","properties":{"rod":"BR376","trecho":"376BPR0455D","km_ini":587.8,"km_fim":598.5,"sentido":"direita","de":"ACESSO OESTE CURITIBA","para":"ENTR PR-421  (AV. DAS ARAUCÁRIAS)","municipio":"Curitiba","situacao":"DUP","pista":"Direita - sentido crescente da rodovia","resp":"DNIT","reg":"S.R. Leste","juris":"Federal"},"geometry":{"type":"LineString","coordinates":[[-49.366,-25.432017],[-49.363756,-25.447469],[-49.363324,-25.449478],[-49.362731,-25.451364],[-49.356955,-25.465302],[-49.355551,-25.468165],[-49.352941,-25.472808],[-49.351729,-25.475145],[-49.34408,-25.492775],[-49.343535,-25.494232],[-49.34311,-25.495681],[-49.341084,-25.505023],[-49.340282,-25.507743],[-49.339556,-25.509554],[-49.334448,-25.520691],[-49.333499,-25.522186],[-49.333119,-25.522666],[-49.332796,-25.522939]]}},{"type":"Feature","properties":{"rod":"BR376","trecho":"376BPR0460E","km_ini":601.5,"km_fim":602.4,"sentido":"esquerda","de":"ENTR BR-476(A) (P/ARAUCÁRIA)","para":"ENTR BR-116(A)/476(B) (CURITIBA SUL/PINHEIRINHO)","municipio":"Curitiba","situacao":"DUP","pista":"Esquerda - sentido decrescente da rodovia","resp":"DNIT","reg":"S.R. Leste","juris":"Federal"},"geometry":{"type":"LineString","coordinates":[[-49.311239,-25.540544],[-49.310858,-25.540786],[-49.310126,-25.541526],[-49.309361,-25.542164],[-49.307722,-25.543106],[-49.306301,-25.543614],[-49.303494,-25.544202],[-49.303306,-25.544422]]}},{"type":"Feature","properties":{"rod":"BR376","trecho":"376BPR0455E","km_ini":587.8,"km_fim":598.5,"sentido":"esquerda","de":"ACESSO OESTE CURITIBA","para":"ENTR PR-421  (AV. DAS ARAUCÁRIAS)","municipio":"Curitiba","situacao":"DUP","pista":"Esquerda - sentido decrescente da rodovia","resp":"DNIT","reg":"S.R. Leste","juris":"Federal"},"geometry":{"type":"LineString","coordinates":[[-49.366,-25.432017],[-49.365708,-25.432236],[-49.363503,-25.447854],[-49.363108,-25.449589],[-49.362502,-25.451459],[-49.356695,-25.465522],[-49.355585,-25.467809],[-49.352406,-25.473513],[-49.351499,-25.475306],[-49.344017,-25.492558],[-49.343399,-25.49419],[-49.342938,-25.495747],[-49.340841,-25.505421],[-49.340083,-25.507895],[-49.33926,-25.509879],[-49.334545,-25.520178],[-49.334031,-25.521158],[-49.332796,-25.522939]]}},{"type":"Feature","properties":{"rod":"BR376","trecho":"376BPR0460D","km_ini":601.5,"km_fim":602.4,"sentido":"direita","de":"ENTR BR-476(A) (P/ARAUCÁRIA)","para":"ENTR BR-116(A)/476(B) (CURITIBA SUL/PINHEIRINHO)","municipio":"Curitiba","situacao":"DUP","pista":"Direita - sentido crescente da rodovia","resp":"DNIT","reg":"S.R. Leste","juris":"Federal"},"geometry":{"type":"LineString","coordinates":[[-49.311239,-25.540544],[-49.310646,-25.541235],[-49.309806,-25.542038],[-49.308292,-25.543034],[-49.306496,-25.543727],[-49.303306,-25.544422]]}},{"type":"Feature","properties":{"rod":"BR476","trecho":"476BPR0150","km_ini":344.1,"km_fim":358.9,"sentido":"ambos","de":"ENTR. PR-831 (P/ PAULA FREITAS)","para":"ENTR. BR-153 (B)","municipio":"Paula Freitas","situacao":"PAV","pista":"Simples","resp":"DNIT","reg":"Médio Iguaçu","juris":"Federal"},"geometry":{"type":"LineString","coordinates":[[-50.925986,-26.181644],[-50.928776,-26.180135],[-50.930148,-26.179683],[-50.931717,-26.179483],[-50.933372,-26.179635],[-50.934964,-26.180049],[-50.935801,-26.180529],[-50.938714,-26.183675],[-50.939252,-26.184006],[-50.939783,-26.184199],[-50.940835,-26.184293],[-50.942007,-26.18406],[-50.946939,-26.182792],[-50.948072,-26.182379],[-50.948563,-26.182036],[-50.950385,-26.180158],[-50.950796,-26.17986],[-50.951308,-26.179616],[-50.951883,-26.179456],[-50.952548,-26.17939],[-50.955007,-26.179384],[-50.956255,-26.179504],[-50.957453,-26.179844],[-50.958556,-26.18039],[-50.960829,-26.181812],[-50.961484,-26.182111],[-50.961961,-26.182235],[-50.962717,-26.18227],[-50.964299,-26.182049],[-50.965447,-26.18198],[-50.966588,-26.182102],[-50.967153,-26.182232],[-50.968253,-26.182645],[-50.968777,-26.182932],[-50.969746,-26.183651],[-50.971399,-26.185469],[-50.97602,-26.18979],[-50.979928,-26.194592],[-50.98081,-26.195481],[-50.981316,-26.195867],[-50.982421,-26.196493],[-50.982995,-26.196733],[-50.984176,-26.197048],[-50.985299,-26.197172],[-50.99942,-26.198112],[-51.001884,-26.198183],[-51.007448,-26.197493],[-51.018298,-26.196003],[-51.020295,-26.195938],[-51.029356,-26.196573],[-51.050158,-26.197849],[-51.051443,-26.197984],[-51.052502,-26.198196],[-51.05353,-26.198549],[-51.058394,-26.200799],[-51.059314,-26.201078],[-51.060294,-26.2011]]}},{"type":"Feature","properties":{"rod":"BR277","trecho":"277BPR0060E","km_ini":124.3,"km_fim":130.2,"sentido":"esquerda","de":"ENTR. PR-510 (P/ BATEIAS)","para":"ENTR. PR-423 (I)","municipio":"Campo Largo","situacao":"DUP","pista":"Esquerda - sentido decrescente da rodovia","resp":"DNIT","reg":"S.R. Leste","juris":"Federal"},"geometry":{"type":"LineString","coordinates":[[-49.51925,-25.435097],[-49.538359,-25.43531],[-49.540055,-25.435399],[-49.54174,-25.435665],[-49.543655,-25.436193],[-49.560962,-25.442056],[-49.562557,-25.442839],[-49.565677,-25.444987],[-49.566565,-25.445429],[-49.567508,-25.445793],[-49.568461,-25.446045],[-49.56943,-25.446206],[-49.573463,-25.446638],[-49.574315,-25.446922],[-49.57512,-25.447451],[-49.57605,-25.446744]]}},{"type":"Feature","properties":{"rod":"BR277","trecho":"277APR4505","km_ini":0.0,"km_fim":1.6,"sentido":"ambos","de":"ENTR. PR-423 (I)","para":"ENTR. PR-423 (II) (P/ ITAQUI)","municipio":"Balsa Nova","situacao":"PAV","pista":"Simples","resp":"DNIT","reg":"S.R. Leste","juris":"Federal"},"geometry":{"type":"LineString","coordinates":[[-49.575983,-25.461206],[-49.579278,-25.461485],[-49.578263,-25.460922],[-49.577261,-25.460024],[-49.576635,-25.459118],[-49.576246,-25.458146],[-49.576075,-25.456872],[-49.575793,-25.45228],[-49.575807,-25.451695],[-49.576106,-25.450142],[-49.576141,-25.449493],[-49.575995,-25.448661],[-49.575563,-25.447937],[-49.57605,-25.446744]]}},{"type":"Feature","properties":{"rod":"BR277","trecho":"277VPR1010","km_ini":8.7,"km_fim":10.7,"sentido":"ambos","de":"ACESSO II FAB. CIMENTO ITAMBÉ","para":"ENTR. PR-423 (II) (P/ ITAQUI)","municipio":"","situacao":"PAV","pista":"Simples","resp":"DNIT","reg":"S.R. Leste","juris":"Federal"},"geometry":{"type":"LineString","coordinates":[[-49.594547,-25.467567],[-49.593955,-25.467203],[-49.589468,-25.463926],[-49.588357,-25.463278],[-49.587738,-25.463034],[-49.586366,-25.46272],[-49.575983,-25.461206]]}},{"type":"Feature","properties":{"rod":"PRC476","trecho":"476S0153PRC","km_ini":358.9,"km_fim":361.05,"sentido":"ambos","de":"ENTR. BR-153 (B)","para":"ENTR. PR-835 (AC. PONTE DOMICIO SCARAMELLA)","municipio":"União da Vitória","situacao":"PAV","pista":"Simples","resp":"DER SR1","reg":"Médio Iguaçu","juris":"Estadual"},"geometry":{"type":"LineString","coordinates":[[-51.060294,-26.2011],[-51.060377,-26.201619],[-51.060516,-26.201828],[-51.060869,-26.202066],[-51.062079,-26.202577],[-51.06331,-26.20325],[-51.068213,-26.206175],[-51.069289,-26.207036],[-51.07015,-26.208048],[-51.071635,-26.210263],[-51.071921,-26.210853],[-51.072533,-26.212716],[-51.07288,-26.213257],[-51.073343,-26.213665],[-51.074772,-26.214336]]}},{"type":"Feature","properties":{"rod":"BR277","trecho":"277BPR0060D","km_ini":124.3,"km_fim":130.2,"sentido":"direita","de":"ENTR. PR-510 (P/ BATEIAS)","para":"ENTR. PR-423 (I)","municipio":"Campo Largo","situacao":"DUP","pista":"Direita - sentido crescente da rodovia","resp":"DNIT","reg":"S.R. Leste","juris":"Federal"},"geometry":{"type":"LineString","coordinates":[[-49.51925,-25.435097],[-49.519444,-25.434964],[-49.520712,-25.434895],[-49.53853,-25.435167],[-49.540693,-25.435316],[-49.54212,-25.435576],[-49.544201,-25.436184],[-49.561323,-25.442033],[-49.563054,-25.442941],[-49.565061,-25.444339],[-49.566043,-25.444936],[-49.567871,-25.44569],[-49.569254,-25.446026],[-49.569961,-25.446122],[-49.57605,-25.446744]]}},{"type":"Feature","properties":{"rod":"BR116","trecho":"116BPR2790D","km_ini":119.2,"km_fim":128.1,"sentido":"ambos","de":"ENTR. BR-376(B)/476 (CURITIBA SUL / PINHEIRINHO)","para":"ENTR. PR-423(PLAN.) (CABECEIRA NORTE PONTE R. IGUAÇU)","municipio":"","situacao":"DUP","pista":"Simples","resp":"CONC. FED.","reg":"S.R. Leste","juris":"Federal"},"geometry":{"type":"LineString","coordinates":[[-49.303306,-25.544422],[-49.303466,-25.544559],[-49.303744,-25.545639],[-49.306621,-25.558313],[-49.307084,-25.559415],[-49.307809,-25.560716],[-49.308356,-25.562259],[-49.30862,-25.563261],[-49.30914,-25.564728],[-49.30942,-25.566139],[-49.31105,-25.571256],[-49.311765,-25.574215],[-49.312298,-25.575432],[-49.312413,-25.576202],[-49.312443,-25.577329],[-49.312707,-25.578691],[-49.318955,-25.607148],[-49.319573,-25.608958],[-49.319615,-25.609893],[-49.319486,-25.61052],[-49.318716,-25.612367],[-49.315911,-25.622472]]}},{"type":"Feature","properties":{"rod":"BR116","trecho":"116BPR2790E","km_ini":119.2,"km_fim":128.1,"sentido":"ambos","de":"ENTR. BR-376(B)/476 (CURITIBA SUL / PINHEIRINHO)","para":"ENTR. PR-423(PLAN.) (CABECEIRA NORTE PONTE R. IGUAÇU)","municipio":"","situacao":"DUP","pista":"Simples","resp":"CONC. FED.","reg":"S.R. Leste","juris":"Federal"},"geometry":{"type":"LineString","coordinates":[[-49.303306,-25.544422],[-49.303255,-25.544616],[-49.306444,-25.558181],[-49.306771,-25.559067],[-49.30748,-25.560313],[-49.307892,-25.561243],[-49.308594,-25.563595],[-49.308764,-25.564627],[-49.30916,-25.565619],[-49.31102,-25.57162],[-49.319161,-25.60857],[-49.319223,-25.609522],[-49.319057,-25.610711],[-49.315911,-25.622472]]}},{"type":"Feature","properties":{"rod":"BR116","trecho":"116BPR2797(b)","km_ini":146.66,"km_fim":156.3,"sentido":"ambos","de":"FINAL PISTA DUPLA","para":"ENTR. PR-419 (AREIA BRANCA)","municipio":"","situacao":"PAV","pista":"Simples","resp":"CONC. FED.","reg":"S.R. Leste","juris":"Federal"},"geometry":{"type":"LineString","coordinates":[[-49.326717,-25.787542],[-49.3295,-25.799265],[-49.329618,-25.80022],[-49.329378,-25.801177],[-49.326554,-25.807884],[-49.326396,-25.808498],[-49.326361,-25.809084],[-49.326429,-25.809651],[-49.326603,-25.81022],[-49.326913,-25.810789],[-49.330193,-25.814635],[-49.334186,-25.820393],[-49.335034,-25.82182],[-49.335987,-25.825761],[-49.336197,-25.826947],[-49.336165,-25.828238],[-49.335757,-25.831212],[-49.33585,-25.831796],[-49.336081,-25.832354],[-49.336442,-25.832856],[-49.336904,-25.833296],[-49.357005,-25.85079],[-49.357396,-25.851288],[-49.357661,-25.851863],[-49.358419,-25.855213],[-49.358598,-25.855722],[-49.361883,-25.862211]]}},{"type":"Feature","properties":{"rod":"PR508","trecho":"508E0010EPR","km_ini":0.0,"km_fim":29.69,"sentido":"esquerda","de":"ENTR. BR/277 (ALEXANDRA)","para":"AC. P/ PR-412 (P/ P. DE LESTE) (MATINHOS)","municipio":"Paranaguá","situacao":"DUP","pista":"Esquerda - sentido decrescente da rodovia","resp":"DER SR1","reg":"S.R. Leste","juris":"Estadual"},"geometry":{"type":"LineString","coordinates":[[-48.615253,-25.5682],[-48.615153,-25.568221],[-48.614926,-25.568699],[-48.613353,-25.572239],[-48.613017,-25.573212],[-48.612685,-25.574727],[-48.610513,-25.597068],[-48.610163,-25.59907],[-48.609738,-25.600532],[-48.608793,-25.602831],[-48.596542,-25.627346],[-48.595696,-25.629227],[-48.594948,-25.631134],[-48.576765,-25.681414],[-48.575782,-25.685044],[-48.572641,-25.700456],[-48.572601,-25.702512],[-48.57282,-25.704044],[-48.573277,-25.705565],[-48.573952,-25.706991],[-48.577507,-25.712478],[-48.591602,-25.733745],[-48.592315,-25.734985],[-48.593029,-25.736754],[-48.593254,-25.737687],[-48.593386,-25.738657],[-48.593407,-25.740603],[-48.591329,-25.759158],[-48.591029,-25.760769],[-48.590438,-25.762442],[-48.589482,-25.76418],[-48.588668,-25.765265],[-48.587346,-25.766599],[-48.585631,-25.767853],[-48.572267,-25.775898],[-48.570665,-25.777127],[-48.569371,-25.778497],[-48.568307,-25.780035],[-48.555078,-25.802054],[-48.554579,-25.80309],[-48.554256,-25.80397],[-48.553443,-25.807694],[-48.553156,-25.808636],[-48.552511,-25.810016],[-48.551647,-25.811328]]}},{"type":"Feature","properties":{"rod":"PR508","trecho":"508E0020EPR","km_ini":29.69,"km_fim":30.82,"sentido":"esquerda","de":"AC. P/ PR-412 (P/ P. DE LESTE) (MATINHOS)","para":"AC. P/ PR-412 (P/ CAIOBÁ) (MATINHOS)","municipio":"Matinhos","situacao":"DUP","pista":"Esquerda - sentido decrescente da rodovia","resp":"DER SR1","reg":"S.R. Leste","juris":"Estadual"},"geometry":{"type":"LineString","coordinates":[[-48.551647,-25.811328],[-48.550673,-25.812482],[-48.550277,-25.812803],[-48.546055,-25.815031],[-48.545584,-25.815215],[-48.543425,-25.815453],[-48.541975,-25.815872]]}},{"type":"Feature","properties":{"rod":"PR508","trecho":"508D0020EPR","km_ini":29.69,"km_fim":30.82,"sentido":"direita","de":"AC. P/ PR-412 (P/ P. DE LESTE) (MATINHOS)","para":"AC. P/ PR-412 (P/ CAIOBÁ) (MATINHOS)","municipio":"Matinhos","situacao":"DUP","pista":"Direita - sentido crescente da rodovia","resp":"DER SR1","reg":"S.R. Leste","juris":"Estadual"},"geometry":{"type":"LineString","coordinates":[[-48.551647,-25.811328],[-48.551161,-25.812026],[-48.5504,-25.812802],[-48.549578,-25.81331],[-48.546204,-25.815046],[-48.54575,-25.815251],[-48.545248,-25.81535],[-48.543698,-25.815482],[-48.541975,-25.815872]]}},{"type":"Feature","properties":{"rod":"PR508","trecho":"508D0010EPR","km_ini":0.0,"km_fim":29.69,"sentido":"direita","de":"ENTR. BR/277 (ALEXANDRA)","para":"AC. P/ PR-412 (P/ P. DE LESTE) (MATINHOS)","municipio":"Pontal do Paraná","situacao":"DUP","pista":"Direita - sentido crescente da rodovia","resp":"DER SR1","reg":"S.R. Leste","juris":"Estadual"},"geometry":{"type":"LineString","coordinates":[[-48.615253,-25.5682],[-48.613331,-25.572496],[-48.612986,-25.573608],[-48.612782,-25.574581],[-48.610549,-25.597143],[-48.610312,-25.598598],[-48.609807,-25.600503],[-48.608857,-25.602846],[-48.59665,-25.627263],[-48.595815,-25.629094],[-48.595079,-25.630956],[-48.576827,-25.681451],[-48.575808,-25.685251],[-48.57269,-25.70048],[-48.572626,-25.701969],[-48.57269,-25.702975],[-48.572856,-25.703969],[-48.573449,-25.705814],[-48.574087,-25.707127],[-48.591673,-25.733748],[-48.592577,-25.735419],[-48.593066,-25.736767],[-48.593458,-25.738703],[-48.593502,-25.740632],[-48.591434,-25.759135],[-48.591205,-25.760418],[-48.590633,-25.762192],[-48.589776,-25.763882],[-48.588617,-25.765444],[-48.587694,-25.766389],[-48.586858,-25.767117],[-48.585222,-25.768225],[-48.5725,-25.775874],[-48.570803,-25.777155],[-48.569322,-25.778699],[-48.567894,-25.780873],[-48.555069,-25.80222],[-48.55458,-25.80322],[-48.554255,-25.80413],[-48.553436,-25.807929],[-48.553113,-25.8089],[-48.55233,-25.810414],[-48.551647,-25.811328]]}},{"type":"Feature","properties":{"rod":"PR364","trecho":"364O0030EPR","km_ini":33.45,"km_fim":49.71,"sentido":"ambos","de":"SÃO MATEUS DO SUL","para":"RIO TURVO","municipio":"","situacao":"EOP","pista":"Simples","resp":"DER SR1","reg":"Xisto","juris":"Estadual"},"geometry":{"type":"LineString","coordinates":[[-50.405775,-25.841258],[-50.405823,-25.836215],[-50.406086,-25.835202],[-50.406581,-25.834183],[-50.408502,-25.832026],[-50.409197,-25.830607],[-50.409504,-25.830206],[-50.409879,-25.829866],[-50.412396,-25.828074],[-50.416767,-25.823598],[-50.418403,-25.821015],[-50.425235,-25.809507],[-50.425338,-25.808937],[-50.425326,-25.808246],[-50.424902,-25.793631],[-50.424459,-25.788533],[-50.424668,-25.787623],[-50.42509,-25.7869],[-50.425409,-25.78655],[-50.426216,-25.786008],[-50.427101,-25.785721],[-50.427577,-25.785663],[-50.428696,-25.785783],[-50.442115,-25.788276],[-50.44287,-25.788225],[-50.443313,-25.788111],[-50.443645,-25.787979],[-50.444368,-25.787522],[-50.44993,-25.782996],[-50.463345,-25.770567],[-50.464767,-25.769631],[-50.46819,-25.767855],[-50.469177,-25.767254],[-50.470071,-25.766588],[-50.47073,-25.765786],[-50.471484,-25.764531],[-50.472079,-25.763761],[-50.494253,-25.737075]]}},{"type":"Feature","properties":{"rod":"PR151","trecho":"151S0450EPR","km_ini":479.6,"km_fim":483.3,"sentido":"ambos","de":"OLHO D'ÁGUA","para":"DIVISA PR/SC (TRÊS BARRAS)","municipio":"São Mateus do Sul","situacao":"PAV","pista":"Simples","resp":"DER SR1","reg":"Xisto","juris":"Estadual"},"geometry":{"type":"LineString","coordinates":[[-50.343203,-26.070131],[-50.341339,-26.07511],[-50.338421,-26.079395],[-50.337414,-26.087312],[-50.337196,-26.08824],[-50.336941,-26.088829],[-50.33647,-26.089543],[-50.3332,-26.093391],[-50.332485,-26.093978],[-50.328315,-26.096764],[-50.328086,-26.097297],[-50.328107,-26.097759],[-50.328269,-26.098353]]}},{"type":"Feature","properties":{"rod":"PRC476","trecho":"476S0160PRC","km_ini":363.7,"km_fim":363.93,"sentido":"ambos","de":"ENTR PRC-476 (PONTE MANOEL RIBAS)","para":"UNIÃO DA VITÓRIA (FINAL DA PONTE)","municipio":"União da Vitória","situacao":"PAV","pista":"Simples","resp":"DER SR1","reg":"Médio Iguaçu","juris":"Estadual"},"geometry":{"type":"LineString","coordinates":[[-51.097706,-26.216286],[-51.096439,-26.217989]]}},{"type":"Feature","properties":{"rod":"RM092","trecho":"092M0065MUN","km_ini":83.0,"km_fim":85.49,"sentido":"ambos","de":"CERRO AZUL (A)","para":"CERRO AZUL (B)","municipio":"Cerro Azul","situacao":"PLA","pista":"Simples","resp":"Município","reg":"S.R. Leste","juris":"Muncipal"},"geometry":{"type":"LineString","coordinates":[[-49.271647,-24.836633],[-49.269871,-24.836485],[-49.269247,-24.836587],[-49.268649,-24.836808],[-49.268052,-24.836933],[-49.265942,-24.836161],[-49.265538,-24.83573],[-49.2653,-24.835318],[-49.264496,-24.834569],[-49.264169,-24.834108],[-49.264104,-24.833545],[-49.263952,-24.8331],[-49.262738,-24.831464],[-49.26252,-24.83099],[-49.26252,-24.827038],[-49.262144,-24.826767],[-49.262197,-24.823056],[-49.262451,-24.822787],[-49.262857,-24.822598],[-49.263108,-24.821147],[-49.263457,-24.820921],[-49.263575,-24.820939]]}},{"type":"Feature","properties":{"rod":"BR116","trecho":"116BPR2797D(a)","km_ini":145.5,"km_fim":146.66,"sentido":"ambos","de":"ENTR. PR-510(PLAN.) (MANDIRITUBA)","para":"FINAL PISTA DUPLA","municipio":"","situacao":"DUP","pista":"Simples","resp":"CONC. FED.","reg":"S.R. Leste","juris":"Federal"},"geometry":{"type":"LineString","coordinates":[[-49.324239,-25.777303],[-49.32455,-25.777534],[-49.324773,-25.778802],[-49.325741,-25.782816],[-49.326717,-25.787542]]}},{"type":"Feature","properties":{"rod":"BR116","trecho":"116BPR2797E(a)","km_ini":145.5,"km_fim":146.66,"sentido":"ambos","de":"ENTR. PR-510(PLAN.) (MANDIRITUBA)","para":"FINAL PISTA DUPLA","municipio":"","situacao":"DUP","pista":"Simples","resp":"CONC. FED.","reg":"S.R. Leste","juris":"Federal"},"geometry":{"type":"LineString","coordinates":[[-49.324239,-25.777303],[-49.324221,-25.777686],[-49.324622,-25.778741],[-49.326528,-25.787052],[-49.326717,-25.787542]]}},{"type":"Feature","properties":{"rod":"PR090","trecho":"090D0010EPR","km_ini":10.0,"km_fim":11.3,"sentido":"ambos","de":"ENTR. PR-418 (CURITIBA)","para":"FINAL PISTA DUPLA","municipio":"","situacao":"DUP","pista":"Simples","resp":"DER SR1","reg":"S.R. Leste","juris":"Estadual"},"geometry":{"type":"LineString","coordinates":[[-49.355717,-25.388869],[-49.356062,-25.388333],[-49.356697,-25.388088],[-49.360246,-25.385538],[-49.363288,-25.383464],[-49.364041,-25.383228],[-49.366553,-25.382986]]}},{"type":"Feature","properties":{"rod":"PR090","trecho":"090E0010EPR","km_ini":10.0,"km_fim":11.3,"sentido":"esquerda","de":"ENTR. PR-418 (CURITIBA)","para":"FINAL PISTA DUPLA","municipio":"Curitiba","situacao":"DUP","pista":"Esquerda - sentido decrescente da rodovia","resp":"DER SR1","reg":"S.R. Leste","juris":"Estadual"},"geometry":{"type":"LineString","coordinates":[[-49.355717,-25.388869],[-49.356334,-25.388655],[-49.356721,-25.388246],[-49.36051,-25.385513],[-49.361189,-25.38533],[-49.361464,-25.38516],[-49.361875,-25.384612],[-49.363241,-25.38365],[-49.363942,-25.38339],[-49.365919,-25.383143],[-49.366553,-25.382986]]}},{"type":"Feature","properties":{"rod":"PR090","trecho":"090S0011EPR","km_ini":11.3,"km_fim":18.0,"sentido":"ambos","de":"FINAL PISTA DUPLA","para":"CAMPO MAGRO","municipio":"Campo Magro","situacao":"PAV","pista":"Simples","resp":"DER SR1","reg":"S.R. Leste","juris":"Estadual"},"geometry":{"type":"LineString","coordinates":[[-49.366553,-25.382986],[-49.367453,-25.382805],[-49.370648,-25.382642],[-49.37127,-25.38279],[-49.372518,-25.383341],[-49.373235,-25.383365],[-49.37572,-25.382753],[-49.37934,-25.382478],[-49.38049,-25.382287],[-49.381833,-25.381886],[-49.385013,-25.380568],[-49.385996,-25.380299],[-49.386628,-25.380302],[-49.391528,-25.380816],[-49.392199,-25.380579],[-49.393427,-25.379876],[-49.393842,-25.379786],[-49.395518,-25.380082],[-49.396147,-25.380039],[-49.396786,-25.379711],[-49.399033,-25.377385],[-49.399217,-25.377129],[-49.399566,-25.376259],[-49.399785,-25.375967],[-49.400268,-25.375621],[-49.402239,-25.374748],[-49.402581,-25.374709],[-49.403982,-25.375054],[-49.404306,-25.375036],[-49.404581,-25.374861],[-49.404919,-25.374111],[-49.405174,-25.373804],[-49.405423,-25.373651],[-49.405724,-25.373584],[-49.406407,-25.373598],[-49.407121,-25.373437],[-49.407931,-25.372869],[-49.408565,-25.372557],[-49.410169,-25.372362],[-49.411335,-25.372643],[-49.412831,-25.37275],[-49.414129,-25.372285],[-49.414817,-25.372237],[-49.416052,-25.372586],[-49.420776,-25.373419],[-49.421455,-25.373504],[-49.421841,-25.373482],[-49.423754,-25.372821],[-49.42508,-25.372264],[-49.425843,-25.37173],[-49.426622,-25.370703]]}},{"type":"Feature","properties":{"rod":"PR090","trecho":"090S0012EPR","km_ini":18.0,"km_fim":27.54,"sentido":"ambos","de":"CAMPO MAGRO","para":"ENTR. PR-510 (A) (BATEIAS)","municipio":"Campo Magro","situacao":"PAV","pista":"Simples","resp":"DER SR1","reg":"S.R. Leste","juris":"Estadual"},"geometry":{"type":"LineString","coordinates":[[-49.426622,-25.370703],[-49.426757,-25.370608],[-49.42716,-25.370521],[-49.427611,-25.37058],[-49.42934,-25.371017],[-49.430174,-25.371139],[-49.430874,-25.371409],[-49.435388,-25.372547],[-49.436069,-25.372577],[-49.439973,-25.372411],[-49.441339,-25.372133],[-49.450016,-25.369931],[-49.450739,-25.369658],[-49.454833,-25.367563],[-49.455628,-25.367321],[-49.458429,-25.366759],[-49.459965,-25.36585],[-49.460401,-25.365688],[-49.46131,-25.36556],[-49.462232,-25.365705],[-49.462664,-25.365871],[-49.464668,-25.366938],[-49.465531,-25.367092],[-49.466371,-25.366939],[-49.468571,-25.366097],[-49.469284,-25.366039],[-49.469908,-25.366298],[-49.470162,-25.366529],[-49.47096,-25.36765],[-49.471197,-25.367883],[-49.471761,-25.368136],[-49.478806,-25.368609],[-49.479192,-25.368692],[-49.481244,-25.369481],[-49.481987,-25.369487],[-49.484633,-25.369264],[-49.484999,-25.369372],[-49.485301,-25.369576],[-49.487074,-25.371246],[-49.487411,-25.371471],[-49.487783,-25.3716],[-49.488518,-25.371572],[-49.489188,-25.371295],[-49.489559,-25.371208],[-49.489925,-25.371231],[-49.491214,-25.371894],[-49.496542,-25.372324],[-49.497342,-25.372478],[-49.498069,-25.372733],[-49.498809,-25.372784],[-49.499473,-25.372539],[-49.500785,-25.37188],[-49.501076,-25.371686],[-49.501838,-25.37093],[-49.50218,-25.370768],[-49.502541,-25.370699],[-49.50412,-25.370648],[-49.50448,-25.370544],[-49.505023,-25.370119],[-49.505516,-25.369352],[-49.505781,-25.369199],[-49.506416,-25.369008],[-49.50668,-25.368841],[-49.507198,-25.368056],[-49.50837,-25.367078],[-49.508822,-25.366559],[-49.509153,-25.366015],[-49.509883,-25.36427],[-49.509915,-25.363692],[-49.509803,-25.3625]]}},{"type":"Feature","properties":{"rod":"PR415","trecho":"415D0025EPR","km_ini":12.07,"km_fim":12.76,"sentido":"ambos","de":"ENTR. BR-116 (CONT. LESTE)","para":"ENTR. PR-506 (A) (PIRAQUARA)","municipio":"","situacao":"DUP","pista":"Simples","resp":"DER SR1","reg":"S.R. Leste","juris":"Estadual"},"geometry":{"type":"LineString","coordinates":[[-49.088931,-25.461808],[-49.087773,-25.461541],[-49.082375,-25.46]]}},{"type":"Feature","properties":{"rod":"PR415","trecho":"415E0010EPR","km_ini":0.0,"km_fim":3.39,"sentido":"esquerda","de":"RIO ATUBA (CURITIBA)","para":"PONTE SOBRE O RIO PALMITAL","municipio":"Curitiba","situacao":"DUP","pista":"Esquerda - sentido decrescente da rodovia","resp":"DER SR1","reg":"S.R. Leste","juris":"Estadual"},"geometry":{"type":"LineString","coordinates":[[-49.203186,-25.431372],[-49.202349,-25.431297],[-49.174181,-25.434325],[-49.172058,-25.434741],[-49.169986,-25.435382]]}},{"type":"Feature","properties":{"rod":"PR415","trecho":"415D0010EPR","km_ini":0.0,"km_fim":3.39,"sentido":"direita","de":"RIO ATUBA (CURITIBA)","para":"PONTE SOBRE O RIO PALMITAL","municipio":"Curitiba","situacao":"DUP","pista":"Direita - sentido crescente da rodovia","resp":"DER SR1","reg":"S.R. Leste","juris":"Estadual"},"geometry":{"type":"LineString","coordinates":[[-49.203186,-25.431372],[-49.173931,-25.434474],[-49.172371,-25.434768],[-49.170251,-25.43542],[-49.169986,-25.435382]]}},{"type":"Feature","properties":{"rod":"PRC476","trecho":"476S0157PRC","km_ini":361.05,"km_fim":363.7,"sentido":"ambos","de":"ENTR. PR-835 (AC. PONTE DOMICIO SCARAMELLA)","para":"ENTR PRC-476 (PONTE MANOEL RIBAS)","municipio":"União da Vitória","situacao":"PAV","pista":"Simples","resp":"DER SR1","reg":"Médio Iguaçu","juris":"Estadual"},"geometry":{"type":"LineString","coordinates":[[-51.074772,-26.214336],[-51.08017,-26.212695],[-51.082251,-26.211559],[-51.083781,-26.211052],[-51.085499,-26.210857],[-51.088367,-26.211091],[-51.091192,-26.210666],[-51.09171,-26.210716],[-51.092198,-26.210882],[-51.092639,-26.211172],[-51.096489,-26.21477],[-51.097706,-26.216286]]}},{"type":"Feature","properties":{"rod":"PRC466","trecho":"466S1700PRC","km_ini":429.9,"km_fim":432.83,"sentido":"ambos","de":"ENTR. BR-153","para":"RIO IGUAÇU (PONTE M. RIBAS) (UNIÃO DA VITÓRIA)","municipio":"União da Vitória","situacao":"PAV","pista":"Simples","resp":"DER SR1","reg":"Médio Iguaçu","juris":"Estadual"},"geometry":{"type":"LineString","coordinates":[[-51.115861,-26.20905],[-51.115767,-26.209965],[-51.115463,-26.210389],[-51.113992,-26.211513],[-51.113583,-26.211957],[-51.113257,-26.212505],[-51.111059,-26.216666],[-51.110929,-26.217218],[-51.110911,-26.218224],[-51.110828,-26.218672],[-51.110042,-26.219598],[-51.109704,-26.220701],[-51.109215,-26.220926],[-51.108631,-26.220841],[-51.108005,-26.220906],[-51.107493,-26.221016],[-51.106395,-26.22147],[-51.105832,-26.221344],[-51.105399,-26.221007],[-51.104837,-26.220764],[-51.103666,-26.220738],[-51.102408,-26.220572],[-51.101856,-26.220338],[-51.100911,-26.219259],[-51.099647,-26.218178],[-51.097706,-26.216286]]}},{"type":"Feature","properties":{"rod":"PR407","trecho":"407D0010EPR","km_ini":0.0,"km_fim":3.5,"sentido":"direita","de":"ENTR. BR-277","para":"FINAL PISTA DUPLA","municipio":"Paranaguá","situacao":"DUP","pista":"Direita - sentido crescente da rodovia","resp":"DER SR1","reg":"S.R. Leste","juris":"Estadual"},"geometry":{"type":"LineString","coordinates":[[-48.582147,-25.560735],[-48.582216,-25.560771],[-48.581846,-25.561914],[-48.581282,-25.562965],[-48.569187,-25.582703],[-48.565921,-25.587961],[-48.565525,-25.58845]]}},{"type":"Feature","properties":{"rod":"PR407","trecho":"407E0010EPR","km_ini":0.0,"km_fim":3.5,"sentido":"esquerda","de":"ENTR. BR-278","para":"FINAL PISTA DUPLA","municipio":"Paranaguá","situacao":"DUP","pista":"Esquerda - sentido decrescente da rodovia","resp":"DER SR1","reg":"S.R. Leste","juris":"Estadual"},"geometry":{"type":"LineString","coordinates":[[-48.582147,-25.560736],[-48.581777,-25.561878],[-48.581213,-25.562929],[-48.565525,-25.58845]]}},{"type":"Feature","properties":{"rod":"BR277","trecho":"277APR2005D","km_ini":0.0,"km_fim":1.5,"sentido":"direita","de":"ENTR BR-277","para":"ENTR AV CURITIBA (FIM DA CONCESSÃO)","municipio":"Paranaguá","situacao":"DUP","pista":"Direita - sentido crescente da rodovia","resp":"DNIT","reg":"S.R. Leste","juris":"Federal"},"geometry":{"type":"LineString","coordinates":[[-48.564936,-25.556386],[-48.56452,-25.556505],[-48.561824,-25.555964],[-48.559077,-25.555315],[-48.557392,-25.554757],[-48.555807,-25.553948],[-48.553076,-25.552118],[-48.552224,-25.551639],[-48.552136,-25.551364]]}},{"type":"Feature","properties":{"rod":"BR277","trecho":"277APR2005E","km_ini":0.0,"km_fim":1.5,"sentido":"esquerda","de":"ENTR BR-277","para":"ENTR AV CURITIBA (FIM DA CONCESSÃO)","municipio":"Paranaguá","situacao":"DUP","pista":"Esquerda - sentido decrescente da rodovia","resp":"DNIT","reg":"S.R. Leste","juris":"Federal"},"geometry":{"type":"LineString","coordinates":[[-48.564936,-25.556386],[-48.564812,-25.556173],[-48.563961,-25.556321],[-48.561929,-25.555902],[-48.559295,-25.555266],[-48.557794,-25.554773],[-48.556187,-25.554017],[-48.553517,-25.552304],[-48.552396,-25.551449],[-48.552136,-25.551364]]}},{"type":"Feature","properties":{"rod":"BR277","trecho":"277APR2010D","km_ini":1.5,"km_fim":8.1,"sentido":"direita","de":"ENTR AV CURITIBA (FIM DA CONCESSÃO)","para":"PORTO PARANAGUÁ","municipio":"Paranaguá","situacao":"DUP","pista":"Direita - sentido crescente da rodovia","resp":"DNIT","reg":"S.R. Leste","juris":"Federal"},"geometry":{"type":"LineString","coordinates":[[-48.552136,-25.551364],[-48.551761,-25.551296],[-48.550125,-25.550087],[-48.537857,-25.541836],[-48.536026,-25.540699],[-48.532811,-25.538459],[-48.531665,-25.537331],[-48.531061,-25.53641],[-48.530663,-25.535527],[-48.52651,-25.524173],[-48.523841,-25.517056],[-48.523394,-25.516083],[-48.523111,-25.515607],[-48.518551,-25.509616],[-48.514331,-25.504197]]}},{"type":"Feature","properties":{"rod":"BR277","trecho":"277APR2010E","km_ini":1.5,"km_fim":8.1,"sentido":"esquerda","de":"ENTR AV CURITIBA (FIM DA CONCESSÃO)","para":"PORTO PARANAGUÁ","municipio":"Paranaguá","situacao":"DUP","pista":"Esquerda - sentido decrescente da rodovia","resp":"DNIT","reg":"S.R. Leste","juris":"Federal"},"geometry":{"type":"LineString","coordinates":[[-48.552136,-25.551364],[-48.552088,-25.551198],[-48.550848,-25.550474],[-48.533457,-25.538815],[-48.532539,-25.538111],[-48.531794,-25.537319],[-48.531246,-25.536514],[-48.530797,-25.535556],[-48.52414,-25.517604],[-48.523485,-25.51613],[-48.522952,-25.51522],[-48.522891,-25.514735],[-48.522414,-25.514522],[-48.522067,-25.514209],[-48.514444,-25.504193],[-48.514331,-25.504197]]}},{"type":"Feature","properties":{"rod":"BR277","trecho":"277BPR0025E","km_ini":9.9,"km_fim":23.8,"sentido":"esquerda","de":"ENTR. PR-508 (P/ MATINHOS)","para":"ENTR. BR-101(PLAN.) PR-408 (P/MORRETES)","municipio":"Morretes","situacao":"DUP","pista":"Esquerda - sentido decrescente da rodovia","resp":"DNIT","reg":"S.R. Leste","juris":"Federal"},"geometry":{"type":"LineString","coordinates":[[-48.615253,-25.5682],[-48.6171,-25.56798],[-48.626878,-25.565689],[-48.645929,-25.561099],[-48.648304,-25.560354],[-48.649419,-25.559858],[-48.663451,-25.552731],[-48.665008,-25.552204],[-48.670475,-25.551015],[-48.671516,-25.550681],[-48.672498,-25.550262],[-48.673815,-25.549513],[-48.681229,-25.54449],[-48.682666,-25.543637],[-48.683652,-25.543153],[-48.705047,-25.534733],[-48.706402,-25.534403],[-48.714274,-25.533263],[-48.715392,-25.533047],[-48.715924,-25.532878],[-48.716917,-25.532414],[-48.718732,-25.531206],[-48.719684,-25.530736],[-48.721131,-25.53019],[-48.723767,-25.529505],[-48.724319,-25.529425],[-48.725408,-25.529405],[-48.728075,-25.529815],[-48.72972,-25.529803],[-48.737019,-25.528397],[-48.738943,-25.528142],[-48.740086,-25.528187],[-48.741195,-25.528326],[-48.742363,-25.528596],[-48.743927,-25.529112],[-48.744044,-25.529036]]}},{"type":"Feature","properties":{"rod":"BR277","trecho":"277BPR0030E","km_ini":23.8,"km_fim":29.0,"sentido":"esquerda","de":"ENTR. BR-101(PLAN.) PR-408 (P/MORRETES)","para":"ENTR. PR-804 (P/MORRETES)","municipio":"Morretes","situacao":"DUP","pista":"Esquerda - sentido decrescente da rodovia","resp":"DNIT","reg":"S.R. Leste","juris":"Federal"},"geometry":{"type":"LineString","coordinates":[[-48.744044,-25.529036],[-48.743973,-25.529127],[-48.768223,-25.537499],[-48.774121,-25.539602],[-48.775414,-25.540273],[-48.776331,-25.540993],[-48.776801,-25.541494],[-48.778086,-25.543178],[-48.778952,-25.543993],[-48.779535,-25.544396],[-48.780824,-25.544996],[-48.782228,-25.545342],[-48.788331,-25.546573],[-48.789034,-25.546752],[-48.790366,-25.547281],[-48.790481,-25.547269]]}},{"type":"Feature","properties":{"rod":"RM510","trecho":"510M0015MUN","km_ini":27.2,"km_fim":29.19,"sentido":"ambos","de":"ENTR. BR-476 (CONTENDA) (A)","para":"CONTENDA (B)","municipio":"Contenda","situacao":"PLA","pista":"Simples","resp":"Município","reg":"Xisto","juris":"Muncipal"},"geometry":{"type":"LineString","coordinates":[[-49.523247,-25.679408],[-49.526505,-25.677788],[-49.528449,-25.676913],[-49.529858,-25.676334],[-49.530419,-25.676212],[-49.530985,-25.676199],[-49.532655,-25.676341],[-49.533137,-25.676513],[-49.533468,-25.676925],[-49.533855,-25.677246],[-49.535952,-25.678281],[-49.536207,-25.677706],[-49.53601,-25.677115],[-49.536152,-25.676103],[-49.535878,-25.675137],[-49.535887,-25.674665],[-49.536177,-25.673719],[-49.536228,-25.673297]]}},{"type":"Feature","properties":{"rod":"BR116","trecho":"116BPR2793D","km_ini":128.1,"km_fim":145.5,"sentido":"ambos","de":"ENTR. PR-423(PLAN.) (CABECEIRA NORTE PONTE R. IGUAÇU)","para":"ENTR. PR-510(PLAN.) (MANDIRITUBA)","municipio":"","situacao":"DUP","pista":"Simples","resp":"CONC. FED.","reg":"S.R. Leste","juris":"Federal"},"geometry":{"type":"LineString","coordinates":[[-49.315911,-25.622472],[-49.313696,-25.630695],[-49.31351,-25.631715],[-49.312113,-25.656847],[-49.312245,-25.657739],[-49.314454,-25.666529],[-49.315647,-25.674624],[-49.316763,-25.688561],[-49.320362,-25.706159],[-49.320726,-25.708291],[-49.320649,-25.709214],[-49.320318,-25.710208],[-49.319947,-25.710874],[-49.318547,-25.712731],[-49.318334,-25.713168],[-49.318247,-25.713602],[-49.317994,-25.725083],[-49.317883,-25.726819],[-49.31754,-25.740139],[-49.317355,-25.752027],[-49.317606,-25.753172],[-49.319354,-25.75677],[-49.31961,-25.757459],[-49.322316,-25.768998],[-49.324033,-25.775908],[-49.324378,-25.776884],[-49.324239,-25.777303]]}},{"type":"Feature","properties":{"rod":"BR116","trecho":"116BPR2793E","km_ini":128.1,"km_fim":145.5,"sentido":"ambos","de":"ENTR. PR-423(PLAN.) (CABECEIRA NORTE PONTE R. IGUAÇU)","para":"ENTR. PR-510(PLAN.) (MANDIRITUBA)","municipio":"","situacao":"DUP","pista":"Simples","resp":"CONC. FED.","reg":"S.R. Leste","juris":"Federal"},"geometry":{"type":"LineString","coordinates":[[-49.315911,-25.622472],[-49.314207,-25.628442],[-49.313642,-25.630663],[-49.313468,-25.631655],[-49.31278,-25.644312],[-49.312037,-25.654857],[-49.311963,-25.656763],[-49.312115,-25.657728],[-49.314282,-25.666323],[-49.315537,-25.674726],[-49.316612,-25.688522],[-49.320194,-25.70572],[-49.32065,-25.708304],[-49.320572,-25.709227],[-49.320242,-25.710221],[-49.319871,-25.710888],[-49.31847,-25.712745],[-49.318258,-25.713181],[-49.31817,-25.713615],[-49.317908,-25.725426],[-49.317753,-25.727172],[-49.317155,-25.752215],[-49.317454,-25.753238],[-49.319171,-25.756729],[-49.319451,-25.757501],[-49.322501,-25.770329],[-49.3237,-25.774978],[-49.324032,-25.777045],[-49.324239,-25.777303]]}},{"type":"Feature","properties":{"rod":"PR407","trecho":"407S0020EPR","km_ini":3.5,"km_fim":17.4,"sentido":"ambos","de":"FINAL PISTA DUPLA","para":"INÍCIO DA OBRA DE DUPLICAÇÃO","municipio":"Pontal do Paraná","situacao":"PAV","pista":"Simples","resp":"DER SR1","reg":"S.R. Leste","juris":"Estadual"},"geometry":{"type":"LineString","coordinates":[[-48.565525,-25.58845],[-48.541719,-25.626759],[-48.527891,-25.649616],[-48.515244,-25.670111],[-48.514836,-25.670586],[-48.513862,-25.671332],[-48.486318,-25.69024]]}},{"type":"Feature","properties":{"rod":"PR412","trecho":"412S0070EPR","km_ini":63.46,"km_fim":66.98,"sentido":"ambos","de":"PONTAL DO SUL","para":"PONTA DO POÇO","municipio":"Pontal do Paraná","situacao":"PAV","pista":"Simples","resp":"DER SR1","reg":"S.R. Leste","juris":"Estadual"},"geometry":{"type":"LineString","coordinates":[[-48.359825,-25.580469],[-48.371417,-25.561379],[-48.378147,-25.553625]]}},{"type":"Feature","properties":{"rod":"PR092","trecho":"092S0005EPR","km_ini":6.66,"km_fim":9.75,"sentido":"ambos","de":"CEMITÉRIO ABRANCHES (CURITIBA)","para":"PONTE RIO BARIGUI (CURITIBA)","municipio":"","situacao":"PAV","pista":"Simples","resp":"DER SR1","reg":"S.R. Leste","juris":"Estadual"},"geometry":{"type":"LineString","coordinates":[[-49.273208,-25.380061],[-49.273319,-25.379788],[-49.274991,-25.36947],[-49.275256,-25.368535],[-49.275444,-25.368134],[-49.276085,-25.367178],[-49.280777,-25.361085],[-49.281272,-25.360175],[-49.281371,-25.359683],[-49.281364,-25.359183],[-49.280781,-25.353647]]}},{"type":"Feature","properties":{"rod":"PR415","trecho":"415D0020EPR","km_ini":3.39,"km_fim":12.07,"sentido":"ambos","de":"PONTE SOBRE O RIO PALMITAL","para":"ENTR. BR-116 (CONT. LESTE)","municipio":"","situacao":"DUP","pista":"Simples","resp":"DER SR1","reg":"S.R. Leste","juris":"Estadual"},"geometry":{"type":"LineString","coordinates":[[-49.169986,-25.435382],[-49.168645,-25.43635],[-49.167163,-25.436862],[-49.166477,-25.437085],[-49.163922,-25.437614],[-49.157222,-25.439724],[-49.149781,-25.442181],[-49.147156,-25.443206],[-49.144617,-25.443866],[-49.123904,-25.450605],[-49.121269,-25.451486],[-49.118775,-25.452454],[-49.116913,-25.452923],[-49.091445,-25.46119],[-49.088931,-25.461808]]}},{"type":"Feature","properties":{"rod":"PR415","trecho":"415E0020EPR","km_ini":3.39,"km_fim":12.07,"sentido":"ambos","de":"PONTE SOBRE O RIO PALMITAL","para":"ENTR. BR-116 (CONT. LESTE)","municipio":"","situacao":"DUP","pista":"Simples","resp":"DER SR1","reg":"S.R. Leste","juris":"Estadual"},"geometry":{"type":"LineString","coordinates":[[-49.169986,-25.435382],[-49.169405,-25.435497],[-49.16752,-25.436269],[-49.153942,-25.440719],[-49.149605,-25.442096],[-49.147188,-25.442741],[-49.144897,-25.443637],[-49.142082,-25.444557],[-49.14098,-25.444876],[-49.140245,-25.44496],[-49.139539,-25.445135],[-49.138086,-25.445623],[-49.137131,-25.446147],[-49.136067,-25.446538],[-49.121466,-25.451288],[-49.118734,-25.452026],[-49.116224,-25.453005],[-49.094196,-25.460208],[-49.088931,-25.461808]]}},{"type":"Feature","properties":{"rod":"PR415","trecho":"415E0025EPR","km_ini":12.07,"km_fim":12.76,"sentido":"ambos","de":"ENTR. BR-116 (CONT. LESTE)","para":"ENTR. PR-506 (A) (PIRAQUARA)","municipio":"","situacao":"DUP","pista":"Simples","resp":"DER SR1","reg":"S.R. Leste","juris":"Estadual"},"geometry":{"type":"LineString","coordinates":[[-49.088931,-25.461808],[-49.088385,-25.46156],[-49.082833,-25.459952],[-49.082375,-25.46]]}},{"type":"Feature","properties":{"rod":"PR415","trecho":"415E0030EPR","km_ini":12.76,"km_fim":14.04,"sentido":"ambos","de":"ENTR. PR-506 (A) (PIRAQUARA)","para":"FINAL DA DUPLICAÇÃO","municipio":"Piraquara","situacao":"DUP","pista":"Simples","resp":"DER SR1","reg":"S.R. Leste","juris":"Estadual"},"geometry":{"type":"LineString","coordinates":[[-49.082375,-25.46],[-49.08177,-25.459662],[-49.080767,-25.4593],[-49.080281,-25.458964],[-49.078651,-25.456901],[-49.077869,-25.456283],[-49.072247,-25.453339]]}},{"type":"Feature","properties":{"rod":"PR417","trecho":"417E0025EPR","km_ini":9.51,"km_fim":10.36,"sentido":"ambos","de":"COLOMBO","para":"FINAL DUPLICAÇÃO (COLOMBO)","municipio":"Colombo","situacao":"DUP","pista":"Simples","resp":"DER SR1","reg":"S.R. Leste","juris":"Estadual"},"geometry":{"type":"LineString","coordinates":[[-49.223517,-25.293564],[-49.223478,-25.293253],[-49.22301,-25.292355],[-49.222134,-25.291537],[-49.217268,-25.288822],[-49.217175,-25.288856]]}},{"type":"Feature","properties":{"rod":"PR412","trecho":"412O0033EPR","km_ini":27.47,"km_fim":30.42,"sentido":"ambos","de":"ENTR. RUA ALVORADA (INÍCIO DUPLICAÇÃO)","para":"ENTR. PR-508 (MATINHOS) (A)","municipio":"","situacao":"EOD","pista":"Simples","resp":"DER SR1","reg":"S.R. Leste","juris":"Estadual"},"geometry":{"type":"LineString","coordinates":[[-48.542886,-25.841834],[-48.542704,-25.840834],[-48.542754,-25.840348],[-48.54529,-25.835658],[-48.545393,-25.835095],[-48.545304,-25.83463],[-48.543802,-25.830285],[-48.540242,-25.821916],[-48.539321,-25.819073],[-48.538297,-25.816875]]}},{"type":"Feature","properties":{"rod":"PR407","trecho":"407O0025EPR","km_ini":17.4,"km_fim":18.85,"sentido":"ambos","de":"INÍCIO DA OBRA DE DUPLICAÇÃO","para":"ENTR. PR-412 (PRAIA DE LESTE)","municipio":"","situacao":"EOD","pista":"Simples","resp":"DER SR1","reg":"S.R. Leste","juris":"Estadual"},"geometry":{"type":"LineString","coordinates":[[-48.486318,-25.69024],[-48.47722,-25.696557],[-48.476383,-25.697084],[-48.475833,-25.697269]]}},{"type":"Feature","properties":{"rod":"PR421","trecho":"421D0010EPR","km_ini":0.0,"km_fim":0.5,"sentido":"ambos","de":"ENTR BR-376-AV. VICENTE MICHELOTTO","para":"FINAL PISTA DUPLA - AV. VICENTE MICHELOTTO","municipio":"Araucária","situacao":"DUP","pista":"Simples","resp":"DER SR1","reg":"S.R. Leste","juris":"Estadual"},"geometry":{"type":"LineString","coordinates":[[-49.332796,-25.522939],[-49.332986,-25.522992],[-49.335818,-25.524899],[-49.336327,-25.525354]]}},{"type":"Feature","properties":{"rod":"PR421","trecho":"421E0010EPR","km_ini":0.0,"km_fim":0.5,"sentido":"ambos","de":"ENTR BR-376-AV. VICENTE MICHELOTTO","para":"FINAL PISTA DUPLA - AV. VICENTE MICHELOTTO","municipio":"Araucária","situacao":"DUP","pista":"Simples","resp":"DER SR1","reg":"S.R. Leste","juris":"Estadual"},"geometry":{"type":"LineString","coordinates":[[-49.332796,-25.522939],[-49.332889,-25.523067],[-49.336327,-25.525354]]}},{"type":"Feature","properties":{"rod":"PR421","trecho":"421S0011EPR","km_ini":0.5,"km_fim":0.95,"sentido":"ambos","de":"FINAL PISTA DUPLA - AV. VICENTE MICHELOTTO","para":"DIVISA MUNICÍPIO CURITIBA/ARAUCÁRIA","municipio":"Araucária","situacao":"PAV","pista":"Simples","resp":"DER SR1","reg":"S.R. Leste","juris":"Estadual"},"geometry":{"type":"LineString","coordinates":[[-49.336327,-25.525354],[-49.337025,-25.525852],[-49.338147,-25.52642],[-49.340156,-25.527022]]}},{"type":"Feature","properties":{"rod":"PR421","trecho":"421D0015EPR","km_ini":1.3,"km_fim":6.9,"sentido":"ambos","de":"INÍCIO PISTA DUPLA - AV. DAS ARAUCÁRIAS","para":"FINAL PISTA DUPLA - AV. DAS ARAUCÁRIAS","municipio":"Araucária","situacao":"DUP","pista":"Simples","resp":"DER SR1","reg":"S.R. Leste","juris":"Estadual"},"geometry":{"type":"LineString","coordinates":[[-49.343272,-25.527912],[-49.345909,-25.528905],[-49.347094,-25.529192],[-49.348757,-25.529297],[-49.352348,-25.529048],[-49.353597,-25.529174],[-49.354376,-25.529365],[-49.355296,-25.52979],[-49.359707,-25.532899],[-49.361061,-25.533705],[-49.361632,-25.534494],[-49.362176,-25.536551],[-49.364748,-25.542952],[-49.365552,-25.544526],[-49.366344,-25.545696],[-49.370382,-25.551099],[-49.37146,-25.552337],[-49.377314,-25.560112],[-49.377531,-25.560463],[-49.377525,-25.560575]]}},{"type":"Feature","properties":{"rod":"PR421","trecho":"421S0018EPR","km_ini":6.9,"km_fim":7.5,"sentido":"ambos","de":"FINAL PISTA DUPLA - AV. DAS ARAUCÁRIAS","para":"ENTR. BR-476","municipio":"Araucária","situacao":"PAV","pista":"Simples","resp":"DER SR1","reg":"S.R. Leste","juris":"Estadual"},"geometry":{"type":"LineString","coordinates":[[-49.377525,-25.560575],[-49.379323,-25.56346],[-49.379465,-25.564158],[-49.379267,-25.565236]]}},{"type":"Feature","properties":{"rod":"PR421","trecho":"421E0015EPR","km_ini":1.3,"km_fim":6.9,"sentido":"ambos","de":"INÍCIO PISTA DUPLA - AV. DAS ARAUCÁRIAS","para":"FINAL PISTA DUPLA - AV. DAS ARAUCÁRIAS","municipio":"Araucária","situacao":"DUP","pista":"Simples","resp":"DER SR1","reg":"S.R. Leste","juris":"Estadual"},"geometry":{"type":"LineString","coordinates":[[-49.343272,-25.527912],[-49.34557,-25.52885],[-49.347004,-25.529227],[-49.348596,-25.529355],[-49.351881,-25.529106],[-49.35254,-25.529112],[-49.353395,-25.529207],[-49.354461,-25.529504],[-49.355532,-25.530035],[-49.360589,-25.53363],[-49.360893,-25.53405],[-49.361162,-25.534876],[-49.361745,-25.535712],[-49.364671,-25.542977],[-49.365541,-25.544666],[-49.366244,-25.545702],[-49.370424,-25.551291],[-49.371381,-25.552446],[-49.377525,-25.560575]]}},{"type":"Feature","properties":{"rod":"BR376","trecho":"376BPR0458D","km_ini":598.5,"km_fim":601.5,"sentido":"ambos","de":"ENTR PR-421  (AV. DAS ARAUCÁRIAS)","para":"ENTR BR-476(A) (P/ARAUCÁRIA)","municipio":"","situacao":"DUP","pista":"Simples","resp":"DNIT","reg":"S.R. Leste","juris":"Federal"},"geometry":{"type":"LineString","coordinates":[[-49.332796,-25.522939],[-49.332716,-25.52314],[-49.328068,-25.5283],[-49.326751,-25.529571],[-49.325744,-25.530304],[-49.324651,-25.530948],[-49.318347,-25.533937],[-49.316395,-25.535121],[-49.315597,-25.535771],[-49.314809,-25.53654],[-49.311239,-25.540544]]}},{"type":"Feature","properties":{"rod":"BR376","trecho":"376BPR0458E","km_ini":598.5,"km_fim":601.5,"sentido":"ambos","de":"ENTR PR-421  (AV. DAS ARAUCÁRIAS)","para":"ENTR BR-476(A) (P/ARAUCÁRIA)","municipio":"","situacao":"DUP","pista":"Simples","resp":"DNIT","reg":"S.R. Leste","juris":"Federal"},"geometry":{"type":"LineString","coordinates":[[-49.332796,-25.522939],[-49.332577,-25.52306],[-49.327679,-25.528503],[-49.326687,-25.529433],[-49.325606,-25.53023],[-49.32443,-25.530914],[-49.318231,-25.533831],[-49.316608,-25.534763],[-49.315626,-25.535515],[-49.314719,-25.536377],[-49.311203,-25.540401],[-49.311239,-25.540544]]}},{"type":"Feature","properties":{"rod":"PR421","trecho":"421S0012EPR","km_ini":0.95,"km_fim":1.3,"sentido":"ambos","de":"DIVISA MUNICÍPIO CURITIBA/ARAUCÁRIA","para":"INÍCIO PISTA DUPLA - AV. DAS ARAUCÁRIAS","municipio":"Araucária","situacao":"PAV","pista":"Simples","resp":"DER SR1","reg":"S.R. Leste","juris":"Estadual"},"geometry":{"type":"LineString","coordinates":[[-49.340156,-25.527022],[-49.343272,-25.527912]]}}]}