{"type":"FeatureCollection","features":[{"type":"Feature","properties":{"alt":403.0,"mestra":false},"geometry":{"type":"LineString","coordinates":[[-49.295375,-24.927239],[-49.295365,-24.927252],[-49.295375,-24.927239]]}},{"type":"Feature","properties":{"alt":403.0,"mestra":false},"geometry":{"type":"LineString","coordinates":[[-49.295421,-24.927438],[-49.295423,-24.927453],[-49.295411,-24.927462],[-49.295408,-24.927444],[-49.295421,-24.927438]]}},{"type":"Feature","properties":{"alt":403.0,"mestra":false},"geometry":{"type":"LineString","coordinates":[[-49.294053,-24.928869],[-49.29407,-24.928881],[-49.294053,-24.928899],[-49.294038,-24.928881],[-49.294053,-24.928869]]}},{"type":"Feature","properties":{"alt":404.0,"mestra":false},"geometry":{"type":"LineString","coordinates":[[-49.295385,-24.92722],[-49.295413,-24.927257],[-49.295384,-24.927289],[-49.295355,-24.927289],[-49.295338,-24.927273],[-49.295338,-24.927247],[-49.295353,-24.927229],[-49.295385,-24.92722]]}},{"type":"Feature","properties":{"alt":404.0,"mestra":false},"geometry":{"type":"LineString","coordinates":[[-49.295412,-24.927395],[-49.295445,-24.927444],[-49.295431,-24.927483],[-49.295411,-24.927494],[-49.295388,-24.927479],[-49.295372,-24.927425],[-49.295383,-24.9274],[-49.295412,-24.927395]]}},{"type":"Feature","properties":{"alt":404.0,"mestra":false},"geometry":{"type":"LineString","coordinates":[[-49.29541,-24.92753],[-49.295415,-24.927551],[-49.29538,-24.927584],[-49.295375,-24.927541],[-49.295391,-24.927529],[-49.29541,-24.92753]]}},{"type":"Feature","properties":{"alt":404.0,"mestra":false},"geometry":{"type":"LineString","coordinates":[[-49.295271,-24.928403],[-49.295292,-24.928423],[-49.295234,-24.928458],[-49.295231,-24.928422],[-49.295271,-24.928403]]}},{"type":"Feature","properties":{"alt":404.0,"mestra":false},"geometry":{"type":"LineString","coordinates":[[-49.295183,-24.928426],[-49.295192,-24.928448],[-49.295163,-24.928468],[-49.295065,-24.928478],[-49.295035,-24.928464],[-49.295065,-24.928453],[-49.295124,-24.928453],[-49.295183,-24.928426]]}},{"type":"Feature","properties":{"alt":404.0,"mestra":false},"geometry":{"type":"LineString","coordinates":[[-49.294958,-24.928444],[-49.29499,-24.928473],[-49.294977,-24.928492],[-49.294869,-24.92851],[-49.29482,-24.928535],[-49.294779,-24.928524],[-49.294811,-24.928498],[-49.29486,-24.928495],[-49.294929,-24.928441],[-49.294958,-24.928444]]}},{"type":"Feature","properties":{"alt":404.0,"mestra":false},"geometry":{"type":"LineString","coordinates":[[-49.294682,-24.928592],[-49.294682,-24.928603],[-49.294604,-24.928673],[-49.294546,-24.928699],[-49.294551,-24.928664],[-49.29453,-24.928646],[-49.294594,-24.928641],[-49.294642,-24.928602],[-49.294682,-24.928592]]}},{"type":"Feature","properties":{"alt":404.0,"mestra":false},"geometry":{"type":"LineString","coordinates":[[-49.294388,-24.92867],[-49.294437,-24.928687],[-49.294495,-24.928675],[-49.294505,-24.928697],[-49.294397,-24.928714],[-49.294339,-24.92871],[-49.294358,-24.92867],[-49.294388,-24.92867]]}},{"type":"Feature","properties":{"alt":404.0,"mestra":false},"geometry":{"type":"LineString","coordinates":[[-49.294143,-24.928726],[-49.294142,-24.928798],[-49.294102,-24.928828],[-49.29408,-24.928899],[-49.293997,-24.928978],[-49.293953,-24.92904],[-49.293928,-24.929049],[-49.293946,-24.929022],[-49.293954,-24.928973],[-49.29399,-24.928925],[-49.294034,-24.92883],[-49.294143,-24.928726]]}},{"type":"Feature","properties":{"alt":404.0,"mestra":false},"geometry":{"type":"LineString","coordinates":[[-49.293903,-24.929136],[-49.29391,-24.929147],[-49.293892,-24.929189],[-49.293881,-24.929146],[-49.293903,-24.929136]]}},{"type":"Feature","properties":{"alt":404.0,"mestra":false},"geometry":{"type":"LineString","coordinates":[[-49.293882,-24.929212],[-49.293881,-24.929259],[-49.293852,-24.929286],[-49.293842,-24.929254],[-49.293882,-24.929212]]}},{"type":"Feature","properties":{"alt":405.0,"mestra":true},"geometry":{"type":"LineString","coordinates":[[-49.295395,-24.92721],[-49.295425,-24.927257],[-49.295392,-24.927336],[-49.295455,-24.927382],[-49.295466,-24.927444],[-49.29542,-24.92756],[-49.29538,-24.927606],[-49.295362,-24.927586],[-49.295361,-24.927497],[-49.295342,-24.927425],[-49.295347,-24.927389],[-49.295371,-24.927345],[-49.295319,-24.927309],[-49.295315,-24.927291],[-49.295336,-24.92723],[-49.295395,-24.92721]]}},{"type":"Feature","properties":{"alt":405.0,"mestra":true},"geometry":{"type":"LineString","coordinates":[[-49.295372,-24.928183],[-49.295372,-24.928183]]}},{"type":"Feature","properties":{"alt":405.0,"mestra":true},"geometry":{"type":"LineString","coordinates":[[-49.295389,-24.928371],[-49.295395,-24.928388],[-49.295379,-24.928416],[-49.295251,-24.928492],[-49.295036,-24.92849],[-49.294969,-24.928517],[-49.294879,-24.928526],[-49.294839,-24.928557],[-49.294771,-24.928545],[-49.294613,-24.92869],[-49.294569,-24.928708],[-49.294495,-24.928709],[-49.294407,-24.928729],[-49.294317,-24.928723],[-49.294349,-24.928661],[-49.294378,-24.928644],[-49.294437,-24.928637],[-49.294476,-24.928646],[-49.294517,-24.928628],[-49.294584,-24.928624],[-49.294692,-24.928575],[-49.294801,-24.928487],[-49.29485,-24.928485],[-49.294928,-24.928427],[-49.295007,-24.92846],[-49.295075,-24.928441],[-49.295124,-24.928442],[-49.295193,-24.928398],[-49.295272,-24.928382],[-49.29532,-24.928401],[-49.295389,-24.928371]]}},{"type":"Feature","properties":{"alt":405.0,"mestra":true},"geometry":{"type":"LineString","coordinates":[[-49.294525,-24.928662],[-49.294513,-24.928672],[-49.294525,-24.928687],[-49.294542,-24.928673],[-49.294525,-24.928662]]}},{"type":"Feature","properties":{"alt":405.0,"mestra":true},"geometry":{"type":"LineString","coordinates":[[-49.294153,-24.928709],[-49.294173,-24.928766],[-49.294167,-24.928793],[-49.294112,-24.928848],[-49.294082,-24.928916],[-49.294012,-24.928987],[-49.293992,-24.929039],[-49.293952,-24.929092],[-49.293942,-24.929067],[-49.293918,-24.929058],[-49.293909,-24.92904],[-49.293944,-24.92896],[-49.294009,-24.928854],[-49.294012,-24.928809],[-49.294133,-24.928711],[-49.294153,-24.928709]]}},{"type":"Feature","properties":{"alt":405.0,"mestra":true},"geometry":{"type":"LineString","coordinates":[[-49.293893,-24.929128],[-49.293932,-24.92913],[-49.293936,-24.929138],[-49.293897,-24.929262],[-49.293851,-24.92934],[-49.293831,-24.929324],[-49.293821,-24.929252],[-49.293859,-24.929199],[-49.293862,-24.929146],[-49.293893,-24.929128]]}},{"type":"Feature","properties":{"alt":405.0,"mestra":true},"geometry":{"type":"LineString","coordinates":[[-49.294742,-24.929225],[-49.29471,-24.929263],[-49.294667,-24.929289],[-49.294613,-24.929393],[-49.294603,-24.929389],[-49.294584,-24.929355],[-49.294617,-24.929333],[-49.294618,-24.929279],[-49.294689,-24.929227],[-49.294742,-24.929225]]}},{"type":"Feature","properties":{"alt":405.0,"mestra":true},"geometry":{"type":"LineString","coordinates":[[-49.295025,-24.929256],[-49.295041,-24.929284],[-49.295034,-24.929295],[-49.295006,-24.929275],[-49.295011,-24.929257],[-49.295025,-24.929256]]}},{"type":"Feature","properties":{"alt":405.0,"mestra":true},"geometry":{"type":"LineString","coordinates":[[-49.294612,-24.929402],[-49.294622,-24.929413],[-49.29461,-24.929413],[-49.294612,-24.929402]]}},{"type":"Feature","properties":{"alt":405.0,"mestra":true},"geometry":{"type":"LineString","coordinates":[[-49.294513,-24.9295],[-49.294537,-24.929528],[-49.294484,-24.929563],[-49.294424,-24.929569],[-49.294385,-24.929562],[-49.29415,-24.929612],[-49.29406,-24.929665],[-49.294032,-24.929704],[-49.293952,-24.929709],[-49.293927,-24.929681],[-49.293925,-24.929647],[-49.293954,-24.929654],[-49.293993,-24.929642],[-49.294063,-24.929585],[-49.294151,-24.929556],[-49.29421,-24.929555],[-49.294259,-24.929525],[-49.294288,-24.929527],[-49.294357,-24.929508],[-49.294513,-24.9295]]}},{"type":"Feature","properties":{"alt":405.0,"mestra":true},"geometry":{"type":"LineString","coordinates":[[-49.293897,-24.929579],[-49.293918,-24.92961],[-49.293923,-24.929646],[-49.293886,-24.929628],[-49.293881,-24.929592],[-49.293897,-24.929579]]}},{"type":"Feature","properties":{"alt":406.0,"mestra":false},"geometry":{"type":"LineString","coordinates":[[-49.294856,-24.926607],[-49.294869,-24.926618],[-49.294883,-24.926671],[-49.294854,-24.926732],[-49.294841,-24.926715],[-49.29484,-24.926626],[-49.294856,-24.926607]]}},{"type":"Feature","properties":{"alt":406.0,"mestra":false},"geometry":{"type":"LineString","coordinates":[[-49.295395,-24.927191],[-49.295432,-24.927248],[-49.295439,-24.927319],[-49.295495,-24.927373],[-49.295502,-24.927427],[-49.295399,-24.927604],[-49.29537,-24.927625],[-49.295351,-24.927603],[-49.295319,-24.927452],[-49.29532,-24.927362],[-49.295296,-24.927309],[-49.295324,-24.927229],[-49.295395,-24.927191]]}},{"type":"Feature","properties":{"alt":406.0,"mestra":false},"geometry":{"type":"LineString","coordinates":[[-49.295369,-24.927671],[-49.295373,-24.927684],[-49.295359,-24.927687],[-49.295369,-24.927671]]}},{"type":"Feature","properties":{"alt":406.0,"mestra":false},"geometry":{"type":"LineString","coordinates":[[-49.29533,-24.927717],[-49.29533,-24.927717]]}},{"type":"Feature","properties":{"alt":406.0,"mestra":false},"geometry":{"type":"LineString","coordinates":[[-49.295372,-24.928163],[-49.295396,-24.928174],[-49.295392,-24.92819],[-49.295352,-24.928221],[-49.29532,-24.928227],[-49.295326,-24.928191],[-49.295353,-24.928164],[-49.295372,-24.928163]]}},{"type":"Feature","properties":{"alt":406.0,"mestra":false},"geometry":{"type":"LineString","coordinates":[[-49.295136,-24.928261],[-49.295136,-24.928278],[-49.295136,-24.928261]]}},{"type":"Feature","properties":{"alt":406.0,"mestra":false},"geometry":{"type":"LineString","coordinates":[[-49.295341,-24.928332],[-49.2954,-24.928361],[-49.295396,-24.928406],[-49.295378,-24.928428],[-49.29525,-24.928509],[-49.295182,-24.928503],[-49.295133,-24.928512],[-49.295094,-24.9285],[-49.295045,-24.928519],[-49.294888,-24.928536],[-49.294849,-24.928576],[-49.294781,-24.928554],[-49.294715,-24.928603],[-49.294687,-24.928683],[-49.294622,-24.928713],[-49.294553,-24.928723],[-49.294495,-24.928715],[-49.294436,-24.928728],[-49.294406,-24.928747],[-49.294358,-24.928733],[-49.294338,-24.928741],[-49.294328,-24.928768],[-49.294308,-24.92877],[-49.294309,-24.928706],[-49.294349,-24.928652],[-49.294379,-24.928633],[-49.294486,-24.928615],[-49.294584,-24.928614],[-49.294683,-24.928574],[-49.294791,-24.928485],[-49.29485,-24.928471],[-49.294919,-24.928421],[-49.294978,-24.92843],[-49.295007,-24.928447],[-49.295085,-24.92843],[-49.295124,-24.928434],[-49.29515,-24.928421],[-49.295184,-24.928383],[-49.295223,-24.92838],[-49.295243,-24.928358],[-49.295272,-24.928362],[-49.295341,-24.928332]]}},{"type":"Feature","properties":{"alt":406.0,"mestra":false},"geometry":{"type":"LineString","coordinates":[[-49.295054,-24.928586],[-49.295078,-24.928625],[-49.295053,-24.928665],[-49.295021,-24.928625],[-49.295033,-24.928598],[-49.295054,-24.928586]]}},{"type":"Feature","properties":{"alt":406.0,"mestra":false},"geometry":{"type":"LineString","coordinates":[[-49.294153,-24.928701],[-49.294182,-24.928753],[-49.294201,-24.928761],[-49.29425,-24.928752],[-49.294275,-24.928767],[-49.294275,-24.928785],[-49.294259,-24.928802],[-49.29422,-24.928788],[-49.294191,-24.928796],[-49.294121,-24.928859],[-49.294097,-24.928917],[-49.294042,-24.928979],[-49.293976,-24.929085],[-49.293918,-24.929218],[-49.293911,-24.929262],[-49.293883,-24.929289],[-49.293876,-24.929333],[-49.293861,-24.929353],[-49.293851,-24.92935],[-49.293822,-24.929324],[-49.293809,-24.929243],[-49.293845,-24.929199],[-49.293848,-24.929146],[-49.293874,-24.929124],[-49.293913,-24.929126],[-49.293932,-24.929111],[-49.293938,-24.929076],[-49.29391,-24.929057],[-49.293902,-24.929031],[-49.293929,-24.92896],[-49.293998,-24.928853],[-49.293989,-24.928827],[-49.293995,-24.92879],[-49.294027,-24.928782],[-49.294094,-24.928741],[-49.294133,-24.928702],[-49.294153,-24.928701]]}},{"type":"Feature","properties":{"alt":406.0,"mestra":false},"geometry":{"type":"LineString","coordinates":[[-49.29471,-24.92872],[-49.294719,-24.928746],[-49.2947,-24.928754],[-49.294689,-24.928737],[-49.29471,-24.92872]]}},{"type":"Feature","properties":{"alt":406.0,"mestra":false},"geometry":{"type":"LineString","coordinates":[[-49.294631,-24.928756],[-49.294629,-24.928772],[-49.294611,-24.928771],[-49.294612,-24.928761],[-49.294631,-24.928756]]}},{"type":"Feature","properties":{"alt":406.0,"mestra":false},"geometry":{"type":"LineString","coordinates":[[-49.294387,-24.928766],[-49.294395,-24.928769],[-49.294386,-24.928779],[-49.294387,-24.928766]]}},{"type":"Feature","properties":{"alt":406.0,"mestra":false},"geometry":{"type":"LineString","coordinates":[[-49.29484,-24.929182],[-49.294908,-24.929208],[-49.294937,-24.929233],[-49.294957,-24.929226],[-49.294977,-24.929194],[-49.295035,-24.929204],[-49.295065,-24.92922],[-49.295136,-24.929223],[-49.295191,-24.929262],[-49.29525,-24.929246],[-49.295279,-24.929251],[-49.295302,-24.929269],[-49.295297,-24.929305],[-49.295193,-24.929357],[-49.295189,-24.929379],[-49.29517,-24.92938],[-49.295053,-24.929358],[-49.294976,-24.92928],[-49.294917,-24.929271],[-49.294897,-24.929283],[-49.294886,-24.929309],[-49.294819,-24.929337],[-49.29475,-24.929383],[-49.294692,-24.929327],[-49.294677,-24.929342],[-49.294662,-24.929396],[-49.294633,-24.929431],[-49.294612,-24.92944],[-49.294574,-24.929422],[-49.294574,-24.929386],[-49.294557,-24.929341],[-49.294585,-24.929279],[-49.294684,-24.929206],[-49.294723,-24.9292],[-49.294781,-24.929215],[-49.294806,-24.929184],[-49.29484,-24.929182]]}},{"type":"Feature","properties":{"alt":406.0,"mestra":false},"geometry":{"type":"LineString","coordinates":[[-49.29484,-24.929236],[-49.294761,-24.929248],[-49.294733,-24.92929],[-49.294739,-24.929308],[-49.29477,-24.929319],[-49.294815,-24.929308],[-49.294853,-24.929264],[-49.294855,-24.929246],[-49.29484,-24.929236]]}},{"type":"Feature","properties":{"alt":406.0,"mestra":false},"geometry":{"type":"LineString","coordinates":[[-49.294438,-24.929294],[-49.294442,-24.929322],[-49.294418,-24.929329],[-49.294418,-24.929306],[-49.294438,-24.929294]]}},{"type":"Feature","properties":{"alt":406.0,"mestra":false},"geometry":{"type":"LineString","coordinates":[[-49.294388,-24.92935],[-49.294392,-24.929375],[-49.294368,-24.929382],[-49.294359,-24.929365],[-49.294388,-24.92935]]}},{"type":"Feature","properties":{"alt":406.0,"mestra":false},"geometry":{"type":"LineString","coordinates":[[-49.294377,-24.929437],[-49.294387,-24.929473],[-49.294406,-24.929488],[-49.294523,-24.929493],[-49.294567,-24.929537],[-49.294564,-24.929555],[-49.294483,-24.929582],[-49.294424,-24.929585],[-49.294385,-24.929574],[-49.294258,-24.929624],[-49.29412,-24.929646],[-49.294061,-24.929739],[-49.293934,-24.929714],[-49.293905,-24.929656],[-49.29388,-24.929636],[-49.293875,-24.929583],[-49.2939,-24.92953],[-49.293946,-24.929516],[-49.293956,-24.929522],[-49.293956,-24.92955],[-49.293946,-24.929562],[-49.293916,-24.929561],[-49.293913,-24.929574],[-49.293937,-24.929628],[-49.293964,-24.929637],[-49.293994,-24.929625],[-49.294063,-24.929566],[-49.294151,-24.929539],[-49.29421,-24.929541],[-49.294249,-24.929505],[-49.294288,-24.929513],[-49.294326,-24.929499],[-49.294359,-24.929473],[-49.294348,-24.929437],[-49.294377,-24.929437]]}},{"type":"Feature","properties":{"alt":407.0,"mestra":false},"geometry":{"type":"LineString","coordinates":[[-49.294886,-24.926581],[-49.294922,-24.926591],[-49.294928,-24.926609],[-49.294875,-24.926742],[-49.294844,-24.926758],[-49.294824,-24.926733],[-49.294823,-24.926617],[-49.294847,-24.926583],[-49.294886,-24.926581]]}},{"type":"Feature","properties":{"alt":407.0,"mestra":false},"geometry":{"type":"LineString","coordinates":[[-49.295396,-24.927173],[-49.295437,-24.927239],[-49.295456,-24.92731],[-49.295512,-24.927374],[-49.29552,-24.927427],[-49.295481,-24.927498],[-49.295415,-24.927577],[-49.295384,-24.927639],[-49.295392,-24.927684],[-49.295382,-24.927737],[-49.29541,-24.927747],[-49.295387,-24.927779],[-49.295358,-24.927785],[-49.295309,-24.927767],[-49.295291,-24.927745],[-49.295297,-24.927701],[-49.295333,-24.927639],[-49.29533,-24.927568],[-49.295298,-24.927469],[-49.295299,-24.927371],[-49.295284,-24.927317],[-49.295293,-24.927264],[-49.295311,-24.927229],[-49.295366,-24.927206],[-49.295386,-24.927173],[-49.295396,-24.927173]]}},{"type":"Feature","properties":{"alt":407.0,"mestra":false},"geometry":{"type":"LineString","coordinates":[[-49.295327,-24.927923],[-49.295402,-24.927952],[-49.295387,-24.927987],[-49.295365,-24.928002],[-49.295282,-24.927968],[-49.295327,-24.927923]]}},{"type":"Feature","properties":{"alt":407.0,"mestra":false},"geometry":{"type":"LineString","coordinates":[[-49.295364,-24.928049],[-49.295387,-24.928058],[-49.295376,-24.928076],[-49.295354,-24.928084],[-49.295324,-24.928075],[-49.295323,-24.928058],[-49.295335,-24.928049],[-49.295364,-24.928049]]}},{"type":"Feature","properties":{"alt":407.0,"mestra":false},"geometry":{"type":"LineString","coordinates":[[-49.295363,-24.928143],[-49.295402,-24.928171],[-49.295401,-24.928187],[-49.295352,-24.928237],[-49.295293,-24.928266],[-49.295284,-24.928244],[-49.295296,-24.928191],[-49.295343,-24.928145],[-49.295363,-24.928143]]}},{"type":"Feature","properties":{"alt":407.0,"mestra":false},"geometry":{"type":"LineString","coordinates":[[-49.295147,-24.92823],[-49.295159,-24.928261],[-49.295146,-24.928294],[-49.295126,-24.928303],[-49.295109,-24.928287],[-49.295111,-24.928251],[-49.295123,-24.928234],[-49.295147,-24.92823]]}},{"type":"Feature","properties":{"alt":407.0,"mestra":false},"geometry":{"type":"LineString","coordinates":[[-49.295331,-24.928303],[-49.295417,-24.928362],[-49.2954,-24.928415],[-49.295247,-24.928529],[-49.29524,-24.928579],[-49.295221,-24.928609],[-49.29518,-24.928635],[-49.295121,-24.928639],[-49.295062,-24.92868],[-49.295013,-24.928688],[-49.294974,-24.928711],[-49.294954,-24.928699],[-49.294935,-24.928659],[-49.294906,-24.928658],[-49.294887,-24.928643],[-49.294867,-24.928645],[-49.294838,-24.928672],[-49.294792,-24.928666],[-49.294794,-24.92864],[-49.29484,-24.928596],[-49.29478,-24.928564],[-49.294723,-24.928603],[-49.294709,-24.928648],[-49.29472,-24.928672],[-49.294769,-24.928681],[-49.294789,-24.928711],[-49.294719,-24.928773],[-49.29467,-24.92877],[-49.294611,-24.928787],[-49.294587,-24.928771],[-49.294573,-24.92874],[-49.294495,-24.928721],[-49.294432,-24.928743],[-49.294396,-24.928802],[-49.294357,-24.928781],[-49.294338,-24.928785],[-49.294307,-24.928838],[-49.294278,-24.928832],[-49.294249,-24.928844],[-49.29422,-24.928811],[-49.294181,-24.928818],[-49.294157,-24.928846],[-49.29414,-24.928923],[-49.294088,-24.928944],[-49.294027,-24.929059],[-49.29399,-24.929085],[-49.293979,-24.92913],[-49.294002,-24.929201],[-49.293999,-24.92921],[-49.293941,-24.929227],[-49.293938,-24.929263],[-49.293891,-24.929289],[-49.293893,-24.929325],[-49.293878,-24.92936],[-49.293887,-24.929387],[-49.29387,-24.929387],[-49.293855,-24.92936],[-49.293818,-24.929333],[-49.293794,-24.929243],[-49.29383,-24.929208],[-49.293827,-24.929163],[-49.293843,-24.929137],[-49.293874,-24.929117],[-49.293913,-24.929122],[-49.293927,-24.929111],[-49.29393,-24.929075],[-49.293904,-24.929057],[-49.293891,-24.92903],[-49.293896,-24.928977],[-49.293979,-24.928853],[-49.293974,-24.928826],[-49.293996,-24.928754],[-49.294074,-24.928744],[-49.294143,-24.928694],[-49.294162,-24.928704],[-49.294191,-24.928747],[-49.29426,-24.928739],[-49.294279,-24.928748],[-49.294349,-24.928645],[-49.294377,-24.928626],[-49.294447,-24.92862],[-49.294496,-24.928603],[-49.294575,-24.928608],[-49.294673,-24.928574],[-49.294791,-24.928479],[-49.29491,-24.928414],[-49.294988,-24.928421],[-49.295017,-24.928438],[-49.295085,-24.92842],[-49.295134,-24.928422],[-49.295164,-24.928369],[-49.295214,-24.928324],[-49.295292,-24.928327],[-49.295331,-24.928303]]}},{"type":"Feature","properties":{"alt":407.0,"mestra":false},"geometry":{"type":"LineString","coordinates":[[-49.295192,-24.928519],[-49.295162,-24.928519],[-49.295123,-24.928538],[-49.295094,-24.928526],[-49.295075,-24.928545],[-49.295077,-24.928572],[-49.295122,-24.928601],[-49.295142,-24.928597],[-49.295198,-24.928555],[-49.295209,-24.928529],[-49.295192,-24.928519]]}},{"type":"Feature","properties":{"alt":407.0,"mestra":false},"geometry":{"type":"LineString","coordinates":[[-49.294986,-24.928553],[-49.294954,-24.928561],[-49.294951,-24.928579],[-49.294966,-24.928594],[-49.294985,-24.92858],[-49.294986,-24.928553]]}},{"type":"Feature","properties":{"alt":407.0,"mestra":false},"geometry":{"type":"LineString","coordinates":[[-49.294898,-24.928551],[-49.294884,-24.928561],[-49.294878,-24.928596],[-49.294897,-24.928622],[-49.294922,-24.928597],[-49.294914,-24.928561],[-49.294898,-24.928551]]}},{"type":"Feature","properties":{"alt":407.0,"mestra":false},"geometry":{"type":"LineString","coordinates":[[-49.294895,-24.928751],[-49.294898,-24.928766],[-49.294875,-24.928787],[-49.294855,-24.928793],[-49.294838,-24.928783],[-49.294834,-24.928765],[-49.294846,-24.92875],[-49.294895,-24.928751]]}},{"type":"Feature","properties":{"alt":407.0,"mestra":false},"geometry":{"type":"LineString","coordinates":[[-49.29484,-24.929174],[-49.294937,-24.929225],[-49.294977,-24.92918],[-49.295065,-24.92921],[-49.295133,-24.929209],[-49.295191,-24.92925],[-49.29525,-24.929228],[-49.295289,-24.929234],[-49.295328,-24.929249],[-49.295347,-24.929279],[-49.295308,-24.929332],[-49.295257,-24.929349],[-49.295218,-24.929404],[-49.295043,-24.929376],[-49.29497,-24.929292],[-49.294937,-24.929284],[-49.294913,-24.929292],[-49.294897,-24.929327],[-49.294826,-24.929353],[-49.294802,-24.929388],[-49.294749,-24.929419],[-49.294739,-24.929422],[-49.294729,-24.929388],[-49.294701,-24.929367],[-49.294622,-24.929447],[-49.294555,-24.929421],[-49.294549,-24.929386],[-49.294514,-24.92935],[-49.294555,-24.929279],[-49.294614,-24.929253],[-49.294632,-24.929217],[-49.294667,-24.9292],[-49.294723,-24.929189],[-49.294772,-24.929205],[-49.294795,-24.929174],[-49.29484,-24.929174]]}},{"type":"Feature","properties":{"alt":407.0,"mestra":false},"geometry":{"type":"LineString","coordinates":[[-49.294781,-24.929266],[-49.294768,-24.929272],[-49.294768,-24.92929],[-49.29479,-24.929294],[-49.294794,-24.929281],[-49.294781,-24.929266]]}},{"type":"Feature","properties":{"alt":407.0,"mestra":false},"geometry":{"type":"LineString","coordinates":[[-49.294263,-24.929263],[-49.29432,-24.929345],[-49.294379,-24.929325],[-49.294419,-24.929282],[-49.294455,-24.929286],[-49.29447,-24.929322],[-49.294457,-24.92935],[-49.294432,-24.929366],[-49.294438,-24.929402],[-49.294397,-24.929399],[-49.29439,-24.929419],[-49.294416,-24.929469],[-49.294523,-24.929485],[-49.294586,-24.929538],[-49.294591,-24.929563],[-49.294384,-24.929636],[-49.294346,-24.92962],[-49.294287,-24.929632],[-49.294208,-24.929688],[-49.294129,-24.929718],[-49.29409,-24.929722],[-49.29405,-24.929773],[-49.294021,-24.929742],[-49.293982,-24.929742],[-49.293934,-24.929724],[-49.293872,-24.929636],[-49.293868,-24.929583],[-49.293886,-24.92953],[-49.293956,-24.929507],[-49.293972,-24.92953],[-49.293975,-24.929569],[-49.294004,-24.929557],[-49.294034,-24.929571],[-49.294073,-24.929533],[-49.294132,-24.929511],[-49.294152,-24.929511],[-49.294181,-24.929532],[-49.294209,-24.929524],[-49.294212,-24.929489],[-49.29423,-24.929453],[-49.294202,-24.929408],[-49.294182,-24.9294],[-49.294133,-24.929412],[-49.294092,-24.929363],[-49.294105,-24.92935],[-49.294144,-24.929345],[-49.294212,-24.92939],[-49.294258,-24.929382],[-49.294276,-24.929347],[-49.294203,-24.929304],[-49.294193,-24.929336],[-49.294173,-24.929342],[-49.294155,-24.929292],[-49.294165,-24.929281],[-49.294204,-24.929285],[-49.294243,-24.92926],[-49.294263,-24.929263]]}},{"type":"Feature","properties":{"alt":407.0,"mestra":false},"geometry":{"type":"LineString","coordinates":[[-49.29431,-24.929364],[-49.294267,-24.929391],[-49.294278,-24.929427],[-49.294269,-24.929463],[-49.294299,-24.92949],[-49.294309,-24.929481],[-49.294317,-24.929427],[-49.294339,-24.929401],[-49.29431,-24.929364]]}},{"type":"Feature","properties":{"alt":407.0,"mestra":false},"geometry":{"type":"LineString","coordinates":[[-49.295492,-24.929396],[-49.295492,-24.929396]]}},{"type":"Feature","properties":{"alt":407.0,"mestra":false},"geometry":{"type":"LineString","coordinates":[[-49.295433,-24.929403],[-49.29544,-24.929414],[-49.295413,-24.929475],[-49.295403,-24.929476],[-49.295378,-24.929449],[-49.295382,-24.929422],[-49.295404,-24.929396],[-49.295433,-24.929403]]}},{"type":"Feature","properties":{"alt":407.0,"mestra":false},"geometry":{"type":"LineString","coordinates":[[-49.293919,-24.9294],[-49.293928,-24.929432],[-49.293899,-24.929433],[-49.293899,-24.929405],[-49.293919,-24.9294]]}},{"type":"Feature","properties":{"alt":407.0,"mestra":false},"geometry":{"type":"LineString","coordinates":[[-49.294385,-24.929587],[-49.294371,-24.929597],[-49.294385,-24.929611],[-49.294396,-24.929598],[-49.294385,-24.929587]]}},{"type":"Feature","properties":{"alt":407.0,"mestra":false},"geometry":{"type":"LineString","coordinates":[[-49.293975,-24.929578],[-49.293943,-24.929601],[-49.293955,-24.929624],[-49.293984,-24.929611],[-49.293975,-24.929578]]}},{"type":"Feature","properties":{"alt":407.0,"mestra":false},"geometry":{"type":"LineString","coordinates":[[-49.294642,-24.931541],[-49.294661,-24.931561],[-49.294752,-24.931598],[-49.294768,-24.931616],[-49.294729,-24.931622],[-49.294631,-24.931579],[-49.294533,-24.9316],[-49.294514,-24.931588],[-49.294573,-24.93155],[-49.294642,-24.931541]]}},{"type":"Feature","properties":{"alt":407.0,"mestra":false},"geometry":{"type":"LineString","coordinates":[[-49.295179,-24.931576],[-49.295257,-24.931581],[-49.295273,-24.931595],[-49.295268,-24.931622],[-49.295246,-24.93164],[-49.295217,-24.931639],[-49.295206,-24.931603],[-49.295188,-24.931591],[-49.295156,-24.931621],[-49.295122,-24.931611],[-49.29514,-24.931579],[-49.295179,-24.931576]]}},{"type":"Feature","properties":{"alt":407.0,"mestra":false},"geometry":{"type":"LineString","coordinates":[[-49.295071,-24.9316],[-49.295099,-24.93162],[-49.295071,-24.931637],[-49.295031,-24.931637],[-49.295024,-24.931628],[-49.295042,-24.931602],[-49.295071,-24.9316]]}},{"type":"Feature","properties":{"alt":408.0,"mestra":false},"geometry":{"type":"LineString","coordinates":[[-49.295354,-24.931643],[-49.295265,-24.931673],[-49.295168,-24.931683],[-49.295128,-24.931698],[-49.295099,-24.931661],[-49.294992,-24.931655],[-49.294982,-24.931645],[-49.295032,-24.931588],[-49.295052,-24.93158],[-49.2951,-24.931589],[-49.29512,-24.931568],[-49.295177,-24.931541],[-49.295218,-24.931497],[-49.295288,-24.931461],[-49.295313,-24.931462],[-49.295365,-24.931504]]}},{"type":"Feature","properties":{"alt":408.0,"mestra":false},"geometry":{"type":"LineString","coordinates":[[-49.294584,-24.926533],[-49.294594,-24.926543],[-49.294573,-24.926566],[-49.294569,-24.926543],[-49.294584,-24.926533]]}},{"type":"Feature","properties":{"alt":408.0,"mestra":false},"geometry":{"type":"LineString","coordinates":[[-49.294906,-24.926554],[-49.294942,-24.926583],[-49.294944,-24.926618],[-49.294904,-24.926689],[-49.294883,-24.926759],[-49.294844,-24.926776],[-49.29482,-24.92676],[-49.29481,-24.926733],[-49.294811,-24.926608],[-49.294847,-24.926555],[-49.294906,-24.926554]]}},{"type":"Feature","properties":{"alt":408.0,"mestra":false},"geometry":{"type":"LineString","coordinates":[[-49.29524,-24.927096],[-49.295269,-24.927143],[-49.29521,-24.92718],[-49.29519,-24.92718],[-49.295173,-24.927156],[-49.295174,-24.927138],[-49.295221,-24.927099],[-49.29524,-24.927096]]}},{"type":"Feature","properties":{"alt":408.0,"mestra":false},"geometry":{"type":"LineString","coordinates":[[-49.295386,-24.927156],[-49.295415,-24.927178],[-49.295462,-24.927294],[-49.29552,-24.927365],[-49.295534,-24.927427],[-49.295494,-24.927498],[-49.295416,-24.927586],[-49.295399,-24.927657],[-49.295409,-24.927711],[-49.295437,-24.927738],[-49.295434,-24.927756],[-49.295397,-24.927802],[-49.295338,-24.92782],[-49.29529,-24.927776],[-49.295278,-24.927745],[-49.295302,-24.927576],[-49.295276,-24.927469],[-49.295274,-24.927317],[-49.295288,-24.927237],[-49.295307,-24.927218],[-49.295365,-24.927202],[-49.295375,-24.927185],[-49.295369,-24.927158],[-49.295386,-24.927156]]}},{"type":"Feature","properties":{"alt":408.0,"mestra":false},"geometry":{"type":"LineString","coordinates":[[-49.295204,-24.927582],[-49.295207,-24.927602],[-49.295184,-24.927617],[-49.295178,-24.927593],[-49.295204,-24.927582]]}},{"type":"Feature","properties":{"alt":408.0,"mestra":false},"geometry":{"type":"LineString","coordinates":[[-49.295475,-24.927788],[-49.295475,-24.927819],[-49.29544,-24.927854],[-49.295436,-24.927925],[-49.295401,-24.928014],[-49.295405,-24.928067],[-49.29536,-24.928111],[-49.295408,-24.928183],[-49.295339,-24.928272],[-49.295405,-24.928344],[-49.29544,-24.928362],[-49.295418,-24.928382],[-49.295398,-24.928433],[-49.295262,-24.928529],[-49.295228,-24.928618],[-49.29519,-24.928646],[-49.295141,-24.928645],[-49.295102,-24.928658],[-49.295066,-24.928687],[-49.295013,-24.928707],[-49.294978,-24.928749],[-49.294934,-24.928742],[-49.294865,-24.928798],[-49.294836,-24.928794],[-49.294812,-24.928774],[-49.294817,-24.928739],[-49.294807,-24.928733],[-49.294729,-24.928784],[-49.29468,-24.928787],[-49.29465,-24.928804],[-49.294582,-24.928793],[-49.294553,-24.928751],[-49.294504,-24.928726],[-49.294485,-24.928729],[-49.294436,-24.92876],[-49.294424,-24.928814],[-49.294436,-24.92885],[-49.294417,-24.928867],[-49.29443,-24.928885],[-49.294404,-24.928902],[-49.294385,-24.928899],[-49.294327,-24.928855],[-49.294297,-24.928875],[-49.294229,-24.928887],[-49.294219,-24.928874],[-49.29422,-24.92883],[-49.29419,-24.928826],[-49.294166,-24.928855],[-49.294173,-24.928936],[-49.294101,-24.928953],[-49.294092,-24.928979],[-49.294099,-24.929039],[-49.29406,-24.929037],[-49.29405,-24.929084],[-49.294011,-24.929082],[-49.294,-24.929103],[-49.29401,-24.929118],[-49.29404,-24.929112],[-49.294048,-24.929121],[-49.294042,-24.929157],[-49.294051,-24.929166],[-49.294107,-24.92918],[-49.294136,-24.929256],[-49.294175,-24.929262],[-49.294243,-24.929233],[-49.294263,-24.929235],[-49.2943,-24.929303],[-49.29433,-24.929322],[-49.294379,-24.929313],[-49.294429,-24.92927],[-49.294506,-24.929308],[-49.294534,-24.92927],[-49.294605,-24.929244],[-49.294615,-24.929207],[-49.294713,-24.929181],[-49.294762,-24.929197],[-49.294782,-24.929171],[-49.294811,-24.929162],[-49.294938,-24.929219],[-49.294977,-24.929173],[-49.295075,-24.929206],[-49.295133,-24.929201],[-49.295191,-24.929244],[-49.29525,-24.929222],[-49.295337,-24.929234],[-49.295367,-24.929279],[-49.295325,-24.929341],[-49.295268,-24.929363],[-49.295233,-24.929411],[-49.295111,-24.929408],[-49.294988,-24.929373],[-49.294936,-24.9293],[-49.294925,-24.929328],[-49.294897,-24.929352],[-49.294857,-24.929362],[-49.294826,-24.929398],[-49.294779,-24.929411],[-49.294749,-24.929433],[-49.294729,-24.92943],[-49.29472,-24.929389],[-49.294701,-24.92938],[-49.294641,-24.929443],[-49.294612,-24.929456],[-49.294534,-24.929421],[-49.294515,-24.929396],[-49.294456,-24.929433],[-49.294426,-24.929437],[-49.294426,-24.929448],[-49.294523,-24.929478],[-49.294616,-24.929547],[-49.29461,-24.929576],[-49.294492,-24.929637],[-49.294443,-24.929648],[-49.294394,-24.929674],[-49.294345,-24.929635],[-49.294306,-24.929642],[-49.294292,-24.929668],[-49.294336,-24.929713],[-49.294305,-24.929757],[-49.294276,-24.929714],[-49.294237,-24.929697],[-49.294178,-24.929708],[-49.294109,-24.929738],[-49.29406,-24.929802],[-49.29403,-24.929793],[-49.294011,-24.929768],[-49.293943,-24.929741],[-49.293916,-24.929717],[-49.293866,-24.929642],[-49.293863,-24.929583],[-49.293878,-24.929529],[-49.293956,-24.929493],[-49.293995,-24.929541],[-49.294034,-24.929534],[-49.294063,-24.929514],[-49.294067,-24.929469],[-49.294061,-24.92946],[-49.29401,-24.929451],[-49.294035,-24.929478],[-49.294025,-24.929503],[-49.294001,-24.929486],[-49.293991,-24.92945],[-49.293957,-24.929429],[-49.293951,-24.92945],[-49.293961,-24.929468],[-49.293947,-24.929472],[-49.293937,-24.92945],[-49.293889,-24.929433],[-49.293885,-24.929405],[-49.293806,-24.929324],[-49.293774,-24.929234],[-49.293817,-24.929199],[-49.293811,-24.929163],[-49.293827,-24.929119],[-49.29382,-24.929101],[-49.293835,-24.929115],[-49.293903,-24.92912],[-49.293923,-24.929112],[-49.293928,-24.929093],[-49.293923,-24.929075],[-49.293855,-24.929003],[-49.293869,-24.928977],[-49.293837,-24.928947],[-49.293843,-24.928914],[-49.293892,-24.928861],[-49.293936,-24.928862],[-49.293951,-24.928853],[-49.293973,-24.928809],[-49.293982,-24.928746],[-49.294006,-24.928726],[-49.294074,-24.928738],[-49.294143,-24.928689],[-49.294201,-24.928743],[-49.29428,-24.928729],[-49.294369,-24.928623],[-49.294447,-24.928614],[-49.294497,-24.928595],[-49.294584,-24.928599],[-49.294673,-24.928571],[-49.294801,-24.928465],[-49.294893,-24.928409],[-49.294988,-24.928402],[-49.295017,-24.928427],[-49.295076,-24.928406],[-49.295128,-24.928412],[-49.295136,-24.928385],[-49.295126,-24.928367],[-49.295078,-24.928358],[-49.295086,-24.92834],[-49.295126,-24.928343],[-49.295132,-24.928332],[-49.295097,-24.928317],[-49.295082,-24.928295],[-49.295088,-24.928233],[-49.295157,-24.928202],[-49.29518,-24.928234],[-49.295159,-24.928287],[-49.295164,-24.928314],[-49.295248,-24.928297],[-49.295275,-24.928191],[-49.295314,-24.928129],[-49.295271,-24.928093],[-49.295235,-24.928083],[-49.295214,-24.928056],[-49.295214,-24.928039],[-49.295241,-24.928012],[-49.295253,-24.927968],[-49.295308,-24.92789],[-49.295337,-24.927881],[-49.295366,-24.927913],[-49.295395,-24.927914],[-49.295411,-24.927898],[-49.295401,-24.927845],[-49.295426,-24.927829],[-49.295446,-24.927792],[-49.295475,-24.927788]]}},{"type":"Feature","properties":{"alt":408.0,"mestra":false},"geometry":{"type":"LineString","coordinates":[[-49.29479,-24.928579],[-49.294728,-24.928603],[-49.294718,-24.928639],[-49.29473,-24.928662],[-49.29475,-24.928664],[-49.294771,-24.928648],[-49.294798,-24.928604],[-49.29479,-24.928579]]}},{"type":"Feature","properties":{"alt":408.0,"mestra":false},"geometry":{"type":"LineString","coordinates":[[-49.294494,-24.928787],[-49.294508,-24.928806],[-49.294483,-24.92885],[-49.294473,-24.92885],[-49.294464,-24.928796],[-49.294494,-24.928787]]}},{"type":"Feature","properties":{"alt":408.0,"mestra":false},"geometry":{"type":"LineString","coordinates":[[-49.294376,-24.928811],[-49.294357,-24.928811],[-49.294352,-24.928822],[-49.294386,-24.928841],[-49.294389,-24.928822],[-49.294376,-24.928811]]}},{"type":"Feature","properties":{"alt":408.0,"mestra":false},"geometry":{"type":"LineString","coordinates":[[-49.294057,-24.929262],[-49.294028,-24.92926],[-49.294003,-24.92929],[-49.294047,-24.929314],[-49.294071,-24.929282],[-49.294057,-24.929262]]}},{"type":"Feature","properties":{"alt":408.0,"mestra":false},"geometry":{"type":"LineString","coordinates":[[-49.294116,-24.929287],[-49.294091,-24.929291],[-49.294088,-24.929318],[-49.29412,-24.929318],[-49.294126,-24.929301],[-49.294116,-24.929287]]}},{"type":"Feature","properties":{"alt":408.0,"mestra":false},"geometry":{"type":"LineString","coordinates":[[-49.29391,-24.929286],[-49.293896,-24.929298],[-49.29391,-24.929315],[-49.293922,-24.929298],[-49.29391,-24.929286]]}},{"type":"Feature","properties":{"alt":408.0,"mestra":false},"geometry":{"type":"LineString","coordinates":[[-49.293959,-24.929324],[-49.293939,-24.929334],[-49.293968,-24.929335],[-49.293959,-24.929324]]}},{"type":"Feature","properties":{"alt":408.0,"mestra":false},"geometry":{"type":"LineString","coordinates":[[-49.29562,-24.929347],[-49.29562,-24.929357],[-49.29562,-24.929347]]}},{"type":"Feature","properties":{"alt":408.0,"mestra":false},"geometry":{"type":"LineString","coordinates":[[-49.295541,-24.929366],[-49.29554,-24.929388],[-49.295443,-24.929441],[-49.295432,-24.92951],[-49.295422,-24.929518],[-49.295383,-24.929506],[-49.295359,-24.929484],[-49.295336,-24.929421],[-49.295356,-24.929387],[-49.295395,-24.929376],[-49.295463,-24.929382],[-49.295541,-24.929366]]}},{"type":"Feature","properties":{"alt":408.0,"mestra":false},"geometry":{"type":"LineString","coordinates":[[-49.294807,-24.92945],[-49.294807,-24.92945]]}},{"type":"Feature","properties":{"alt":408.0,"mestra":false},"geometry":{"type":"LineString","coordinates":[[-49.295244,-24.931103],[-49.295255,-24.931132],[-49.295243,-24.931141],[-49.295224,-24.931113],[-49.295244,-24.931103]]}},{"type":"Feature","properties":{"alt":408.0,"mestra":false},"geometry":{"type":"LineString","coordinates":[[-49.295224,-24.931166],[-49.295268,-24.931185],[-49.295272,-24.931212],[-49.295262,-24.931227],[-49.295231,-24.931211],[-49.295224,-24.931166]]}},{"type":"Feature","properties":{"alt":408.0,"mestra":false},"geometry":{"type":"LineString","coordinates":[[-49.294661,-24.931522],[-49.294729,-24.931558],[-49.294788,-24.931552],[-49.294885,-24.931592],[-49.294897,-24.931609],[-49.294884,-24.931681],[-49.294845,-24.931684],[-49.294826,-24.931667],[-49.294767,-24.931648],[-49.294699,-24.931645],[-49.294631,-24.931624],[-49.294575,-24.931632],[-49.294552,-24.931661],[-49.294454,-24.931713],[-49.294424,-24.931755],[-49.294437,-24.931808],[-49.294497,-24.931872],[-49.294528,-24.931934],[-49.294498,-24.932042],[-49.294389,-24.932118],[-49.294311,-24.932128],[-49.294268,-24.932118],[-49.294233,-24.932096],[-49.294205,-24.9321],[-49.29418,-24.932135],[-49.294167,-24.932189],[-49.294124,-24.932211],[-49.294007,-24.932224],[-49.293966,-24.932195],[-49.293964,-24.932177],[-49.293978,-24.932173],[-49.294027,-24.932194],[-49.294042,-24.93216],[-49.294086,-24.932134],[-49.294087,-24.932099],[-49.294158,-24.932046],[-49.294215,-24.93202],[-49.294273,-24.93202],[-49.294361,-24.932067],[-49.29441,-24.932054],[-49.294438,-24.932031],[-49.294462,-24.931978],[-49.29446,-24.931943],[-49.294364,-24.931852],[-49.294341,-24.931781],[-49.294415,-24.93165],[-49.294464,-24.931622],[-49.294503,-24.93156],[-49.294568,-24.931525],[-49.294661,-24.931522]]}},{"type":"Feature","properties":{"alt":408.0,"mestra":false},"geometry":{"type":"LineString","coordinates":[[-49.293452,-24.932064],[-49.293502,-24.932083],[-49.293471,-24.9321],[-49.293403,-24.932082],[-49.293323,-24.932081],[-49.293325,-24.93207],[-49.293364,-24.932062],[-49.293452,-24.932064]]}},{"type":"Feature","properties":{"alt":408.0,"mestra":false},"geometry":{"type":"LineString","coordinates":[[-49.293686,-24.932093],[-49.293692,-24.932103],[-49.293652,-24.932102],[-49.293657,-24.932092],[-49.293686,-24.932093]]}},{"type":"Feature","properties":{"alt":408.0,"mestra":false},"geometry":{"type":"LineString","coordinates":[[-49.293608,-24.932092],[-49.293618,-24.932102],[-49.293569,-24.932105],[-49.293546,-24.932092],[-49.293579,-24.932084],[-49.293608,-24.932092]]}},{"type":"Feature","properties":{"alt":408.0,"mestra":false},"geometry":{"type":"LineString","coordinates":[[-49.293823,-24.932113],[-49.293891,-24.932143],[-49.293906,-24.932159],[-49.2939,-24.932167],[-49.293878,-24.932167],[-49.293802,-24.932113],[-49.293823,-24.932113]]}},{"type":"Feature","properties":{"alt":408.0,"mestra":false},"geometry":{"type":"LineString","coordinates":[[-49.293079,-24.93214],[-49.293069,-24.932162],[-49.29305,-24.93217],[-49.29304,-24.932164],[-49.293041,-24.93214],[-49.293079,-24.93214]]}},{"type":"Feature","properties":{"alt":409.0,"mestra":false},"geometry":{"type":"LineString","coordinates":[[-49.295335,-24.931736],[-49.295187,-24.931707],[-49.295128,-24.931715],[-49.295089,-24.9317],[-49.29506,-24.931703],[-49.295041,-24.931673],[-49.294962,-24.931667],[-49.29495,-24.931636],[-49.294956,-24.931618],[-49.295032,-24.931566],[-49.295091,-24.931569],[-49.29515,-24.931535],[-49.295245,-24.931452],[-49.295254,-24.931319],[-49.295193,-24.931158],[-49.295221,-24.931096],[-49.295254,-24.931095],[-49.295331,-24.931165],[-49.29536,-24.931175]]}},{"type":"Feature","properties":{"alt":409.0,"mestra":false},"geometry":{"type":"LineString","coordinates":[[-49.294867,-24.926527],[-49.294935,-24.926547],[-49.294954,-24.926575],[-49.294959,-24.92661],[-49.294911,-24.926698],[-49.294894,-24.926769],[-49.294873,-24.926788],[-49.294844,-24.926793],[-49.294802,-24.926759],[-49.294782,-24.926652],[-49.29482,-24.926546],[-49.294838,-24.926528],[-49.294867,-24.926527]]}},{"type":"Feature","properties":{"alt":409.0,"mestra":false},"geometry":{"type":"LineString","coordinates":[[-49.294613,-24.92652],[-49.294615,-24.926543],[-49.294594,-24.926579],[-49.294573,-24.926586],[-49.294556,-24.926578],[-49.294545,-24.926551],[-49.294554,-24.926528],[-49.294584,-24.926517],[-49.294613,-24.92652]]}},{"type":"Feature","properties":{"alt":409.0,"mestra":false},"geometry":{"type":"LineString","coordinates":[[-49.295222,-24.92702],[-49.295237,-24.927067],[-49.29527,-24.927105],[-49.295318,-24.927135],[-49.295396,-24.927149],[-49.295419,-24.927167],[-49.29547,-24.927284],[-49.295526,-24.927356],[-49.295549,-24.927409],[-49.295532,-24.927463],[-49.295422,-24.927586],[-49.295431,-24.927613],[-49.295414,-24.927666],[-49.295436,-24.927702],[-49.295463,-24.927712],[-49.295496,-24.92781],[-49.295419,-24.927987],[-49.295415,-24.928068],[-49.295378,-24.928112],[-49.295384,-24.928147],[-49.295413,-24.928174],[-49.295362,-24.928272],[-49.295405,-24.928335],[-49.295453,-24.928362],[-49.295422,-24.928388],[-49.295404,-24.928442],[-49.295272,-24.928529],[-49.295249,-24.9286],[-49.295199,-24.92867],[-49.295151,-24.928651],[-49.295111,-24.928659],[-49.295072,-24.928691],[-49.29502,-24.928714],[-49.294983,-24.928758],[-49.294934,-24.928756],[-49.294865,-24.928803],[-49.294758,-24.92878],[-49.294695,-24.928808],[-49.294677,-24.928834],[-49.29463,-24.928828],[-49.294591,-24.928842],[-49.294563,-24.928806],[-49.294543,-24.928803],[-49.294519,-24.928824],[-49.294519,-24.928859],[-49.294463,-24.928875],[-49.29443,-24.928903],[-49.294385,-24.928913],[-49.294356,-24.928887],[-49.294326,-24.928879],[-49.294297,-24.928899],[-49.294228,-24.928913],[-49.294189,-24.92895],[-49.29412,-24.928968],[-49.294112,-24.928988],[-49.294136,-24.929033],[-49.294134,-24.929069],[-49.294173,-24.929096],[-49.294155,-24.929123],[-49.294177,-24.929159],[-49.294144,-24.929176],[-49.294144,-24.929194],[-49.294175,-24.929207],[-49.294234,-24.929178],[-49.294254,-24.929183],[-49.294301,-24.929288],[-49.29433,-24.929311],[-49.294369,-24.929308],[-49.294419,-24.929265],[-49.294497,-24.929289],[-49.294517,-24.929264],[-49.294587,-24.929235],[-49.294615,-24.929195],[-49.294811,-24.929156],[-49.294938,-24.929214],[-49.294958,-24.929176],[-49.294977,-24.929168],[-49.295065,-24.9292],[-49.295138,-24.929196],[-49.295191,-24.92924],[-49.29525,-24.929218],[-49.295348,-24.929219],[-49.295367,-24.92926],[-49.29539,-24.929279],[-49.295349,-24.929341],[-49.295434,-24.929366],[-49.295483,-24.929365],[-49.295601,-24.929307],[-49.295651,-24.929345],[-49.295648,-24.929363],[-49.295594,-24.929415],[-49.295523,-24.929415],[-49.295458,-24.929458],[-49.295462,-24.929468],[-49.295499,-24.929477],[-49.295501,-24.929487],[-49.295469,-24.929521],[-49.2955,-24.929531],[-49.295519,-24.929573],[-49.295558,-24.929551],[-49.295574,-24.929558],[-49.295518,-24.929645],[-49.295499,-24.929647],[-49.29545,-24.929622],[-49.295425,-24.929565],[-49.295344,-24.929502],[-49.295296,-24.929428],[-49.295277,-24.929416],[-49.295081,-24.929419],[-49.294926,-24.929369],[-49.294826,-24.929415],[-49.294816,-24.929424],[-49.29483,-24.929451],[-49.294807,-24.929465],[-49.294729,-24.929439],[-49.294715,-24.929423],[-49.294715,-24.929396],[-49.294701,-24.929388],[-49.294621,-24.929463],[-49.294573,-24.929439],[-49.294534,-24.929438],[-49.294505,-24.929424],[-49.29447,-24.929447],[-49.294485,-24.929464],[-49.294524,-24.929468],[-49.294572,-24.929516],[-49.29463,-24.929537],[-49.294689,-24.929601],[-49.294669,-24.929699],[-49.294647,-24.92973],[-49.294598,-24.929731],[-49.294469,-24.929812],[-49.294431,-24.929848],[-49.294332,-24.92988],[-49.294309,-24.929864],[-49.294281,-24.929819],[-49.294255,-24.929739],[-49.294227,-24.929717],[-49.294158,-24.929724],[-49.294069,-24.929815],[-49.29405,-24.929818],[-49.293974,-24.929762],[-49.293933,-24.929752],[-49.293866,-24.929658],[-49.293858,-24.929583],[-49.293871,-24.929529],[-49.293927,-24.929503],[-49.293939,-24.929477],[-49.293928,-24.929455],[-49.293887,-24.92944],[-49.293876,-24.929405],[-49.293843,-24.92936],[-49.293804,-24.929332],[-49.293782,-24.92927],[-49.293751,-24.929234],[-49.293798,-24.92919],[-49.293796,-24.92908],[-49.293845,-24.92907],[-49.293862,-24.929101],[-49.293903,-24.929117],[-49.293919,-24.929111],[-49.293924,-24.929084],[-49.293875,-24.92904],[-49.293749,-24.929002],[-49.293788,-24.928974],[-49.293797,-24.928972],[-49.293807,-24.928986],[-49.293817,-24.928978],[-49.293806,-24.928931],[-49.293856,-24.928879],[-49.293877,-24.928835],[-49.293936,-24.928844],[-49.293963,-24.928808],[-49.293973,-24.928746],[-49.293996,-24.928717],[-49.294074,-24.928733],[-49.294124,-24.92869],[-49.294143,-24.928685],[-49.294163,-24.928694],[-49.294192,-24.928735],[-49.294231,-24.928738],[-49.29429,-24.928712],[-49.29437,-24.928617],[-49.294447,-24.928607],[-49.294497,-24.928588],[-49.294585,-24.928593],[-49.294673,-24.928568],[-49.29483,-24.928435],[-49.29489,-24.9284],[-49.294949,-24.928387],[-49.294961,-24.92833],[-49.294989,-24.928287],[-49.295019,-24.928265],[-49.295051,-24.928259],[-49.295039,-24.928258],[-49.295029,-24.928223],[-49.295088,-24.928215],[-49.295187,-24.928142],[-49.295196,-24.928159],[-49.295232,-24.928146],[-49.295236,-24.928124],[-49.295197,-24.928128],[-49.295188,-24.928118],[-49.295202,-24.928083],[-49.295199,-24.928047],[-49.29523,-24.928003],[-49.295293,-24.927834],[-49.295267,-24.927754],[-49.295251,-24.92762],[-49.295233,-24.927612],[-49.295204,-24.92763],[-49.295174,-24.927631],[-49.295142,-24.927574],[-49.295166,-24.927556],[-49.295253,-24.92758],[-49.295272,-24.927558],[-49.295254,-24.927469],[-49.295267,-24.92729],[-49.295258,-24.927239],[-49.295248,-24.927224],[-49.2952,-24.927217],[-49.29518,-24.927203],[-49.295145,-24.92712],[-49.295152,-24.927096],[-49.29519,-24.927058],[-49.295194,-24.927022],[-49.295222,-24.92702]]}},{"type":"Feature","properties":{"alt":409.0,"mestra":false},"geometry":{"type":"LineString","coordinates":[[-49.295328,-24.927157],[-49.295298,-24.927156],[-49.29528,-24.927184],[-49.295284,-24.927202],[-49.29536,-24.927202],[-49.295366,-24.92717],[-49.295328,-24.927157]]}},{"type":"Feature","properties":{"alt":409.0,"mestra":false},"geometry":{"type":"LineString","coordinates":[[-49.295149,-24.92809],[-49.295158,-24.92811],[-49.29512,-24.928109],[-49.295126,-24.928091],[-49.295149,-24.92809]]}},{"type":"Feature","properties":{"alt":409.0,"mestra":false},"geometry":{"type":"LineString","coordinates":[[-49.295255,-24.928161],[-49.295216,-24.928193],[-49.295197,-24.92819],[-49.295192,-24.928163],[-49.295177,-24.928169],[-49.295203,-24.928243],[-49.295173,-24.928279],[-49.295175,-24.928297],[-49.295195,-24.9283],[-49.295226,-24.928288],[-49.295259,-24.928182],[-49.295255,-24.928161]]}},{"type":"Feature","properties":{"alt":409.0,"mestra":false},"geometry":{"type":"LineString","coordinates":[[-49.295028,-24.928312],[-49.294999,-24.928314],[-49.294987,-24.928339],[-49.295008,-24.92835],[-49.295028,-24.928343],[-49.295037,-24.928322],[-49.295028,-24.928312]]}},{"type":"Feature","properties":{"alt":409.0,"mestra":false},"geometry":{"type":"LineString","coordinates":[[-49.29476,-24.928594],[-49.294727,-24.928612],[-49.294725,-24.928639],[-49.29474,-24.928655],[-49.294774,-24.928631],[-49.294777,-24.928604],[-49.29476,-24.928594]]}},{"type":"Feature","properties":{"alt":409.0,"mestra":false},"geometry":{"type":"LineString","coordinates":[[-49.294495,-24.928734],[-49.294464,-24.928752],[-49.294455,-24.928774],[-49.294502,-24.928752],[-49.294507,-24.928743],[-49.294495,-24.928734]]}},{"type":"Feature","properties":{"alt":409.0,"mestra":false},"geometry":{"type":"LineString","coordinates":[[-49.2942,-24.92884],[-49.294178,-24.928856],[-49.29419,-24.928889],[-49.294206,-24.928856],[-49.2942,-24.92884]]}},{"type":"Feature","properties":{"alt":409.0,"mestra":false},"geometry":{"type":"LineString","coordinates":[[-49.294542,-24.928859],[-49.294542,-24.928859]]}},{"type":"Feature","properties":{"alt":409.0,"mestra":false},"geometry":{"type":"LineString","coordinates":[[-49.294294,-24.929115],[-49.294294,-24.929133],[-49.294284,-24.929135],[-49.294279,-24.929124],[-49.294294,-24.929115]]}},{"type":"Feature","properties":{"alt":409.0,"mestra":false},"geometry":{"type":"LineString","coordinates":[[-49.295648,-24.929432],[-49.295649,-24.929478],[-49.295693,-24.929506],[-49.295664,-24.929532],[-49.295617,-24.929545],[-49.295609,-24.92954],[-49.295612,-24.929505],[-49.295577,-24.929478],[-49.295619,-24.929437],[-49.295648,-24.929432]]}},{"type":"Feature","properties":{"alt":409.0,"mestra":false},"geometry":{"type":"LineString","coordinates":[[-49.295656,-24.929576],[-49.295668,-24.929586],[-49.29564,-24.929612],[-49.295637,-24.92963],[-49.295673,-24.929639],[-49.295653,-24.929683],[-49.295684,-24.929693],[-49.295713,-24.929722],[-49.295714,-24.929773],[-49.295702,-24.929785],[-49.295594,-24.929784],[-49.295587,-24.929763],[-49.295598,-24.929736],[-49.295566,-24.929742],[-49.295548,-24.929682],[-49.295573,-24.929647],[-49.295575,-24.929611],[-49.295656,-24.929576]]}},{"type":"Feature","properties":{"alt":409.0,"mestra":false},"geometry":{"type":"LineString","coordinates":[[-49.295509,-24.929573],[-49.29549,-24.929592],[-49.295499,-24.929603],[-49.295518,-24.929584],[-49.295509,-24.929573]]}},{"type":"Feature","properties":{"alt":409.0,"mestra":false},"geometry":{"type":"LineString","coordinates":[[-49.294345,-24.92965],[-49.294314,-24.929659],[-49.294325,-24.929681],[-49.294351,-24.929677],[-49.294345,-24.92965]]}},{"type":"Feature","properties":{"alt":409.0,"mestra":false},"geometry":{"type":"LineString","coordinates":[[-49.29574,-24.929889],[-49.295747,-24.929907],[-49.295729,-24.92994],[-49.295768,-24.929944],[-49.295774,-24.929961],[-49.295719,-24.929973],[-49.29566,-24.929971],[-49.29564,-24.92996],[-49.295641,-24.929942],[-49.295681,-24.929909],[-49.295714,-24.929889],[-49.29574,-24.929889]]}},{"type":"Feature","properties":{"alt":409.0,"mestra":false},"geometry":{"type":"LineString","coordinates":[[-49.295719,-24.929941],[-49.295719,-24.929941]]}},{"type":"Feature","properties":{"alt":409.0,"mestra":false},"geometry":{"type":"LineString","coordinates":[[-49.29564,-24.93002],[-49.295674,-24.93004],[-49.295678,-24.930069],[-49.29562,-24.930043],[-49.29562,-24.930027],[-49.29564,-24.93002]]}},{"type":"Feature","properties":{"alt":409.0,"mestra":false},"geometry":{"type":"LineString","coordinates":[[-49.295016,-24.931323],[-49.295029,-24.931334],[-49.295016,-24.931348],[-49.294993,-24.931334],[-49.294997,-24.931324],[-49.295016,-24.931323]]}},{"type":"Feature","properties":{"alt":409.0,"mestra":false},"geometry":{"type":"LineString","coordinates":[[-49.295172,-24.93135],[-49.295172,-24.931362],[-49.295161,-24.931362],[-49.295172,-24.93135]]}},{"type":"Feature","properties":{"alt":409.0,"mestra":false},"geometry":{"type":"LineString","coordinates":[[-49.294908,-24.931375],[-49.294919,-24.931386],[-49.294908,-24.931397],[-49.294894,-24.931386],[-49.294908,-24.931375]]}},{"type":"Feature","properties":{"alt":409.0,"mestra":false},"geometry":{"type":"LineString","coordinates":[[-49.294672,-24.93149],[-49.294799,-24.931509],[-49.294916,-24.931582],[-49.294941,-24.931618],[-49.294914,-24.931643],[-49.294901,-24.93168],[-49.294927,-24.931769],[-49.294912,-24.931781],[-49.294893,-24.931776],[-49.29488,-24.93176],[-49.294883,-24.931729],[-49.294757,-24.931668],[-49.294738,-24.931678],[-49.294738,-24.931705],[-49.294717,-24.931722],[-49.294678,-24.931715],[-49.294649,-24.931725],[-49.29463,-24.931709],[-49.2946,-24.931737],[-49.294541,-24.931731],[-49.294541,-24.931747],[-49.29456,-24.931759],[-49.294574,-24.931801],[-49.294534,-24.931854],[-49.294531,-24.931881],[-49.294558,-24.931928],[-49.294617,-24.931962],[-49.294627,-24.93198],[-49.294544,-24.931997],[-49.294517,-24.93205],[-49.294443,-24.93212],[-49.294459,-24.932165],[-49.294452,-24.932201],[-49.294388,-24.932242],[-49.294349,-24.932248],[-49.294318,-24.932297],[-49.294328,-24.932346],[-49.294252,-24.932368],[-49.294229,-24.932402],[-49.294151,-24.932424],[-49.294102,-24.932404],[-49.294054,-24.932355],[-49.294005,-24.932361],[-49.293937,-24.932337],[-49.293923,-24.932311],[-49.293934,-24.932284],[-49.293947,-24.932286],[-49.293966,-24.932317],[-49.293986,-24.93232],[-49.294025,-24.932298],[-49.294048,-24.932259],[-49.294036,-24.932249],[-49.293987,-24.932246],[-49.293909,-24.932193],[-49.293714,-24.932167],[-49.293529,-24.93212],[-49.29348,-24.932126],[-49.293402,-24.932102],[-49.293344,-24.932099],[-49.293295,-24.932116],[-49.293246,-24.932116],[-49.293241,-24.93208],[-49.293266,-24.932041],[-49.293452,-24.932046],[-49.293491,-24.932065],[-49.293677,-24.93206],[-49.293735,-24.932086],[-49.293872,-24.932091],[-49.294087,-24.932072],[-49.294168,-24.93201],[-49.294207,-24.931908],[-49.294246,-24.931878],[-49.294295,-24.931861],[-49.294331,-24.931825],[-49.294326,-24.931789],[-49.294357,-24.931709],[-49.294417,-24.93163],[-49.294455,-24.931608],[-49.294484,-24.931559],[-49.294544,-24.931511],[-49.294593,-24.93151],[-49.294672,-24.93149]]}},{"type":"Feature","properties":{"alt":409.0,"mestra":false},"geometry":{"type":"LineString","coordinates":[[-49.294621,-24.931638],[-49.294592,-24.931636],[-49.294574,-24.93165],[-49.294574,-24.931676],[-49.294591,-24.931692],[-49.29462,-24.931687],[-49.29463,-24.931659],[-49.294621,-24.931638]]}},{"type":"Feature","properties":{"alt":409.0,"mestra":false},"geometry":{"type":"LineString","coordinates":[[-49.29501,-24.931797],[-49.295009,-24.931813],[-49.294951,-24.931822],[-49.294947,-24.931814],[-49.294961,-24.931794],[-49.29501,-24.931797]]}},{"type":"Feature","properties":{"alt":409.0,"mestra":false},"geometry":{"type":"LineString","coordinates":[[-49.294343,-24.931931],[-49.294324,-24.931925],[-49.294312,-24.931941],[-49.294343,-24.931964],[-49.294372,-24.93196],[-49.294372,-24.931949],[-49.294343,-24.931931]]}},{"type":"Feature","properties":{"alt":409.0,"mestra":false},"geometry":{"type":"LineString","coordinates":[[-49.294401,-24.932002],[-49.294384,-24.932013],[-49.294387,-24.932022],[-49.29441,-24.932018],[-49.294401,-24.932002]]}},{"type":"Feature","properties":{"alt":409.0,"mestra":false},"geometry":{"type":"LineString","coordinates":[[-49.293158,-24.932093],[-49.293163,-24.932133],[-49.293046,-24.932229],[-49.29303,-24.932265],[-49.293048,-24.932292],[-49.293223,-24.93237],[-49.293234,-24.932401],[-49.293212,-24.932444],[-49.293183,-24.932458],[-49.293162,-24.932489],[-49.293103,-24.932533],[-49.293025,-24.932515],[-49.292947,-24.932521],[-49.292781,-24.932497],[-49.292634,-24.932513],[-49.292589,-24.932545],[-49.292591,-24.932572],[-49.292699,-24.932671],[-49.292671,-24.932674],[-49.292584,-24.932627],[-49.292544,-24.93258],[-49.292551,-24.932527],[-49.292576,-24.932498],[-49.292645,-24.932482],[-49.292732,-24.932488],[-49.292811,-24.932473],[-49.292957,-24.932481],[-49.293085,-24.932458],[-49.293119,-24.932435],[-49.293126,-24.932417],[-49.293103,-24.93239],[-49.293047,-24.932375],[-49.292984,-24.932335],[-49.292961,-24.9323],[-49.292945,-24.932246],[-49.292952,-24.932228],[-49.29302,-24.932167],[-49.293031,-24.932137],[-49.293158,-24.932093]]}},{"type":"Feature","properties":{"alt":409.0,"mestra":false},"geometry":{"type":"LineString","coordinates":[[-49.294311,-24.932151],[-49.294291,-24.932152],[-49.294276,-24.932172],[-49.2943,-24.932196],[-49.294322,-24.932181],[-49.294311,-24.932151]]}},{"type":"Feature","properties":{"alt":409.0,"mestra":false},"geometry":{"type":"LineString","coordinates":[[-49.294213,-24.932156],[-49.2942,-24.932162],[-49.294203,-24.932184],[-49.294213,-24.932156]]}},{"type":"Feature","properties":{"alt":409.0,"mestra":false},"geometry":{"type":"LineString","coordinates":[[-49.294379,-24.93219],[-49.294353,-24.932191],[-49.29435,-24.9322],[-49.294378,-24.932204],[-49.294379,-24.93219]]}},{"type":"Feature","properties":{"alt":409.0,"mestra":false},"geometry":{"type":"LineString","coordinates":[[-49.294201,-24.932305],[-49.294161,-24.932331],[-49.294163,-24.932349],[-49.294179,-24.932358],[-49.294213,-24.932358],[-49.294233,-24.932341],[-49.29423,-24.932315],[-49.294201,-24.932305]]}},{"type":"Feature","properties":{"alt":409.0,"mestra":false},"geometry":{"type":"LineString","coordinates":[[-49.29274,-24.93268],[-49.292798,-24.932697],[-49.292805,-24.932717],[-49.292769,-24.932691],[-49.29273,-24.9327],[-49.292707,-24.93268],[-49.29274,-24.93268]]}},{"type":"Feature","properties":{"alt":409.0,"mestra":false},"geometry":{"type":"LineString","coordinates":[[-49.292875,-24.932752],[-49.292886,-24.932771],[-49.292875,-24.932805],[-49.292871,-24.93278],[-49.292843,-24.932753],[-49.292875,-24.932752]]}},{"type":"Feature","properties":{"alt":409.0,"mestra":false},"geometry":{"type":"LineString","coordinates":[[-49.292835,-24.932849],[-49.292835,-24.932849]]}},{"type":"Feature","properties":{"alt":409.0,"mestra":false},"geometry":{"type":"LineString","coordinates":[[-49.292576,-24.933186],[-49.292582,-24.933204],[-49.292566,-24.933219],[-49.292559,-24.933204],[-49.292576,-24.933186]]}},{"type":"Feature","properties":{"alt":409.0,"mestra":false},"geometry":{"type":"LineString","coordinates":[[-49.292546,-24.933263],[-49.292536,-24.933292],[-49.292533,-24.933275],[-49.292546,-24.933263]]}},{"type":"Feature","properties":{"alt":410.0,"mestra":true},"geometry":{"type":"LineString","coordinates":[[-49.295332,-24.931817],[-49.295271,-24.931809],[-49.295234,-24.931755],[-49.295196,-24.931729],[-49.29505,-24.931722],[-49.295021,-24.931694],[-49.294972,-24.931685],[-49.294933,-24.931656],[-49.294913,-24.931671],[-49.294932,-24.931719],[-49.295005,-24.931735],[-49.295056,-24.931824],[-49.29505,-24.931842],[-49.295028,-24.931852],[-49.29497,-24.931837],[-49.29493,-24.931885],[-49.294891,-24.931871],[-49.294852,-24.931876],[-49.294822,-24.931866],[-49.294806,-24.931839],[-49.294814,-24.931822],[-49.294833,-24.931846],[-49.294852,-24.931852],[-49.294909,-24.931814],[-49.294834,-24.931766],[-49.294786,-24.931718],[-49.294766,-24.931715],[-49.294727,-24.931745],[-49.294688,-24.931748],[-49.294668,-24.931767],[-49.29459,-24.931758],[-49.294586,-24.931783],[-49.294614,-24.931819],[-49.294594,-24.931846],[-49.294555,-24.931863],[-49.294566,-24.931908],[-49.294665,-24.93195],[-49.2947,-24.932008],[-49.294772,-24.932012],[-49.294821,-24.93208],[-49.294742,-24.932066],[-49.294674,-24.932017],[-49.294625,-24.932012],[-49.294596,-24.93202],[-49.29458,-24.932051],[-49.294533,-24.932077],[-49.294537,-24.932122],[-49.294456,-24.932225],[-49.294375,-24.93228],[-49.294378,-24.932351],[-49.294357,-24.932396],[-49.294337,-24.932406],[-49.294219,-24.932419],[-49.29416,-24.932442],[-49.294034,-24.932408],[-49.293985,-24.932418],[-49.293966,-24.932454],[-49.293945,-24.93246],[-49.293925,-24.932449],[-49.293888,-24.932381],[-49.29379,-24.932329],[-49.293751,-24.932325],[-49.293692,-24.932341],[-49.293536,-24.932323],[-49.293523,-24.932297],[-49.293538,-24.932222],[-49.293557,-24.932214],[-49.293577,-24.932236],[-49.293596,-24.932241],[-49.293645,-24.932224],[-49.293704,-24.932224],[-49.293712,-24.932201],[-49.293679,-24.932174],[-49.293597,-24.932178],[-49.293519,-24.932156],[-49.29347,-24.932159],[-49.293412,-24.932115],[-49.293353,-24.932108],[-49.293334,-24.932111],[-49.293294,-24.932151],[-49.293255,-24.93217],[-49.293187,-24.932155],[-49.293129,-24.932266],[-49.293125,-24.932292],[-49.293155,-24.932322],[-49.293267,-24.932374],[-49.293229,-24.932445],[-49.29319,-24.932471],[-49.293139,-24.932533],[-49.293122,-24.932578],[-49.293083,-24.932604],[-49.292994,-24.932633],[-49.293006,-24.932594],[-49.292976,-24.932567],[-49.292926,-24.932626],[-49.292838,-24.932642],[-49.292837,-24.932708],[-49.292906,-24.932745],[-49.292917,-24.932771],[-49.292894,-24.932829],[-49.292807,-24.932895],[-49.292775,-24.932949],[-49.292726,-24.932968],[-49.292492,-24.932947],[-49.292442,-24.932967],[-49.292413,-24.933007],[-49.292406,-24.933051],[-49.292421,-24.933075],[-49.292441,-24.933069],[-49.292481,-24.93303],[-49.29251,-24.933056],[-49.292549,-24.933065],[-49.2926,-24.933115],[-49.29267,-24.933161],[-49.292594,-24.933324],[-49.292519,-24.9334],[-49.292485,-24.933416],[-49.292436,-24.933417],[-49.292427,-24.933443],[-49.292406,-24.933459],[-49.292319,-24.933423],[-49.292192,-24.933441],[-49.292144,-24.933431],[-49.292165,-24.93336],[-49.292213,-24.933339],[-49.292281,-24.933342],[-49.29233,-24.933318],[-49.292406,-24.933256],[-49.292448,-24.933185],[-49.29245,-24.93314],[-49.292382,-24.933113],[-49.292355,-24.933086],[-49.292341,-24.933023],[-49.292355,-24.93297],[-49.292413,-24.932948],[-49.292443,-24.932912],[-49.292463,-24.932904],[-49.292668,-24.932898],[-49.292747,-24.932839],[-49.292826,-24.932806],[-49.292768,-24.932719],[-49.292719,-24.932726],[-49.292632,-24.932705],[-49.29253,-24.932589],[-49.292536,-24.932526],[-49.292566,-24.932488],[-49.292635,-24.932471],[-49.292733,-24.932472],[-49.292821,-24.932456],[-49.292948,-24.932467],[-49.292997,-24.932455],[-49.293031,-24.932434],[-49.293023,-24.93238],[-49.292965,-24.932335],[-49.292932,-24.932255],[-49.292951,-24.932214],[-49.293026,-24.932131],[-49.293149,-24.932082],[-49.293166,-24.932088],[-49.293187,-24.932119],[-49.293207,-24.932119],[-49.293224,-24.932106],[-49.293242,-24.932044],[-49.293267,-24.932029],[-49.293452,-24.932034],[-49.293491,-24.932056],[-49.293677,-24.932041],[-49.293735,-24.932069],[-49.293833,-24.932072],[-49.29397,-24.932068],[-49.294048,-24.932038],[-49.294097,-24.932046],[-49.294123,-24.932028],[-49.294147,-24.931989],[-49.294191,-24.931895],[-49.294271,-24.931842],[-49.294326,-24.931772],[-49.294333,-24.931745],[-49.294319,-24.9317],[-49.294376,-24.931676],[-49.2944,-24.93163],[-49.294396,-24.931614],[-49.294357,-24.931603],[-49.294358,-24.931584],[-49.294377,-24.931577],[-49.294406,-24.931598],[-49.294436,-24.931599],[-49.294472,-24.93155],[-49.294539,-24.931498],[-49.294593,-24.931502],[-49.294655,-24.931481],[-49.294721,-24.931476],[-49.294828,-24.931482],[-49.294954,-24.931575],[-49.294999,-24.931565],[-49.295004,-24.931525],[-49.295091,-24.931547],[-49.29515,-24.931516],[-49.295228,-24.931452],[-49.29523,-24.931415],[-49.295211,-24.931379],[-49.29515,-24.931389],[-49.295152,-24.931442],[-49.295141,-24.931461],[-49.295122,-24.931397],[-49.295143,-24.931341],[-49.295182,-24.931317],[-49.295212,-24.931327],[-49.295214,-24.931265],[-49.295196,-24.931247],[-49.295195,-24.931184],[-49.295176,-24.931148],[-49.295215,-24.931087],[-49.295244,-24.931083],[-49.295322,-24.931128],[-49.295361,-24.931137]]}},{"type":"Feature","properties":{"alt":410.0,"mestra":true},"geometry":{"type":"LineString","coordinates":[[-49.294789,-24.926491],[-49.294809,-24.92651],[-49.294858,-24.92651],[-49.294935,-24.926529],[-49.294968,-24.926574],[-49.294967,-24.926628],[-49.294919,-24.926707],[-49.29491,-24.92677],[-49.294863,-24.926808],[-49.294824,-24.926806],[-49.294787,-24.926777],[-49.294732,-24.926643],[-49.294704,-24.926607],[-49.294713,-24.926589],[-49.294769,-24.926572],[-49.294785,-24.926527],[-49.294763,-24.926492],[-49.294789,-24.926491]]}},{"type":"Feature","properties":{"alt":410.0,"mestra":true},"geometry":{"type":"LineString","coordinates":[[-49.294584,-24.926507],[-49.294623,-24.926514],[-49.294629,-24.926543],[-49.294611,-24.926588],[-49.294573,-24.926602],[-49.294543,-24.926587],[-49.294528,-24.926551],[-49.294545,-24.926519],[-49.294584,-24.926507]]}},{"type":"Feature","properties":{"alt":410.0,"mestra":true},"geometry":{"type":"LineString","coordinates":[[-49.295232,-24.926999],[-49.295245,-24.927014],[-49.295252,-24.927068],[-49.295273,-24.927095],[-49.295335,-24.927131],[-49.295396,-24.927141],[-49.295425,-24.927162],[-49.295487,-24.927293],[-49.295543,-24.927365],[-49.295562,-24.92741],[-49.295545,-24.927463],[-49.295457,-24.927551],[-49.295449,-24.927587],[-49.295438,-24.927587],[-49.295448,-24.927601],[-49.295449,-24.927658],[-49.295486,-24.927691],[-49.295507,-24.927801],[-49.2955,-24.927837],[-49.29543,-24.927979],[-49.295422,-24.928068],[-49.295384,-24.92813],[-49.295416,-24.928175],[-49.295379,-24.928254],[-49.295378,-24.928281],[-49.295412,-24.928335],[-49.29546,-24.928362],[-49.295432,-24.928389],[-49.295428,-24.928451],[-49.295368,-24.928469],[-49.295282,-24.928529],[-49.295199,-24.928703],[-49.295173,-24.928662],[-49.295131,-24.928657],[-49.295023,-24.92872],[-49.294993,-24.928758],[-49.294963,-24.92877],[-49.294934,-24.928766],[-49.294875,-24.928804],[-49.294845,-24.928808],[-49.294758,-24.928791],[-49.294679,-24.928847],[-49.29463,-24.928841],[-49.294541,-24.928879],[-49.294483,-24.928881],[-49.294394,-24.928921],[-49.294375,-24.928919],[-49.294346,-24.928892],[-49.294326,-24.928893],[-49.294287,-24.928923],[-49.294248,-24.928931],[-49.294212,-24.928954],[-49.294206,-24.928981],[-49.29422,-24.929025],[-49.294188,-24.929061],[-49.294212,-24.929123],[-49.294225,-24.929132],[-49.294245,-24.929129],[-49.294284,-24.929089],[-49.29432,-24.929089],[-49.294313,-24.929136],[-49.294288,-24.929169],[-49.294287,-24.929195],[-49.294303,-24.929276],[-49.29434,-24.929305],[-49.29437,-24.9293],[-49.294419,-24.929258],[-49.294494,-24.929278],[-49.294615,-24.929188],[-49.294802,-24.92915],[-49.294841,-24.929158],[-49.294938,-24.929208],[-49.294958,-24.929171],[-49.294977,-24.929163],[-49.295065,-24.929196],[-49.295133,-24.92919],[-49.295191,-24.929237],[-49.295241,-24.929215],[-49.295319,-24.929218],[-49.295358,-24.929203],[-49.295371,-24.929252],[-49.295399,-24.929279],[-49.295391,-24.929333],[-49.295424,-24.929347],[-49.295552,-24.929322],[-49.295601,-24.929298],[-49.295664,-24.929345],[-49.295666,-24.929363],[-49.295634,-24.929398],[-49.295648,-24.92941],[-49.295695,-24.929408],[-49.295693,-24.929461],[-49.295715,-24.929497],[-49.295698,-24.929541],[-49.295694,-24.929604],[-49.295703,-24.929666],[-49.295731,-24.92972],[-49.295734,-24.929791],[-49.29572,-24.929827],[-49.295726,-24.929862],[-49.295758,-24.92989],[-49.295762,-24.929925],[-49.295797,-24.929961],[-49.295787,-24.929974],[-49.295681,-24.930005],[-49.29574,-24.930041],[-49.295742,-24.930085],[-49.295764,-24.930139],[-49.295755,-24.930152],[-49.295729,-24.930139],[-49.295717,-24.93009],[-49.295659,-24.930078],[-49.295608,-24.930048],[-49.2956,-24.93003],[-49.295607,-24.929986],[-49.295586,-24.929905],[-49.295573,-24.929883],[-49.295539,-24.929869],[-49.295527,-24.929851],[-49.295525,-24.92982],[-49.295544,-24.92978],[-49.295517,-24.929756],[-49.295481,-24.92969],[-49.29543,-24.929644],[-49.295385,-24.929564],[-49.295267,-24.929437],[-49.295071,-24.92943],[-49.294916,-24.929395],[-49.294894,-24.929407],[-49.294885,-24.929456],[-49.294865,-24.929482],[-49.294846,-24.929456],[-49.294807,-24.92948],[-49.294778,-24.92948],[-49.294711,-24.929432],[-49.2947,-24.929402],[-49.294621,-24.929471],[-49.294573,-24.929442],[-49.294543,-24.929444],[-49.29453,-24.929457],[-49.294533,-24.929475],[-49.294572,-24.929512],[-49.29463,-24.929519],[-49.294689,-24.929558],[-49.294738,-24.929537],[-49.294761,-24.92954],[-49.294789,-24.929584],[-49.294781,-24.92962],[-49.294746,-24.929664],[-49.294637,-24.929761],[-49.294558,-24.929779],[-49.29443,-24.929873],[-49.294371,-24.929896],[-49.294332,-24.929898],[-49.294293,-24.929873],[-49.29426,-24.929819],[-49.294242,-24.929756],[-49.294207,-24.929725],[-49.294158,-24.929731],[-49.294119,-24.929784],[-49.294059,-24.929834],[-49.293973,-24.929807],[-49.293967,-24.929771],[-49.293933,-24.929773],[-49.293913,-24.929762],[-49.293856,-24.929653],[-49.293853,-24.929583],[-49.293869,-24.92952],[-49.293921,-24.929503],[-49.293934,-24.929477],[-49.293918,-24.929454],[-49.293877,-24.92944],[-49.293869,-24.929405],[-49.293841,-24.929362],[-49.293797,-24.929332],[-49.293774,-24.929274],[-49.293742,-24.929234],[-49.293749,-24.929216],[-49.293785,-24.92919],[-49.293792,-24.929163],[-49.293773,-24.929092],[-49.293781,-24.929047],[-49.293767,-24.929032],[-49.293738,-24.929026],[-49.293726,-24.928993],[-49.293776,-24.928967],[-49.293788,-24.928914],[-49.293847,-24.928878],[-49.293878,-24.928822],[-49.293917,-24.928833],[-49.293952,-24.928808],[-49.293966,-24.928746],[-49.293994,-24.928711],[-49.294016,-24.928708],[-49.294074,-24.928729],[-49.294124,-24.928684],[-49.294143,-24.928682],[-49.294163,-24.928691],[-49.294192,-24.92873],[-49.294231,-24.928735],[-49.294289,-24.928705],[-49.294349,-24.928627],[-49.294379,-24.928609],[-49.294497,-24.928582],[-49.294585,-24.928588],[-49.294673,-24.928566],[-49.294821,-24.928432],[-49.29488,-24.928396],[-49.29493,-24.928381],[-49.29502,-24.928214],[-49.295088,-24.928202],[-49.295141,-24.928145],[-49.295138,-24.928131],[-49.295099,-24.92812],[-49.295096,-24.9281],[-49.295129,-24.928071],[-49.295168,-24.928066],[-49.295213,-24.928012],[-49.295264,-24.927834],[-49.295242,-24.927673],[-49.295223,-24.927653],[-49.295155,-24.927632],[-49.295129,-24.927574],[-49.295136,-24.927553],[-49.295166,-24.927535],[-49.295224,-24.927557],[-49.295244,-24.927555],[-49.295255,-24.92754],[-49.29523,-24.927477],[-49.295249,-24.927281],[-49.295229,-24.927254],[-49.29517,-24.927219],[-49.295136,-24.92712],[-49.295143,-24.927088],[-49.295171,-24.927049],[-49.295176,-24.927013],[-49.295232,-24.926999]]}},{"type":"Feature","properties":{"alt":410.0,"mestra":true},"geometry":{"type":"LineString","coordinates":[[-49.295347,-24.927166],[-49.295317,-24.927166],[-49.295306,-24.927175],[-49.295311,-24.927193],[-49.295356,-24.927201],[-49.295366,-24.927183],[-49.295347,-24.927166]]}},{"type":"Feature","properties":{"alt":410.0,"mestra":true},"geometry":{"type":"LineString","coordinates":[[-49.295008,-24.928327],[-49.295015,-24.92833],[-49.295008,-24.928327]]}},{"type":"Feature","properties":{"alt":410.0,"mestra":true},"geometry":{"type":"LineString","coordinates":[[-49.29476,-24.9286],[-49.294732,-24.928612],[-49.29474,-24.928647],[-49.294768,-24.928631],[-49.294771,-24.928613],[-49.29476,-24.9286]]}},{"type":"Feature","properties":{"alt":410.0,"mestra":true},"geometry":{"type":"LineString","coordinates":[[-49.294552,-24.928822],[-49.294539,-24.928824],[-49.29454,-24.928833],[-49.294552,-24.928822]]}},{"type":"Feature","properties":{"alt":410.0,"mestra":true},"geometry":{"type":"LineString","coordinates":[[-49.294149,-24.92897],[-49.294129,-24.92898],[-49.294133,-24.928998],[-49.294158,-24.929011],[-49.294178,-24.929008],[-49.294182,-24.928989],[-49.294149,-24.92897]]}},{"type":"Feature","properties":{"alt":410.0,"mestra":true},"geometry":{"type":"LineString","coordinates":[[-49.293816,-24.929036],[-49.293803,-24.929047],[-49.293816,-24.929056],[-49.293826,-24.929048],[-49.293816,-24.929036]]}},{"type":"Feature","properties":{"alt":410.0,"mestra":true},"geometry":{"type":"LineString","coordinates":[[-49.293875,-24.929046],[-49.293856,-24.929057],[-49.293864,-24.929093],[-49.293893,-24.929112],[-49.293913,-24.929113],[-49.29392,-24.929084],[-49.293875,-24.929046]]}},{"type":"Feature","properties":{"alt":410.0,"mestra":true},"geometry":{"type":"LineString","coordinates":[[-49.294505,-24.929434],[-49.294485,-24.929443],[-49.294487,-24.929456],[-49.294512,-24.929456],[-49.294518,-24.929448],[-49.294505,-24.929434]]}},{"type":"Feature","properties":{"alt":410.0,"mestra":true},"geometry":{"type":"LineString","coordinates":[[-49.29554,-24.929503],[-49.29553,-24.929522],[-49.295539,-24.929533],[-49.295563,-24.929513],[-49.29554,-24.929503]]}},{"type":"Feature","properties":{"alt":410.0,"mestra":true},"geometry":{"type":"LineString","coordinates":[[-49.295623,-24.929831],[-49.295605,-24.929843],[-49.295625,-24.929844],[-49.295623,-24.929831]]}},{"type":"Feature","properties":{"alt":410.0,"mestra":true},"geometry":{"type":"LineString","coordinates":[[-49.295125,-24.931253],[-49.295146,-24.931264],[-49.295151,-24.931282],[-49.295124,-24.931321],[-49.295114,-24.931321],[-49.295091,-24.93129],[-49.295125,-24.931253]]}},{"type":"Feature","properties":{"alt":410.0,"mestra":true},"geometry":{"type":"LineString","coordinates":[[-49.295036,-24.931301],[-49.295047,-24.931325],[-49.295035,-24.931358],[-49.295006,-24.931361],[-49.294976,-24.931342],[-49.294971,-24.931324],[-49.294984,-24.931307],[-49.295036,-24.931301]]}},{"type":"Feature","properties":{"alt":410.0,"mestra":true},"geometry":{"type":"LineString","coordinates":[[-49.294908,-24.931359],[-49.294929,-24.931368],[-49.294938,-24.931386],[-49.294937,-24.931404],[-49.294917,-24.931418],[-49.294898,-24.931413],[-49.294878,-24.931388],[-49.294888,-24.931364],[-49.294908,-24.931359]]}},{"type":"Feature","properties":{"alt":410.0,"mestra":true},"geometry":{"type":"LineString","coordinates":[[-49.294611,-24.931646],[-49.294585,-24.93165],[-49.294591,-24.931678],[-49.294617,-24.931668],[-49.294611,-24.931646]]}},{"type":"Feature","properties":{"alt":410.0,"mestra":true},"geometry":{"type":"LineString","coordinates":[[-49.294208,-24.931777],[-49.294249,-24.931806],[-49.294237,-24.931827],[-49.294219,-24.931824],[-49.294217,-24.931797],[-49.294198,-24.931795],[-49.294169,-24.931833],[-49.294129,-24.931854],[-49.29411,-24.931848],[-49.29409,-24.931869],[-49.294051,-24.931855],[-49.294021,-24.931889],[-49.293977,-24.931866],[-49.294066,-24.931822],[-49.294159,-24.931801],[-49.294189,-24.931774],[-49.294208,-24.931777]]}},{"type":"Feature","properties":{"alt":410.0,"mestra":true},"geometry":{"type":"LineString","coordinates":[[-49.294755,-24.931859],[-49.29479,-24.931902],[-49.294783,-24.931921],[-49.294763,-24.931931],[-49.294744,-24.931916],[-49.294734,-24.931883],[-49.294736,-24.931865],[-49.294755,-24.931859]]}},{"type":"Feature","properties":{"alt":410.0,"mestra":true},"geometry":{"type":"LineString","coordinates":[[-49.293981,-24.931946],[-49.29401,-24.931965],[-49.294007,-24.931991],[-49.29399,-24.931998],[-49.293961,-24.931992],[-49.293952,-24.931972],[-49.293962,-24.93195],[-49.293981,-24.931946]]}},{"type":"Feature","properties":{"alt":410.0,"mestra":true},"geometry":{"type":"LineString","coordinates":[[-49.293821,-24.932192],[-49.293763,-24.932195],[-49.293739,-24.93221],[-49.293739,-24.932228],[-49.293762,-24.932251],[-49.293782,-24.932255],[-49.293907,-24.93223],[-49.29389,-24.932211],[-49.293821,-24.932192]]}},{"type":"Feature","properties":{"alt":410.0,"mestra":true},"geometry":{"type":"LineString","coordinates":[[-49.293332,-24.932249],[-49.293351,-24.932263],[-49.293341,-24.932281],[-49.293332,-24.932249]]}},{"type":"Feature","properties":{"alt":410.0,"mestra":true},"geometry":{"type":"LineString","coordinates":[[-49.293097,-24.932247],[-49.29306,-24.932274],[-49.293107,-24.932282],[-49.293114,-24.932257],[-49.293097,-24.932247]]}},{"type":"Feature","properties":{"alt":410.0,"mestra":true},"geometry":{"type":"LineString","coordinates":[[-49.292791,-24.932519],[-49.292644,-24.932534],[-49.292615,-24.932563],[-49.292691,-24.932642],[-49.292779,-24.932667],[-49.292828,-24.932623],[-49.292878,-24.932539],[-49.292869,-24.93253],[-49.292791,-24.932519]]}},{"type":"Feature","properties":{"alt":410.0,"mestra":true},"geometry":{"type":"LineString","coordinates":[[-49.292622,-24.932738],[-49.292621,-24.932753],[-49.292613,-24.932741],[-49.292622,-24.932738]]}},{"type":"Feature","properties":{"alt":410.0,"mestra":true},"geometry":{"type":"LineString","coordinates":[[-49.292744,-24.933067],[-49.292754,-24.933074],[-49.292754,-24.933099],[-49.292704,-24.933137],[-49.292675,-24.933107],[-49.292674,-24.933089],[-49.292714,-24.933092],[-49.292744,-24.933067]]}},{"type":"Feature","properties":{"alt":411.0,"mestra":false},"geometry":{"type":"LineString","coordinates":[[-49.29533,-24.931918],[-49.295292,-24.931906],[-49.295165,-24.931898],[-49.294979,-24.931904],[-49.294851,-24.931923],[-49.294841,-24.931972],[-49.294811,-24.931986],[-49.294802,-24.932009],[-49.294811,-24.932036],[-49.294859,-24.932079],[-49.294857,-24.93209],[-49.294829,-24.932115],[-49.294781,-24.932102],[-49.294764,-24.932124],[-49.29477,-24.932135],[-49.294819,-24.932144],[-49.294831,-24.932178],[-49.294818,-24.932206],[-49.294756,-24.932249],[-49.294729,-24.932331],[-49.294689,-24.932341],[-49.294671,-24.932319],[-49.294715,-24.932275],[-49.294708,-24.932266],[-49.294622,-24.932266],[-49.294611,-24.932256],[-49.294634,-24.932212],[-49.294621,-24.932185],[-49.294672,-24.932146],[-49.294709,-24.932132],[-49.294711,-24.932106],[-49.294693,-24.932101],[-49.294634,-24.932132],[-49.294613,-24.932158],[-49.294611,-24.932185],[-49.294564,-24.932214],[-49.294525,-24.932187],[-49.294487,-24.93221],[-49.294481,-24.932246],[-49.294495,-24.932255],[-49.294505,-24.932258],[-49.294544,-24.932223],[-49.294554,-24.932222],[-49.29456,-24.932238],[-49.294553,-24.932296],[-49.294494,-24.932335],[-49.294455,-24.932318],[-49.294433,-24.932334],[-49.294445,-24.93236],[-49.294464,-24.932366],[-49.294494,-24.932356],[-49.294516,-24.93238],[-49.294523,-24.932398],[-49.294511,-24.932451]]}},{"type":"Feature","properties":{"alt":411.0,"mestra":false},"geometry":{"type":"LineString","coordinates":[[-49.294482,-24.932486],[-49.294462,-24.932491],[-49.294403,-24.932541],[-49.294354,-24.932535],[-49.294276,-24.932552],[-49.294175,-24.932536],[-49.29413,-24.932468],[-49.294118,-24.932482],[-49.294122,-24.932527],[-49.294071,-24.932531],[-49.29405,-24.932544],[-49.294024,-24.932606],[-49.293981,-24.932651],[-49.293962,-24.932628],[-49.293915,-24.932504],[-49.293612,-24.932489],[-49.293506,-24.932466],[-49.293488,-24.932421],[-49.293474,-24.932323],[-49.293506,-24.932261],[-49.2935,-24.932208],[-49.293528,-24.93219],[-49.293489,-24.932185],[-49.29347,-24.932193],[-49.293421,-24.932178],[-49.293409,-24.932126],[-49.293342,-24.932117],[-49.293321,-24.932134],[-49.293313,-24.93217],[-49.293371,-24.932243],[-49.293378,-24.932286],[-49.293281,-24.93241],[-49.293198,-24.93248],[-49.293158,-24.932534],[-49.293147,-24.932596],[-49.293122,-24.932613],[-49.293048,-24.93263],[-49.292998,-24.932665],[-49.292984,-24.932698],[-49.292956,-24.932656],[-49.292936,-24.932649],[-49.292908,-24.932655],[-49.292886,-24.932688],[-49.292861,-24.932699],[-49.292886,-24.932716],[-49.292954,-24.932722],[-49.292959,-24.932754],[-49.292904,-24.932834],[-49.292866,-24.932869],[-49.292825,-24.932888],[-49.292792,-24.93293],[-49.292755,-24.933028],[-49.292771,-24.933064],[-49.292773,-24.933106],[-49.29274,-24.933135],[-49.292698,-24.933214],[-49.292653,-24.933348],[-49.292622,-24.933398],[-49.292553,-24.933451],[-49.292445,-24.933491],[-49.292357,-24.933499],[-49.29232,-24.933469],[-49.292269,-24.933469],[-49.292201,-24.933492],[-49.292053,-24.933594],[-49.292033,-24.933596],[-49.292003,-24.933572],[-49.292008,-24.933545],[-49.292063,-24.933526],[-49.292144,-24.933338],[-49.292252,-24.933302],[-49.292246,-24.933254],[-49.292258,-24.933236],[-49.292406,-24.933167],[-49.292403,-24.933149],[-49.292315,-24.933085],[-49.292327,-24.933059],[-49.292324,-24.932996],[-49.292337,-24.932952],[-49.292365,-24.932933],[-49.292404,-24.932927],[-49.292473,-24.932879],[-49.292561,-24.932891],[-49.292688,-24.932868],[-49.292714,-24.932849],[-49.292715,-24.932805],[-49.292699,-24.932791],[-49.29266,-24.932783],[-49.29264,-24.9328],[-49.292583,-24.932776],[-49.292567,-24.932723],[-49.292572,-24.93266],[-49.292542,-24.932633],[-49.292514,-24.93258],[-49.292533,-24.932509],[-49.292557,-24.932482],[-49.292586,-24.932471],[-49.292749,-24.932458],[-49.292821,-24.932427],[-49.29285,-24.932442],[-49.292899,-24.932441],[-49.292938,-24.932454],[-49.292982,-24.932442],[-49.293003,-24.93238],[-49.29294,-24.932357],[-49.292915,-24.932272],[-49.292942,-24.932215],[-49.293013,-24.932131],[-49.29308,-24.932092],[-49.293149,-24.932074],[-49.293207,-24.932105],[-49.293232,-24.932035],[-49.293257,-24.932018],[-49.293423,-24.932028],[-49.293462,-24.932022],[-49.293491,-24.932041],[-49.293667,-24.932028],[-49.293784,-24.932058],[-49.293843,-24.932055],[-49.293912,-24.932035],[-49.293933,-24.931999],[-49.29394,-24.931883],[-49.293982,-24.931848],[-49.29414,-24.931794],[-49.294189,-24.931757],[-49.294218,-24.931758],[-49.294286,-24.931793],[-49.294316,-24.931776],[-49.294323,-24.931745],[-49.294295,-24.931682],[-49.294317,-24.931665],[-49.294356,-24.931671],[-49.294371,-24.931656],[-49.294369,-24.931638],[-49.294328,-24.931611],[-49.294338,-24.931549],[-49.294348,-24.93154],[-49.294407,-24.931544],[-49.294535,-24.931488],[-49.294593,-24.931496],[-49.294672,-24.931472],[-49.294799,-24.931462],[-49.294868,-24.931413],[-49.294871,-24.931377],[-49.294889,-24.931351],[-49.294947,-24.931357],[-49.294966,-24.931386],[-49.294979,-24.931378],[-49.294957,-24.931351],[-49.29496,-24.931315],[-49.295017,-24.931282],[-49.295027,-24.931261],[-49.295075,-24.931273],[-49.295083,-24.931263],[-49.295078,-24.931228],[-49.295096,-24.931206],[-49.295115,-24.931203],[-49.295144,-24.931233],[-49.295174,-24.931221],[-49.295179,-24.931184],[-49.295157,-24.931157],[-49.295215,-24.931073],[-49.295332,-24.931112],[-49.295358,-24.931103]]}},{"type":"Feature","properties":{"alt":411.0,"mestra":false},"geometry":{"type":"LineString","coordinates":[[-49.294799,-24.926474],[-49.294945,-24.926518],[-49.294972,-24.926547],[-49.294981,-24.926583],[-49.294977,-24.926637],[-49.294933,-24.926711],[-49.294921,-24.926779],[-49.294892,-24.92681],[-49.294843,-24.926828],[-49.294795,-24.926819],[-49.294737,-24.926785],[-49.294708,-24.926749],[-49.294696,-24.926714],[-49.294701,-24.926678],[-49.294689,-24.926661],[-49.29464,-24.926661],[-49.294563,-24.926627],[-49.294526,-24.926596],[-49.294512,-24.92656],[-49.294526,-24.926516],[-49.294574,-24.926497],[-49.294623,-24.926506],[-49.294652,-24.926556],[-49.294681,-24.926557],[-49.294738,-24.926527],[-49.29475,-24.926481],[-49.294799,-24.926474]]}},{"type":"Feature","properties":{"alt":411.0,"mestra":false},"geometry":{"type":"LineString","coordinates":[[-49.295076,-24.926974],[-49.295099,-24.926994],[-49.295095,-24.927011],[-49.295059,-24.926994],[-49.295062,-24.926976],[-49.295076,-24.926974]]}},{"type":"Feature","properties":{"alt":411.0,"mestra":false},"geometry":{"type":"LineString","coordinates":[[-49.295242,-24.926987],[-49.295257,-24.927005],[-49.29526,-24.927059],[-49.295276,-24.927086],[-49.295347,-24.92713],[-49.295406,-24.927138],[-49.295435,-24.927159],[-49.295501,-24.927302],[-49.29555,-24.927356],[-49.295573,-24.927401],[-49.295563,-24.927454],[-49.295472,-24.92756],[-49.295463,-24.927631],[-49.2955,-24.927685],[-49.295515,-24.927819],[-49.29544,-24.92797],[-49.295427,-24.928068],[-49.29539,-24.92813],[-49.29542,-24.928175],[-49.29539,-24.928246],[-49.29539,-24.928281],[-49.295418,-24.928335],[-49.295458,-24.928349],[-49.295466,-24.928362],[-49.295447,-24.928389],[-49.295446,-24.928466],[-49.295436,-24.928473],[-49.295378,-24.928472],[-49.295289,-24.928532],[-49.295199,-24.928709],[-49.295189,-24.928708],[-49.29517,-24.928667],[-49.295131,-24.928661],[-49.295082,-24.928699],[-49.295032,-24.928719],[-49.294993,-24.928764],[-49.294934,-24.928776],[-49.294875,-24.928809],[-49.294758,-24.9288],[-49.294686,-24.928852],[-49.29464,-24.928846],[-49.294551,-24.928887],[-49.294493,-24.928886],[-49.294384,-24.928932],[-49.294336,-24.928905],[-49.294285,-24.928955],[-49.294237,-24.928965],[-49.294235,-24.92899],[-49.29426,-24.929035],[-49.294232,-24.92907],[-49.294314,-24.929058],[-49.294347,-24.92908],[-49.2943,-24.929196],[-49.294309,-24.929276],[-49.29434,-24.929299],[-49.29437,-24.929293],[-49.294409,-24.929253],[-49.294487,-24.929274],[-49.294538,-24.929225],[-49.294625,-24.929178],[-49.294802,-24.929144],[-49.294831,-24.929149],[-49.294938,-24.929201],[-49.294956,-24.929167],[-49.294977,-24.929158],[-49.295016,-24.929182],[-49.295065,-24.929192],[-49.295133,-24.929185],[-49.295191,-24.929233],[-49.295241,-24.929212],[-49.295319,-24.929215],[-49.295358,-24.929194],[-49.295373,-24.929244],[-49.295401,-24.929271],[-49.295415,-24.929325],[-49.295552,-24.929316],[-49.295601,-24.929292],[-49.29563,-24.929322],[-49.295698,-24.929359],[-49.295725,-24.929488],[-49.295709,-24.929586],[-49.295719,-24.929657],[-49.29574,-24.929711],[-49.295747,-24.9298],[-49.295735,-24.929845],[-49.295812,-24.929961],[-49.295787,-24.92999],[-49.295743,-24.930014],[-49.295776,-24.930139],[-49.295755,-24.930159],[-49.295726,-24.930148],[-49.295707,-24.930098],[-49.295656,-24.930084],[-49.295596,-24.930048],[-49.295572,-24.929941],[-49.295507,-24.92986],[-49.295456,-24.929726],[-49.29536,-24.929573],[-49.295257,-24.929447],[-49.295208,-24.929438],[-49.295159,-24.929452],[-49.29512,-24.929439],[-49.295062,-24.929438],[-49.294993,-24.929417],[-49.294925,-24.92943],[-49.294904,-24.929461],[-49.294898,-24.929541],[-49.294884,-24.929557],[-49.294868,-24.929559],[-49.294872,-24.929523],[-49.294855,-24.929506],[-49.294826,-24.929507],[-49.294804,-24.929522],[-49.294807,-24.929549],[-49.294864,-24.929563],[-49.29487,-24.929585],[-49.294858,-24.929612],[-49.294797,-24.929674],[-49.294726,-24.929708],[-49.294627,-24.929798],[-49.294567,-24.929805],[-49.294443,-24.929883],[-49.294341,-24.929921],[-49.294285,-24.929882],[-49.294247,-24.929828],[-49.294225,-24.929756],[-49.294197,-24.929732],[-49.294158,-24.92974],[-49.294128,-24.929799],[-49.294059,-24.929853],[-49.29403,-24.92985],[-49.29401,-24.929828],[-49.293971,-24.929817],[-49.293898,-24.92977],[-49.293855,-24.929672],[-49.293848,-24.929583],[-49.293859,-24.92952],[-49.293917,-24.929502],[-49.29393,-24.929477],[-49.293918,-24.929459],[-49.293869,-24.929445],[-49.293869,-24.929413],[-49.293842,-24.929369],[-49.29379,-24.929332],[-49.293736,-24.929234],[-49.293745,-24.929207],[-49.293775,-24.929188],[-49.293785,-24.929163],[-49.293709,-24.928988],[-49.293768,-24.928963],[-49.293779,-24.928911],[-49.293841,-24.928878],[-49.293876,-24.928816],[-49.293917,-24.928819],[-49.293946,-24.928804],[-49.29396,-24.928746],[-49.293986,-24.928711],[-49.294016,-24.928702],[-49.294074,-24.928725],[-49.294134,-24.928677],[-49.294163,-24.928688],[-49.294192,-24.928725],[-49.294231,-24.928732],[-49.294284,-24.928705],[-49.29435,-24.928622],[-49.294379,-24.928604],[-49.294497,-24.928576],[-49.294585,-24.928583],[-49.294673,-24.928563],[-49.29471,-24.928523],[-49.294752,-24.9285],[-49.294821,-24.928423],[-49.29492,-24.92837],[-49.295016,-24.928206],[-49.295069,-24.928197],[-49.295097,-24.928171],[-49.295105,-24.928153],[-49.295082,-24.928126],[-49.295082,-24.928099],[-49.29514,-24.928035],[-49.295189,-24.928019],[-49.295202,-24.928003],[-49.295203,-24.927923],[-49.295234,-24.927816],[-49.295228,-24.927691],[-49.295213,-24.927672],[-49.295145,-24.927635],[-49.295118,-24.927565],[-49.295137,-24.927532],[-49.295176,-24.927509],[-49.295186,-24.927507],[-49.295215,-24.927547],[-49.295234,-24.927545],[-49.295243,-24.927531],[-49.295235,-24.927514],[-49.295196,-24.927495],[-49.295216,-24.927379],[-49.295216,-24.92729],[-49.295159,-24.927227],[-49.29513,-24.927102],[-49.295143,-24.927041],[-49.295168,-24.927004],[-49.295242,-24.926987]]}},{"type":"Feature","properties":{"alt":411.0,"mestra":false},"geometry":{"type":"LineString","coordinates":[[-49.295357,-24.927173],[-49.295327,-24.927171],[-49.295318,-24.927184],[-49.295346,-24.927201],[-49.29536,-24.927194],[-49.295357,-24.927173]]}},{"type":"Feature","properties":{"alt":411.0,"mestra":false},"geometry":{"type":"LineString","coordinates":[[-49.295202,-24.927784],[-49.295201,-24.927794],[-49.295202,-24.927784]]}},{"type":"Feature","properties":{"alt":411.0,"mestra":false},"geometry":{"type":"LineString","coordinates":[[-49.294751,-24.928603],[-49.294733,-24.928621],[-49.29474,-24.92864],[-49.29476,-24.928634],[-49.294766,-24.928622],[-49.294751,-24.928603]]}},{"type":"Feature","properties":{"alt":411.0,"mestra":false},"geometry":{"type":"LineString","coordinates":[[-49.294325,-24.928987],[-49.294334,-24.929],[-49.294315,-24.929006],[-49.294306,-24.928991],[-49.294325,-24.928987]]}},{"type":"Feature","properties":{"alt":411.0,"mestra":false},"geometry":{"type":"LineString","coordinates":[[-49.293884,-24.929054],[-49.293865,-24.929057],[-49.293865,-24.929084],[-49.293879,-24.929102],[-49.293909,-24.929111],[-49.293916,-24.929084],[-49.293884,-24.929054]]}},{"type":"Feature","properties":{"alt":411.0,"mestra":false},"geometry":{"type":"LineString","coordinates":[[-49.29469,-24.929426],[-49.294631,-24.929483],[-49.294563,-24.929444],[-49.294539,-24.929457],[-49.294541,-24.929484],[-49.294572,-24.929508],[-49.29464,-24.929504],[-49.294679,-24.929535],[-49.294699,-24.929536],[-49.294753,-24.929495],[-49.294744,-24.929468],[-49.29469,-24.929426]]}},{"type":"Feature","properties":{"alt":411.0,"mestra":false},"geometry":{"type":"LineString","coordinates":[[-49.29383,-24.929439],[-49.293857,-24.929449],[-49.293839,-24.92948],[-49.293822,-24.929466],[-49.29383,-24.929439]]}},{"type":"Feature","properties":{"alt":411.0,"mestra":false},"geometry":{"type":"LineString","coordinates":[[-49.295094,-24.931344],[-49.295074,-24.931344],[-49.295059,-24.93137],[-49.295005,-24.931388],[-49.29499,-24.931414],[-49.294993,-24.931432],[-49.295024,-24.931438],[-49.295074,-24.931409],[-49.295107,-24.931362],[-49.295094,-24.931344]]}},{"type":"Feature","properties":{"alt":411.0,"mestra":false},"geometry":{"type":"LineString","coordinates":[[-49.295191,-24.931404],[-49.295179,-24.931407],[-49.295175,-24.931425],[-49.295177,-24.931452],[-49.29519,-24.931463],[-49.29521,-24.931455],[-49.295215,-24.931434],[-49.295191,-24.931404]]}},{"type":"Feature","properties":{"alt":411.0,"mestra":false},"geometry":{"type":"LineString","coordinates":[[-49.294976,-24.93143],[-49.294956,-24.931425],[-49.294926,-24.931446],[-49.294894,-24.931439],[-49.294879,-24.931457],[-49.294906,-24.931495],[-49.294955,-24.931531],[-49.294974,-24.931512],[-49.294949,-24.931493],[-49.294941,-24.931458],[-49.294969,-24.931449],[-49.294976,-24.93143]]}},{"type":"Feature","properties":{"alt":411.0,"mestra":false},"geometry":{"type":"LineString","coordinates":[[-49.295102,-24.931449],[-49.295073,-24.931465],[-49.295044,-24.931453],[-49.295024,-24.931468],[-49.295049,-24.931521],[-49.295082,-24.931529],[-49.295125,-24.931495],[-49.295102,-24.931449]]}},{"type":"Feature","properties":{"alt":411.0,"mestra":false},"geometry":{"type":"LineString","coordinates":[[-49.294601,-24.931653],[-49.29459,-24.931659],[-49.294601,-24.931669],[-49.294601,-24.931653]]}},{"type":"Feature","properties":{"alt":411.0,"mestra":false},"geometry":{"type":"LineString","coordinates":[[-49.294943,-24.931687],[-49.294942,-24.9317],[-49.294962,-24.931707],[-49.294965,-24.931699],[-49.294943,-24.931687]]}},{"type":"Feature","properties":{"alt":411.0,"mestra":false},"geometry":{"type":"LineString","coordinates":[[-49.295167,-24.931736],[-49.295138,-24.931729],[-49.2951,-24.931745],[-49.295089,-24.931762],[-49.295098,-24.931786],[-49.295146,-24.931807],[-49.295188,-24.931799],[-49.295198,-24.931764],[-49.295167,-24.931736]]}},{"type":"Feature","properties":{"alt":411.0,"mestra":false},"geometry":{"type":"LineString","coordinates":[[-49.294627,-24.931884],[-49.294598,-24.931886],[-49.294591,-24.931899],[-49.294607,-24.93191],[-49.294631,-24.931909],[-49.294637,-24.931891],[-49.294627,-24.931884]]}},{"type":"Feature","properties":{"alt":411.0,"mestra":false},"geometry":{"type":"LineString","coordinates":[[-49.294695,-24.931898],[-49.294678,-24.9319],[-49.294695,-24.931913],[-49.294695,-24.931898]]}},{"type":"Feature","properties":{"alt":411.0,"mestra":false},"geometry":{"type":"LineString","coordinates":[[-49.293293,-24.932209],[-49.293274,-24.932209],[-49.293254,-24.932232],[-49.293248,-24.932285],[-49.293263,-24.932299],[-49.293305,-24.932286],[-49.293293,-24.932209]]}},{"type":"Feature","properties":{"alt":411.0,"mestra":false},"geometry":{"type":"LineString","coordinates":[[-49.293205,-24.932212],[-49.293196,-24.932207],[-49.29319,-24.932222],[-49.293195,-24.932247],[-49.29322,-24.932231],[-49.293205,-24.932212]]}},{"type":"Feature","properties":{"alt":411.0,"mestra":false},"geometry":{"type":"LineString","coordinates":[[-49.293165,-24.932281],[-49.293165,-24.932281]]}},{"type":"Feature","properties":{"alt":411.0,"mestra":false},"geometry":{"type":"LineString","coordinates":[[-49.294297,-24.932431],[-49.29424,-24.932457],[-49.294296,-24.932504],[-49.294323,-24.932449],[-49.294297,-24.932431]]}},{"type":"Feature","properties":{"alt":411.0,"mestra":false},"geometry":{"type":"LineString","coordinates":[[-49.29279,-24.932535],[-49.292771,-24.932531],[-49.292722,-24.93255],[-49.292672,-24.932581],[-49.292671,-24.932608],[-49.292711,-24.932636],[-49.29276,-24.932652],[-49.292779,-24.932648],[-49.292774,-24.9326],[-49.292817,-24.932574],[-49.292826,-24.932556],[-49.29279,-24.932535]]}},{"type":"Feature","properties":{"alt":411.0,"mestra":false},"geometry":{"type":"LineString","coordinates":[[-49.293846,-24.93257],[-49.293857,-24.932586],[-49.293855,-24.932611],[-49.293815,-24.932628],[-49.293799,-24.932585],[-49.293846,-24.93257]]}},{"type":"Feature","properties":{"alt":411.0,"mestra":false},"geometry":{"type":"LineString","coordinates":[[-49.292286,-24.932977],[-49.292289,-24.932987],[-49.292276,-24.933001],[-49.292268,-24.932987],[-49.292286,-24.932977]]}},{"type":"Feature","properties":{"alt":411.0,"mestra":false},"geometry":{"type":"LineString","coordinates":[[-49.292608,-24.932999],[-49.29255,-24.933035],[-49.292578,-24.933063],[-49.292598,-24.93306],[-49.292626,-24.933026],[-49.292624,-24.933009],[-49.292608,-24.932999]]}},{"type":"Feature","properties":{"alt":411.0,"mestra":false},"geometry":{"type":"LineString","coordinates":[[-49.292331,-24.933218],[-49.292331,-24.933218]]}},{"type":"Feature","properties":{"alt":411.0,"mestra":false},"geometry":{"type":"LineString","coordinates":[[-49.292322,-24.933225],[-49.292321,-24.933236],[-49.292322,-24.933225]]}},{"type":"Feature","properties":{"alt":412.0,"mestra":false},"geometry":{"type":"LineString","coordinates":[[-49.29531,-24.931999],[-49.295144,-24.931986],[-49.295037,-24.931929],[-49.2949,-24.93195],[-49.294891,-24.931965],[-49.294897,-24.932001],[-49.294944,-24.932055],[-49.294928,-24.93207],[-49.294888,-24.932078],[-49.294848,-24.932139],[-49.294874,-24.932179],[-49.294872,-24.932206],[-49.294815,-24.932285],[-49.294754,-24.932436]]}},{"type":"Feature","properties":{"alt":412.0,"mestra":false},"geometry":{"type":"LineString","coordinates":[[-49.294461,-24.932615],[-49.294392,-24.932613],[-49.294334,-24.932569],[-49.294295,-24.932589],[-49.294207,-24.932609],[-49.294178,-24.932598],[-49.294136,-24.932625],[-49.294138,-24.932652],[-49.294123,-24.932669],[-49.294,-24.93273],[-49.293933,-24.932637],[-49.293924,-24.932676],[-49.293902,-24.9327],[-49.293824,-24.932701],[-49.293766,-24.932687],[-49.293747,-24.93266],[-49.293692,-24.932664],[-49.29363,-24.932631],[-49.293611,-24.932605],[-49.293513,-24.932572],[-49.293501,-24.932546],[-49.293518,-24.932502],[-49.293485,-24.932481],[-49.293456,-24.932421],[-49.293459,-24.932385],[-49.293438,-24.932357],[-49.293389,-24.932357],[-49.29334,-24.932378],[-49.293313,-24.932402],[-49.293299,-24.932437],[-49.293251,-24.932477],[-49.29321,-24.93249],[-49.293191,-24.932534],[-49.293328,-24.932547],[-49.293347,-24.932557],[-49.293366,-24.93258],[-49.293372,-24.932616],[-49.29336,-24.932678],[-49.293393,-24.932741],[-49.293364,-24.932776],[-49.293368,-24.932821],[-49.293347,-24.932857],[-49.293351,-24.932892],[-49.293323,-24.932945],[-49.293283,-24.93299],[-49.293234,-24.932991],[-49.293175,-24.933019],[-49.293156,-24.933041],[-49.29315,-24.933086],[-49.293171,-24.933166],[-49.293131,-24.933237],[-49.293091,-24.933415],[-49.293013,-24.933439],[-49.292975,-24.933414],[-49.292925,-24.933413],[-49.292902,-24.933466],[-49.292816,-24.933513],[-49.292791,-24.933465],[-49.29278,-24.933403],[-49.292781,-24.933233],[-49.292809,-24.933153],[-49.292804,-24.933118],[-49.292823,-24.933055],[-49.292816,-24.933002],[-49.292882,-24.93296],[-49.292921,-24.93295],[-49.292938,-24.932914],[-49.292914,-24.932887],[-49.292972,-24.93285],[-49.293036,-24.932746],[-49.293083,-24.932702],[-49.293086,-24.932675],[-49.293072,-24.932655],[-49.293013,-24.932674],[-49.293012,-24.93271],[-49.292977,-24.932781],[-49.292943,-24.932799],[-49.292893,-24.93286],[-49.292825,-24.932892],[-49.292801,-24.932922],[-49.292788,-24.932957],[-49.292793,-24.932993],[-49.292775,-24.933028],[-49.29279,-24.933118],[-49.292752,-24.933144],[-49.292742,-24.933206],[-49.292707,-24.933277],[-49.292705,-24.93333],[-49.292671,-24.933482],[-49.29265,-24.933503],[-49.292581,-24.933523],[-49.292558,-24.93354]]}},{"type":"Feature","properties":{"alt":412.0,"mestra":false},"geometry":{"type":"LineString","coordinates":[[-49.292319,-24.933609],[-49.292287,-24.933596],[-49.292258,-24.933605],[-49.292187,-24.933681]]}},{"type":"Feature","properties":{"alt":412.0,"mestra":false},"geometry":{"type":"LineString","coordinates":[[-49.291979,-24.93363],[-49.291945,-24.933562],[-49.29195,-24.933527],[-49.292054,-24.933499],[-49.292093,-24.93343],[-49.292096,-24.933368],[-49.292113,-24.933315],[-49.292105,-24.933252],[-49.292113,-24.933226],[-49.292065,-24.933216],[-49.292084,-24.933199],[-49.292105,-24.933145],[-49.292131,-24.933137],[-49.292147,-24.933094],[-49.292208,-24.933066],[-49.292251,-24.933004],[-49.292257,-24.932975],[-49.292301,-24.932943],[-49.292307,-24.932884],[-49.292336,-24.932869],[-49.292404,-24.932898],[-49.292464,-24.93284],[-49.292541,-24.932872],[-49.29262,-24.93285],[-49.292659,-24.932858],[-49.292686,-24.932849],[-49.292679,-24.93283],[-49.29263,-24.932839],[-49.292607,-24.932812],[-49.292522,-24.932758],[-49.292539,-24.932731],[-49.292545,-24.932669],[-49.292535,-24.932665],[-49.292508,-24.932686],[-49.292497,-24.932677],[-49.292518,-24.932651],[-49.292504,-24.932588],[-49.292505,-24.932526],[-49.292557,-24.932471],[-49.292674,-24.932444],[-49.292705,-24.932388],[-49.292744,-24.932393],[-49.292758,-24.932369],[-49.292753,-24.932342],[-49.292785,-24.932315],[-49.292763,-24.932288],[-49.292824,-24.932222],[-49.292844,-24.932222],[-49.292866,-24.932263],[-49.292892,-24.932264],[-49.292922,-24.932241],[-49.292977,-24.932148],[-49.29308,-24.932079],[-49.293159,-24.932067],[-49.293197,-24.932094],[-49.293207,-24.932091],[-49.293219,-24.932062],[-49.293215,-24.932026],[-49.293247,-24.932002],[-49.293355,-24.932015],[-49.293462,-24.932007],[-49.293531,-24.932017],[-49.293619,-24.932013],[-49.293784,-24.932045],[-49.293902,-24.932014],[-49.293922,-24.93199],[-49.293919,-24.931945],[-49.29393,-24.931918],[-49.293917,-24.931874],[-49.294071,-24.931805],[-49.29413,-24.931789],[-49.294189,-24.931745],[-49.294219,-24.931744],[-49.294287,-24.931782],[-49.294311,-24.931771],[-49.294318,-24.931754],[-49.294273,-24.931691],[-49.294266,-24.931646],[-49.294306,-24.931611],[-49.294329,-24.931523],[-49.294397,-24.931529],[-49.294525,-24.931482],[-49.294594,-24.93149],[-49.294711,-24.931457],[-49.294799,-24.931451],[-49.294857,-24.931403],[-49.294879,-24.931346],[-49.294938,-24.931332],[-49.294952,-24.931306],[-49.294997,-24.93128],[-49.295015,-24.931254],[-49.29518,-24.931122],[-49.295205,-24.931065],[-49.295225,-24.931063],[-49.295312,-24.931093],[-49.295352,-24.931094]]}},{"type":"Feature","properties":{"alt":412.0,"mestra":false},"geometry":{"type":"LineString","coordinates":[[-49.292081,-24.93368],[-49.292063,-24.933644],[-49.292023,-24.933633],[-49.291992,-24.933642]]}},{"type":"Feature","properties":{"alt":412.0,"mestra":false},"geometry":{"type":"LineString","coordinates":[[-49.294391,-24.926307],[-49.294395,-24.926336],[-49.294381,-24.926342],[-49.294371,-24.926318],[-49.294391,-24.926307]]}},{"type":"Feature","properties":{"alt":412.0,"mestra":false},"geometry":{"type":"LineString","coordinates":[[-49.294536,-24.926416],[-49.294582,-24.926481],[-49.294633,-24.926504],[-49.294662,-24.926535],[-49.294721,-24.926514],[-49.294751,-24.926469],[-49.2948,-24.926455],[-49.294926,-24.926493],[-49.294969,-24.926521],[-49.29499,-24.926565],[-49.294988,-24.926637],[-49.294936,-24.926779],[-49.294892,-24.926829],[-49.294833,-24.926851],[-49.294736,-24.926848],[-49.294658,-24.926821],[-49.294609,-24.926781],[-49.294549,-24.926694],[-49.294497,-24.926578],[-49.294497,-24.926533],[-49.294521,-24.92648],[-49.294516,-24.926426],[-49.294536,-24.926416]]}},{"type":"Feature","properties":{"alt":412.0,"mestra":false},"geometry":{"type":"LineString","coordinates":[[-49.295086,-24.926967],[-49.295144,-24.926995],[-49.295255,-24.926978],[-49.295267,-24.926996],[-49.295278,-24.927077],[-49.295348,-24.927124],[-49.295414,-24.927132],[-49.295441,-24.92715],[-49.295508,-24.927302],[-49.295558,-24.927347],[-49.295582,-24.927392],[-49.295574,-24.927454],[-49.295483,-24.927569],[-49.295478,-24.927632],[-49.295512,-24.927685],[-49.295523,-24.927819],[-49.295503,-24.927875],[-49.295443,-24.927977],[-49.295433,-24.928068],[-49.295396,-24.92813],[-49.295422,-24.928175],[-49.295399,-24.928237],[-49.2954,-24.928281],[-49.295419,-24.928329],[-49.295458,-24.928344],[-49.295471,-24.928362],[-49.295453,-24.928469],[-49.295436,-24.928484],[-49.295378,-24.92848],[-49.295292,-24.928539],[-49.295259,-24.928618],[-49.295199,-24.928713],[-49.295189,-24.928715],[-49.295165,-24.928671],[-49.295131,-24.928665],[-49.295081,-24.928705],[-49.295032,-24.928725],[-49.295002,-24.928762],[-49.294973,-24.928778],[-49.294934,-24.928783],[-49.294865,-24.928814],[-49.294757,-24.928809],[-49.294688,-24.928858],[-49.29464,-24.928852],[-49.294551,-24.928897],[-49.294492,-24.92889],[-49.294413,-24.928929],[-49.29439,-24.928956],[-49.294403,-24.929019],[-49.294348,-24.929036],[-49.294348,-24.929054],[-49.294372,-24.929089],[-49.294313,-24.929178],[-49.29431,-24.929258],[-49.294321,-24.929284],[-49.29434,-24.929293],[-49.294369,-24.929285],[-49.294409,-24.929244],[-49.294487,-24.929267],[-49.294513,-24.929243],[-49.294514,-24.929225],[-49.294439,-24.929224],[-49.294437,-24.929215],[-49.294479,-24.92919],[-49.294508,-24.929183],[-49.294566,-24.929206],[-49.294635,-24.929168],[-49.294802,-24.929137],[-49.294928,-24.929194],[-49.294958,-24.929161],[-49.294978,-24.929154],[-49.295026,-24.929181],[-49.295075,-24.929188],[-49.295134,-24.929181],[-49.295153,-24.929188],[-49.295191,-24.929231],[-49.295241,-24.929209],[-49.295319,-24.929212],[-49.295358,-24.929189],[-49.295425,-24.929316],[-49.295542,-24.929313],[-49.295601,-24.929287],[-49.29564,-24.929325],[-49.295698,-24.929344],[-49.295716,-24.929372],[-49.295717,-24.929444],[-49.295732,-24.929479],[-49.295722,-24.929577],[-49.295757,-24.9298],[-49.295743,-24.929845],[-49.295823,-24.929953],[-49.295768,-24.930014],[-49.295761,-24.930077],[-49.295786,-24.930139],[-49.295765,-24.930163],[-49.295726,-24.930155],[-49.295698,-24.930102],[-49.295591,-24.930056],[-49.295558,-24.92995],[-49.295486,-24.92986],[-49.295435,-24.929743],[-49.295345,-24.929591],[-49.295266,-24.92947],[-49.295228,-24.929448],[-49.295149,-24.929459],[-49.29512,-24.929448],[-49.295061,-24.929449],[-49.294993,-24.929425],[-49.294935,-24.929439],[-49.294916,-24.929461],[-49.29491,-24.929497],[-49.294949,-24.929568],[-49.294883,-24.929646],[-49.294819,-24.929701],[-49.294774,-24.929715],[-49.294626,-24.929823],[-49.294577,-24.929831],[-49.294361,-24.929933],[-49.294332,-24.929932],[-49.294237,-24.929845],[-49.294228,-24.929792],[-49.294188,-24.929739],[-49.294158,-24.929752],[-49.294138,-24.929818],[-49.294069,-24.929865],[-49.294016,-24.929861],[-49.293952,-24.92981],[-49.293895,-24.929788],[-49.293877,-24.92977],[-49.293839,-24.929636],[-49.293847,-24.929502],[-49.293816,-24.929466],[-49.29382,-24.929438],[-49.293859,-24.929432],[-49.293863,-24.929413],[-49.293838,-24.929369],[-49.293784,-24.929332],[-49.293732,-24.929243],[-49.293736,-24.9292],[-49.293769,-24.929181],[-49.293777,-24.929163],[-49.293741,-24.929118],[-49.2937,-24.928984],[-49.293764,-24.928958],[-49.293776,-24.928904],[-49.293838,-24.928876],[-49.293868,-24.928816],[-49.293942,-24.928799],[-49.293957,-24.928742],[-49.29398,-24.928711],[-49.294016,-24.928699],[-49.294075,-24.928721],[-49.294134,-24.928673],[-49.294163,-24.928684],[-49.294194,-24.928722],[-49.294231,-24.928729],[-49.29428,-24.928704],[-49.29435,-24.928617],[-49.294379,-24.9286],[-49.294497,-24.92857],[-49.294585,-24.928578],[-49.294673,-24.928561],[-49.294703,-24.928522],[-49.294751,-24.928497],[-49.294822,-24.928413],[-49.294911,-24.928365],[-49.29501,-24.928199],[-49.295065,-24.928179],[-49.295071,-24.928073],[-49.295044,-24.928045],[-49.295042,-24.928028],[-49.295062,-24.928018],[-49.295101,-24.92802],[-49.295169,-24.927985],[-49.295164,-24.92794],[-49.295191,-24.92786],[-49.295174,-24.927815],[-49.295176,-24.92778],[-49.295213,-24.927718],[-49.295198,-24.927682],[-49.295136,-24.927637],[-49.295104,-24.927574],[-49.295117,-24.927532],[-49.295178,-24.927468],[-49.295188,-24.927397],[-49.295174,-24.927298],[-49.295127,-24.927137],[-49.29512,-24.927066],[-49.295104,-24.927044],[-49.295056,-24.927015],[-49.295046,-24.926995],[-49.295056,-24.926968],[-49.295086,-24.926967]]}},{"type":"Feature","properties":{"alt":412.0,"mestra":false},"geometry":{"type":"LineString","coordinates":[[-49.295347,-24.927174],[-49.295327,-24.927184],[-49.295337,-24.927196],[-49.295357,-24.927193],[-49.295347,-24.927174]]}},{"type":"Feature","properties":{"alt":412.0,"mestra":false},"geometry":{"type":"LineString","coordinates":[[-49.295225,-24.927525],[-49.295212,-24.927531],[-49.295225,-24.927534],[-49.295225,-24.927525]]}},{"type":"Feature","properties":{"alt":412.0,"mestra":false},"geometry":{"type":"LineString","coordinates":[[-49.29475,-24.928608],[-49.294737,-24.928621],[-49.29475,-24.928635],[-49.294762,-24.928622],[-49.29475,-24.928608]]}},{"type":"Feature","properties":{"alt":412.0,"mestra":false},"geometry":{"type":"LineString","coordinates":[[-49.294345,-24.928936],[-49.294318,-24.928955],[-49.294354,-24.928973],[-49.294368,-24.928947],[-49.294345,-24.928936]]}},{"type":"Feature","properties":{"alt":412.0,"mestra":false},"geometry":{"type":"LineString","coordinates":[[-49.294266,-24.928978],[-49.294255,-24.928981],[-49.294266,-24.929],[-49.294278,-24.92899],[-49.294266,-24.928978]]}},{"type":"Feature","properties":{"alt":412.0,"mestra":false},"geometry":{"type":"LineString","coordinates":[[-49.293874,-24.929056],[-49.29387,-24.929084],[-49.293903,-24.92911],[-49.293914,-24.929102],[-49.293912,-24.929084],[-49.293874,-24.929056]]}},{"type":"Feature","properties":{"alt":412.0,"mestra":false},"geometry":{"type":"LineString","coordinates":[[-49.29469,-24.929446],[-49.294679,-24.929458],[-49.294686,-24.929476],[-49.294727,-24.929477],[-49.29469,-24.929446]]}},{"type":"Feature","properties":{"alt":412.0,"mestra":false},"geometry":{"type":"LineString","coordinates":[[-49.294563,-24.929447],[-49.294545,-24.929457],[-49.294544,-24.929484],[-49.294572,-24.929505],[-49.294599,-24.929502],[-49.294608,-24.929484],[-49.294563,-24.929447]]}},{"type":"Feature","properties":{"alt":412.0,"mestra":false},"geometry":{"type":"LineString","coordinates":[[-49.293908,-24.929457],[-49.293868,-24.929458],[-49.293853,-24.929485],[-49.293859,-24.929502],[-49.293898,-24.929506],[-49.293923,-24.929494],[-49.293926,-24.929476],[-49.293908,-24.929457]]}},{"type":"Feature","properties":{"alt":412.0,"mestra":false},"geometry":{"type":"LineString","coordinates":[[-49.294845,-24.929521],[-49.294835,-24.929534],[-49.294849,-24.929532],[-49.294845,-24.929521]]}},{"type":"Feature","properties":{"alt":412.0,"mestra":false},"geometry":{"type":"LineString","coordinates":[[-49.295147,-24.931735],[-49.295128,-24.931737],[-49.295113,-24.931754],[-49.295127,-24.931774],[-49.295156,-24.931774],[-49.295168,-24.931763],[-49.295164,-24.931745],[-49.295147,-24.931735]]}},{"type":"Feature","properties":{"alt":412.0,"mestra":false},"geometry":{"type":"LineString","coordinates":[[-49.29486,-24.932013],[-49.29484,-24.932013],[-49.294836,-24.932036],[-49.294869,-24.932054],[-49.294873,-24.932036],[-49.29486,-24.932013]]}},{"type":"Feature","properties":{"alt":412.0,"mestra":false},"geometry":{"type":"LineString","coordinates":[[-49.293353,-24.932125],[-49.293334,-24.932133],[-49.293329,-24.932152],[-49.293343,-24.932165],[-49.293372,-24.932163],[-49.293393,-24.932135],[-49.293353,-24.932125]]}},{"type":"Feature","properties":{"alt":412.0,"mestra":false},"geometry":{"type":"LineString","coordinates":[[-49.292959,-24.9324],[-49.292932,-24.932406],[-49.292933,-24.932424],[-49.292967,-24.932424],[-49.292959,-24.9324]]}},{"type":"Feature","properties":{"alt":412.0,"mestra":false},"geometry":{"type":"LineString","coordinates":[[-49.293319,-24.932461],[-49.293309,-24.932468],[-49.29331,-24.932459],[-49.293319,-24.932461]]}},{"type":"Feature","properties":{"alt":412.0,"mestra":false},"geometry":{"type":"LineString","coordinates":[[-49.293914,-24.932603],[-49.293923,-24.932623],[-49.293914,-24.932603]]}},{"type":"Feature","properties":{"alt":412.0,"mestra":false},"geometry":{"type":"LineString","coordinates":[[-49.293483,-24.932613],[-49.293519,-24.932698],[-49.29359,-24.932743],[-49.293592,-24.932779],[-49.293606,-24.932797],[-49.293579,-24.932895],[-49.293546,-24.932921],[-49.293547,-24.93295],[-49.293513,-24.93293],[-49.293526,-24.932912],[-49.293529,-24.932876],[-49.29356,-24.93285],[-49.293558,-24.932841],[-49.293547,-24.932823],[-49.293522,-24.932814],[-49.293518,-24.932787],[-49.293498,-24.932769],[-49.293467,-24.932697],[-49.293474,-24.932617],[-49.293483,-24.932613]]}},{"type":"Feature","properties":{"alt":412.0,"mestra":false},"geometry":{"type":"LineString","coordinates":[[-49.293415,-24.932613],[-49.293423,-24.932635],[-49.293414,-24.932649],[-49.293387,-24.932625],[-49.293395,-24.932612],[-49.293415,-24.932613]]}},{"type":"Feature","properties":{"alt":412.0,"mestra":false},"geometry":{"type":"LineString","coordinates":[[-49.292945,-24.932673],[-49.292925,-24.93267],[-49.29292,-24.932691],[-49.292945,-24.932695],[-49.292945,-24.932673]]}},{"type":"Feature","properties":{"alt":412.0,"mestra":false},"geometry":{"type":"LineString","coordinates":[[-49.29355,-24.932757],[-49.293534,-24.932761],[-49.29354,-24.932776],[-49.29355,-24.932757]]}},{"type":"Feature","properties":{"alt":412.0,"mestra":false},"geometry":{"type":"LineString","coordinates":[[-49.293079,-24.932876],[-49.293047,-24.93288],[-49.293049,-24.932898],[-49.293069,-24.932912],[-49.293093,-24.932898],[-49.293079,-24.932876]]}},{"type":"Feature","properties":{"alt":412.0,"mestra":false},"geometry":{"type":"LineString","coordinates":[[-49.292333,-24.933129],[-49.292303,-24.933126],[-49.292252,-24.933147],[-49.292249,-24.933165],[-49.292273,-24.933195],[-49.292293,-24.933195],[-49.292352,-24.933164],[-49.292358,-24.933148],[-49.292333,-24.933129]]}},{"type":"Feature","properties":{"alt":412.0,"mestra":false},"geometry":{"type":"LineString","coordinates":[[-49.292956,-24.933256],[-49.292936,-24.933262],[-49.292941,-24.933289],[-49.292926,-24.933329],[-49.292957,-24.933298],[-49.292965,-24.933262],[-49.292956,-24.933256]]}},{"type":"Feature","properties":{"alt":412.0,"mestra":false},"geometry":{"type":"LineString","coordinates":[[-49.292008,-24.933255],[-49.292017,-24.93326],[-49.291987,-24.933278],[-49.291986,-24.933269],[-49.292008,-24.933255]]}},{"type":"Feature","properties":{"alt":412.0,"mestra":false},"geometry":{"type":"LineString","coordinates":[[-49.29217,-24.933576],[-49.292158,-24.933583],[-49.29217,-24.933592],[-49.292179,-24.933583],[-49.29217,-24.933576]]}},{"type":"Feature","properties":{"alt":413.0,"mestra":false},"geometry":{"type":"LineString","coordinates":[[-49.295303,-24.932117],[-49.295172,-24.932086],[-49.295094,-24.932054],[-49.295065,-24.932026],[-49.295054,-24.931967],[-49.295036,-24.931949],[-49.295008,-24.931945],[-49.294978,-24.931965],[-49.294939,-24.931954],[-49.29491,-24.931965],[-49.294906,-24.931992],[-49.294919,-24.932013],[-49.294938,-24.932021],[-49.294977,-24.932016],[-49.294997,-24.932038],[-49.294969,-24.932073],[-49.294898,-24.932095],[-49.294887,-24.932108],[-49.294916,-24.932197],[-49.294897,-24.932402],[-49.294914,-24.932428]]}},{"type":"Feature","properties":{"alt":413.0,"mestra":false},"geometry":{"type":"LineString","coordinates":[[-49.294479,-24.932727],[-49.294381,-24.932707],[-49.294334,-24.932626],[-49.294314,-24.932637],[-49.294283,-24.932718],[-49.294195,-24.932741],[-49.294009,-24.932763],[-49.29398,-24.932748],[-49.293957,-24.932712],[-49.293932,-24.932697],[-49.293873,-24.932717],[-49.293853,-24.932746],[-49.293804,-24.932739],[-49.293775,-24.932715],[-49.293736,-24.932717],[-49.293726,-24.932744],[-49.293683,-24.932789],[-49.293675,-24.932842],[-49.293631,-24.932869],[-49.293646,-24.932884],[-49.293675,-24.932885],[-49.293692,-24.932869],[-49.293695,-24.932844],[-49.293706,-24.93287],[-49.293656,-24.932914],[-49.293654,-24.932963],[-49.293577,-24.933002],[-49.293571,-24.933019],[-49.293585,-24.93304],[-49.293575,-24.933046],[-49.293546,-24.933024],[-49.293497,-24.933045],[-49.29347,-24.933009],[-49.29341,-24.932973],[-49.293381,-24.932977],[-49.293331,-24.93301],[-49.293325,-24.933026],[-49.293343,-24.933115],[-49.293329,-24.933146],[-49.293349,-24.93315],[-49.293389,-24.933068],[-49.293418,-24.933091],[-49.293466,-24.933099],[-49.293473,-24.933116],[-49.293453,-24.933143],[-49.293407,-24.933169],[-49.293359,-24.933152],[-49.293358,-24.933169],[-49.293382,-24.933187],[-49.293377,-24.933204],[-49.29339,-24.933231],[-49.293347,-24.93326],[-49.293344,-24.93332],[-49.293327,-24.933355],[-49.293228,-24.933421],[-49.293214,-24.933452],[-49.293222,-24.933475]]}},{"type":"Feature","properties":{"alt":413.0,"mestra":false},"geometry":{"type":"LineString","coordinates":[[-49.293143,-24.933528],[-49.293109,-24.933518],[-49.29307,-24.933523],[-49.292893,-24.9336],[-49.292829,-24.933617],[-49.292756,-24.933624],[-49.292649,-24.933606],[-49.292598,-24.933613]]}},{"type":"Feature","properties":{"alt":413.0,"mestra":false},"geometry":{"type":"LineString","coordinates":[[-49.291948,-24.933648],[-49.29188,-24.933588],[-49.291819,-24.933497],[-49.29179,-24.933506],[-49.291777,-24.933489],[-49.291788,-24.933463],[-49.291768,-24.933436],[-49.291802,-24.933366],[-49.291837,-24.933374],[-49.291822,-24.933311],[-49.291847,-24.93324],[-49.291872,-24.933231],[-49.291979,-24.933238],[-49.292038,-24.933217],[-49.292074,-24.93319],[-49.292098,-24.933138],[-49.292128,-24.93312],[-49.292148,-24.933082],[-49.292208,-24.933048],[-49.292241,-24.933004],[-49.292252,-24.932969],[-49.292294,-24.932934],[-49.292297,-24.93288],[-49.292336,-24.93286],[-49.292385,-24.932876],[-49.292412,-24.932855],[-49.292425,-24.93279],[-49.292489,-24.932766],[-49.292488,-24.932722],[-49.292451,-24.932668],[-49.292493,-24.932588],[-49.292498,-24.932517],[-49.292557,-24.932461],[-49.292661,-24.932439],[-49.292685,-24.932384],[-49.292723,-24.93235],[-49.29273,-24.932288],[-49.292805,-24.932218],[-49.292844,-24.932208],[-49.292873,-24.932245],[-49.292902,-24.932248],[-49.292925,-24.932228],[-49.292972,-24.932142],[-49.29308,-24.932065],[-49.293159,-24.932054],[-49.293199,-24.932079],[-49.293209,-24.932053],[-49.293189,-24.932017],[-49.293248,-24.931986],[-49.293599,-24.931999],[-49.293785,-24.932028],[-49.293892,-24.932009],[-49.293915,-24.931981],[-49.293908,-24.931945],[-49.29392,-24.931909],[-49.293901,-24.931883],[-49.293904,-24.93187],[-49.293943,-24.931862],[-49.29406,-24.931804],[-49.29413,-24.931782],[-49.294199,-24.931732],[-49.294229,-24.931734],[-49.294287,-24.931773],[-49.294306,-24.931767],[-49.294307,-24.931748],[-49.294252,-24.93169],[-49.294254,-24.931655],[-49.294258,-24.931637],[-49.294302,-24.931602],[-49.29432,-24.931509],[-49.294388,-24.93152],[-49.294496,-24.931477],[-49.294594,-24.931486],[-49.294702,-24.931451],[-49.294799,-24.931442],[-49.294847,-24.931403],[-49.294879,-24.931333],[-49.294928,-24.931316],[-49.294987,-24.931274],[-49.295106,-24.931164],[-49.295175,-24.931118],[-49.295196,-24.931059],[-49.295225,-24.931054],[-49.295313,-24.931082],[-49.295348,-24.931067]]}},{"type":"Feature","properties":{"alt":413.0,"mestra":false},"geometry":{"type":"LineString","coordinates":[[-49.294401,-24.926291],[-49.294427,-24.926345],[-49.294411,-24.926363],[-49.294381,-24.926365],[-49.294352,-24.926344],[-49.294343,-24.926317],[-49.294373,-24.926291],[-49.294401,-24.926291]]}},{"type":"Feature","properties":{"alt":413.0,"mestra":false},"geometry":{"type":"LineString","coordinates":[[-49.294537,-24.926391],[-49.294556,-24.926405],[-49.294594,-24.926478],[-49.294662,-24.926512],[-49.294711,-24.926502],[-49.294741,-24.926463],[-49.29481,-24.926435],[-49.294936,-24.926477],[-49.294984,-24.926518],[-49.295004,-24.926601],[-49.294982,-24.926708],[-49.294936,-24.926805],[-49.294872,-24.926865],[-49.294784,-24.926891],[-49.294696,-24.926887],[-49.294609,-24.926849],[-49.294551,-24.926792],[-49.294503,-24.9267],[-49.294475,-24.92656],[-49.294496,-24.926408],[-49.294537,-24.926391]]}},{"type":"Feature","properties":{"alt":413.0,"mestra":false},"geometry":{"type":"LineString","coordinates":[[-49.295076,-24.926958],[-49.295183,-24.926984],[-49.295242,-24.926964],[-49.295264,-24.92697],[-49.295277,-24.926988],[-49.295276,-24.92705],[-49.295287,-24.927077],[-49.295357,-24.927122],[-49.295426,-24.927124],[-49.295445,-24.927134],[-49.295467,-24.927168],[-49.295515,-24.927302],[-49.295566,-24.927338],[-49.295593,-24.927392],[-49.295581,-24.927463],[-49.29551,-24.927534],[-49.295491,-24.927569],[-49.29549,-24.927623],[-49.295526,-24.927703],[-49.295531,-24.927819],[-49.295511,-24.927882],[-49.295449,-24.927979],[-49.295438,-24.928068],[-49.295402,-24.92813],[-49.295425,-24.928175],[-49.295403,-24.928246],[-49.295418,-24.928317],[-49.295431,-24.928335],[-49.295468,-24.928347],[-49.295476,-24.928362],[-49.295459,-24.928469],[-49.295436,-24.928492],[-49.295378,-24.928488],[-49.295299,-24.928541],[-49.295259,-24.928627],[-49.295199,-24.928717],[-49.295183,-24.928716],[-49.29516,-24.928674],[-49.295131,-24.92867],[-49.29509,-24.928706],[-49.295032,-24.92873],[-49.295002,-24.928767],[-49.294963,-24.928786],[-49.294924,-24.928792],[-49.294875,-24.928817],[-49.294767,-24.928817],[-49.294708,-24.928856],[-49.294679,-24.928865],[-49.29464,-24.928857],[-49.294551,-24.928909],[-49.294502,-24.928894],[-49.294433,-24.928922],[-49.294418,-24.928938],[-49.294408,-24.928983],[-49.294423,-24.928993],[-49.294452,-24.928976],[-49.294459,-24.928984],[-49.294469,-24.929091],[-49.29445,-24.929107],[-49.294411,-24.929094],[-49.294364,-24.929116],[-49.29432,-24.929187],[-49.294315,-24.929258],[-49.294331,-24.929284],[-49.29435,-24.929288],[-49.294433,-24.929206],[-49.294498,-24.929171],[-49.294518,-24.929169],[-49.294566,-24.929198],[-49.294626,-24.929162],[-49.294792,-24.929129],[-49.294831,-24.929138],[-49.294882,-24.929175],[-49.294928,-24.92919],[-49.294955,-24.929159],[-49.294978,-24.929149],[-49.294997,-24.929152],[-49.295026,-24.929179],[-49.295134,-24.929177],[-49.295158,-24.929188],[-49.295192,-24.929228],[-49.295241,-24.929206],[-49.295319,-24.929209],[-49.295358,-24.929186],[-49.295374,-24.929199],[-49.295385,-24.929244],[-49.295435,-24.929311],[-49.295542,-24.929309],[-49.295601,-24.929283],[-49.29564,-24.929321],[-49.295698,-24.929335],[-49.295718,-24.929355],[-49.295725,-24.929444],[-49.295739,-24.929479],[-49.295727,-24.929542],[-49.295766,-24.929801],[-49.295749,-24.929836],[-49.295773,-24.929881],[-49.29581,-24.929908],[-49.295833,-24.929953],[-49.295772,-24.930032],[-49.295769,-24.930086],[-49.295795,-24.93014],[-49.295789,-24.930157],[-49.295765,-24.93017],[-49.295726,-24.930161],[-49.295688,-24.930105],[-49.29561,-24.930078],[-49.295581,-24.930057],[-49.295548,-24.929958],[-49.295468,-24.92986],[-49.295261,-24.929483],[-49.295218,-24.929455],[-49.295149,-24.929467],[-49.29511,-24.929456],[-49.295071,-24.929462],[-49.294993,-24.929433],[-49.294944,-24.929443],[-49.294922,-24.92947],[-49.29492,-24.929506],[-49.294975,-24.929569],[-49.294941,-24.929657],[-49.294882,-24.929678],[-49.294777,-24.929763],[-49.294611,-24.92985],[-49.294536,-24.929867],[-49.294459,-24.929908],[-49.29439,-24.929923],[-49.294361,-24.929946],[-49.294312,-24.929944],[-49.294254,-24.929874],[-49.294218,-24.929854],[-49.294207,-24.929836],[-49.294216,-24.92981],[-49.294178,-24.929752],[-49.294167,-24.929764],[-49.29418,-24.9298],[-49.294169,-24.929827],[-49.294068,-24.929874],[-49.29401,-24.929869],[-49.293952,-24.929815],[-49.293884,-24.929797],[-49.293855,-24.929766],[-49.293828,-24.929627],[-49.29384,-24.929529],[-49.293812,-24.929466],[-49.29382,-24.929431],[-49.29385,-24.929428],[-49.293858,-24.929413],[-49.293833,-24.929368],[-49.293777,-24.929332],[-49.293734,-24.92926],[-49.293719,-24.929198],[-49.293697,-24.929172],[-49.293717,-24.929163],[-49.293756,-24.929173],[-49.293763,-24.929163],[-49.293695,-24.929117],[-49.293709,-24.929055],[-49.293693,-24.928984],[-49.293755,-24.928958],[-49.293769,-24.928902],[-49.293838,-24.928871],[-49.293868,-24.928812],[-49.293927,-24.928804],[-49.293945,-24.92879],[-49.293954,-24.928737],[-49.293977,-24.928708],[-49.294016,-24.928695],[-49.294075,-24.928718],[-49.294114,-24.928675],[-49.294134,-24.928669],[-49.294163,-24.928681],[-49.294199,-24.928722],[-49.294231,-24.928727],[-49.29428,-24.9287],[-49.29435,-24.928612],[-49.294379,-24.928595],[-49.294507,-24.928563],[-49.294585,-24.928573],[-49.294673,-24.928558],[-49.294703,-24.928515],[-49.294752,-24.928491],[-49.294822,-24.928402],[-49.294908,-24.928356],[-49.294955,-24.928294],[-49.295,-24.9282],[-49.295033,-24.92817],[-49.29505,-24.92809],[-49.295013,-24.927992],[-49.295062,-24.927996],[-49.295104,-24.927975],[-49.295167,-24.927869],[-49.295157,-24.927762],[-49.29519,-24.927708],[-49.295177,-24.927682],[-49.295135,-24.927649],[-49.295106,-24.927607],[-49.295097,-24.927603],[-49.295067,-24.927617],[-49.295049,-24.927609],[-49.295152,-24.927467],[-49.295165,-24.927423],[-49.295112,-24.927084],[-49.295094,-24.927059],[-49.295046,-24.927026],[-49.295033,-24.927003],[-49.295045,-24.926967],[-49.295076,-24.926958]]}},{"type":"Feature","properties":{"alt":413.0,"mestra":false},"geometry":{"type":"LineString","coordinates":[[-49.295347,-24.927179],[-49.295334,-24.927184],[-49.295347,-24.927194],[-49.295355,-24.927185],[-49.295347,-24.927179]]}},{"type":"Feature","properties":{"alt":413.0,"mestra":false},"geometry":{"type":"LineString","coordinates":[[-49.29475,-24.928613],[-49.29475,-24.928627],[-49.29475,-24.928613]]}},{"type":"Feature","properties":{"alt":413.0,"mestra":false},"geometry":{"type":"LineString","coordinates":[[-49.294539,-24.929051],[-49.294539,-24.929063],[-49.294528,-24.929056],[-49.294539,-24.929051]]}},{"type":"Feature","properties":{"alt":413.0,"mestra":false},"geometry":{"type":"LineString","coordinates":[[-49.293884,-24.929063],[-49.293873,-24.929066],[-49.293874,-24.929084],[-49.293903,-24.929106],[-49.293911,-24.929093],[-49.293884,-24.929063]]}},{"type":"Feature","properties":{"alt":413.0,"mestra":false},"geometry":{"type":"LineString","coordinates":[[-49.294498,-24.92923],[-49.294448,-24.929242],[-49.294487,-24.929261],[-49.294503,-24.929242],[-49.294498,-24.92923]]}},{"type":"Feature","properties":{"alt":413.0,"mestra":false},"geometry":{"type":"LineString","coordinates":[[-49.294573,-24.929453],[-49.294553,-24.929454],[-49.294545,-24.929475],[-49.294555,-24.929493],[-49.294582,-24.929502],[-49.2946,-24.929484],[-49.294573,-24.929453]]}},{"type":"Feature","properties":{"alt":413.0,"mestra":false},"geometry":{"type":"LineString","coordinates":[[-49.293898,-24.929457],[-49.293867,-24.929467],[-49.293868,-24.929498],[-49.293898,-24.929504],[-49.293919,-24.929494],[-49.293918,-24.929467],[-49.293898,-24.929457]]}},{"type":"Feature","properties":{"alt":413.0,"mestra":false},"geometry":{"type":"LineString","coordinates":[[-49.295147,-24.931743],[-49.29513,-24.931745],[-49.295135,-24.931763],[-49.295156,-24.931754],[-49.295147,-24.931743]]}},{"type":"Feature","properties":{"alt":413.0,"mestra":false},"geometry":{"type":"LineString","coordinates":[[-49.293795,-24.931986],[-49.293795,-24.932],[-49.293781,-24.931997],[-49.29378,-24.931988],[-49.293795,-24.931986]]}},{"type":"Feature","properties":{"alt":413.0,"mestra":false},"geometry":{"type":"LineString","coordinates":[[-49.293437,-24.932443],[-49.293417,-24.932443],[-49.293399,-24.932465],[-49.293403,-24.932492],[-49.293426,-24.932506],[-49.293446,-24.932503],[-49.29346,-24.932483],[-49.293455,-24.932457],[-49.293437,-24.932443]]}},{"type":"Feature","properties":{"alt":413.0,"mestra":false},"geometry":{"type":"LineString","coordinates":[[-49.293639,-24.932695],[-49.293612,-24.932699],[-49.293628,-24.932722],[-49.293656,-24.932709],[-49.293639,-24.932695]]}},{"type":"Feature","properties":{"alt":413.0,"mestra":false},"geometry":{"type":"LineString","coordinates":[[-49.293432,-24.932759],[-49.293421,-24.932759],[-49.293413,-24.932783],[-49.293432,-24.932759]]}},{"type":"Feature","properties":{"alt":413.0,"mestra":false},"geometry":{"type":"LineString","coordinates":[[-49.293481,-24.932813],[-49.293442,-24.932811],[-49.293432,-24.93282],[-49.293432,-24.932849],[-49.29345,-24.932873],[-49.293499,-24.932863],[-49.293509,-24.932849],[-49.293481,-24.932813]]}},{"type":"Feature","properties":{"alt":413.0,"mestra":false},"geometry":{"type":"LineString","coordinates":[[-49.293402,-24.932848],[-49.293372,-24.932857],[-49.293382,-24.932881],[-49.293401,-24.932882],[-49.293415,-24.932866],[-49.293402,-24.932848]]}},{"type":"Feature","properties":{"alt":413.0,"mestra":false},"geometry":{"type":"LineString","coordinates":[[-49.292874,-24.932885],[-49.292844,-24.932885],[-49.29281,-24.932913],[-49.292792,-24.932957],[-49.292804,-24.932979],[-49.292833,-24.932983],[-49.292856,-24.932967],[-49.292886,-24.932914],[-49.292874,-24.932885]]}},{"type":"Feature","properties":{"alt":413.0,"mestra":false},"geometry":{"type":"LineString","coordinates":[[-49.293508,-24.932964],[-49.293508,-24.932975],[-49.293508,-24.932964]]}},{"type":"Feature","properties":{"alt":413.0,"mestra":false},"geometry":{"type":"LineString","coordinates":[[-49.292332,-24.933146],[-49.292303,-24.933142],[-49.292278,-24.933165],[-49.292283,-24.933174],[-49.292303,-24.933173],[-49.292335,-24.933157],[-49.292332,-24.933146]]}},{"type":"Feature","properties":{"alt":413.0,"mestra":false},"geometry":{"type":"LineString","coordinates":[[-49.293427,-24.933193],[-49.293442,-24.933214],[-49.293427,-24.933241],[-49.293435,-24.93325],[-49.293465,-24.933233],[-49.29348,-24.93325],[-49.293475,-24.933277],[-49.293454,-24.93329],[-49.293435,-24.93328],[-49.293401,-24.933231],[-49.293415,-24.933196],[-49.293427,-24.933193]]}},{"type":"Feature","properties":{"alt":413.0,"mestra":false},"geometry":{"type":"LineString","coordinates":[[-49.292077,-24.93326],[-49.292047,-24.933263],[-49.291981,-24.933313],[-49.291945,-24.933393],[-49.291953,-24.933455],[-49.292005,-24.93349],[-49.292054,-24.933485],[-49.29208,-24.933439],[-49.292068,-24.933368],[-49.292097,-24.933306],[-49.292089,-24.93327],[-49.292077,-24.93326]]}},{"type":"Feature","properties":{"alt":413.0,"mestra":false},"geometry":{"type":"LineString","coordinates":[[-49.2932,-24.9333],[-49.293171,-24.933295],[-49.293155,-24.933318],[-49.293156,-24.933336],[-49.29318,-24.933342],[-49.293234,-24.933328],[-49.293227,-24.93331],[-49.2932,-24.9333]]}},{"type":"Feature","properties":{"alt":413.0,"mestra":false},"geometry":{"type":"LineString","coordinates":[[-49.29319,-24.933362],[-49.293182,-24.933372],[-49.293189,-24.933377],[-49.29319,-24.933362]]}},{"type":"Feature","properties":{"alt":413.0,"mestra":false},"geometry":{"type":"LineString","coordinates":[[-49.29275,-24.933374],[-49.29273,-24.933375],[-49.292721,-24.933393],[-49.292749,-24.933447],[-49.29275,-24.933374]]}},{"type":"Feature","properties":{"alt":413.0,"mestra":false},"geometry":{"type":"LineString","coordinates":[[-49.29185,-24.933411],[-49.291828,-24.933427],[-49.29184,-24.933449],[-49.29186,-24.933437],[-49.29185,-24.933411]]}},{"type":"Feature","properties":{"alt":414.0,"mestra":false},"geometry":{"type":"LineString","coordinates":[[-49.295306,-24.932257],[-49.295248,-24.932248],[-49.295141,-24.932206],[-49.295015,-24.932114],[-49.294976,-24.932109],[-49.294927,-24.932118],[-49.294918,-24.932144],[-49.294969,-24.93218],[-49.295003,-24.932261]]}},{"type":"Feature","properties":{"alt":414.0,"mestra":false},"geometry":{"type":"LineString","coordinates":[[-49.294394,-24.932925],[-49.294261,-24.93289],[-49.294213,-24.932862],[-49.294175,-24.932821],[-49.294116,-24.932811],[-49.294077,-24.932784],[-49.293999,-24.932782],[-49.293941,-24.932726],[-49.293883,-24.93272],[-49.293873,-24.932729],[-49.293871,-24.932782],[-49.293823,-24.932785],[-49.293774,-24.932813],[-49.293753,-24.932879],[-49.293682,-24.932932],[-49.293691,-24.932985],[-49.293732,-24.932995],[-49.293746,-24.933013],[-49.293741,-24.933046],[-49.293663,-24.93306],[-49.293624,-24.933035],[-49.293545,-24.933073],[-49.293525,-24.933121],[-49.293486,-24.933128],[-49.293445,-24.93317],[-49.293466,-24.933184],[-49.293505,-24.933169],[-49.293524,-24.933153],[-49.29353,-24.933126],[-49.293545,-24.933124],[-49.293572,-24.933144],[-49.293622,-24.933225],[-49.293627,-24.933261],[-49.293618,-24.933305],[-49.29354,-24.933411]]}},{"type":"Feature","properties":{"alt":414.0,"mestra":false},"geometry":{"type":"LineString","coordinates":[[-49.292883,-24.933671],[-49.292755,-24.93367]]}},{"type":"Feature","properties":{"alt":414.0,"mestra":false},"geometry":{"type":"LineString","coordinates":[[-49.291903,-24.933678],[-49.291823,-24.933614],[-49.291722,-24.933498],[-49.291659,-24.933443],[-49.291647,-24.93339],[-49.291665,-24.933345],[-49.291617,-24.933313],[-49.291588,-24.933273],[-49.291615,-24.933211],[-49.291628,-24.933205],[-49.291665,-24.933247],[-49.291734,-24.933274],[-49.291813,-24.933252],[-49.291852,-24.933223],[-49.291989,-24.933226],[-49.292029,-24.933215],[-49.292068,-24.933188],[-49.292093,-24.933136],[-49.292122,-24.933119],[-49.292148,-24.933075],[-49.292199,-24.933048],[-49.292237,-24.932998],[-49.292245,-24.932969],[-49.292281,-24.932942],[-49.292297,-24.932871],[-49.292336,-24.932854],[-49.292385,-24.932863],[-49.292403,-24.932846],[-49.292416,-24.93278],[-49.292455,-24.932767],[-49.292472,-24.932748],[-49.29247,-24.932713],[-49.292438,-24.932659],[-49.292484,-24.932588],[-49.292497,-24.932508],[-49.292557,-24.932449],[-49.292606,-24.932431],[-49.292635,-24.932437],[-49.292655,-24.93243],[-49.292679,-24.932377],[-49.292719,-24.932332],[-49.292717,-24.932288],[-49.292764,-24.932253],[-49.292798,-24.932209],[-49.292844,-24.932198],[-49.292883,-24.93224],[-49.292912,-24.932237],[-49.292966,-24.932139],[-49.293024,-24.932104],[-49.293081,-24.93205],[-49.29313,-24.932047],[-49.293136,-24.932034],[-49.293126,-24.931998],[-49.29316,-24.931977],[-49.293463,-24.931973],[-49.293717,-24.932005],[-49.293785,-24.931974],[-49.293824,-24.932008],[-49.293893,-24.932002],[-49.293909,-24.931981],[-49.293901,-24.931945],[-49.293909,-24.931909],[-49.293894,-24.931882],[-49.293901,-24.931865],[-49.293943,-24.931857],[-49.29412,-24.931781],[-49.29417,-24.931736],[-49.294227,-24.931708],[-49.294249,-24.931637],[-49.294295,-24.931602],[-49.29431,-24.931499],[-49.294398,-24.93151],[-49.294486,-24.93147],[-49.294594,-24.931481],[-49.294702,-24.931443],[-49.2948,-24.931435],[-49.294839,-24.931403],[-49.294869,-24.93133],[-49.294979,-24.931271],[-49.295106,-24.931155],[-49.295172,-24.931113],[-49.295192,-24.931051],[-49.295215,-24.931044],[-49.295313,-24.93107],[-49.295342,-24.931052]]}},{"type":"Feature","properties":{"alt":414.0,"mestra":false},"geometry":{"type":"LineString","coordinates":[[-49.294392,-24.926272],[-49.294452,-24.92631],[-49.294491,-24.926373],[-49.294527,-24.926367],[-49.294556,-24.92638],[-49.294591,-24.926463],[-49.294623,-24.926487],[-49.294672,-24.926493],[-49.29479,-24.926418],[-49.29483,-24.926409],[-49.294917,-24.926438],[-49.294985,-24.926492],[-49.295014,-24.926557],[-49.295011,-24.926655],[-49.294963,-24.926788],[-49.29488,-24.926894],[-49.294783,-24.926926],[-49.294695,-24.926924],[-49.294598,-24.926888],[-49.294521,-24.926821],[-49.294483,-24.926756],[-49.294461,-24.926684],[-49.294447,-24.926417],[-49.294427,-24.926399],[-49.294361,-24.926374],[-49.294317,-24.926326],[-49.294343,-24.926292],[-49.294392,-24.926272]]}},{"type":"Feature","properties":{"alt":414.0,"mestra":false},"geometry":{"type":"LineString","coordinates":[[-49.295272,-24.92696],[-49.295288,-24.926988],[-49.295286,-24.927059],[-49.295306,-24.927086],[-49.295357,-24.927115],[-49.295436,-24.927108],[-49.295471,-24.927132],[-49.295489,-24.927168],[-49.295517,-24.927293],[-49.295579,-24.927334],[-49.295605,-24.927392],[-49.295592,-24.927464],[-49.295518,-24.927534],[-49.295498,-24.927569],[-49.295499,-24.927614],[-49.295536,-24.927704],[-49.29554,-24.927819],[-49.295522,-24.927882],[-49.295457,-24.927979],[-49.295443,-24.928068],[-49.29541,-24.92813],[-49.295428,-24.928175],[-49.295409,-24.928237],[-49.295423,-24.928317],[-49.295438,-24.928334],[-49.295471,-24.928344],[-49.295481,-24.928362],[-49.295461,-24.928478],[-49.295446,-24.928496],[-49.295378,-24.928496],[-49.295308,-24.928541],[-49.295258,-24.928639],[-49.295199,-24.928721],[-49.295179,-24.928718],[-49.29516,-24.928681],[-49.295131,-24.928675],[-49.295099,-24.928706],[-49.295042,-24.928727],[-49.295009,-24.928767],[-49.294963,-24.928791],[-49.294924,-24.928796],[-49.294875,-24.928821],[-49.294767,-24.928829],[-49.294688,-24.928868],[-49.294639,-24.928864],[-49.294551,-24.928925],[-49.294502,-24.928898],[-49.294433,-24.928929],[-49.29443,-24.928948],[-49.294443,-24.928959],[-49.294472,-24.928947],[-49.294501,-24.928963],[-49.294531,-24.92896],[-49.294533,-24.929011],[-49.294559,-24.929044],[-49.294559,-24.929065],[-49.294539,-24.929078],[-49.2945,-24.929075],[-49.29446,-24.929123],[-49.294392,-24.929116],[-49.294373,-24.929125],[-49.294327,-24.929196],[-49.294321,-24.929258],[-49.294331,-24.929278],[-49.29436,-24.929278],[-49.294389,-24.929232],[-49.294499,-24.929155],[-49.294528,-24.929155],[-49.294567,-24.929191],[-49.294616,-24.929154],[-49.294694,-24.929147],[-49.294792,-24.929121],[-49.294831,-24.929131],[-49.29488,-24.929172],[-49.294918,-24.929186],[-49.294978,-24.929144],[-49.295004,-24.92915],[-49.29503,-24.929177],[-49.295134,-24.929173],[-49.295163,-24.929187],[-49.295192,-24.929226],[-49.295241,-24.929204],[-49.295319,-24.929206],[-49.295358,-24.929183],[-49.295374,-24.92919],[-49.295385,-24.929235],[-49.295435,-24.929303],[-49.295542,-24.929306],[-49.295601,-24.929279],[-49.29565,-24.929323],[-49.295698,-24.929329],[-49.295721,-24.929354],[-49.295729,-24.929435],[-49.295744,-24.929471],[-49.295732,-24.929533],[-49.295756,-24.929587],[-49.295769,-24.929694],[-49.295764,-24.929756],[-49.295775,-24.929801],[-49.295765,-24.929854],[-49.295779,-24.929882],[-49.295817,-24.929907],[-49.295842,-24.929953],[-49.295777,-24.930032],[-49.295772,-24.930077],[-49.295803,-24.930149],[-49.295795,-24.930166],[-49.295775,-24.930174],[-49.295726,-24.930166],[-49.295688,-24.930112],[-49.2956,-24.93008],[-49.295572,-24.930057],[-49.295539,-24.929967],[-49.295457,-24.929868],[-49.295253,-24.929492],[-49.295218,-24.929463],[-49.295081,-24.929475],[-49.295003,-24.929441],[-49.294944,-24.929452],[-49.294927,-24.929479],[-49.294928,-24.929506],[-49.294985,-24.929551],[-49.294994,-24.929578],[-49.294973,-24.929649],[-49.294931,-24.929705],[-49.294586,-24.929884],[-49.294537,-24.929883],[-49.294459,-24.929925],[-49.2944,-24.92993],[-49.29436,-24.929961],[-49.294295,-24.929953],[-49.294244,-24.929887],[-49.294186,-24.929866],[-49.294108,-24.929867],[-49.294059,-24.929883],[-49.294,-24.929876],[-49.293952,-24.929819],[-49.293873,-24.929806],[-49.293841,-24.92977],[-49.293833,-24.929663],[-49.29382,-24.929627],[-49.293834,-24.929538],[-49.293808,-24.929466],[-49.293815,-24.929431],[-49.293851,-24.929413],[-49.293831,-24.929372],[-49.293792,-24.929356],[-49.293773,-24.929336],[-49.293728,-24.92926],[-49.293714,-24.929207],[-49.293684,-24.929171],[-49.293677,-24.929108],[-49.293701,-24.929055],[-49.29369,-24.928978],[-49.293749,-24.928955],[-49.293769,-24.928889],[-49.293835,-24.928869],[-49.293868,-24.928807],[-49.293937,-24.928793],[-49.293949,-24.928737],[-49.29398,-24.928702],[-49.294026,-24.928693],[-49.294075,-24.928714],[-49.294114,-24.928669],[-49.294134,-24.928665],[-49.294163,-24.928678],[-49.294202,-24.92872],[-49.294231,-24.928725],[-49.29428,-24.928696],[-49.294349,-24.928608],[-49.294379,-24.928591],[-49.294507,-24.928557],[-49.294585,-24.928568],[-49.294668,-24.928558],[-49.294703,-24.928506],[-49.294751,-24.928488],[-49.294812,-24.9284],[-49.294891,-24.928363],[-49.294943,-24.928303],[-49.295011,-24.92817],[-49.295026,-24.928099],[-49.295004,-24.928054],[-49.294996,-24.927991],[-49.295013,-24.927973],[-49.295074,-24.927966],[-49.295086,-24.92793],[-49.295148,-24.927868],[-49.295153,-24.927842],[-49.295132,-24.92777],[-49.29517,-24.927708],[-49.295161,-24.927681],[-49.295106,-24.927623],[-49.294989,-24.927641],[-49.294954,-24.927626],[-49.294962,-24.927599],[-49.295019,-24.927583],[-49.295055,-24.927555],[-49.295133,-24.927458],[-49.295144,-24.927423],[-49.295115,-24.927324],[-49.295124,-24.9272],[-49.295108,-24.927102],[-49.295084,-24.927068],[-49.295024,-24.927029],[-49.295013,-24.926993],[-49.295032,-24.926967],[-49.295066,-24.926952],[-49.295183,-24.926979],[-49.295242,-24.926954],[-49.295272,-24.92696]]}},{"type":"Feature","properties":{"alt":414.0,"mestra":false},"geometry":{"type":"LineString","coordinates":[[-49.294967,-24.927757],[-49.294971,-24.927768],[-49.294957,-24.927773],[-49.294967,-24.927757]]}},{"type":"Feature","properties":{"alt":414.0,"mestra":false},"geometry":{"type":"LineString","coordinates":[[-49.293884,-24.92907],[-49.29388,-24.929084],[-49.293903,-24.929103],[-49.293903,-24.929086],[-49.293884,-24.92907]]}},{"type":"Feature","properties":{"alt":414.0,"mestra":false},"geometry":{"type":"LineString","coordinates":[[-49.294577,-24.929117],[-49.29459,-24.929137],[-49.294554,-24.929136],[-49.294558,-24.929122],[-49.294577,-24.929117]]}},{"type":"Feature","properties":{"alt":414.0,"mestra":false},"geometry":{"type":"LineString","coordinates":[[-49.294488,-24.929242],[-49.294479,-24.929242],[-49.294488,-24.929242]]}},{"type":"Feature","properties":{"alt":414.0,"mestra":false},"geometry":{"type":"LineString","coordinates":[[-49.294573,-24.929456],[-49.294553,-24.92946],[-49.294548,-24.929475],[-49.294562,-24.929495],[-49.294582,-24.929497],[-49.294593,-24.929484],[-49.294573,-24.929456]]}},{"type":"Feature","properties":{"alt":414.0,"mestra":false},"geometry":{"type":"LineString","coordinates":[[-49.293908,-24.929463],[-49.293873,-24.929467],[-49.29387,-24.929494],[-49.293888,-24.929502],[-49.293915,-24.929494],[-49.29392,-24.929476],[-49.293908,-24.929463]]}},{"type":"Feature","properties":{"alt":414.0,"mestra":false},"geometry":{"type":"LineString","coordinates":[[-49.291629,-24.929588],[-49.291629,-24.9296],[-49.291629,-24.929588]]}},{"type":"Feature","properties":{"alt":414.0,"mestra":false},"geometry":{"type":"LineString","coordinates":[[-49.294278,-24.931725],[-49.294258,-24.931718],[-49.29425,-24.931726],[-49.294297,-24.931763],[-49.294278,-24.931725]]}},{"type":"Feature","properties":{"alt":414.0,"mestra":false},"geometry":{"type":"LineString","coordinates":[[-49.294939,-24.931964],[-49.294919,-24.931969],[-49.294913,-24.931983],[-49.294919,-24.932002],[-49.294938,-24.932013],[-49.294963,-24.931993],[-49.294939,-24.931964]]}},{"type":"Feature","properties":{"alt":414.0,"mestra":false},"geometry":{"type":"LineString","coordinates":[[-49.293437,-24.932463],[-49.293415,-24.932474],[-49.293426,-24.932489],[-49.293441,-24.932483],[-49.293437,-24.932463]]}},{"type":"Feature","properties":{"alt":414.0,"mestra":false},"geometry":{"type":"LineString","coordinates":[[-49.292874,-24.932894],[-49.292844,-24.932888],[-49.29282,-24.932904],[-49.292798,-24.932939],[-49.292804,-24.932973],[-49.292823,-24.93298],[-49.29285,-24.932967],[-49.292879,-24.932922],[-49.292874,-24.932894]]}},{"type":"Feature","properties":{"alt":414.0,"mestra":false},"geometry":{"type":"LineString","coordinates":[[-49.293429,-24.933],[-49.2934,-24.932996],[-49.293385,-24.933017],[-49.293399,-24.933032],[-49.293429,-24.933036],[-49.293445,-24.933018],[-49.293429,-24.933]]}},{"type":"Feature","properties":{"alt":414.0,"mestra":false},"geometry":{"type":"LineString","coordinates":[[-49.292067,-24.933275],[-49.292037,-24.933281],[-49.292,-24.933313],[-49.292001,-24.933331],[-49.292027,-24.933351],[-49.292056,-24.933348],[-49.292082,-24.933323],[-49.292084,-24.933297],[-49.292067,-24.933275]]}},{"type":"Feature","properties":{"alt":414.0,"mestra":false},"geometry":{"type":"LineString","coordinates":[[-49.292026,-24.933373],[-49.291978,-24.933376],[-49.291971,-24.933393],[-49.291984,-24.933456],[-49.292035,-24.933481],[-49.292061,-24.933466],[-49.292072,-24.93343],[-49.292055,-24.933394],[-49.292026,-24.933373]]}},{"type":"Feature","properties":{"alt":415.0,"mestra":true},"geometry":{"type":"LineString","coordinates":[[-49.29403,-24.933056],[-49.294016,-24.93298],[-49.294091,-24.932892],[-49.294082,-24.932829],[-49.294067,-24.932812],[-49.294047,-24.932815],[-49.294018,-24.932854],[-49.293989,-24.932808],[-49.29397,-24.932797],[-49.29393,-24.932811],[-49.293901,-24.932837],[-49.293851,-24.932844],[-49.293817,-24.93288],[-49.293717,-24.932941],[-49.293802,-24.933031],[-49.293808,-24.93312],[-49.293829,-24.933147]]}},{"type":"Feature","properties":{"alt":415.0,"mestra":true},"geometry":{"type":"LineString","coordinates":[[-49.293829,-24.933203],[-49.293797,-24.93323],[-49.293698,-24.933404]]}},{"type":"Feature","properties":{"alt":415.0,"mestra":true},"geometry":{"type":"LineString","coordinates":[[-49.291713,-24.933586],[-49.291711,-24.933572],[-49.291615,-24.933461],[-49.291584,-24.933335],[-49.29155,-24.933282],[-49.291549,-24.933264],[-49.291587,-24.933228],[-49.291593,-24.933193],[-49.291632,-24.933184],[-49.291686,-24.93323],[-49.291745,-24.933247],[-49.291803,-24.933238],[-49.291862,-24.933214],[-49.292009,-24.933216],[-49.292068,-24.933182],[-49.292088,-24.933136],[-49.292118,-24.933118],[-49.292148,-24.93307],[-49.292192,-24.933048],[-49.292239,-24.932969],[-49.292282,-24.932933],[-49.292282,-24.932889],[-49.292297,-24.932863],[-49.292337,-24.93285],[-49.292376,-24.932857],[-49.292393,-24.932846],[-49.292411,-24.932774],[-49.292445,-24.932762],[-49.292462,-24.932739],[-49.29246,-24.932713],[-49.292432,-24.932677],[-49.292431,-24.932659],[-49.292482,-24.932579],[-49.292491,-24.932508],[-49.292557,-24.932436],[-49.292606,-24.932412],[-49.292646,-24.932416],[-49.292676,-24.932366],[-49.292711,-24.932332],[-49.292713,-24.932279],[-49.292756,-24.932253],[-49.292795,-24.932198],[-49.292844,-24.932189],[-49.292883,-24.932232],[-49.292912,-24.932231],[-49.292957,-24.932139],[-49.293031,-24.932089],[-49.293118,-24.93198],[-49.293156,-24.931963],[-49.293473,-24.931959],[-49.293697,-24.931998],[-49.293785,-24.931968],[-49.293834,-24.932003],[-49.293883,-24.932001],[-49.293904,-24.931981],[-49.293894,-24.931865],[-49.294116,-24.931778],[-49.294216,-24.931699],[-49.294248,-24.931628],[-49.29429,-24.931602],[-49.294295,-24.931513],[-49.294308,-24.931486],[-49.294398,-24.931502],[-49.294486,-24.931461],[-49.294594,-24.931477],[-49.294702,-24.931435],[-49.2948,-24.931428],[-49.294838,-24.931394],[-49.294866,-24.931323],[-49.294968,-24.931271],[-49.29507,-24.931192],[-49.295106,-24.931148],[-49.295166,-24.93111],[-49.295186,-24.931045],[-49.295216,-24.931036],[-49.295303,-24.93106],[-49.295336,-24.931046]]}},{"type":"Feature","properties":{"alt":415.0,"mestra":true},"geometry":{"type":"LineString","coordinates":[[-49.292883,-24.933672],[-49.292755,-24.93367]]}},{"type":"Feature","properties":{"alt":415.0,"mestra":true},"geometry":{"type":"LineString","coordinates":[[-49.294392,-24.926246],[-49.294477,-24.926292],[-49.294557,-24.926358],[-49.294576,-24.926382],[-49.294592,-24.926454],[-49.294623,-24.926482],[-49.294672,-24.92648],[-49.294749,-24.926429],[-49.294801,-24.926367],[-49.294821,-24.926359],[-49.294908,-24.926385],[-49.294985,-24.926455],[-49.295028,-24.926539],[-49.295028,-24.926655],[-49.294988,-24.92677],[-49.294901,-24.926922],[-49.294773,-24.92696],[-49.294685,-24.926954],[-49.294569,-24.926909],[-49.294488,-24.926836],[-49.294432,-24.926711],[-49.2944,-24.926443],[-49.294296,-24.926326],[-49.294305,-24.926299],[-49.294392,-24.926246]]}},{"type":"Feature","properties":{"alt":415.0,"mestra":true},"geometry":{"type":"LineString","coordinates":[[-49.295252,-24.926943],[-49.29528,-24.926952],[-49.295295,-24.92697],[-49.295291,-24.92705],[-49.295315,-24.927086],[-49.295377,-24.92711],[-49.295426,-24.927088],[-49.295456,-24.92709],[-49.295494,-24.927112],[-49.295542,-24.927165],[-49.295552,-24.927192],[-49.295528,-24.927222],[-49.295521,-24.927286],[-49.295531,-24.927301],[-49.295589,-24.927322],[-49.295615,-24.927384],[-49.295615,-24.927428],[-49.295598,-24.927473],[-49.295526,-24.927534],[-49.295504,-24.927569],[-49.295506,-24.927605],[-49.295547,-24.927704],[-49.295548,-24.92782],[-49.295528,-24.927891],[-49.295463,-24.927984],[-49.295448,-24.928068],[-49.295419,-24.92813],[-49.295431,-24.928175],[-49.295413,-24.928237],[-49.295428,-24.928317],[-49.295476,-24.928345],[-49.295485,-24.928362],[-49.295466,-24.928478],[-49.295446,-24.928501],[-49.295377,-24.928503],[-49.295311,-24.928548],[-49.295256,-24.928654],[-49.295198,-24.928724],[-49.295179,-24.928726],[-49.29516,-24.928689],[-49.295131,-24.92868],[-49.295101,-24.928712],[-49.295042,-24.928731],[-49.295012,-24.928769],[-49.294973,-24.928792],[-49.294698,-24.92887],[-49.294639,-24.928874],[-49.29457,-24.928922],[-49.294554,-24.928949],[-49.294549,-24.929002],[-49.294571,-24.929065],[-49.294548,-24.929084],[-49.294505,-24.929091],[-49.294493,-24.929118],[-49.294499,-24.929129],[-49.294528,-24.929134],[-49.294577,-24.929108],[-49.294626,-24.929141],[-49.294665,-24.929145],[-49.294792,-24.929111],[-49.294831,-24.929124],[-49.294876,-24.929167],[-49.294918,-24.929182],[-49.294958,-24.929146],[-49.294988,-24.929138],[-49.295036,-24.929175],[-49.295104,-24.929166],[-49.295153,-24.929176],[-49.295182,-24.929217],[-49.295201,-24.929224],[-49.295241,-24.929201],[-49.295309,-24.929206],[-49.295367,-24.929181],[-49.29539,-24.929235],[-49.295435,-24.929297],[-49.295542,-24.929302],[-49.295601,-24.929275],[-49.29565,-24.929321],[-49.295708,-24.92933],[-49.295724,-24.929354],[-49.29575,-24.929471],[-49.295739,-24.929551],[-49.295776,-24.929587],[-49.295784,-24.929801],[-49.295772,-24.929863],[-49.295783,-24.929881],[-49.295818,-24.929899],[-49.295851,-24.929953],[-49.295805,-24.929997],[-49.295779,-24.930041],[-49.29578,-24.930086],[-49.295815,-24.930158],[-49.295809,-24.930175],[-49.295794,-24.930181],[-49.295726,-24.930172],[-49.295678,-24.930115],[-49.2956,-24.930087],[-49.29557,-24.930066],[-49.295532,-24.929976],[-49.295456,-24.92989],[-49.295333,-24.929689],[-49.29524,-24.929492],[-49.295208,-24.929471],[-49.29508,-24.929492],[-49.295003,-24.929448],[-49.294954,-24.929453],[-49.294933,-24.929479],[-49.294934,-24.929506],[-49.295001,-24.929549],[-49.29501,-24.929587],[-49.294997,-24.92964],[-49.29494,-24.929716],[-49.294802,-24.929808],[-49.294753,-24.929823],[-49.294586,-24.929908],[-49.294547,-24.929903],[-49.294458,-24.929943],[-49.29441,-24.929941],[-49.294375,-24.929972],[-49.29435,-24.929977],[-49.294292,-24.929961],[-49.294244,-24.929908],[-49.294205,-24.929894],[-49.294107,-24.92988],[-49.294058,-24.929889],[-49.29399,-24.929885],[-49.293952,-24.929822],[-49.293923,-24.929812],[-49.293864,-24.929815],[-49.293835,-24.929778],[-49.293814,-24.929627],[-49.293828,-24.929556],[-49.293804,-24.929475],[-49.29381,-24.929431],[-49.293841,-24.929404],[-49.29383,-24.929377],[-49.293769,-24.929341],[-49.293726,-24.929269],[-49.293707,-24.929207],[-49.293678,-24.92918],[-49.293665,-24.929126],[-49.293695,-24.929055],[-49.293682,-24.928984],[-49.293749,-24.928946],[-49.29376,-24.928864],[-49.293789,-24.928881],[-49.293818,-24.928876],[-49.293838,-24.928861],[-49.293868,-24.928803],[-49.293935,-24.92879],[-49.293945,-24.928737],[-49.293974,-24.928702],[-49.294026,-24.92869],[-49.294075,-24.928711],[-49.294111,-24.928668],[-49.294134,-24.928661],[-49.294163,-24.928675],[-49.294202,-24.928717],[-49.294231,-24.928723],[-49.294276,-24.928696],[-49.294345,-24.928608],[-49.294379,-24.928587],[-49.294507,-24.928549],[-49.294585,-24.928562],[-49.294663,-24.928557],[-49.294681,-24.92854],[-49.294693,-24.928497],[-49.294742,-24.928491],[-49.294771,-24.928435],[-49.294803,-24.928399],[-49.29489,-24.928356],[-49.294931,-24.928312],[-49.295,-24.92817],[-49.294999,-24.928107],[-49.294971,-24.928054],[-49.294986,-24.927982],[-49.295053,-24.927917],[-49.295134,-24.927859],[-49.295137,-24.927833],[-49.295114,-24.927761],[-49.295153,-24.927699],[-49.295096,-24.927637],[-49.295056,-24.927645],[-49.294998,-24.92768],[-49.294949,-24.927679],[-49.29493,-24.927665],[-49.29494,-24.92759],[-49.295026,-24.927537],[-49.295108,-24.927458],[-49.295125,-24.927423],[-49.295118,-24.927387],[-49.295079,-24.927333],[-49.295114,-24.927226],[-49.295103,-24.92711],[-49.295075,-24.927075],[-49.294989,-24.927029],[-49.294972,-24.926993],[-49.294982,-24.926975],[-49.295057,-24.926947],[-49.295145,-24.926956],[-49.295193,-24.926974],[-49.295252,-24.926943]]}},{"type":"Feature","properties":{"alt":415.0,"mestra":true},"geometry":{"type":"LineString","coordinates":[[-49.295007,-24.92773],[-49.29502,-24.927751],[-49.295011,-24.927769],[-49.294981,-24.927786],[-49.29494,-24.927786],[-49.294939,-24.927768],[-49.294958,-24.927741],[-49.294987,-24.927727],[-49.295007,-24.92773]]}},{"type":"Feature","properties":{"alt":415.0,"mestra":true},"geometry":{"type":"LineString","coordinates":[[-49.294512,-24.928903],[-49.294491,-24.928904],[-49.294469,-24.92893],[-49.294501,-24.928954],[-49.294524,-24.928949],[-49.294535,-24.928931],[-49.294512,-24.928903]]}},{"type":"Feature","properties":{"alt":415.0,"mestra":true},"geometry":{"type":"LineString","coordinates":[[-49.294453,-24.928927],[-49.294436,-24.928939],[-49.294443,-24.928949],[-49.294462,-24.928939],[-49.294453,-24.928927]]}},{"type":"Feature","properties":{"alt":415.0,"mestra":true},"geometry":{"type":"LineString","coordinates":[[-49.293894,-24.929083],[-49.293893,-24.929094],[-49.293894,-24.929083]]}},{"type":"Feature","properties":{"alt":415.0,"mestra":true},"geometry":{"type":"LineString","coordinates":[[-49.29446,-24.929142],[-49.294401,-24.929135],[-49.294382,-24.929143],[-49.294334,-24.929205],[-49.294331,-24.929269],[-49.294341,-24.929276],[-49.29436,-24.92927],[-49.29438,-24.929221],[-49.294464,-24.929171],[-49.294472,-24.929153],[-49.29446,-24.929142]]}},{"type":"Feature","properties":{"alt":415.0,"mestra":true},"geometry":{"type":"LineString","coordinates":[[-49.294587,-24.929149],[-49.294548,-24.929151],[-49.294555,-24.929181],[-49.294576,-24.929183],[-49.294591,-24.929172],[-49.294587,-24.929149]]}},{"type":"Feature","properties":{"alt":415.0,"mestra":true},"geometry":{"type":"LineString","coordinates":[[-49.294573,-24.92946],[-49.294551,-24.929475],[-49.294572,-24.929494],[-49.294587,-24.929484],[-49.294573,-24.92946]]}},{"type":"Feature","properties":{"alt":415.0,"mestra":true},"geometry":{"type":"LineString","coordinates":[[-49.293908,-24.929465],[-49.293878,-24.929467],[-49.293876,-24.929494],[-49.293911,-24.929494],[-49.293917,-24.929476],[-49.293908,-24.929465]]}},{"type":"Feature","properties":{"alt":415.0,"mestra":true},"geometry":{"type":"LineString","coordinates":[[-49.291619,-24.929573],[-49.291639,-24.929586],[-49.291638,-24.929607],[-49.291609,-24.929593],[-49.291609,-24.929575],[-49.291619,-24.929573]]}},{"type":"Feature","properties":{"alt":415.0,"mestra":true},"geometry":{"type":"LineString","coordinates":[[-49.294939,-24.931972],[-49.294921,-24.931983],[-49.294938,-24.932005],[-49.294953,-24.931993],[-49.294939,-24.931972]]}},{"type":"Feature","properties":{"alt":415.0,"mestra":true},"geometry":{"type":"LineString","coordinates":[[-49.29311,-24.932022],[-49.293101,-24.932025],[-49.293106,-24.932034],[-49.293118,-24.932034],[-49.29311,-24.932022]]}},{"type":"Feature","properties":{"alt":415.0,"mestra":true},"geometry":{"type":"LineString","coordinates":[[-49.293931,-24.932729],[-49.29388,-24.932729],[-49.293882,-24.932774],[-49.293901,-24.932796],[-49.29394,-24.932798],[-49.293954,-24.932783],[-49.293931,-24.932729]]}},{"type":"Feature","properties":{"alt":415.0,"mestra":true},"geometry":{"type":"LineString","coordinates":[[-49.292864,-24.932891],[-49.292834,-24.932895],[-49.292809,-24.932922],[-49.292798,-24.932957],[-49.292814,-24.932974],[-49.292843,-24.932968],[-49.29287,-24.932931],[-49.292877,-24.932914],[-49.292864,-24.932891]]}},{"type":"Feature","properties":{"alt":415.0,"mestra":true},"geometry":{"type":"LineString","coordinates":[[-49.293614,-24.93307],[-49.293581,-24.933082],[-49.293584,-24.933099],[-49.293616,-24.9331],[-49.293623,-24.933082],[-49.293614,-24.93307]]}},{"type":"Feature","properties":{"alt":415.0,"mestra":true},"geometry":{"type":"LineString","coordinates":[[-49.293496,-24.93314],[-49.29348,-24.933152],[-49.293486,-24.933159],[-49.293502,-24.933152],[-49.293496,-24.93314]]}},{"type":"Feature","properties":{"alt":415.0,"mestra":true},"geometry":{"type":"LineString","coordinates":[[-49.292067,-24.933292],[-49.292027,-24.933297],[-49.292016,-24.933314],[-49.292023,-24.933332],[-49.292046,-24.93334],[-49.292066,-24.933331],[-49.292075,-24.933314],[-49.292067,-24.933292]]}},{"type":"Feature","properties":{"alt":415.0,"mestra":true},"geometry":{"type":"LineString","coordinates":[[-49.292026,-24.933401],[-49.292001,-24.933411],[-49.291997,-24.933438],[-49.292017,-24.933465],[-49.292045,-24.93347],[-49.292059,-24.933457],[-49.292062,-24.93343],[-49.292026,-24.933401]]}},{"type":"Feature","properties":{"alt":416.0,"mestra":false},"geometry":{"type":"LineString","coordinates":[[-49.291578,-24.93348],[-49.291523,-24.933263],[-49.29153,-24.933235],[-49.291563,-24.93321],[-49.291579,-24.933177],[-49.291658,-24.933169],[-49.291696,-24.933214],[-49.291755,-24.93323],[-49.291862,-24.933208],[-49.292009,-24.933211],[-49.292058,-24.933185],[-49.292137,-24.933074],[-49.292187,-24.933046],[-49.292233,-24.932969],[-49.292277,-24.932933],[-49.292277,-24.932889],[-49.292297,-24.932856],[-49.292383,-24.932845],[-49.292406,-24.932772],[-49.292447,-24.932748],[-49.292451,-24.932721],[-49.292426,-24.932686],[-49.292427,-24.93265],[-49.292477,-24.932579],[-49.292488,-24.932504],[-49.292533,-24.932437],[-49.292597,-24.932398],[-49.292656,-24.932379],[-49.292705,-24.932329],[-49.292703,-24.932279],[-49.292755,-24.932247],[-49.29277,-24.932208],[-49.292795,-24.932186],[-49.292844,-24.932179],[-49.292889,-24.932227],[-49.292912,-24.932223],[-49.292928,-24.932165],[-49.292958,-24.93213],[-49.293031,-24.932079],[-49.293096,-24.93198],[-49.29317,-24.931952],[-49.293473,-24.931946],[-49.29358,-24.931958],[-49.293687,-24.93199],[-49.293795,-24.931963],[-49.293834,-24.931997],[-49.293883,-24.931997],[-49.2939,-24.931972],[-49.293889,-24.931865],[-49.294111,-24.931776],[-49.294202,-24.931699],[-49.294239,-24.931628],[-49.294289,-24.931593],[-49.294287,-24.931522],[-49.2943,-24.931482],[-49.29432,-24.931476],[-49.294398,-24.931494],[-49.294496,-24.931452],[-49.294594,-24.931473],[-49.294692,-24.931429],[-49.2948,-24.93142],[-49.294831,-24.931394],[-49.294856,-24.931323],[-49.294958,-24.931271],[-49.29516,-24.931104],[-49.295166,-24.931059],[-49.295186,-24.931035],[-49.295216,-24.931028],[-49.295294,-24.931049],[-49.29533,-24.931032]]}},{"type":"Feature","properties":{"alt":416.0,"mestra":false},"geometry":{"type":"LineString","coordinates":[[-49.292883,-24.933672],[-49.292754,-24.933671]]}},{"type":"Feature","properties":{"alt":416.0,"mestra":false},"geometry":{"type":"LineString","coordinates":[[-49.294402,-24.926236],[-49.294431,-24.926253],[-49.294536,-24.926284],[-49.294587,-24.926374],[-49.2946,-24.926454],[-49.294633,-24.926479],[-49.294663,-24.926475],[-49.294746,-24.926411],[-49.294754,-24.926376],[-49.294727,-24.926322],[-49.294732,-24.926304],[-49.294753,-24.926289],[-49.294792,-24.92628],[-49.294841,-24.926286],[-49.294899,-24.926309],[-49.294948,-24.926344],[-49.295024,-24.926455],[-49.295052,-24.926575],[-49.295042,-24.926682],[-49.294965,-24.92685],[-49.294959,-24.926923],[-49.294998,-24.926944],[-49.295145,-24.926948],[-49.295193,-24.92697],[-49.295233,-24.926937],[-49.295272,-24.926934],[-49.295309,-24.92697],[-49.295299,-24.92705],[-49.295324,-24.927086],[-49.295377,-24.927099],[-49.295417,-24.927066],[-49.295446,-24.92706],[-49.295534,-24.927084],[-49.295582,-24.927147],[-49.295596,-24.927196],[-49.295581,-24.92723],[-49.295541,-24.927253],[-49.29553,-24.927285],[-49.295541,-24.927294],[-49.29558,-24.927291],[-49.295603,-24.927303],[-49.295629,-24.927384],[-49.29561,-24.927473],[-49.295528,-24.92754],[-49.29551,-24.92757],[-49.295511,-24.927596],[-49.295557,-24.927695],[-49.295556,-24.92782],[-49.295533,-24.9279],[-49.29547,-24.927988],[-49.295454,-24.928068],[-49.295427,-24.92813],[-49.295433,-24.928175],[-49.295417,-24.928228],[-49.295434,-24.928317],[-49.295477,-24.92834],[-49.295489,-24.928363],[-49.295466,-24.928489],[-49.295446,-24.928506],[-49.295377,-24.92851],[-49.295321,-24.928548],[-49.295257,-24.928663],[-49.295198,-24.928727],[-49.295169,-24.928729],[-49.295154,-24.928697],[-49.295131,-24.92869],[-49.295111,-24.928715],[-49.295042,-24.928735],[-49.295012,-24.928775],[-49.294973,-24.928797],[-49.294914,-24.928808],[-49.294884,-24.928831],[-49.294837,-24.928836],[-49.294806,-24.928859],[-49.294639,-24.928885],[-49.29458,-24.928925],[-49.294559,-24.928958],[-49.294557,-24.928994],[-49.294583,-24.929074],[-49.294517,-24.929109],[-49.294528,-24.92912],[-49.294587,-24.929097],[-49.294636,-24.929134],[-49.294675,-24.929139],[-49.294753,-24.929105],[-49.294793,-24.9291],[-49.294841,-24.929121],[-49.29488,-24.929167],[-49.294919,-24.929178],[-49.294958,-24.929141],[-49.294997,-24.929133],[-49.295036,-24.929173],[-49.295104,-24.929161],[-49.295153,-24.929173],[-49.295182,-24.929215],[-49.295201,-24.929222],[-49.295241,-24.929198],[-49.295309,-24.929204],[-49.295368,-24.929179],[-49.295435,-24.92929],[-49.295542,-24.929299],[-49.295601,-24.929271],[-49.29565,-24.929318],[-49.295708,-24.929326],[-49.295727,-24.929354],[-49.295755,-24.929471],[-49.295741,-24.929542],[-49.295794,-24.929596],[-49.2958,-24.929739],[-49.295776,-24.929863],[-49.295823,-24.929899],[-49.29586,-24.929962],[-49.295816,-24.929988],[-49.295789,-24.930024],[-49.295781,-24.930077],[-49.295834,-24.93016],[-49.295874,-24.930176],[-49.295878,-24.930185],[-49.295862,-24.930198],[-49.295736,-24.930183],[-49.295672,-24.93012],[-49.295569,-24.930075],[-49.295523,-24.929983],[-49.295446,-24.929896],[-49.295322,-24.929699],[-49.295227,-24.929495],[-49.295198,-24.929479],[-49.29514,-24.92949],[-49.29507,-24.929524],[-49.295012,-24.92946],[-49.294983,-24.929452],[-49.294954,-24.92946],[-49.294939,-24.929479],[-49.29494,-24.929506],[-49.295016,-24.929542],[-49.295023,-24.929623],[-49.295017,-24.929649],[-49.294966,-24.929684],[-49.29493,-24.929759],[-49.294854,-24.929808],[-49.294642,-24.929904],[-49.294586,-24.929927],[-49.29454,-24.929929],[-49.29438,-24.929988],[-49.294341,-24.929987],[-49.294292,-24.929969],[-49.294244,-24.929926],[-49.294195,-24.929908],[-49.294097,-24.929893],[-49.29398,-24.929896],[-49.293951,-24.929824],[-49.293923,-24.929815],[-49.293862,-24.929823],[-49.293826,-24.929778],[-49.293809,-24.9296],[-49.293818,-24.929529],[-49.293801,-24.929475],[-49.293806,-24.929431],[-49.293832,-24.929395],[-49.293822,-24.929377],[-49.293782,-24.929364],[-49.293761,-24.929341],[-49.293719,-24.929269],[-49.2937,-24.929207],[-49.293671,-24.929179],[-49.293657,-24.929126],[-49.293689,-24.929055],[-49.29368,-24.928976],[-49.293746,-24.92894],[-49.293754,-24.92886],[-49.29377,-24.928852],[-49.293799,-24.928877],[-49.293828,-24.928866],[-49.293868,-24.928798],[-49.293937,-24.928784],[-49.293945,-24.928728],[-49.293987,-24.928693],[-49.294026,-24.928687],[-49.294075,-24.928707],[-49.294105,-24.928668],[-49.294134,-24.928657],[-49.294163,-24.928671],[-49.294202,-24.928714],[-49.294231,-24.928721],[-49.294272,-24.928696],[-49.294341,-24.928608],[-49.294379,-24.928583],[-49.294507,-24.928542],[-49.294595,-24.928557],[-49.294672,-24.928549],[-49.294684,-24.92848],[-49.294723,-24.928492],[-49.294739,-24.928488],[-49.294764,-24.928426],[-49.294822,-24.928374],[-49.294881,-24.928355],[-49.294932,-24.928303],[-49.294991,-24.92817],[-49.294984,-24.928107],[-49.294954,-24.928062],[-49.29495,-24.928036],[-49.294984,-24.927964],[-49.295044,-24.9279],[-49.295107,-24.927868],[-49.295125,-24.927841],[-49.295117,-24.927806],[-49.295094,-24.927785],[-49.294986,-24.9278],[-49.294932,-24.927795],[-49.294926,-24.927777],[-49.294943,-24.927715],[-49.294911,-24.927679],[-49.294921,-24.92758],[-49.295102,-24.927431],[-49.295102,-24.927404],[-49.295089,-24.927386],[-49.295061,-24.927379],[-49.295021,-24.927389],[-49.295004,-24.927368],[-49.295015,-24.927332],[-49.295072,-24.927283],[-49.2951,-24.927235],[-49.295107,-24.927173],[-49.295094,-24.92711],[-49.295055,-24.927075],[-49.294958,-24.927041],[-49.294919,-24.927015],[-49.29487,-24.927022],[-49.294873,-24.926965],[-49.294861,-24.926953],[-49.294832,-24.926954],[-49.294773,-24.926996],[-49.294695,-24.92699],[-49.294558,-24.926937],[-49.294469,-24.926862],[-49.29443,-24.9268],[-49.294404,-24.926728],[-49.294361,-24.926442],[-49.294285,-24.926352],[-49.294272,-24.926317],[-49.29428,-24.926272],[-49.294313,-24.926274],[-49.294402,-24.926236]]}},{"type":"Feature","properties":{"alt":416.0,"mestra":false},"geometry":{"type":"LineString","coordinates":[[-49.295086,-24.927657],[-49.295055,-24.927671],[-49.295066,-24.927712],[-49.295114,-24.927699],[-49.295086,-24.927657]]}},{"type":"Feature","properties":{"alt":416.0,"mestra":false},"geometry":{"type":"LineString","coordinates":[[-49.295159,-24.928748],[-49.295159,-24.928761],[-49.295159,-24.928748]]}},{"type":"Feature","properties":{"alt":416.0,"mestra":false},"geometry":{"type":"LineString","coordinates":[[-49.294521,-24.928913],[-49.294492,-24.928907],[-49.294478,-24.92893],[-49.294492,-24.928946],[-49.294511,-24.928948],[-49.294528,-24.928931],[-49.294521,-24.928913]]}},{"type":"Feature","properties":{"alt":416.0,"mestra":false},"geometry":{"type":"LineString","coordinates":[[-49.294577,-24.929154],[-49.294557,-24.929156],[-49.294557,-24.929173],[-49.294582,-24.929172],[-49.294577,-24.929154]]}},{"type":"Feature","properties":{"alt":416.0,"mestra":false},"geometry":{"type":"LineString","coordinates":[[-49.29444,-24.92915],[-49.294391,-24.929152],[-49.294382,-24.929188],[-49.2944,-24.929193],[-49.294441,-24.929179],[-49.294454,-24.929162],[-49.29444,-24.92915]]}},{"type":"Feature","properties":{"alt":416.0,"mestra":false},"geometry":{"type":"LineString","coordinates":[[-49.294351,-24.929208],[-49.294333,-24.929249],[-49.294341,-24.929268],[-49.29436,-24.929251],[-49.294351,-24.929208]]}},{"type":"Feature","properties":{"alt":416.0,"mestra":false},"geometry":{"type":"LineString","coordinates":[[-49.294573,-24.929465],[-49.294556,-24.929475],[-49.294572,-24.929489],[-49.29458,-24.929484],[-49.294573,-24.929465]]}},{"type":"Feature","properties":{"alt":416.0,"mestra":false},"geometry":{"type":"LineString","coordinates":[[-49.293898,-24.929465],[-49.293876,-24.929476],[-49.293888,-24.929496],[-49.293914,-24.929485],[-49.293898,-24.929465]]}},{"type":"Feature","properties":{"alt":416.0,"mestra":false},"geometry":{"type":"LineString","coordinates":[[-49.291619,-24.929564],[-49.291648,-24.929593],[-49.291638,-24.929612],[-49.291609,-24.929601],[-49.291595,-24.929583],[-49.291598,-24.929566],[-49.291619,-24.929564]]}},{"type":"Feature","properties":{"alt":416.0,"mestra":false},"geometry":{"type":"LineString","coordinates":[[-49.294939,-24.931982],[-49.294938,-24.931995],[-49.294939,-24.931982]]}},{"type":"Feature","properties":{"alt":416.0,"mestra":false},"geometry":{"type":"LineString","coordinates":[[-49.293912,-24.932729],[-49.293884,-24.932738],[-49.293884,-24.932765],[-49.293901,-24.932788],[-49.293921,-24.932791],[-49.293938,-24.932783],[-49.293943,-24.932765],[-49.293935,-24.932738],[-49.293912,-24.932729]]}},{"type":"Feature","properties":{"alt":416.0,"mestra":false},"geometry":{"type":"LineString","coordinates":[[-49.294007,-24.932895],[-49.293986,-24.932899],[-49.293997,-24.93292],[-49.294014,-24.932909],[-49.294007,-24.932895]]}},{"type":"Feature","properties":{"alt":416.0,"mestra":false},"geometry":{"type":"LineString","coordinates":[[-49.292864,-24.932894],[-49.292844,-24.932892],[-49.292811,-24.932922],[-49.2928,-24.932948],[-49.292814,-24.932972],[-49.292841,-24.932967],[-49.292867,-24.932931],[-49.292873,-24.932913],[-49.292864,-24.932894]]}},{"type":"Feature","properties":{"alt":416.0,"mestra":false},"geometry":{"type":"LineString","coordinates":[[-49.29386,-24.932933],[-49.293831,-24.932927],[-49.293801,-24.932934],[-49.293781,-24.93296],[-49.293785,-24.932977],[-49.29384,-24.933001],[-49.293879,-24.933],[-49.293891,-24.932961],[-49.29386,-24.932933]]}},{"type":"Feature","properties":{"alt":416.0,"mestra":false},"geometry":{"type":"LineString","coordinates":[[-49.292057,-24.933299],[-49.292032,-24.933305],[-49.292037,-24.933329],[-49.292062,-24.933323],[-49.292057,-24.933299]]}},{"type":"Feature","properties":{"alt":416.0,"mestra":false},"geometry":{"type":"LineString","coordinates":[[-49.292045,-24.933426],[-49.292026,-24.933424],[-49.292017,-24.933438],[-49.292035,-24.933461],[-49.292055,-24.933448],[-49.292045,-24.933426]]}},{"type":"Feature","properties":{"alt":417.0,"mestra":false},"geometry":{"type":"LineString","coordinates":[[-49.291497,-24.933396],[-49.291513,-24.933361],[-49.291505,-24.933236],[-49.291563,-24.933166],[-49.291668,-24.933142],[-49.291687,-24.933156],[-49.291691,-24.933185],[-49.291706,-24.933201],[-49.291765,-24.933216],[-49.291863,-24.933202],[-49.291999,-24.933208],[-49.292059,-24.93318],[-49.292133,-24.933074],[-49.292187,-24.933041],[-49.292227,-24.932968],[-49.292273,-24.932933],[-49.292274,-24.932889],[-49.292293,-24.932853],[-49.292376,-24.932841],[-49.292406,-24.932766],[-49.292437,-24.932748],[-49.292439,-24.932721],[-49.292417,-24.932696],[-49.292416,-24.932677],[-49.292425,-24.932641],[-49.292474,-24.932579],[-49.292499,-24.932437],[-49.292597,-24.932381],[-49.292646,-24.932369],[-49.292696,-24.932331],[-49.292701,-24.932314],[-49.29269,-24.932288],[-49.292752,-24.932244],[-49.292762,-24.932199],[-49.292786,-24.932178],[-49.292844,-24.932167],[-49.292877,-24.932192],[-49.292893,-24.93222],[-49.292906,-24.932219],[-49.292906,-24.932174],[-49.293032,-24.932069],[-49.293065,-24.932016],[-49.293077,-24.931971],[-49.29319,-24.931942],[-49.293493,-24.931935],[-49.29359,-24.931947],[-49.293688,-24.931984],[-49.293795,-24.931957],[-49.293834,-24.931991],[-49.293883,-24.931993],[-49.293896,-24.931972],[-49.293879,-24.931891],[-49.293883,-24.931864],[-49.294111,-24.931771],[-49.294201,-24.93169],[-49.294238,-24.931619],[-49.294284,-24.931593],[-49.29428,-24.931513],[-49.294301,-24.931472],[-49.294398,-24.931487],[-49.294487,-24.931445],[-49.294594,-24.931468],[-49.294673,-24.931423],[-49.2948,-24.931413],[-49.294829,-24.931385],[-49.294847,-24.931323],[-49.294948,-24.931271],[-49.295067,-24.931185],[-49.29515,-24.931095],[-49.295178,-24.931033],[-49.295216,-24.931021],[-49.295294,-24.931038],[-49.295324,-24.931026]]}},{"type":"Feature","properties":{"alt":417.0,"mestra":false},"geometry":{"type":"LineString","coordinates":[[-49.292884,-24.933672],[-49.292804,-24.933679],[-49.292754,-24.933671]]}},{"type":"Feature","properties":{"alt":417.0,"mestra":false},"geometry":{"type":"LineString","coordinates":[[-49.294842,-24.926196],[-49.29492,-24.926229],[-49.294978,-24.926278],[-49.295039,-24.92637],[-49.295072,-24.926459],[-49.295081,-24.926549],[-49.295072,-24.926655],[-49.29505,-24.926727],[-49.294986,-24.926842],[-49.29498,-24.926877],[-49.294989,-24.926911],[-49.29502,-24.926931],[-49.295145,-24.926941],[-49.295193,-24.926964],[-49.295243,-24.92692],[-49.295292,-24.926927],[-49.295327,-24.92697],[-49.295309,-24.927059],[-49.295348,-24.92709],[-49.295373,-24.927087],[-49.295407,-24.927044],[-49.295447,-24.927025],[-49.295525,-24.927006],[-49.295574,-24.92702],[-49.295611,-24.927072],[-49.295635,-24.927161],[-49.295642,-24.927402],[-49.295612,-24.927491],[-49.295537,-24.927539],[-49.295515,-24.92757],[-49.295518,-24.927596],[-49.295562,-24.927668],[-49.29557,-24.927766],[-49.295552,-24.927873],[-49.295477,-24.927997],[-49.295434,-24.92813],[-49.295436,-24.928175],[-49.295421,-24.928219],[-49.29544,-24.928317],[-49.295477,-24.928335],[-49.295493,-24.928363],[-49.295466,-24.928496],[-49.295446,-24.92851],[-49.295377,-24.928517],[-49.295328,-24.928551],[-49.295263,-24.928663],[-49.29516,-24.928769],[-49.29513,-24.928722],[-49.295055,-24.928732],[-49.295004,-24.928785],[-49.294973,-24.928802],[-49.294917,-24.92881],[-49.294884,-24.928842],[-49.294845,-24.928849],[-49.294805,-24.928878],[-49.294786,-24.928883],[-49.294737,-24.928873],[-49.294649,-24.928889],[-49.294576,-24.92894],[-49.294565,-24.928994],[-49.294612,-24.929092],[-49.294646,-24.929128],[-49.294694,-24.92913],[-49.294754,-24.929093],[-49.294802,-24.929089],[-49.294841,-24.929111],[-49.294874,-24.929158],[-49.294899,-24.929172],[-49.294919,-24.929174],[-49.294958,-24.929135],[-49.294997,-24.929125],[-49.295017,-24.929134],[-49.295036,-24.92917],[-49.295105,-24.929157],[-49.295154,-24.92917],[-49.29517,-24.929179],[-49.295185,-24.929215],[-49.295201,-24.92922],[-49.295234,-24.929197],[-49.295309,-24.929202],[-49.295368,-24.929176],[-49.295386,-24.92919],[-49.295397,-24.929228],[-49.295435,-24.929282],[-49.295542,-24.929295],[-49.295601,-24.929267],[-49.29565,-24.929315],[-49.295689,-24.929315],[-49.295714,-24.929328],[-49.29576,-24.929471],[-49.295746,-24.929542],[-49.295798,-24.929578],[-49.295814,-24.929605],[-49.295823,-24.92973],[-49.29578,-24.929863],[-49.295827,-24.929899],[-49.295869,-24.929962],[-49.295812,-24.929997],[-49.295789,-24.930033],[-49.295784,-24.930068],[-49.295834,-24.930142],[-49.295885,-24.930176],[-49.295882,-24.930197],[-49.295862,-24.930211],[-49.295804,-24.930211],[-49.295735,-24.93019],[-49.295668,-24.930128],[-49.295561,-24.930076],[-49.295513,-24.929987],[-49.295444,-24.929913],[-49.295389,-24.929814],[-49.295315,-24.929715],[-49.295225,-24.929545],[-49.295212,-24.9295],[-49.295198,-24.929489],[-49.295162,-24.929491],[-49.295112,-24.929526],[-49.295041,-24.929544],[-49.295033,-24.929578],[-49.295042,-24.929632],[-49.295076,-24.929677],[-49.295076,-24.929695],[-49.295058,-24.929702],[-49.295019,-24.929672],[-49.29498,-24.929679],[-49.294962,-24.929702],[-49.29494,-24.929782],[-49.29488,-24.929824],[-49.294585,-24.929948],[-49.294546,-24.929951],[-49.294379,-24.930003],[-49.294279,-24.929971],[-49.294234,-24.929935],[-49.294195,-24.929923],[-49.294068,-24.929904],[-49.29398,-24.92991],[-49.293951,-24.929887],[-49.29396,-24.929842],[-49.293932,-24.929818],[-49.293893,-24.929832],[-49.293854,-24.929831],[-49.293821,-24.929787],[-49.293804,-24.929609],[-49.293757,-24.929564],[-49.293762,-24.929546],[-49.293799,-24.929543],[-49.293809,-24.929531],[-49.293797,-24.929475],[-49.293805,-24.929422],[-49.293823,-24.929395],[-49.293759,-24.92935],[-49.293711,-24.929269],[-49.293693,-24.929206],[-49.293665,-24.929179],[-49.29365,-24.929126],[-49.293684,-24.929055],[-49.293676,-24.928975],[-49.29374,-24.92894],[-49.293748,-24.928859],[-49.29377,-24.928846],[-49.293799,-24.928871],[-49.293828,-24.928861],[-49.293868,-24.928794],[-49.293935,-24.928781],[-49.29394,-24.928728],[-49.293979,-24.928693],[-49.294026,-24.928684],[-49.294075,-24.928703],[-49.294105,-24.928662],[-49.294134,-24.928653],[-49.294163,-24.928668],[-49.294205,-24.928713],[-49.294231,-24.928719],[-49.294268,-24.928696],[-49.29434,-24.928605],[-49.294374,-24.928581],[-49.294517,-24.928532],[-49.294595,-24.92855],[-49.294667,-24.928549],[-49.294675,-24.928523],[-49.294657,-24.928487],[-49.294664,-24.928472],[-49.294694,-24.928463],[-49.294733,-24.928484],[-49.294748,-24.928461],[-49.294753,-24.92842],[-49.294822,-24.928366],[-49.294881,-24.928346],[-49.294924,-24.928303],[-49.29498,-24.92817],[-49.294972,-24.928107],[-49.294938,-24.928053],[-49.294937,-24.928026],[-49.295034,-24.92788],[-49.295093,-24.927859],[-49.295112,-24.927841],[-49.295111,-24.927815],[-49.295094,-24.927801],[-49.295006,-24.927816],[-49.294918,-24.927795],[-49.294916,-24.92775],[-49.294895,-24.927705],[-49.2949,-24.927643],[-49.294889,-24.927607],[-49.294908,-24.927554],[-49.294978,-24.927465],[-49.294972,-24.927376],[-49.294982,-24.927332],[-49.295062,-24.927263],[-49.29509,-24.927226],[-49.295098,-24.927164],[-49.295084,-24.927111],[-49.295016,-24.927068],[-49.294928,-24.927065],[-49.29485,-24.927037],[-49.294841,-24.926975],[-49.294792,-24.927034],[-49.294723,-24.927033],[-49.294587,-24.926984],[-49.294471,-24.926907],[-49.294421,-24.926844],[-49.294382,-24.926755],[-49.294327,-24.926442],[-49.294257,-24.926352],[-49.294241,-24.926307],[-49.294243,-24.926272],[-49.294258,-24.926254],[-49.294353,-24.926244],[-49.294392,-24.926224],[-49.29446,-24.92625],[-49.29456,-24.926249],[-49.294586,-24.926276],[-49.294603,-24.926445],[-49.294615,-24.926463],[-49.294643,-24.926473],[-49.294731,-24.926402],[-49.294729,-24.926375],[-49.294692,-24.92633],[-49.294684,-24.926277],[-49.294695,-24.926252],[-49.294784,-24.926195],[-49.294842,-24.926196]]}},{"type":"Feature","properties":{"alt":417.0,"mestra":false},"geometry":{"type":"LineString","coordinates":[[-49.29507,-24.927414],[-49.295048,-24.927422],[-49.295049,-24.92744],[-49.295074,-24.927431],[-49.29507,-24.927414]]}},{"type":"Feature","properties":{"alt":417.0,"mestra":false},"geometry":{"type":"LineString","coordinates":[[-49.294512,-24.928911],[-49.294492,-24.928911],[-49.294483,-24.928921],[-49.294492,-24.928941],[-49.294511,-24.928943],[-49.294521,-24.928934],[-49.294512,-24.928911]]}},{"type":"Feature","properties":{"alt":417.0,"mestra":false},"geometry":{"type":"LineString","coordinates":[[-49.294775,-24.928924],[-49.294765,-24.928957],[-49.294758,-24.928933],[-49.294775,-24.928924]]}},{"type":"Feature","properties":{"alt":417.0,"mestra":false},"geometry":{"type":"LineString","coordinates":[[-49.29443,-24.92916],[-49.294411,-24.929155],[-49.294398,-24.92917],[-49.29442,-24.929178],[-49.294433,-24.92917],[-49.29443,-24.92916]]}},{"type":"Feature","properties":{"alt":417.0,"mestra":false},"geometry":{"type":"LineString","coordinates":[[-49.294993,-24.92946],[-49.294964,-24.929462],[-49.294945,-24.929479],[-49.294946,-24.929506],[-49.294963,-24.929519],[-49.295012,-24.929517],[-49.295027,-24.929507],[-49.295019,-24.92948],[-49.294993,-24.92946]]}},{"type":"Feature","properties":{"alt":417.0,"mestra":false},"geometry":{"type":"LineString","coordinates":[[-49.294572,-24.929474],[-49.294562,-24.929475],[-49.294572,-24.929481],[-49.294572,-24.929474]]}},{"type":"Feature","properties":{"alt":417.0,"mestra":false},"geometry":{"type":"LineString","coordinates":[[-49.293908,-24.929473],[-49.293888,-24.929468],[-49.293879,-24.929485],[-49.2939,-24.929494],[-49.293911,-24.929485],[-49.293908,-24.929473]]}},{"type":"Feature","properties":{"alt":417.0,"mestra":false},"geometry":{"type":"LineString","coordinates":[[-49.293799,-24.929561],[-49.293799,-24.929571],[-49.293799,-24.929561]]}},{"type":"Feature","properties":{"alt":417.0,"mestra":false},"geometry":{"type":"LineString","coordinates":[[-49.29162,-24.929555],[-49.291651,-24.929593],[-49.291638,-24.929615],[-49.291615,-24.92961],[-49.291586,-24.929583],[-49.29159,-24.929557],[-49.29162,-24.929555]]}},{"type":"Feature","properties":{"alt":417.0,"mestra":false},"geometry":{"type":"LineString","coordinates":[[-49.296103,-24.930467],[-49.296112,-24.930473],[-49.296103,-24.930478],[-49.296084,-24.930473],[-49.296103,-24.930467]]}},{"type":"Feature","properties":{"alt":417.0,"mestra":false},"geometry":{"type":"LineString","coordinates":[[-49.295907,-24.930488],[-49.295916,-24.930497],[-49.295896,-24.930497],[-49.295907,-24.930488]]}},{"type":"Feature","properties":{"alt":417.0,"mestra":false},"geometry":{"type":"LineString","coordinates":[[-49.293922,-24.932734],[-49.293892,-24.932735],[-49.293887,-24.932747],[-49.293892,-24.932774],[-49.293911,-24.932786],[-49.293937,-24.932774],[-49.293935,-24.932747],[-49.293922,-24.932734]]}},{"type":"Feature","properties":{"alt":417.0,"mestra":false},"geometry":{"type":"LineString","coordinates":[[-49.292854,-24.932894],[-49.292834,-24.9329],[-49.292808,-24.932931],[-49.292803,-24.932957],[-49.292814,-24.932969],[-49.292843,-24.932961],[-49.292869,-24.932922],[-49.292869,-24.932905],[-49.292854,-24.932894]]}},{"type":"Feature","properties":{"alt":417.0,"mestra":false},"geometry":{"type":"LineString","coordinates":[[-49.292047,-24.93331],[-49.292047,-24.93332],[-49.292047,-24.93331]]}},{"type":"Feature","properties":{"alt":418.0,"mestra":false},"geometry":{"type":"LineString","coordinates":[[-49.29505,-24.926192],[-49.295119,-24.926353],[-49.295132,-24.926478],[-49.295093,-24.926691],[-49.295004,-24.926842],[-49.295011,-24.926904],[-49.295047,-24.926926],[-49.295155,-24.926935],[-49.295193,-24.926957],[-49.295223,-24.926914],[-49.295243,-24.926904],[-49.295282,-24.926901],[-49.295321,-24.926914],[-49.295348,-24.926935],[-49.295361,-24.926962],[-49.295318,-24.927042],[-49.295322,-24.927068],[-49.295348,-24.927084],[-49.295369,-24.927078],[-49.295392,-24.927007],[-49.295431,-24.926972],[-49.295459,-24.926927],[-49.295507,-24.926902],[-49.295566,-24.926905],[-49.295614,-24.926927],[-49.295664,-24.926974],[-49.295689,-24.927028],[-49.29569,-24.927144],[-49.295647,-24.927446],[-49.295616,-24.927503],[-49.295537,-24.927547],[-49.295521,-24.92757],[-49.295522,-24.927588],[-49.29556,-24.927633],[-49.295576,-24.927677],[-49.295567,-24.927846],[-49.295542,-24.927919],[-49.295488,-24.927997],[-49.295441,-24.92813],[-49.295424,-24.928219],[-49.29545,-24.928318],[-49.295487,-24.92834],[-49.295496,-24.928381],[-49.295465,-24.928502],[-49.295446,-24.928514],[-49.295384,-24.928522],[-49.295332,-24.928557],[-49.295268,-24.928667],[-49.295183,-24.928742],[-49.295168,-24.928769],[-49.295145,-24.928769],[-49.29512,-24.928731],[-49.295071,-24.92873],[-49.295042,-24.928744],[-49.295022,-24.928776],[-49.294982,-24.928802],[-49.294914,-24.928817],[-49.294884,-24.928855],[-49.294806,-24.928907],[-49.29479,-24.928978],[-49.294774,-24.928999],[-49.294752,-24.928996],[-49.294737,-24.928969],[-49.294758,-24.928898],[-49.294737,-24.928882],[-49.294659,-24.928893],[-49.294596,-24.928932],[-49.294574,-24.928958],[-49.294573,-24.928994],[-49.294594,-24.929047],[-49.294655,-24.929123],[-49.294695,-24.929123],[-49.294744,-24.929084],[-49.294793,-24.929073],[-49.294832,-24.929088],[-49.294879,-24.929158],[-49.294899,-24.929169],[-49.294919,-24.929168],[-49.294948,-24.929136],[-49.294988,-24.929116],[-49.295027,-24.929133],[-49.295036,-24.929165],[-49.295105,-24.929153],[-49.295163,-24.929171],[-49.295192,-24.929217],[-49.295209,-24.929215],[-49.295231,-24.929195],[-49.295309,-24.9292],[-49.295368,-24.929174],[-49.29539,-24.92919],[-49.295406,-24.929233],[-49.295445,-24.929277],[-49.295543,-24.929292],[-49.295602,-24.929264],[-49.295621,-24.929273],[-49.29565,-24.929313],[-49.295699,-24.929314],[-49.295718,-24.929327],[-49.295765,-24.929471],[-49.295752,-24.929542],[-49.295831,-24.929599],[-49.295822,-24.929641],[-49.295842,-24.929694],[-49.295844,-24.929739],[-49.295784,-24.929863],[-49.295827,-24.929894],[-49.295879,-24.929971],[-49.295816,-24.929995],[-49.295787,-24.930059],[-49.295795,-24.930089],[-49.295844,-24.930138],[-49.295883,-24.930141],[-49.295892,-24.930192],[-49.295862,-24.930224],[-49.295803,-24.930223],[-49.295735,-24.930199],[-49.295658,-24.930133],[-49.295559,-24.930083],[-49.295512,-24.930003],[-49.295436,-24.92992],[-49.295379,-24.929819],[-49.295311,-24.929733],[-49.295245,-24.929597],[-49.295183,-24.929535],[-49.295187,-24.9295],[-49.295168,-24.929503],[-49.295168,-24.929526],[-49.295153,-24.929535],[-49.295045,-24.929561],[-49.295043,-24.929587],[-49.295081,-24.929668],[-49.295082,-24.929695],[-49.295058,-24.929709],[-49.295009,-24.929679],[-49.29498,-24.929685],[-49.294966,-24.929702],[-49.294949,-24.929805],[-49.29493,-24.929827],[-49.294821,-24.929879],[-49.294723,-24.929908],[-49.294673,-24.92994],[-49.294615,-24.92995],[-49.294565,-24.929978],[-49.294487,-24.929984],[-49.294418,-24.930012],[-49.29434,-24.930007],[-49.294263,-24.929972],[-49.294234,-24.929948],[-49.294156,-24.929927],[-49.294058,-24.929912],[-49.29397,-24.929916],[-49.293935,-24.929887],[-49.293957,-24.929851],[-49.293942,-24.929824],[-49.293923,-24.92982],[-49.293883,-24.929847],[-49.293854,-24.929853],[-49.293812,-24.929805],[-49.293814,-24.929725],[-49.293794,-24.92968],[-49.293801,-24.929618],[-49.29375,-24.929564],[-49.29376,-24.929539],[-49.2938,-24.929529],[-49.293792,-24.929484],[-49.293805,-24.929404],[-49.293755,-24.929359],[-49.2937,-24.929269],[-49.29369,-24.929215],[-49.293659,-24.929179],[-49.293645,-24.929126],[-49.293679,-24.929055],[-49.293683,-24.929019],[-49.293671,-24.928974],[-49.293732,-24.92894],[-49.293742,-24.928859],[-49.29377,-24.92884],[-49.293799,-24.928863],[-49.293818,-24.928862],[-49.293868,-24.92879],[-49.293927,-24.928785],[-49.293936,-24.928728],[-49.293977,-24.928691],[-49.294026,-24.928681],[-49.294075,-24.928699],[-49.294105,-24.928656],[-49.294134,-24.928649],[-49.294163,-24.928663],[-49.29421,-24.928713],[-49.294231,-24.928716],[-49.29427,-24.92869],[-49.29435,-24.92859],[-49.294488,-24.928532],[-49.294537,-24.928522],[-49.294605,-24.928544],[-49.294663,-24.928547],[-49.294668,-24.928522],[-49.294635,-24.928486],[-49.294642,-24.928469],[-49.294684,-24.928452],[-49.294733,-24.92847],[-49.294742,-24.928416],[-49.294812,-24.928363],[-49.294881,-24.928336],[-49.294911,-24.928307],[-49.29496,-24.928196],[-49.294964,-24.928116],[-49.294929,-24.928053],[-49.294925,-24.928026],[-49.294993,-24.92792],[-49.295008,-24.927858],[-49.294985,-24.927831],[-49.294905,-24.927794],[-49.294873,-24.927732],[-49.29488,-24.927651],[-49.294866,-24.927589],[-49.294883,-24.927536],[-49.294933,-24.927447],[-49.294958,-24.927323],[-49.295079,-24.927217],[-49.295089,-24.927173],[-49.295082,-24.927128],[-49.29505,-24.927092],[-49.294996,-24.927073],[-49.294955,-24.927082],[-49.294908,-24.927122],[-49.294868,-24.927126],[-49.294625,-24.927038],[-49.294528,-24.926984],[-49.294451,-24.926925],[-49.2944,-24.926862],[-49.294359,-24.926772],[-49.294294,-24.926451],[-49.294213,-24.926343],[-49.294195,-24.926298],[-49.294195,-24.926262],[-49.294285,-24.926224],[-49.294353,-24.926234],[-49.294402,-24.926215],[-49.294441,-24.926237],[-49.29448,-24.92624],[-49.294627,-24.926225],[-49.294668,-24.926187]]}},{"type":"Feature","properties":{"alt":418.0,"mestra":false},"geometry":{"type":"LineString","coordinates":[[-49.291459,-24.933324],[-49.291478,-24.933299],[-49.291497,-24.93321],[-49.291535,-24.933166],[-49.29156,-24.933154],[-49.291668,-24.933136],[-49.291691,-24.933149],[-49.291716,-24.93319],[-49.291775,-24.933206],[-49.291863,-24.933196],[-49.291999,-24.933204],[-49.292058,-24.933177],[-49.292085,-24.933127],[-49.292114,-24.93311],[-49.292129,-24.933074],[-49.292183,-24.933039],[-49.292221,-24.932968],[-49.292269,-24.932933],[-49.292271,-24.932889],[-49.292288,-24.932852],[-49.292376,-24.932832],[-49.292402,-24.932765],[-49.292426,-24.932748],[-49.29243,-24.93273],[-49.292412,-24.932712],[-49.292407,-24.932685],[-49.29242,-24.932641],[-49.292473,-24.93257],[-49.292483,-24.93249],[-49.292469,-24.932454],[-49.292477,-24.932428],[-49.292691,-24.932323],[-49.292681,-24.932287],[-49.292746,-24.932244],[-49.29275,-24.93219],[-49.292768,-24.932173],[-49.292835,-24.932152],[-49.292883,-24.932179],[-49.293012,-24.932082],[-49.293054,-24.932024],[-49.293053,-24.931962],[-49.293062,-24.931956],[-49.293229,-24.931931],[-49.293356,-24.931937],[-49.293512,-24.931924],[-49.29359,-24.931933],[-49.293688,-24.931977],[-49.293795,-24.931951],[-49.293844,-24.93199],[-49.293882,-24.931989],[-49.293893,-24.931972],[-49.293873,-24.9319],[-49.293878,-24.931864],[-49.293895,-24.93185],[-49.293996,-24.931821],[-49.294117,-24.93176],[-49.294151,-24.931717],[-49.2942,-24.93168],[-49.29423,-24.931617],[-49.294279,-24.931594],[-49.294272,-24.931512],[-49.294294,-24.931468],[-49.29432,-24.931463],[-49.294359,-24.931478],[-49.294398,-24.931479],[-49.294487,-24.931438],[-49.294594,-24.931463],[-49.294663,-24.93141],[-49.2948,-24.931404],[-49.294822,-24.931385],[-49.294847,-24.931314],[-49.294939,-24.931271],[-49.295067,-24.93118],[-49.295177,-24.931025],[-49.295216,-24.931014],[-49.295284,-24.931027],[-49.295323,-24.931021]]}},{"type":"Feature","properties":{"alt":418.0,"mestra":false},"geometry":{"type":"LineString","coordinates":[[-49.292884,-24.933673],[-49.292804,-24.933681],[-49.292754,-24.933671]]}},{"type":"Feature","properties":{"alt":418.0,"mestra":false},"geometry":{"type":"LineString","coordinates":[[-49.294943,-24.933704],[-49.294945,-24.933713]]}},{"type":"Feature","properties":{"alt":418.0,"mestra":false},"geometry":{"type":"LineString","coordinates":[[-49.294655,-24.926301],[-49.294626,-24.9263],[-49.294613,-24.92632],[-49.29462,-24.926383],[-49.29461,-24.926436],[-49.294633,-24.926464],[-49.294653,-24.926456],[-49.294715,-24.926393],[-49.294709,-24.926375],[-49.294673,-24.926348],[-49.294655,-24.926301]]}},{"type":"Feature","properties":{"alt":418.0,"mestra":false},"geometry":{"type":"LineString","coordinates":[[-49.294879,-24.92706],[-49.294848,-24.927063],[-49.29484,-24.927081],[-49.294849,-24.927106],[-49.294869,-24.927106],[-49.29489,-24.92709],[-49.294891,-24.927072],[-49.294879,-24.92706]]}},{"type":"Feature","properties":{"alt":418.0,"mestra":false},"geometry":{"type":"LineString","coordinates":[[-49.295094,-24.927814],[-49.295068,-24.927823],[-49.295073,-24.927841],[-49.295093,-24.927842],[-49.295102,-24.927832],[-49.295094,-24.927814]]}},{"type":"Feature","properties":{"alt":418.0,"mestra":false},"geometry":{"type":"LineString","coordinates":[[-49.294502,-24.928912],[-49.294488,-24.928921],[-49.294502,-24.92894],[-49.294517,-24.928931],[-49.294502,-24.928912]]}},{"type":"Feature","properties":{"alt":418.0,"mestra":false},"geometry":{"type":"LineString","coordinates":[[-49.294993,-24.92947],[-49.294954,-24.929477],[-49.294953,-24.929507],[-49.294973,-24.929515],[-49.295001,-24.929507],[-49.295009,-24.929489],[-49.294993,-24.92947]]}},{"type":"Feature","properties":{"alt":418.0,"mestra":false},"geometry":{"type":"LineString","coordinates":[[-49.293898,-24.929471],[-49.293884,-24.929476],[-49.293888,-24.92949],[-49.293908,-24.929485],[-49.293898,-24.929471]]}},{"type":"Feature","properties":{"alt":418.0,"mestra":false},"geometry":{"type":"LineString","coordinates":[[-49.29162,-24.929548],[-49.291655,-24.929593],[-49.291638,-24.929618],[-49.291592,-24.929601],[-49.291575,-24.929574],[-49.291587,-24.929548],[-49.29162,-24.929548]]}},{"type":"Feature","properties":{"alt":418.0,"mestra":false},"geometry":{"type":"LineString","coordinates":[[-49.296113,-24.930462],[-49.296123,-24.930473],[-49.296103,-24.930486],[-49.296062,-24.930472],[-49.296074,-24.930458],[-49.296113,-24.930462]]}},{"type":"Feature","properties":{"alt":418.0,"mestra":false},"geometry":{"type":"LineString","coordinates":[[-49.295927,-24.93047],[-49.295939,-24.930489],[-49.295935,-24.930507],[-49.295917,-24.930513],[-49.295885,-24.930506],[-49.295888,-24.93048],[-49.295908,-24.930468],[-49.295927,-24.93047]]}},{"type":"Feature","properties":{"alt":418.0,"mestra":false},"geometry":{"type":"LineString","coordinates":[[-49.293921,-24.932737],[-49.293902,-24.932735],[-49.29389,-24.932747],[-49.293896,-24.932774],[-49.293911,-24.932782],[-49.293934,-24.932765],[-49.293921,-24.932737]]}},{"type":"Feature","properties":{"alt":418.0,"mestra":false},"geometry":{"type":"LineString","coordinates":[[-49.292864,-24.932902],[-49.292844,-24.932897],[-49.292822,-24.932913],[-49.292804,-24.932948],[-49.292814,-24.932966],[-49.292843,-24.932958],[-49.292866,-24.932922],[-49.292864,-24.932902]]}},{"type":"Feature","properties":{"alt":418.0,"mestra":false},"geometry":{"type":"LineString","coordinates":[[-49.291815,-24.933141],[-49.291815,-24.933141]]}},{"type":"Feature","properties":{"alt":419.0,"mestra":false},"geometry":{"type":"LineString","coordinates":[[-49.295388,-24.926196],[-49.29533,-24.926243],[-49.295291,-24.926296],[-49.295144,-24.926683],[-49.295025,-24.926833],[-49.295022,-24.926887],[-49.295057,-24.926919],[-49.295155,-24.926924],[-49.295194,-24.926946],[-49.295207,-24.926907],[-49.295234,-24.926882],[-49.29542,-24.926795],[-49.295636,-24.926729],[-49.295697,-24.92668],[-49.295716,-24.926636],[-49.295725,-24.926574],[-49.295704,-24.926431],[-49.295613,-24.926274],[-49.295534,-24.926197]]}},{"type":"Feature","properties":{"alt":419.0,"mestra":false},"geometry":{"type":"LineString","coordinates":[[-49.29612,-24.926716],[-49.295948,-24.926805],[-49.295889,-24.926858],[-49.295839,-24.926994],[-49.295738,-24.927191],[-49.295648,-24.927482],[-49.295619,-24.927517],[-49.295547,-24.927548],[-49.295527,-24.92757],[-49.295529,-24.927588],[-49.295579,-24.927642],[-49.295588,-24.927749],[-49.295562,-24.927891],[-49.295495,-24.928006],[-49.295447,-24.92813],[-49.295427,-24.928219],[-49.295457,-24.928309],[-49.295487,-24.928333],[-49.2955,-24.928363],[-49.295475,-24.928496],[-49.295446,-24.928518],[-49.29538,-24.928531],[-49.295343,-24.928557],[-49.295271,-24.928672],[-49.295228,-24.928701],[-49.295168,-24.928772],[-49.295149,-24.928776],[-49.29511,-24.928734],[-49.295071,-24.928734],[-49.295042,-24.928749],[-49.295022,-24.928782],[-49.294982,-24.928807],[-49.294918,-24.928819],[-49.294894,-24.92886],[-49.294828,-24.928916],[-49.294794,-24.929009],[-49.294755,-24.929013],[-49.294731,-24.928996],[-49.294724,-24.92896],[-49.294738,-24.928906],[-49.294727,-24.928893],[-49.294658,-24.928902],[-49.294589,-24.928946],[-49.294577,-24.928976],[-49.294598,-24.929043],[-49.29463,-24.929066],[-49.294645,-24.929101],[-49.294665,-24.929117],[-49.294704,-24.929111],[-49.294744,-24.929065],[-49.294803,-24.929054],[-49.294842,-24.92908],[-49.294877,-24.929149],[-49.294899,-24.929165],[-49.294988,-24.929106],[-49.29504,-24.929133],[-49.295039,-24.929159],[-49.295105,-24.929148],[-49.295169,-24.92917],[-49.295194,-24.929215],[-49.295231,-24.929191],[-49.295309,-24.929198],[-49.295368,-24.929171],[-49.295388,-24.929181],[-49.295411,-24.929226],[-49.295455,-24.929268],[-49.295533,-24.929288],[-49.295582,-24.929262],[-49.295611,-24.929262],[-49.29565,-24.92931],[-49.295699,-24.929311],[-49.295718,-24.929323],[-49.29577,-24.929471],[-49.295755,-24.929533],[-49.295846,-24.929596],[-49.295832,-24.929641],[-49.29586,-24.929704],[-49.295859,-24.929755],[-49.295802,-24.929828],[-49.295788,-24.929863],[-49.295829,-24.92989],[-49.29589,-24.929971],[-49.295885,-24.929982],[-49.295826,-24.92999],[-49.295799,-24.930024],[-49.295791,-24.930059],[-49.295798,-24.930086],[-49.295844,-24.930127],[-49.295883,-24.930131],[-49.295889,-24.930141],[-49.295897,-24.930185],[-49.295881,-24.930265],[-49.295862,-24.930245],[-49.295793,-24.930232],[-49.295725,-24.930206],[-49.295648,-24.930139],[-49.295551,-24.930084],[-49.295302,-24.92974],[-49.295232,-24.929598],[-49.295206,-24.929574],[-49.295167,-24.92956],[-49.295089,-24.929552],[-49.295057,-24.929561],[-49.29505,-24.929578],[-49.295088,-24.929664],[-49.295087,-24.929695],[-49.295068,-24.929716],[-49.295009,-24.929686],[-49.294976,-24.929693],[-49.294961,-24.929818],[-49.294942,-24.929854],[-49.294845,-24.929906],[-49.294782,-24.929903],[-49.294693,-24.929956],[-49.294624,-24.929971],[-49.294555,-24.93],[-49.294507,-24.929998],[-49.294428,-24.930025],[-49.294379,-24.930026],[-49.29433,-24.930013],[-49.294233,-24.92996],[-49.294146,-24.929935],[-49.294048,-24.929921],[-49.293999,-24.929931],[-49.293963,-24.929923],[-49.293922,-24.929886],[-49.293953,-24.929851],[-49.293942,-24.929828],[-49.29392,-24.929824],[-49.293893,-24.929862],[-49.293853,-24.929871],[-49.293834,-24.929863],[-49.293798,-24.929814],[-49.293808,-24.929734],[-49.293785,-24.92968],[-49.293796,-24.929618],[-49.29376,-24.92959],[-49.293745,-24.929564],[-49.293755,-24.929537],[-49.293786,-24.929519],[-49.293793,-24.929413],[-49.293741,-24.929359],[-49.293715,-24.929304],[-49.293683,-24.929269],[-49.293679,-24.929215],[-49.293653,-24.929179],[-49.293642,-24.929117],[-49.29367,-24.929072],[-49.29368,-24.929028],[-49.293667,-24.928974],[-49.293724,-24.928939],[-49.293737,-24.928859],[-49.29376,-24.928835],[-49.293819,-24.928853],[-49.293868,-24.928785],[-49.293927,-24.928781],[-49.293931,-24.928728],[-49.293965,-24.928693],[-49.294026,-24.928678],[-49.294075,-24.928695],[-49.294105,-24.928651],[-49.294134,-24.928644],[-49.294163,-24.928659],[-49.294211,-24.928711],[-49.294231,-24.928714],[-49.294311,-24.928643],[-49.29435,-24.928586],[-49.294488,-24.928524],[-49.294556,-24.928509],[-49.294617,-24.92854],[-49.294663,-24.92854],[-49.294654,-24.928519],[-49.294605,-24.928498],[-49.29461,-24.928477],[-49.294655,-24.928443],[-49.294714,-24.928441],[-49.294734,-24.928413],[-49.294803,-24.92836],[-49.294881,-24.928324],[-49.294911,-24.928288],[-49.294918,-24.928249],[-49.294948,-24.928205],[-49.294955,-24.928116],[-49.294921,-24.928053],[-49.294916,-24.928017],[-49.294978,-24.927929],[-49.294986,-24.927875],[-49.294967,-24.92784],[-49.294898,-24.927806],[-49.294835,-24.927749],[-49.294856,-24.927678],[-49.294844,-24.927571],[-49.294922,-24.927322],[-49.294962,-24.927278],[-49.295063,-24.927215],[-49.295078,-24.927172],[-49.295071,-24.927128],[-49.295034,-24.927092],[-49.294987,-24.92708],[-49.294961,-24.927091],[-49.294927,-24.92714],[-49.294888,-24.927169],[-49.294829,-24.927176],[-49.294606,-24.927068],[-49.294451,-24.926959],[-49.294387,-24.926888],[-49.294342,-24.926799],[-49.294257,-24.926459],[-49.294224,-24.926407],[-49.294156,-24.926338],[-49.29413,-24.926279],[-49.294134,-24.926253],[-49.294154,-24.926235],[-49.294266,-24.926188],[-49.294353,-24.926218],[-49.294383,-24.926199],[-49.294402,-24.926198],[-49.294461,-24.926234],[-49.294545,-24.926213],[-49.294577,-24.926186]]}},{"type":"Feature","properties":{"alt":419.0,"mestra":false},"geometry":{"type":"LineString","coordinates":[[-49.291438,-24.933286],[-49.29148,-24.933209],[-49.291531,-24.933158],[-49.291639,-24.933122],[-49.291687,-24.93314],[-49.291726,-24.933183],[-49.291775,-24.933199],[-49.291863,-24.93319],[-49.291999,-24.9332],[-49.292058,-24.933173],[-49.292082,-24.933127],[-49.292111,-24.93311],[-49.292131,-24.933065],[-49.292185,-24.93303],[-49.292222,-24.932959],[-49.292264,-24.932933],[-49.29227,-24.93288],[-49.292288,-24.932845],[-49.292369,-24.932827],[-49.292397,-24.932765],[-49.292417,-24.932748],[-49.2924,-24.932703],[-49.292415,-24.932641],[-49.29247,-24.93257],[-49.292477,-24.93249],[-49.29245,-24.932445],[-49.292455,-24.932419],[-49.292663,-24.932314],[-49.292679,-24.932278],[-49.292744,-24.932235],[-49.292738,-24.932172],[-49.292815,-24.932139],[-49.292884,-24.932153],[-49.293002,-24.932082],[-49.293047,-24.932024],[-49.293053,-24.931951],[-49.293229,-24.931923],[-49.293356,-24.93193],[-49.293532,-24.931912],[-49.29361,-24.931925],[-49.293688,-24.931971],[-49.293796,-24.931944],[-49.293844,-24.931985],[-49.293873,-24.931988],[-49.293889,-24.931971],[-49.293865,-24.9319],[-49.293879,-24.931856],[-49.293993,-24.93182],[-49.29411,-24.93176],[-49.294143,-24.931716],[-49.294197,-24.931672],[-49.294225,-24.93161],[-49.294273,-24.931593],[-49.294263,-24.931503],[-49.294281,-24.931467],[-49.294311,-24.931456],[-49.294389,-24.931472],[-49.294477,-24.93143],[-49.294594,-24.931456],[-49.294653,-24.931399],[-49.294761,-24.931402],[-49.2948,-24.931394],[-49.294817,-24.931376],[-49.294836,-24.931314],[-49.294939,-24.931264],[-49.295067,-24.931175],[-49.295177,-24.931017],[-49.295216,-24.931007],[-49.295323,-24.931017]]}},{"type":"Feature","properties":{"alt":419.0,"mestra":false},"geometry":{"type":"LineString","coordinates":[[-49.292885,-24.933673],[-49.292804,-24.933682],[-49.292753,-24.933672]]}},{"type":"Feature","properties":{"alt":419.0,"mestra":false},"geometry":{"type":"LineString","coordinates":[[-49.295426,-24.933718],[-49.295421,-24.933709]]}},{"type":"Feature","properties":{"alt":419.0,"mestra":false},"geometry":{"type":"LineString","coordinates":[[-49.295349,-24.927031],[-49.295332,-24.927042],[-49.295328,-24.927059],[-49.295348,-24.927078],[-49.295367,-24.92706],[-49.295349,-24.927031]]}},{"type":"Feature","properties":{"alt":419.0,"mestra":false},"geometry":{"type":"LineString","coordinates":[[-49.294512,-24.928921],[-49.294502,-24.928917],[-49.294493,-24.92893],[-49.294511,-24.928931],[-49.294512,-24.928921]]}},{"type":"Feature","properties":{"alt":419.0,"mestra":false},"geometry":{"type":"LineString","coordinates":[[-49.294983,-24.929476],[-49.294955,-24.929488],[-49.294963,-24.929507],[-49.294994,-24.929498],[-49.294983,-24.929476]]}},{"type":"Feature","properties":{"alt":419.0,"mestra":false},"geometry":{"type":"LineString","coordinates":[[-49.293898,-24.929474],[-49.293888,-24.929486],[-49.293902,-24.929485],[-49.293898,-24.929474]]}},{"type":"Feature","properties":{"alt":419.0,"mestra":false},"geometry":{"type":"LineString","coordinates":[[-49.29161,-24.929537],[-49.291639,-24.929555],[-49.291656,-24.929584],[-49.291654,-24.929611],[-49.291638,-24.929621],[-49.291597,-24.92961],[-49.29157,-24.929583],[-49.291573,-24.929548],[-49.29161,-24.929537]]}},{"type":"Feature","properties":{"alt":419.0,"mestra":false},"geometry":{"type":"LineString","coordinates":[[-49.295937,-24.930434],[-49.295965,-24.930462],[-49.295954,-24.930498],[-49.295926,-24.93052],[-49.295887,-24.930516],[-49.295869,-24.930497],[-49.295897,-24.930444],[-49.295937,-24.930434]]}},{"type":"Feature","properties":{"alt":419.0,"mestra":false},"geometry":{"type":"LineString","coordinates":[[-49.296103,-24.930453],[-49.296127,-24.930464],[-49.296122,-24.930485],[-49.296083,-24.930494],[-49.296046,-24.930481],[-49.296056,-24.930454],[-49.296103,-24.930453]]}},{"type":"Feature","properties":{"alt":419.0,"mestra":false},"geometry":{"type":"LineString","coordinates":[[-49.295799,-24.930504],[-49.295799,-24.930541],[-49.29577,-24.93055],[-49.295765,-24.930522],[-49.295799,-24.930504]]}},{"type":"Feature","properties":{"alt":419.0,"mestra":false},"geometry":{"type":"LineString","coordinates":[[-49.296063,-24.930569],[-49.296074,-24.930579],[-49.296062,-24.930588],[-49.296051,-24.930579],[-49.296063,-24.930569]]}},{"type":"Feature","properties":{"alt":419.0,"mestra":false},"geometry":{"type":"LineString","coordinates":[[-49.293912,-24.932738],[-49.293893,-24.932756],[-49.293911,-24.932779],[-49.293926,-24.932774],[-49.29393,-24.932756],[-49.293912,-24.932738]]}},{"type":"Feature","properties":{"alt":419.0,"mestra":false},"geometry":{"type":"LineString","coordinates":[[-49.292854,-24.932899],[-49.292814,-24.932927],[-49.292806,-24.932948],[-49.292814,-24.932964],[-49.292833,-24.932964],[-49.292859,-24.932931],[-49.292866,-24.932913],[-49.292854,-24.932899]]}},{"type":"Feature","properties":{"alt":419.0,"mestra":false},"geometry":{"type":"LineString","coordinates":[[-49.291824,-24.933132],[-49.291828,-24.933142],[-49.291814,-24.933151],[-49.291806,-24.933142],[-49.291824,-24.933132]]}},{"type":"Feature","properties":{"alt":420.0,"mestra":true},"geometry":{"type":"LineString","coordinates":[[-49.294425,-24.926185],[-49.294439,-24.92622],[-49.294461,-24.926227],[-49.29451,-24.926203],[-49.29452,-24.926186]]}},{"type":"Feature","properties":{"alt":420.0,"mestra":true},"geometry":{"type":"LineString","coordinates":[[-49.296233,-24.926921],[-49.295925,-24.927088],[-49.295836,-24.927153],[-49.295746,-24.927279],[-49.295649,-24.927509],[-49.295625,-24.927531],[-49.295547,-24.927556],[-49.295534,-24.92757],[-49.29554,-24.927588],[-49.295587,-24.927624],[-49.295597,-24.927731],[-49.295569,-24.927891],[-49.295456,-24.928122],[-49.295431,-24.928219],[-49.295468,-24.928309],[-49.295502,-24.928354],[-49.295479,-24.928496],[-49.295455,-24.928517],[-49.295397,-24.928531],[-49.295356,-24.928557],[-49.29528,-24.928672],[-49.295228,-24.928704],[-49.295168,-24.928775],[-49.295139,-24.928778],[-49.295113,-24.928741],[-49.295071,-24.928737],[-49.294982,-24.928813],[-49.294916,-24.928828],[-49.294903,-24.928864],[-49.294854,-24.928917],[-49.294834,-24.929015],[-49.294836,-24.929041],[-49.294884,-24.929149],[-49.294897,-24.929158],[-49.294988,-24.929096],[-49.295066,-24.929139],[-49.295114,-24.929145],[-49.295176,-24.92917],[-49.295187,-24.929206],[-49.295202,-24.929213],[-49.295231,-24.929187],[-49.295299,-24.929198],[-49.295368,-24.929169],[-49.295393,-24.929181],[-49.295469,-24.929262],[-49.295533,-24.929283],[-49.295582,-24.929259],[-49.295611,-24.929257],[-49.29565,-24.929306],[-49.295699,-24.929308],[-49.295725,-24.929328],[-49.295775,-24.929471],[-49.295766,-24.929533],[-49.295844,-24.929561],[-49.295857,-24.929588],[-49.295839,-24.929641],[-49.295872,-24.929704],[-49.295873,-24.929757],[-49.295809,-24.929824],[-49.295791,-24.929863],[-49.295834,-24.92989],[-49.295901,-24.92998],[-49.295895,-24.929989],[-49.295846,-24.929985],[-49.295826,-24.929993],[-49.295798,-24.930033],[-49.295794,-24.930059],[-49.295815,-24.930097],[-49.295854,-24.930123],[-49.295892,-24.930132],[-49.295908,-24.930221],[-49.2959,-24.93029],[-49.295881,-24.930289],[-49.295842,-24.930255],[-49.295716,-24.930214],[-49.295638,-24.930148],[-49.295549,-24.930092],[-49.295424,-24.929939],[-49.295366,-24.929841],[-49.295301,-24.929761],[-49.295223,-24.929607],[-49.295177,-24.929575],[-49.295079,-24.929561],[-49.295061,-24.92957],[-49.295088,-24.929615],[-49.295091,-24.929695],[-49.295067,-24.929721],[-49.294999,-24.929689],[-49.29498,-24.929696],[-49.294965,-24.929881],[-49.294875,-24.929924],[-49.29484,-24.929927],[-49.294784,-24.929914],[-49.294702,-24.929976],[-49.294565,-24.93002],[-49.294516,-24.93001],[-49.294438,-24.930037],[-49.294379,-24.930037],[-49.29433,-24.930023],[-49.294223,-24.929969],[-49.294136,-24.929944],[-49.294048,-24.929934],[-49.293999,-24.929941],[-49.29396,-24.92993],[-49.293929,-24.929913],[-49.293902,-24.929881],[-49.293834,-24.929876],[-49.293786,-24.929814],[-49.293804,-24.929769],[-49.2938,-24.929725],[-49.293775,-24.92968],[-49.293794,-24.929626],[-49.293783,-24.929609],[-49.29375,-24.929591],[-49.29374,-24.929563],[-49.293749,-24.929537],[-49.293778,-24.92951],[-49.293792,-24.929439],[-49.293782,-24.929408],[-49.293724,-24.929362],[-49.293714,-24.929323],[-49.293665,-24.92926],[-49.293637,-24.929126],[-49.293677,-24.929028],[-49.293663,-24.928974],[-49.29372,-24.928932],[-49.293728,-24.928868],[-49.29375,-24.928834],[-49.29377,-24.928827],[-49.293809,-24.928842],[-49.293868,-24.928781],[-49.293919,-24.928781],[-49.293929,-24.928772],[-49.293927,-24.928728],[-49.293957,-24.928693],[-49.294036,-24.928675],[-49.294075,-24.928689],[-49.294099,-24.92865],[-49.294134,-24.92864],[-49.294163,-24.928654],[-49.294212,-24.928708],[-49.294241,-24.928708],[-49.29431,-24.928639],[-49.294351,-24.928581],[-49.294566,-24.928485],[-49.294645,-24.928433],[-49.294714,-24.928426],[-49.294803,-24.92835],[-49.294875,-24.928311],[-49.294896,-24.928284],[-49.294907,-24.92824],[-49.294933,-24.928214],[-49.294921,-24.928178],[-49.294946,-24.928125],[-49.294902,-24.927999],[-49.294964,-24.927938],[-49.294974,-24.927911],[-49.294953,-24.927848],[-49.294877,-24.927812],[-49.294814,-24.927758],[-49.294836,-24.927687],[-49.294821,-24.927544],[-49.294848,-24.927357],[-49.294844,-24.927295],[-49.294479,-24.92702],[-49.294402,-24.926947],[-49.294358,-24.926888],[-49.294294,-24.926745],[-49.294222,-24.926476],[-49.294187,-24.926423],[-49.294117,-24.92635],[-49.294095,-24.926306],[-49.294102,-24.926252],[-49.294181,-24.926182]]}},{"type":"Feature","properties":{"alt":420.0,"mestra":true},"geometry":{"type":"LineString","coordinates":[[-49.291426,-24.933257],[-49.291531,-24.933148],[-49.291609,-24.933128],[-49.291639,-24.933107],[-49.291726,-24.933173],[-49.291775,-24.933192],[-49.291853,-24.933183],[-49.291999,-24.933197],[-49.292056,-24.933171],[-49.292079,-24.933127],[-49.292108,-24.933109],[-49.292126,-24.933065],[-49.29218,-24.93303],[-49.292214,-24.932959],[-49.29226,-24.932933],[-49.292266,-24.93288],[-49.292288,-24.932839],[-49.292356,-24.932827],[-49.292383,-24.932801],[-49.292412,-24.932739],[-49.292392,-24.932712],[-49.29241,-24.932641],[-49.292467,-24.93257],[-49.292473,-24.93249],[-49.292436,-24.932454],[-49.292445,-24.932409],[-49.292568,-24.932355],[-49.292726,-24.932243],[-49.292734,-24.932235],[-49.292723,-24.932181],[-49.292737,-24.932157],[-49.292816,-24.932125],[-49.292904,-24.932131],[-49.293002,-24.932076],[-49.293041,-24.932024],[-49.29304,-24.931962],[-49.293063,-24.931937],[-49.293239,-24.931915],[-49.293356,-24.931924],[-49.293474,-24.931903],[-49.293552,-24.931901],[-49.29362,-24.931913],[-49.293688,-24.931965],[-49.29376,-24.931952],[-49.293796,-24.931933],[-49.293845,-24.93198],[-49.293873,-24.931984],[-49.293883,-24.931964],[-49.293852,-24.9319],[-49.293872,-24.931855],[-49.293895,-24.931841],[-49.293993,-24.931818],[-49.294032,-24.931788],[-49.294104,-24.93176],[-49.294141,-24.931708],[-49.29419,-24.931669],[-49.294219,-24.931601],[-49.294261,-24.931593],[-49.29425,-24.931485],[-49.294276,-24.931459],[-49.294311,-24.931449],[-49.294389,-24.931463],[-49.294477,-24.931422],[-49.294584,-24.931449],[-49.294654,-24.931384],[-49.29479,-24.931386],[-49.29481,-24.93137],[-49.294826,-24.931314],[-49.294932,-24.931262],[-49.295063,-24.931174],[-49.295168,-24.931015],[-49.295216,-24.931],[-49.295327,-24.931013]]}},{"type":"Feature","properties":{"alt":420.0,"mestra":true},"geometry":{"type":"LineString","coordinates":[[-49.292885,-24.933674],[-49.292804,-24.933684],[-49.292753,-24.933672]]}},{"type":"Feature","properties":{"alt":420.0,"mestra":true},"geometry":{"type":"LineString","coordinates":[[-49.295235,-24.926746],[-49.295118,-24.926778],[-49.295069,-24.926804],[-49.295037,-24.926851],[-49.295048,-24.926901],[-49.295106,-24.926919],[-49.295175,-24.9269],[-49.295228,-24.926809],[-49.295243,-24.926755],[-49.295235,-24.926746]]}},{"type":"Feature","properties":{"alt":420.0,"mestra":true},"geometry":{"type":"LineString","coordinates":[[-49.295348,-24.927057],[-49.295348,-24.927057]]}},{"type":"Feature","properties":{"alt":420.0,"mestra":true},"geometry":{"type":"LineString","coordinates":[[-49.295016,-24.927091],[-49.294977,-24.92709],[-49.294958,-24.927109],[-49.294928,-24.927215],[-49.294936,-24.927235],[-49.295014,-24.927225],[-49.295059,-24.92719],[-49.295063,-24.927137],[-49.295045,-24.92711],[-49.295016,-24.927091]]}},{"type":"Feature","properties":{"alt":420.0,"mestra":true},"geometry":{"type":"LineString","coordinates":[[-49.294695,-24.928388],[-49.294695,-24.928388]]}},{"type":"Feature","properties":{"alt":420.0,"mestra":true},"geometry":{"type":"LineString","coordinates":[[-49.294707,-24.928903],[-49.294658,-24.928911],[-49.294599,-24.928947],[-49.294586,-24.928967],[-49.294602,-24.929039],[-49.29465,-24.929057],[-49.294656,-24.929096],[-49.294675,-24.929111],[-49.294708,-24.929093],[-49.294719,-24.929031],[-49.294722,-24.928915],[-49.294707,-24.928903]]}},{"type":"Feature","properties":{"alt":420.0,"mestra":true},"geometry":{"type":"LineString","coordinates":[[-49.294754,-24.929035],[-49.294759,-24.92904],[-49.294754,-24.929035]]}},{"type":"Feature","properties":{"alt":420.0,"mestra":true},"geometry":{"type":"LineString","coordinates":[[-49.294973,-24.929486],[-49.294964,-24.929497],[-49.294973,-24.929501],[-49.294973,-24.929486]]}},{"type":"Feature","properties":{"alt":420.0,"mestra":true},"geometry":{"type":"LineString","coordinates":[[-49.2916,-24.929529],[-49.29163,-24.929539],[-49.291652,-24.929566],[-49.291661,-24.929602],[-49.291648,-24.92962],[-49.291599,-24.929616],[-49.291563,-24.929583],[-49.291563,-24.929547],[-49.2916,-24.929529]]}},{"type":"Feature","properties":{"alt":420.0,"mestra":true},"geometry":{"type":"LineString","coordinates":[[-49.293942,-24.929831],[-49.293913,-24.929833],[-49.293912,-24.929862],[-49.293942,-24.929859],[-49.293949,-24.929842],[-49.293942,-24.929831]]}},{"type":"Feature","properties":{"alt":420.0,"mestra":true},"geometry":{"type":"LineString","coordinates":[[-49.295938,-24.930399],[-49.295977,-24.930411],[-49.296025,-24.930446],[-49.296074,-24.930443],[-49.296123,-24.930454],[-49.296135,-24.930464],[-49.296135,-24.930482],[-49.296083,-24.930502],[-49.295985,-24.930496],[-49.295936,-24.930524],[-49.295887,-24.930524],[-49.295856,-24.930497],[-49.295875,-24.930461],[-49.295878,-24.930426],[-49.295899,-24.930406],[-49.295938,-24.930399]]}},{"type":"Feature","properties":{"alt":420.0,"mestra":true},"geometry":{"type":"LineString","coordinates":[[-49.295809,-24.930492],[-49.295822,-24.930505],[-49.295809,-24.93055],[-49.295779,-24.930569],[-49.29575,-24.930563],[-49.29574,-24.93054],[-49.29575,-24.930513],[-49.29578,-24.930494],[-49.295809,-24.930492]]}},{"type":"Feature","properties":{"alt":420.0,"mestra":true},"geometry":{"type":"LineString","coordinates":[[-49.296072,-24.930567],[-49.29608,-24.930588],[-49.296062,-24.930595],[-49.296046,-24.930588],[-49.296053,-24.930562],[-49.296072,-24.930567]]}},{"type":"Feature","properties":{"alt":420.0,"mestra":true},"geometry":{"type":"LineString","coordinates":[[-49.293921,-24.932745],[-49.293898,-24.932747],[-49.293898,-24.932765],[-49.293911,-24.932776],[-49.293926,-24.932765],[-49.293921,-24.932745]]}},{"type":"Feature","properties":{"alt":420.0,"mestra":true},"geometry":{"type":"LineString","coordinates":[[-49.292854,-24.932902],[-49.29282,-24.932922],[-49.292808,-24.932948],[-49.292814,-24.932961],[-49.292833,-24.932961],[-49.292845,-24.932949],[-49.292864,-24.932913],[-49.292854,-24.932902]]}},{"type":"Feature","properties":{"alt":420.0,"mestra":true},"geometry":{"type":"LineString","coordinates":[[-49.291834,-24.933133],[-49.291824,-24.933156],[-49.291805,-24.93315],[-49.291815,-24.933126],[-49.291834,-24.933133]]}},{"type":"Feature","properties":{"alt":421.0,"mestra":false},"geometry":{"type":"LineString","coordinates":[[-49.294444,-24.926185],[-49.294444,-24.926212],[-49.294461,-24.926219],[-49.294477,-24.926212],[-49.294489,-24.926185]]}},{"type":"Feature","properties":{"alt":421.0,"mestra":false},"geometry":{"type":"LineString","coordinates":[[-49.296295,-24.927051],[-49.296267,-24.92707],[-49.296002,-24.927143],[-49.295864,-24.927209],[-49.295765,-24.927316],[-49.295647,-24.927535],[-49.295605,-24.927562],[-49.295546,-24.92757],[-49.2956,-24.927606],[-49.295607,-24.927722],[-49.295573,-24.9279],[-49.295463,-24.928122],[-49.295435,-24.92821],[-49.295438,-24.928237],[-49.295506,-24.928354],[-49.295483,-24.928496],[-49.295455,-24.928521],[-49.295371,-24.928557],[-49.295282,-24.928681],[-49.295228,-24.928708],[-49.295168,-24.928779],[-49.295139,-24.928782],[-49.29511,-24.928746],[-49.295071,-24.928741],[-49.294982,-24.928819],[-49.294923,-24.92883],[-49.29491,-24.928873],[-49.294875,-24.928917],[-49.294854,-24.928997],[-49.294857,-24.929059],[-49.294899,-24.929143],[-49.294942,-24.929123],[-49.294979,-24.929081],[-49.295066,-24.929128],[-49.295185,-24.92917],[-49.295191,-24.929206],[-49.295202,-24.92921],[-49.295231,-24.929184],[-49.295299,-24.929196],[-49.295349,-24.92917],[-49.295378,-24.929169],[-49.295484,-24.92926],[-49.295543,-24.929277],[-49.295572,-24.929259],[-49.295611,-24.929252],[-49.29565,-24.929302],[-49.295699,-24.929306],[-49.295728,-24.929327],[-49.295778,-24.929462],[-49.295785,-24.929524],[-49.295813,-24.929543],[-49.295852,-24.929544],[-49.295867,-24.929561],[-49.295866,-24.929597],[-49.295847,-24.929641],[-49.295895,-24.929713],[-49.295893,-24.929757],[-49.295876,-24.929784],[-49.295809,-24.929829],[-49.295795,-24.929863],[-49.295839,-24.929891],[-49.29591,-24.92998],[-49.295894,-24.929998],[-49.295846,-24.929988],[-49.295826,-24.929997],[-49.295801,-24.930033],[-49.295798,-24.930059],[-49.295815,-24.930092],[-49.295896,-24.930132],[-49.295894,-24.930159],[-49.29592,-24.930221],[-49.295912,-24.930257],[-49.29592,-24.930304],[-49.2959,-24.930314],[-49.29588,-24.93031],[-49.295832,-24.930269],[-49.295706,-24.930224],[-49.295547,-24.930101],[-49.295416,-24.929946],[-49.295359,-24.929849],[-49.295292,-24.929767],[-49.295214,-24.929616],[-49.295177,-24.929587],[-49.295137,-24.929588],[-49.295111,-24.929606],[-49.295101,-24.929677],[-49.295077,-24.929723],[-49.295048,-24.929722],[-49.294999,-24.929694],[-49.29498,-24.929702],[-49.294975,-24.929765],[-49.294997,-24.929899],[-49.294987,-24.929914],[-49.294849,-24.929944],[-49.294791,-24.929922],[-49.294722,-24.929991],[-49.294594,-24.930025],[-49.294565,-24.930043],[-49.294516,-24.930022],[-49.294447,-24.930048],[-49.294379,-24.930046],[-49.294126,-24.929955],[-49.294009,-24.929954],[-49.29395,-24.929935],[-49.293892,-24.929895],[-49.293824,-24.929881],[-49.293776,-24.929815],[-49.293798,-24.92976],[-49.293792,-24.929724],[-49.293766,-24.92968],[-49.293789,-24.929626],[-49.293779,-24.929612],[-49.293744,-24.929599],[-49.293736,-24.929563],[-49.293773,-24.929501],[-49.293789,-24.929439],[-49.293772,-24.929407],[-49.293703,-24.929367],[-49.293704,-24.929331],[-49.293655,-24.929259],[-49.293633,-24.929126],[-49.293674,-24.929028],[-49.293659,-24.928974],[-49.293711,-24.92893],[-49.293725,-24.928859],[-49.293749,-24.928824],[-49.29377,-24.928819],[-49.293809,-24.928832],[-49.293869,-24.928775],[-49.293917,-24.928778],[-49.293927,-24.928764],[-49.293921,-24.928728],[-49.293949,-24.928692],[-49.294036,-24.928671],[-49.294075,-24.928681],[-49.294095,-24.928647],[-49.294134,-24.928636],[-49.294163,-24.928648],[-49.294212,-24.928705],[-49.294241,-24.928705],[-49.29435,-24.928577],[-49.294596,-24.928454],[-49.294674,-24.928407],[-49.294686,-24.92838],[-49.294705,-24.928377],[-49.294734,-24.928391],[-49.294754,-24.928385],[-49.294858,-24.928302],[-49.294898,-24.928222],[-49.294898,-24.928178],[-49.294936,-24.928116],[-49.294886,-24.928018],[-49.294866,-24.928001],[-49.294836,-24.927999],[-49.294935,-24.927954],[-49.294955,-24.927938],[-49.294965,-24.927911],[-49.294937,-24.927855],[-49.29484,-24.92782],[-49.294799,-24.927775],[-49.294821,-24.927669],[-49.294786,-24.92741],[-49.294758,-24.927335],[-49.294648,-24.927203],[-49.294401,-24.926984],[-49.294305,-24.926843],[-49.294182,-24.926494],[-49.294072,-24.92635],[-49.294053,-24.926305],[-49.294059,-24.926243],[-49.294116,-24.926217],[-49.294128,-24.926181]]}},{"type":"Feature","properties":{"alt":421.0,"mestra":false},"geometry":{"type":"LineString","coordinates":[[-49.291421,-24.933225],[-49.291531,-24.933139],[-49.2916,-24.933125],[-49.291639,-24.933101],[-49.291726,-24.933166],[-49.291785,-24.933188],[-49.291814,-24.933188],[-49.291843,-24.933174],[-49.291999,-24.933193],[-49.292049,-24.933174],[-49.292079,-24.933124],[-49.292108,-24.933104],[-49.292127,-24.933056],[-49.292175,-24.93303],[-49.292186,-24.932986],[-49.292206,-24.932959],[-49.292262,-24.932924],[-49.292263,-24.93288],[-49.292285,-24.932835],[-49.292347,-24.932825],[-49.292378,-24.932801],[-49.292401,-24.932748],[-49.292385,-24.932712],[-49.292405,-24.932641],[-49.292464,-24.93257],[-49.292468,-24.93249],[-49.292417,-24.932454],[-49.292436,-24.9324],[-49.292558,-24.932349],[-49.292714,-24.932243],[-49.292717,-24.932163],[-49.292736,-24.932145],[-49.292816,-24.932111],[-49.292914,-24.932116],[-49.293002,-24.932069],[-49.293038,-24.932015],[-49.293038,-24.931953],[-49.293063,-24.931929],[-49.293249,-24.931907],[-49.293356,-24.931919],[-49.293474,-24.931891],[-49.293562,-24.931888],[-49.29364,-24.931904],[-49.293668,-24.931948],[-49.293688,-24.931959],[-49.293764,-24.931943],[-49.293778,-24.931917],[-49.293806,-24.931909],[-49.293821,-24.931917],[-49.293844,-24.931971],[-49.293873,-24.931979],[-49.293874,-24.931957],[-49.293827,-24.931908],[-49.293841,-24.931882],[-49.293885,-24.931838],[-49.293993,-24.931816],[-49.294032,-24.931783],[-49.294097,-24.93176],[-49.294139,-24.931698],[-49.294184,-24.931663],[-49.29421,-24.931592],[-49.294244,-24.931575],[-49.29423,-24.931485],[-49.294237,-24.931467],[-49.294301,-24.931441],[-49.294379,-24.931454],[-49.294468,-24.931414],[-49.294584,-24.931438],[-49.294634,-24.931381],[-49.294664,-24.931364],[-49.294791,-24.93137],[-49.294821,-24.931308],[-49.294929,-24.931256],[-49.294979,-24.931214],[-49.295059,-24.931174],[-49.295167,-24.931007],[-49.295226,-24.930993],[-49.295331,-24.93101]]}},{"type":"Feature","properties":{"alt":421.0,"mestra":false},"geometry":{"type":"LineString","coordinates":[[-49.292885,-24.933674],[-49.292804,-24.933685],[-49.292752,-24.933672]]}},{"type":"Feature","properties":{"alt":421.0,"mestra":false},"geometry":{"type":"LineString","coordinates":[[-49.294025,-24.933702],[-49.294027,-24.933693]]}},{"type":"Feature","properties":{"alt":421.0,"mestra":false},"geometry":{"type":"LineString","coordinates":[[-49.295137,-24.926817],[-49.295108,-24.92681],[-49.295068,-24.926828],[-49.295049,-24.92686],[-49.295059,-24.926896],[-49.295096,-24.926909],[-49.295141,-24.926897],[-49.295157,-24.926853],[-49.295137,-24.926817]]}},{"type":"Feature","properties":{"alt":421.0,"mestra":false},"geometry":{"type":"LineString","coordinates":[[-49.295016,-24.927098],[-49.294986,-24.927094],[-49.294964,-24.927118],[-49.294969,-24.92718],[-49.294995,-24.927202],[-49.295034,-24.927192],[-49.295052,-24.927163],[-49.295046,-24.927128],[-49.295016,-24.927098]]}},{"type":"Feature","properties":{"alt":421.0,"mestra":false},"geometry":{"type":"LineString","coordinates":[[-49.294697,-24.928912],[-49.294668,-24.928917],[-49.294599,-24.928958],[-49.294595,-24.928985],[-49.294612,-24.929039],[-49.294636,-24.929039],[-49.294693,-24.929004],[-49.294711,-24.928933],[-49.294697,-24.928912]]}},{"type":"Feature","properties":{"alt":421.0,"mestra":false},"geometry":{"type":"LineString","coordinates":[[-49.294685,-24.929075],[-49.294669,-24.929084],[-49.294675,-24.9291],[-49.294695,-24.929093],[-49.294685,-24.929075]]}},{"type":"Feature","properties":{"alt":421.0,"mestra":false},"geometry":{"type":"LineString","coordinates":[[-49.29162,-24.929527],[-49.291649,-24.929552],[-49.291663,-24.929584],[-49.29166,-24.929611],[-49.291638,-24.929626],[-49.29158,-24.929611],[-49.291552,-24.929574],[-49.291554,-24.929547],[-49.291568,-24.92953],[-49.291591,-24.929522],[-49.29162,-24.929527]]}},{"type":"Feature","properties":{"alt":421.0,"mestra":false},"geometry":{"type":"LineString","coordinates":[[-49.293932,-24.92983],[-49.293915,-24.929842],[-49.293922,-24.929857],[-49.293943,-24.929851],[-49.293932,-24.92983]]}},{"type":"Feature","properties":{"alt":421.0,"mestra":false},"geometry":{"type":"LineString","coordinates":[[-49.295928,-24.93037],[-49.295997,-24.930384],[-49.296045,-24.930429],[-49.296123,-24.930449],[-49.296143,-24.930464],[-49.296144,-24.930482],[-49.296083,-24.930509],[-49.295985,-24.930513],[-49.295916,-24.930534],[-49.295839,-24.93051],[-49.295789,-24.93059],[-49.295769,-24.930596],[-49.29574,-24.930587],[-49.295718,-24.930549],[-49.295728,-24.930513],[-49.29579,-24.930482],[-49.295849,-24.930486],[-49.295865,-24.930461],[-49.29585,-24.930416],[-49.295856,-24.930399],[-49.295899,-24.930373],[-49.295928,-24.93037]]}},{"type":"Feature","properties":{"alt":421.0,"mestra":false},"geometry":{"type":"LineString","coordinates":[[-49.295673,-24.930475],[-49.295673,-24.930475]]}},{"type":"Feature","properties":{"alt":421.0,"mestra":false},"geometry":{"type":"LineString","coordinates":[[-49.296072,-24.930561],[-49.296089,-24.930589],[-49.296072,-24.930601],[-49.296045,-24.930597],[-49.296035,-24.930579],[-49.29604,-24.930561],[-49.296072,-24.930561]]}},{"type":"Feature","properties":{"alt":421.0,"mestra":false},"geometry":{"type":"LineString","coordinates":[[-49.293728,-24.931898],[-49.293728,-24.931898]]}},{"type":"Feature","properties":{"alt":421.0,"mestra":false},"geometry":{"type":"LineString","coordinates":[[-49.293912,-24.932744],[-49.293899,-24.932756],[-49.293911,-24.932772],[-49.293924,-24.932756],[-49.293912,-24.932744]]}},{"type":"Feature","properties":{"alt":421.0,"mestra":false},"geometry":{"type":"LineString","coordinates":[[-49.292854,-24.932904],[-49.292821,-24.932922],[-49.292814,-24.932959],[-49.292834,-24.932959],[-49.292843,-24.932949],[-49.292859,-24.932922],[-49.292854,-24.932904]]}},{"type":"Feature","properties":{"alt":421.0,"mestra":false},"geometry":{"type":"LineString","coordinates":[[-49.292041,-24.933016],[-49.292042,-24.933029],[-49.292026,-24.933029],[-49.292021,-24.93302],[-49.292041,-24.933016]]}},{"type":"Feature","properties":{"alt":421.0,"mestra":false},"geometry":{"type":"LineString","coordinates":[[-49.291834,-24.933124],[-49.291842,-24.933142],[-49.291834,-24.933161],[-49.291805,-24.933155],[-49.291805,-24.933128],[-49.291834,-24.933124]]}},{"type":"Feature","properties":{"alt":422.0,"mestra":false},"geometry":{"type":"LineString","coordinates":[[-49.296332,-24.927149],[-49.296305,-24.927167],[-49.296119,-24.927185],[-49.295962,-24.927226],[-49.295863,-24.927272],[-49.295784,-24.927347],[-49.29563,-24.927589],[-49.29561,-24.927776],[-49.295586,-24.927882],[-49.295477,-24.928104],[-49.295438,-24.92821],[-49.29544,-24.928232],[-49.295509,-24.928354],[-49.295487,-24.928496],[-49.295465,-24.928519],[-49.295397,-24.928549],[-49.295366,-24.928608],[-49.295327,-24.928625],[-49.295284,-24.92869],[-49.295228,-24.928711],[-49.295168,-24.928782],[-49.295129,-24.928783],[-49.295107,-24.92875],[-49.295071,-24.928745],[-49.295031,-24.928791],[-49.294972,-24.928834],[-49.294932,-24.928837],[-49.294864,-24.928988],[-49.294866,-24.929051],[-49.2949,-24.929125],[-49.294929,-24.929124],[-49.29495,-24.929105],[-49.294949,-24.929077],[-49.29491,-24.92906],[-49.29493,-24.929051],[-49.294979,-24.929062],[-49.295037,-24.929105],[-49.295194,-24.92917],[-49.295206,-24.929179],[-49.295192,-24.929197],[-49.295199,-24.929206],[-49.295222,-24.92918],[-49.2953,-24.929194],[-49.295368,-24.929165],[-49.295406,-24.929181],[-49.295475,-24.929245],[-49.295533,-24.92927],[-49.295621,-24.929249],[-49.295652,-24.9293],[-49.295699,-24.929303],[-49.295731,-24.929328],[-49.295796,-24.929525],[-49.295862,-24.929539],[-49.295876,-24.929552],[-49.29588,-24.929579],[-49.295855,-24.929632],[-49.295858,-24.92965],[-49.295899,-24.929697],[-49.29596,-24.929714],[-49.295917,-24.929772],[-49.295819,-24.929824],[-49.295802,-24.929846],[-49.295799,-24.929863],[-49.295845,-24.929891],[-49.295918,-24.929981],[-49.295912,-24.929998],[-49.295894,-24.930006],[-49.295855,-24.929994],[-49.295831,-24.929997],[-49.295804,-24.930033],[-49.295803,-24.930068],[-49.295815,-24.930086],[-49.2959,-24.930132],[-49.29591,-24.930194],[-49.295934,-24.930221],[-49.295921,-24.930257],[-49.295952,-24.930346],[-49.296053,-24.930356],[-49.296062,-24.930419],[-49.296133,-24.930448],[-49.296154,-24.930482],[-49.296142,-24.930496],[-49.296034,-24.930534],[-49.295985,-24.930526],[-49.295897,-24.930542],[-49.295841,-24.930523],[-49.295819,-24.930585],[-49.295831,-24.93063],[-49.295807,-24.930647],[-49.29573,-24.930608],[-49.295689,-24.93053],[-49.29564,-24.930494],[-49.295635,-24.930467],[-49.295654,-24.930453],[-49.295689,-24.93045],[-49.295702,-24.93048],[-49.295721,-24.930491],[-49.2958,-24.930468],[-49.295849,-24.930474],[-49.295853,-24.930452],[-49.295823,-24.930425],[-49.295824,-24.930398],[-49.29583,-24.930381],[-49.295861,-24.930354],[-49.295861,-24.930327],[-49.295816,-24.930282],[-49.295649,-24.930209],[-49.295531,-24.930097],[-49.295406,-24.929952],[-49.295349,-24.929855],[-49.29529,-24.929786],[-49.295206,-24.929631],[-49.295177,-24.929601],[-49.295147,-24.929599],[-49.295128,-24.929612],[-49.295077,-24.929728],[-49.294988,-24.929703],[-49.29498,-24.929765],[-49.295008,-24.929899],[-49.294986,-24.929944],[-49.294849,-24.929955],[-49.294791,-24.929932],[-49.29477,-24.92995],[-49.294741,-24.930003],[-49.294682,-24.93003],[-49.294623,-24.930036],[-49.294555,-24.930062],[-49.294535,-24.930062],[-49.294516,-24.930041],[-49.294457,-24.93006],[-49.294388,-24.930058],[-49.294262,-24.930009],[-49.294163,-24.930005],[-49.294116,-24.929968],[-49.293988,-24.929958],[-49.293882,-24.929904],[-49.293833,-24.929903],[-49.293769,-24.929822],[-49.293768,-24.929804],[-49.293791,-24.929778],[-49.293793,-24.92976],[-49.293787,-24.92973],[-49.293754,-24.929679],[-49.293783,-24.929626],[-49.293769,-24.929616],[-49.29373,-24.929626],[-49.293723,-24.929617],[-49.293736,-24.929546],[-49.293781,-24.92947],[-49.293785,-24.929439],[-49.293762,-24.929407],[-49.29369,-24.929367],[-49.293688,-24.929331],[-49.293646,-24.929259],[-49.29363,-24.929126],[-49.293673,-24.929019],[-49.293654,-24.928974],[-49.2937,-24.928929],[-49.293725,-24.928841],[-49.293761,-24.928808],[-49.293819,-24.928822],[-49.293869,-24.928769],[-49.293917,-24.928774],[-49.293916,-24.928728],[-49.293941,-24.928692],[-49.294036,-24.928667],[-49.294065,-24.928673],[-49.294115,-24.928633],[-49.294163,-24.928641],[-49.294212,-24.9287],[-49.294236,-24.928705],[-49.29435,-24.928572],[-49.294588,-24.92845],[-49.294685,-24.928374],[-49.294754,-24.928376],[-49.294858,-24.928275],[-49.29489,-24.928169],[-49.294924,-24.928115],[-49.294895,-24.928045],[-49.294866,-24.92802],[-49.294827,-24.928007],[-49.294826,-24.92799],[-49.294848,-24.927972],[-49.294936,-24.927945],[-49.294955,-24.92792],[-49.294949,-24.927893],[-49.294927,-24.927867],[-49.29483,-24.927834],[-49.294786,-24.927784],[-49.294783,-24.927757],[-49.294807,-24.927704],[-49.294808,-24.927668],[-49.294735,-24.927409],[-49.294606,-24.927229],[-49.294401,-24.927023],[-49.2943,-24.926887],[-49.294136,-24.926502],[-49.294021,-24.926332],[-49.294003,-24.92626],[-49.294009,-24.92618]]}},{"type":"Feature","properties":{"alt":422.0,"mestra":false},"geometry":{"type":"LineString","coordinates":[[-49.295846,-24.930886],[-49.295842,-24.930862],[-49.295893,-24.930837],[-49.295942,-24.930836],[-49.29596,-24.930855]]}},{"type":"Feature","properties":{"alt":422.0,"mestra":false},"geometry":{"type":"LineString","coordinates":[[-49.291415,-24.933219],[-49.291521,-24.933135],[-49.2916,-24.93312],[-49.291639,-24.933096],[-49.291717,-24.933154],[-49.291785,-24.933182],[-49.29182,-24.933178],[-49.291794,-24.933142],[-49.291805,-24.933123],[-49.291825,-24.933116],[-49.291844,-24.933127],[-49.291851,-24.93316],[-49.291873,-24.933172],[-49.29199,-24.93319],[-49.292049,-24.933171],[-49.292079,-24.933121],[-49.292107,-24.933101],[-49.292115,-24.933056],[-49.292169,-24.93303],[-49.29219,-24.932968],[-49.292218,-24.932942],[-49.292258,-24.932924],[-49.292259,-24.93288],[-49.292279,-24.932835],[-49.29235,-24.932818],[-49.292378,-24.932792],[-49.292391,-24.932748],[-49.292379,-24.932712],[-49.2924,-24.932641],[-49.292461,-24.93257],[-49.292463,-24.93249],[-49.292407,-24.932454],[-49.292431,-24.932385],[-49.292461,-24.932363],[-49.292549,-24.932344],[-49.292639,-24.932278],[-49.292695,-24.932252],[-49.292711,-24.932225],[-49.29271,-24.932154],[-49.292767,-24.932115],[-49.292826,-24.932095],[-49.292914,-24.932105],[-49.293002,-24.932063],[-49.293032,-24.932015],[-49.293033,-24.931953],[-49.293063,-24.931922],[-49.293121,-24.931923],[-49.293249,-24.931898],[-49.293356,-24.931913],[-49.293464,-24.931882],[-49.293552,-24.931875],[-49.29363,-24.931883],[-49.293668,-24.931898],[-49.293677,-24.931942],[-49.293688,-24.93195],[-49.293747,-24.931937],[-49.293747,-24.93192],[-49.293705,-24.931907],[-49.293703,-24.931889],[-49.293806,-24.931886],[-49.293846,-24.931864],[-49.293875,-24.93183],[-49.293993,-24.931813],[-49.294023,-24.931782],[-49.29409,-24.93176],[-49.294131,-24.931694],[-49.294177,-24.931654],[-49.294194,-24.931592],[-49.294231,-24.931548],[-49.294218,-24.931476],[-49.294232,-24.931455],[-49.294301,-24.93143],[-49.294379,-24.931439],[-49.294468,-24.931404],[-49.294575,-24.93143],[-49.294644,-24.931355],[-49.294723,-24.931332],[-49.294781,-24.931346],[-49.294807,-24.931305],[-49.294861,-24.931287],[-49.294935,-24.931244],[-49.29497,-24.931208],[-49.295053,-24.931174],[-49.295135,-24.931032],[-49.295167,-24.930999],[-49.295226,-24.930985],[-49.295314,-24.930988],[-49.29535,-24.931002]]}},{"type":"Feature","properties":{"alt":422.0,"mestra":false},"geometry":{"type":"LineString","coordinates":[[-49.292886,-24.933674],[-49.292804,-24.933687],[-49.292752,-24.933673]]}},{"type":"Feature","properties":{"alt":422.0,"mestra":false},"geometry":{"type":"LineString","coordinates":[[-49.295117,-24.926839],[-49.295097,-24.926836],[-49.295071,-24.926852],[-49.295069,-24.926887],[-49.295097,-24.926897],[-49.295124,-24.926888],[-49.295131,-24.926861],[-49.295117,-24.926839]]}},{"type":"Feature","properties":{"alt":422.0,"mestra":false},"geometry":{"type":"LineString","coordinates":[[-49.294996,-24.9271],[-49.294976,-24.927108],[-49.294973,-24.927127],[-49.294989,-24.927163],[-49.295015,-24.927173],[-49.295034,-24.927156],[-49.295035,-24.927136],[-49.295018,-24.927109],[-49.294996,-24.9271]]}},{"type":"Feature","properties":{"alt":422.0,"mestra":false},"geometry":{"type":"LineString","coordinates":[[-49.294697,-24.928931],[-49.294678,-24.928926],[-49.294609,-24.928962],[-49.294618,-24.929029],[-49.294684,-24.928986],[-49.294697,-24.928931]]}},{"type":"Feature","properties":{"alt":422.0,"mestra":false},"geometry":{"type":"LineString","coordinates":[[-49.29162,-24.929521],[-49.291649,-24.929544],[-49.291666,-24.929584],[-49.291663,-24.929611],[-49.291638,-24.929628],[-49.29158,-24.929616],[-49.291546,-24.929574],[-49.291546,-24.929547],[-49.291561,-24.929525],[-49.291591,-24.929515],[-49.29162,-24.929521]]}},{"type":"Feature","properties":{"alt":422.0,"mestra":false},"geometry":{"type":"LineString","coordinates":[[-49.293932,-24.929833],[-49.29392,-24.929842],[-49.293932,-24.929851],[-49.29394,-24.929842],[-49.293932,-24.929833]]}},{"type":"Feature","properties":{"alt":422.0,"mestra":false},"geometry":{"type":"LineString","coordinates":[[-49.296063,-24.930551],[-49.296093,-24.930571],[-49.296098,-24.930589],[-49.296062,-24.93061],[-49.296033,-24.930597],[-49.296026,-24.930579],[-49.296033,-24.93055],[-49.296063,-24.930551]]}},{"type":"Feature","properties":{"alt":422.0,"mestra":false},"geometry":{"type":"LineString","coordinates":[[-49.293864,-24.931958],[-49.293852,-24.931962],[-49.293864,-24.931973],[-49.293871,-24.931971],[-49.293864,-24.931958]]}},{"type":"Feature","properties":{"alt":422.0,"mestra":false},"geometry":{"type":"LineString","coordinates":[[-49.293912,-24.932748],[-49.293902,-24.932756],[-49.293911,-24.932767],[-49.29392,-24.932756],[-49.293912,-24.932748]]}},{"type":"Feature","properties":{"alt":422.0,"mestra":false},"geometry":{"type":"LineString","coordinates":[[-49.292854,-24.932907],[-49.292823,-24.932922],[-49.292817,-24.932957],[-49.29284,-24.932949],[-49.292857,-24.932922],[-49.292854,-24.932907]]}},{"type":"Feature","properties":{"alt":422.0,"mestra":false},"geometry":{"type":"LineString","coordinates":[[-49.292061,-24.933009],[-49.292078,-24.93302],[-49.29207,-24.933026],[-49.292031,-24.933036],[-49.292017,-24.933028],[-49.292022,-24.93301],[-49.292061,-24.933009]]}},{"type":"Feature","properties":{"alt":423.0,"mestra":false},"geometry":{"type":"LineString","coordinates":[[-49.296359,-24.927237],[-49.296333,-24.927251],[-49.296118,-24.927248],[-49.295991,-24.927272],[-49.295873,-24.927318],[-49.295784,-24.927396],[-49.295647,-24.927607],[-49.295587,-24.9279],[-49.295487,-24.928095],[-49.295441,-24.92821],[-49.295513,-24.928354],[-49.295486,-24.928505],[-49.295411,-24.928549],[-49.295377,-24.92862],[-49.295337,-24.92863],[-49.295287,-24.9287],[-49.295228,-24.928715],[-49.295168,-24.928785],[-49.295129,-24.928789],[-49.295091,-24.928749],[-49.295061,-24.928756],[-49.295036,-24.928794],[-49.294942,-24.928865],[-49.294916,-24.928917],[-49.29496,-24.929014],[-49.294902,-24.928968],[-49.294882,-24.928972],[-49.294872,-24.928997],[-49.294881,-24.929051],[-49.294911,-24.929039],[-49.29495,-24.929041],[-49.294969,-24.929028],[-49.295027,-24.929093],[-49.295163,-24.929156],[-49.29529,-24.929193],[-49.295349,-24.929166],[-49.295388,-24.929167],[-49.295514,-24.929253],[-49.295543,-24.929259],[-49.295621,-24.929242],[-49.295658,-24.9293],[-49.295708,-24.929304],[-49.295734,-24.929328],[-49.295785,-24.929453],[-49.295798,-24.929516],[-49.295813,-24.929528],[-49.295865,-24.929534],[-49.295894,-24.929561],[-49.295864,-24.929632],[-49.29587,-24.929653],[-49.295899,-24.929685],[-49.295977,-24.929688],[-49.29599,-24.929705],[-49.295954,-24.92974],[-49.295927,-24.929786],[-49.295828,-24.929823],[-49.295805,-24.929846],[-49.295802,-24.929863],[-49.295845,-24.929882],[-49.295884,-24.929945],[-49.295925,-24.929981],[-49.295904,-24.930011],[-49.295836,-24.929999],[-49.295808,-24.930033],[-49.295808,-24.930068],[-49.295897,-24.930123],[-49.295915,-24.930194],[-49.29596,-24.930213],[-49.295931,-24.930248],[-49.295959,-24.930294],[-49.295997,-24.930324],[-49.296084,-24.930348],[-49.296096,-24.930366],[-49.296078,-24.93041],[-49.296142,-24.930447],[-49.296166,-24.930482],[-49.296161,-24.9305],[-49.296059,-24.930535],[-49.296108,-24.93058],[-49.296101,-24.930606],[-49.296081,-24.93062],[-49.296042,-24.93062],[-49.296023,-24.930607],[-49.296014,-24.930552],[-49.295995,-24.930538],[-49.295906,-24.930554],[-49.295858,-24.930537],[-49.295848,-24.93054],[-49.295838,-24.930583],[-49.295892,-24.930622],[-49.295944,-24.93068],[-49.296064,-24.930713],[-49.296136,-24.930813]]}},{"type":"Feature","properties":{"alt":423.0,"mestra":false},"geometry":{"type":"LineString","coordinates":[[-49.295716,-24.930914],[-49.295705,-24.930905],[-49.29571,-24.930887],[-49.295775,-24.930799],[-49.29578,-24.930737],[-49.295675,-24.930548],[-49.295623,-24.930503],[-49.295611,-24.930467],[-49.295634,-24.930445],[-49.295703,-24.930434],[-49.29573,-24.930442],[-49.295722,-24.93047],[-49.295757,-24.930469],[-49.295765,-24.93046],[-49.295749,-24.930433],[-49.295801,-24.930416],[-49.295819,-24.930327],[-49.295783,-24.930288],[-49.295695,-24.930261],[-49.295657,-24.930236],[-49.295625,-24.930236],[-49.295575,-24.930155],[-49.295402,-24.929966],[-49.295339,-24.92986],[-49.295285,-24.929804],[-49.295196,-24.929648],[-49.295167,-24.92962],[-49.295147,-24.929619],[-49.295137,-24.929631],[-49.295077,-24.929734],[-49.294991,-24.929711],[-49.294986,-24.929765],[-49.295016,-24.929899],[-49.294986,-24.929965],[-49.294947,-24.929959],[-49.294898,-24.929973],[-49.29483,-24.92996],[-49.294791,-24.92994],[-49.294778,-24.92995],[-49.29476,-24.930014],[-49.294687,-24.930047],[-49.294623,-24.930052],[-49.294535,-24.930078],[-49.294388,-24.930067],[-49.294262,-24.930017],[-49.294164,-24.930018],[-49.294096,-24.929977],[-49.29396,-24.929961],[-49.293882,-24.929913],[-49.293819,-24.929912],[-49.293764,-24.929831],[-49.293763,-24.929795],[-49.293787,-24.929769],[-49.293783,-24.929742],[-49.293758,-24.929706],[-49.29372,-24.929679],[-49.293773,-24.929635],[-49.293769,-24.929628],[-49.293729,-24.929648],[-49.293705,-24.929617],[-49.293739,-24.929528],[-49.293779,-24.929466],[-49.293782,-24.929439],[-49.293762,-24.929414],[-49.293704,-24.92939],[-49.293678,-24.929367],[-49.293639,-24.929259],[-49.293626,-24.929117],[-49.293651,-24.929072],[-49.293642,-24.929045],[-49.29367,-24.929019],[-49.293647,-24.928983],[-49.293693,-24.928921],[-49.293721,-24.928834],[-49.293761,-24.928796],[-49.293819,-24.928816],[-49.293859,-24.928764],[-49.293918,-24.928763],[-49.293911,-24.928719],[-49.293938,-24.928687],[-49.294066,-24.928661],[-49.294115,-24.928628],[-49.294164,-24.928636],[-49.294212,-24.928695],[-49.294231,-24.928703],[-49.294301,-24.928634],[-49.29435,-24.928568],[-49.294406,-24.928546],[-49.294539,-24.928459],[-49.294587,-24.928444],[-49.294607,-24.928415],[-49.294685,-24.928368],[-49.294734,-24.928373],[-49.294754,-24.928364],[-49.294851,-24.928257],[-49.294907,-24.928106],[-49.294895,-24.928058],[-49.294827,-24.928016],[-49.294818,-24.927989],[-49.294837,-24.927967],[-49.294926,-24.92794],[-49.294946,-24.92792],[-49.294917,-24.927878],[-49.294827,-24.927847],[-49.294781,-24.9278],[-49.294772,-24.927766],[-49.294795,-24.927704],[-49.294797,-24.927668],[-49.294715,-24.927454],[-49.294622,-24.92732],[-49.294371,-24.927031],[-49.294274,-24.926896],[-49.294095,-24.926523],[-49.293985,-24.926349],[-49.293935,-24.926179]]}},{"type":"Feature","properties":{"alt":423.0,"mestra":false},"geometry":{"type":"LineString","coordinates":[[-49.291411,-24.933198],[-49.291513,-24.93313],[-49.2916,-24.933114],[-49.291639,-24.933093],[-49.291659,-24.933097],[-49.291717,-24.933149],[-49.291785,-24.933177],[-49.291806,-24.933178],[-49.291793,-24.933133],[-49.291825,-24.933112],[-49.29185,-24.933125],[-49.291866,-24.93316],[-49.291889,-24.93317],[-49.29199,-24.933186],[-49.292043,-24.933171],[-49.292078,-24.933118],[-49.292103,-24.933101],[-49.292102,-24.933065],[-49.29209,-24.933041],[-49.292021,-24.933036],[-49.292012,-24.933011],[-49.292031,-24.932999],[-49.292061,-24.932999],[-49.29209,-24.933011],[-49.2921,-24.933038],[-49.292158,-24.933031],[-49.292163,-24.932994],[-49.292188,-24.932959],[-49.292208,-24.932939],[-49.292253,-24.932924],[-49.292254,-24.93288],[-49.292278,-24.932829],[-49.292337,-24.932818],[-49.292377,-24.932786],[-49.292368,-24.932721],[-49.292394,-24.932667],[-49.292395,-24.932641],[-49.292458,-24.93257],[-49.292459,-24.932492],[-49.29241,-24.932474],[-49.292399,-24.932454],[-49.292431,-24.932346],[-49.292441,-24.932338],[-49.29249,-24.932351],[-49.292529,-24.932344],[-49.292638,-24.932271],[-49.292686,-24.932252],[-49.292703,-24.932225],[-49.2927,-24.932145],[-49.292777,-24.932096],[-49.292826,-24.93208],[-49.292914,-24.932094],[-49.292992,-24.932064],[-49.293027,-24.932015],[-49.293032,-24.931944],[-49.293061,-24.931917],[-49.293131,-24.931917],[-49.293259,-24.931887],[-49.293356,-24.931906],[-49.293454,-24.931872],[-49.293513,-24.931863],[-49.293777,-24.931878],[-49.293845,-24.931855],[-49.293872,-24.931811],[-49.293905,-24.931819],[-49.293988,-24.931812],[-49.294023,-24.931773],[-49.294062,-24.931771],[-49.294083,-24.93176],[-49.294122,-24.931689],[-49.294162,-24.931645],[-49.294182,-24.931583],[-49.294219,-24.931539],[-49.294209,-24.931467],[-49.294233,-24.931438],[-49.294292,-24.931419],[-49.294379,-24.93142],[-49.294468,-24.931393],[-49.294546,-24.93142],[-49.294575,-24.93142],[-49.294644,-24.931338],[-49.294713,-24.931315],[-49.294762,-24.931321],[-49.294797,-24.931296],[-49.29486,-24.93128],[-49.29491,-24.931252],[-49.294969,-24.931197],[-49.295047,-24.931173],[-49.295126,-24.931032],[-49.295167,-24.930991],[-49.295216,-24.930978],[-49.295353,-24.930971],[-49.295411,-24.930983]]}},{"type":"Feature","properties":{"alt":423.0,"mestra":false},"geometry":{"type":"LineString","coordinates":[[-49.292886,-24.933675],[-49.292804,-24.933688]]}},{"type":"Feature","properties":{"alt":423.0,"mestra":false},"geometry":{"type":"LineString","coordinates":[[-49.292804,-24.933688],[-49.292752,-24.933673]]}},{"type":"Feature","properties":{"alt":423.0,"mestra":false},"geometry":{"type":"LineString","coordinates":[[-49.294996,-24.927109],[-49.294985,-24.927127],[-49.295005,-24.927139],[-49.295009,-24.927118],[-49.294996,-24.927109]]}},{"type":"Feature","properties":{"alt":423.0,"mestra":false},"geometry":{"type":"LineString","coordinates":[[-49.293781,-24.928731],[-49.293785,-24.928744],[-49.293771,-24.928751],[-49.293764,-24.928735],[-49.293781,-24.928731]]}},{"type":"Feature","properties":{"alt":423.0,"mestra":false},"geometry":{"type":"LineString","coordinates":[[-49.295098,-24.928926],[-49.295098,-24.928926]]}},{"type":"Feature","properties":{"alt":423.0,"mestra":false},"geometry":{"type":"LineString","coordinates":[[-49.294668,-24.928951],[-49.29463,-24.928968],[-49.294628,-24.928986],[-49.294667,-24.928978],[-49.294677,-24.928959],[-49.294668,-24.928951]]}},{"type":"Feature","properties":{"alt":423.0,"mestra":false},"geometry":{"type":"LineString","coordinates":[[-49.29493,-24.929077],[-49.294894,-24.929078],[-49.294894,-24.929104],[-49.29491,-24.929119],[-49.294943,-24.929105],[-49.294943,-24.929087],[-49.29493,-24.929077]]}},{"type":"Feature","properties":{"alt":423.0,"mestra":false},"geometry":{"type":"LineString","coordinates":[[-49.29161,-24.929511],[-49.291649,-24.929536],[-49.291668,-24.929575],[-49.291666,-24.929611],[-49.291638,-24.929631],[-49.291575,-24.929619],[-49.291539,-24.929574],[-49.291538,-24.929547],[-49.291554,-24.929521],[-49.291581,-24.929509],[-49.29161,-24.929511]]}},{"type":"Feature","properties":{"alt":423.0,"mestra":false},"geometry":{"type":"LineString","coordinates":[[-49.295839,-24.930457],[-49.295825,-24.930461],[-49.295839,-24.930465],[-49.295839,-24.930457]]}},{"type":"Feature","properties":{"alt":423.0,"mestra":false},"geometry":{"type":"LineString","coordinates":[[-49.293911,-24.932755],[-49.293911,-24.932755]]}},{"type":"Feature","properties":{"alt":423.0,"mestra":false},"geometry":{"type":"LineString","coordinates":[[-49.292854,-24.932911],[-49.292824,-24.932924],[-49.292814,-24.932948],[-49.292823,-24.932957],[-49.292844,-24.932941],[-49.292854,-24.932911]]}},{"type":"Feature","properties":{"alt":424.0,"mestra":false},"geometry":{"type":"LineString","coordinates":[[-49.296381,-24.927313],[-49.296371,-24.927327],[-49.296351,-24.927329],[-49.296166,-24.927303],[-49.296009,-24.927317],[-49.295882,-24.927359],[-49.295783,-24.927439],[-49.295663,-24.927616],[-49.295591,-24.927909],[-49.295492,-24.928095],[-49.295445,-24.92821],[-49.295515,-24.928345],[-49.295491,-24.928505],[-49.295414,-24.928558],[-49.295388,-24.92862],[-49.295336,-24.928643],[-49.295296,-24.928708],[-49.295238,-24.928712],[-49.295168,-24.928789],[-49.295129,-24.928794],[-49.295099,-24.928759],[-49.295069,-24.928759],[-49.295046,-24.928794],[-49.295005,-24.92882],[-49.294984,-24.928856],[-49.294952,-24.92888],[-49.294944,-24.928936],[-49.294951,-24.928971],[-49.294994,-24.928999],[-49.295019,-24.929079],[-49.295115,-24.929118],[-49.295163,-24.929153],[-49.29529,-24.929191],[-49.295339,-24.929167],[-49.295378,-24.929162],[-49.295427,-24.929182],[-49.295514,-24.929244],[-49.295563,-24.929248],[-49.295621,-24.929236],[-49.29566,-24.929296],[-49.295709,-24.929301],[-49.295737,-24.929328],[-49.295805,-24.929516],[-49.295862,-24.929527],[-49.295901,-24.92955],[-49.295961,-24.929553],[-49.295935,-24.929615],[-49.29589,-24.92962],[-49.295877,-24.929641],[-49.295899,-24.929671],[-49.295938,-24.929667],[-49.295987,-24.92968],[-49.296,-24.929714],[-49.295964,-24.92974],[-49.295926,-24.929801],[-49.295828,-24.929827],[-49.295805,-24.929854],[-49.295818,-24.92987],[-49.295867,-24.929877],[-49.295865,-24.929909],[-49.295885,-24.929941],[-49.295924,-24.929965],[-49.29593,-24.92999],[-49.295904,-24.930017],[-49.295836,-24.930005],[-49.295812,-24.930033],[-49.29581,-24.93006],[-49.295821,-24.930077],[-49.295902,-24.930123],[-49.295904,-24.930159],[-49.295921,-24.930197],[-49.29597,-24.930211],[-49.295967,-24.930231],[-49.295948,-24.930248],[-49.295959,-24.930272],[-49.295988,-24.930281],[-49.296027,-24.930316],[-49.296077,-24.93033],[-49.296105,-24.930355],[-49.296136,-24.930357],[-49.296101,-24.930393],[-49.296097,-24.93041],[-49.296164,-24.930456],[-49.296181,-24.930483],[-49.296181,-24.930509],[-49.296161,-24.930523],[-49.296122,-24.930515],[-49.296072,-24.930535],[-49.296114,-24.930571],[-49.296124,-24.930625],[-49.296229,-24.930792]]}},{"type":"Feature","properties":{"alt":424.0,"mestra":false},"geometry":{"type":"LineString","coordinates":[[-49.295603,-24.930935],[-49.295612,-24.930913],[-49.295701,-24.930834],[-49.295723,-24.930789],[-49.295728,-24.930745],[-49.295714,-24.930682],[-49.295661,-24.930566],[-49.29558,-24.930485],[-49.295573,-24.930449],[-49.295585,-24.930431],[-49.295664,-24.930432],[-49.295732,-24.930411],[-49.295786,-24.930407],[-49.295778,-24.930327],[-49.295764,-24.930309],[-49.295744,-24.930304],[-49.295626,-24.930319],[-49.295597,-24.93028],[-49.295555,-24.930155],[-49.295393,-24.929975],[-49.295329,-24.929867],[-49.295271,-24.929813],[-49.295241,-24.929741],[-49.295176,-24.929657],[-49.295156,-24.929651],[-49.295137,-24.929659],[-49.295077,-24.92974],[-49.294998,-24.92972],[-49.294992,-24.929756],[-49.295023,-24.929899],[-49.294985,-24.930004],[-49.294966,-24.929976],[-49.294937,-24.929971],[-49.294922,-24.929987],[-49.294921,-24.930023],[-49.294885,-24.930031],[-49.294866,-24.929977],[-49.294791,-24.929951],[-49.294788,-24.930012],[-49.29477,-24.930038],[-49.294731,-24.930038],[-49.294701,-24.930058],[-49.294633,-24.930061],[-49.294525,-24.930092],[-49.294388,-24.930076],[-49.294262,-24.930025],[-49.294154,-24.930023],[-49.294086,-24.929985],[-49.29395,-24.929972],[-49.293877,-24.929922],[-49.293823,-24.929924],[-49.293788,-24.929903],[-49.293756,-24.929831],[-49.293753,-24.929795],[-49.293775,-24.929769],[-49.293775,-24.929751],[-49.293758,-24.92972],[-49.293706,-24.929688],[-49.293696,-24.929616],[-49.293779,-24.929448],[-49.293762,-24.92942],[-49.293694,-24.929394],[-49.293667,-24.929367],[-49.293633,-24.929259],[-49.293622,-24.929117],[-49.293641,-24.929072],[-49.293634,-24.929036],[-49.293666,-24.929019],[-49.293641,-24.928983],[-49.293683,-24.928921],[-49.293721,-24.928821],[-49.293761,-24.928783],[-49.2938,-24.928808],[-49.293819,-24.928809],[-49.293831,-24.928798],[-49.293834,-24.928762],[-49.293898,-24.928745],[-49.293905,-24.92871],[-49.293932,-24.928683],[-49.294007,-24.92867],[-49.294105,-24.928626],[-49.294169,-24.928633],[-49.294202,-24.928679],[-49.294231,-24.928697],[-49.294301,-24.928629],[-49.294341,-24.928569],[-49.294409,-24.928539],[-49.294538,-24.928448],[-49.294578,-24.928441],[-49.294607,-24.928404],[-49.294685,-24.928364],[-49.294744,-24.928358],[-49.294844,-24.928239],[-49.294892,-24.928097],[-49.294885,-24.928059],[-49.294817,-24.928014],[-49.294815,-24.92798],[-49.294838,-24.927958],[-49.294934,-24.927919],[-49.294907,-24.92789],[-49.294808,-24.927847],[-49.294771,-24.927806],[-49.294764,-24.927766],[-49.294786,-24.927668],[-49.294701,-24.927489],[-49.294361,-24.927063],[-49.294241,-24.926896],[-49.294084,-24.926599],[-49.293945,-24.926366],[-49.293875,-24.926178]]}},{"type":"Feature","properties":{"alt":424.0,"mestra":false},"geometry":{"type":"LineString","coordinates":[[-49.291408,-24.933195],[-49.291502,-24.933124],[-49.29159,-24.933113],[-49.291639,-24.933089],[-49.291668,-24.933096],[-49.291717,-24.933143],[-49.291775,-24.933167],[-49.291789,-24.933168],[-49.291795,-24.933124],[-49.291825,-24.933108],[-49.291849,-24.933116],[-49.29187,-24.933152],[-49.291892,-24.933164],[-49.29199,-24.933183],[-49.292039,-24.93317],[-49.292074,-24.933118],[-49.292099,-24.933101],[-49.2921,-24.933083],[-49.29208,-24.933051],[-49.292011,-24.933033],[-49.292004,-24.933019],[-49.292012,-24.933003],[-49.292061,-24.93299],[-49.292095,-24.933003],[-49.292119,-24.933026],[-49.292148,-24.933024],[-49.29215,-24.932994],[-49.292195,-24.932941],[-49.292248,-24.932924],[-49.29225,-24.93288],[-49.292278,-24.932821],[-49.292337,-24.93281],[-49.292371,-24.932783],[-49.292351,-24.932729],[-49.29239,-24.932667],[-49.292394,-24.932632],[-49.29245,-24.932579],[-49.292456,-24.932561],[-49.292456,-24.932499],[-49.29241,-24.932482],[-49.292394,-24.932462],[-49.292415,-24.932329],[-49.292442,-24.932316],[-49.29248,-24.93234],[-49.29252,-24.93234],[-49.292628,-24.932269],[-49.292677,-24.932251],[-49.292696,-24.932216],[-49.292686,-24.932145],[-49.292797,-24.932072],[-49.292836,-24.932063],[-49.292924,-24.932082],[-49.292993,-24.932059],[-49.293022,-24.932015],[-49.293027,-24.931944],[-49.293053,-24.931916],[-49.293131,-24.931912],[-49.293259,-24.931872],[-49.293356,-24.931896],[-49.293445,-24.931861],[-49.293513,-24.931851],[-49.293787,-24.931868],[-49.293843,-24.931846],[-49.293866,-24.931802],[-49.293983,-24.931811],[-49.294004,-24.931795],[-49.294013,-24.931767],[-49.294062,-24.931766],[-49.294082,-24.931751],[-49.29417,-24.931574],[-49.294214,-24.93153],[-49.294199,-24.931467],[-49.294218,-24.931423],[-49.294292,-24.931405],[-49.29438,-24.931403],[-49.294468,-24.931381],[-49.294565,-24.931413],[-49.294585,-24.9314],[-49.29461,-24.931347],[-49.29463,-24.931329],[-49.294704,-24.931302],[-49.294752,-24.931307],[-49.294792,-24.93128],[-49.294851,-24.931272],[-49.29491,-24.931243],[-49.294959,-24.931189],[-49.295048,-24.931166],[-49.295121,-24.931023],[-49.295167,-24.930982],[-49.295412,-24.930953],[-49.295493,-24.930962]]}},{"type":"Feature","properties":{"alt":424.0,"mestra":false},"geometry":{"type":"LineString","coordinates":[[-49.292886,-24.933675],[-49.292816,-24.933688]]}},{"type":"Feature","properties":{"alt":424.0,"mestra":false},"geometry":{"type":"LineString","coordinates":[[-49.292793,-24.933688],[-49.292751,-24.933673]]}},{"type":"Feature","properties":{"alt":424.0,"mestra":false},"geometry":{"type":"LineString","coordinates":[[-49.293791,-24.928722],[-49.293803,-24.928744],[-49.293771,-24.928764],[-49.293756,-24.928735],[-49.293791,-24.928722]]}},{"type":"Feature","properties":{"alt":424.0,"mestra":false},"geometry":{"type":"LineString","coordinates":[[-49.295108,-24.928914],[-49.295118,-24.928929],[-49.295108,-24.928941],[-49.295088,-24.928946],[-49.29507,-24.928937],[-49.295078,-24.928919],[-49.295108,-24.928914]]}},{"type":"Feature","properties":{"alt":424.0,"mestra":false},"geometry":{"type":"LineString","coordinates":[[-49.294902,-24.928983],[-49.294882,-24.928988],[-49.294891,-24.92902],[-49.29493,-24.929028],[-49.294932,-24.929016],[-49.294902,-24.928983]]}},{"type":"Feature","properties":{"alt":424.0,"mestra":false},"geometry":{"type":"LineString","coordinates":[[-49.29493,-24.929084],[-49.294903,-24.929087],[-49.29491,-24.929112],[-49.294936,-24.929105],[-49.29493,-24.929084]]}},{"type":"Feature","properties":{"alt":424.0,"mestra":false},"geometry":{"type":"LineString","coordinates":[[-49.291601,-24.929503],[-49.291642,-24.929522],[-49.29167,-24.929566],[-49.291669,-24.929611],[-49.291638,-24.929634],[-49.29157,-24.929621],[-49.291532,-24.929574],[-49.291543,-24.92952],[-49.291571,-24.929504],[-49.291601,-24.929503]]}},{"type":"Feature","properties":{"alt":424.0,"mestra":false},"geometry":{"type":"LineString","coordinates":[[-49.295984,-24.930563],[-49.295946,-24.930569],[-49.295926,-24.930587],[-49.295954,-24.930628],[-49.295974,-24.930629],[-49.295988,-24.930614],[-49.295995,-24.930587],[-49.295984,-24.930563]]}},{"type":"Feature","properties":{"alt":424.0,"mestra":false},"geometry":{"type":"LineString","coordinates":[[-49.295877,-24.930568],[-49.29586,-24.930568],[-49.295863,-24.930577],[-49.29589,-24.930577],[-49.295877,-24.930568]]}},{"type":"Feature","properties":{"alt":424.0,"mestra":false},"geometry":{"type":"LineString","coordinates":[[-49.292844,-24.932911],[-49.292818,-24.93294],[-49.292824,-24.932955],[-49.292852,-24.932922],[-49.292844,-24.932911]]}},{"type":"Feature","properties":{"alt":425.0,"mestra":true},"geometry":{"type":"LineString","coordinates":[[-49.296399,-24.927398],[-49.29636,-24.9274],[-49.296175,-24.927355],[-49.296038,-24.927357],[-49.295891,-24.927396],[-49.295782,-24.927478],[-49.295674,-24.927634],[-49.295594,-24.927918],[-49.29553,-24.928052],[-49.295496,-24.928095],[-49.295449,-24.928211],[-49.295519,-24.928345],[-49.295496,-24.928505],[-49.295425,-24.928558],[-49.295395,-24.92862],[-49.295346,-24.928646],[-49.295296,-24.928726],[-49.295277,-24.92873],[-49.295238,-24.928717],[-49.295168,-24.928793],[-49.295119,-24.928797],[-49.295095,-24.928768],[-49.295076,-24.928768],[-49.295051,-24.928799],[-49.295011,-24.928824],[-49.295001,-24.928865],[-49.294971,-24.928885],[-49.294959,-24.928945],[-49.29497,-24.92897],[-49.295019,-24.928966],[-49.295037,-24.928954],[-49.295059,-24.928915],[-49.295117,-24.928911],[-49.295125,-24.928929],[-49.295117,-24.928944],[-49.295042,-24.928972],[-49.295029,-24.928988],[-49.295013,-24.929052],[-49.295027,-24.92908],[-49.295096,-24.929097],[-49.295163,-24.929149],[-49.29527,-24.929187],[-49.2953,-24.929189],[-49.295339,-24.929165],[-49.295378,-24.929159],[-49.295437,-24.92918],[-49.295514,-24.929234],[-49.295572,-24.929244],[-49.295622,-24.92923],[-49.29566,-24.929291],[-49.295709,-24.929298],[-49.295738,-24.929324],[-49.295813,-24.929515],[-49.295901,-24.92954],[-49.295969,-24.929544],[-49.295973,-24.929562],[-49.295943,-24.929642],[-49.295957,-24.92966],[-49.295998,-24.929678],[-49.296006,-24.929721],[-49.295966,-24.929749],[-49.295956,-24.929785],[-49.295897,-24.929847],[-49.295838,-24.929829],[-49.295818,-24.929835],[-49.295808,-24.929855],[-49.295828,-24.92987],[-49.295882,-24.929864],[-49.295886,-24.929882],[-49.295871,-24.929909],[-49.295886,-24.929936],[-49.295931,-24.929963],[-49.295934,-24.929998],[-49.295904,-24.930024],[-49.295836,-24.930016],[-49.295816,-24.930034],[-49.295815,-24.93006],[-49.295903,-24.930118],[-49.295921,-24.930191],[-49.29597,-24.9302],[-49.295981,-24.930249],[-49.296024,-24.930303],[-49.296076,-24.930321],[-49.296114,-24.930352],[-49.296153,-24.930349],[-49.296119,-24.930411],[-49.296187,-24.930465],[-49.296202,-24.930519],[-49.29617,-24.930552],[-49.296151,-24.93055],[-49.296122,-24.930527],[-49.296089,-24.930544],[-49.296208,-24.930621],[-49.296297,-24.930769]]}},{"type":"Feature","properties":{"alt":425.0,"mestra":true},"geometry":{"type":"LineString","coordinates":[[-49.291404,-24.933191],[-49.291423,-24.933161],[-49.291492,-24.933114],[-49.29159,-24.933108],[-49.291649,-24.933084],[-49.291678,-24.933093],[-49.291717,-24.933137],[-49.291775,-24.93316],[-49.291795,-24.933119],[-49.291825,-24.933103],[-49.291854,-24.933112],[-49.291881,-24.933152],[-49.291902,-24.933162],[-49.29199,-24.933179],[-49.292039,-24.933166],[-49.292097,-24.933092],[-49.292071,-24.933056],[-49.292002,-24.933028],[-49.292007,-24.933002],[-49.292041,-24.932983],[-49.29211,-24.932998],[-49.292139,-24.93299],[-49.292199,-24.932928],[-49.292248,-24.932915],[-49.29224,-24.932888],[-49.292278,-24.932811],[-49.29236,-24.932783],[-49.292332,-24.932756],[-49.292334,-24.932729],[-49.292386,-24.932667],[-49.292387,-24.932632],[-49.292451,-24.93257],[-49.292441,-24.932534],[-49.292449,-24.932502],[-49.2924,-24.932485],[-49.292386,-24.932462],[-49.292411,-24.93232],[-49.292442,-24.932303],[-49.292481,-24.93233],[-49.29251,-24.932335],[-49.292597,-24.932278],[-49.292677,-24.932243],[-49.29269,-24.932189],[-49.292674,-24.932145],[-49.292807,-24.932052],[-49.292836,-24.932045],[-49.292924,-24.93207],[-49.292993,-24.932054],[-49.293016,-24.932015],[-49.293023,-24.931941],[-49.293053,-24.931909],[-49.293156,-24.931901],[-49.29325,-24.931848],[-49.293314,-24.931858],[-49.293347,-24.931881],[-49.293445,-24.931847],[-49.293514,-24.931839],[-49.293787,-24.93186],[-49.29383,-24.931846],[-49.293866,-24.931795],[-49.293915,-24.931802],[-49.293944,-24.931791],[-49.293983,-24.931808],[-49.293999,-24.931795],[-49.294003,-24.931756],[-49.294072,-24.93175],[-49.29413,-24.931609],[-49.294162,-24.931565],[-49.294206,-24.93153],[-49.29421,-24.931512],[-49.29418,-24.931431],[-49.294194,-24.931406],[-49.294292,-24.931388],[-49.29437,-24.93139],[-49.294468,-24.931368],[-49.294497,-24.931376],[-49.294536,-24.931404],[-49.294565,-24.931405],[-49.294586,-24.931382],[-49.294596,-24.931338],[-49.294615,-24.931321],[-49.294694,-24.931288],[-49.294743,-24.931287],[-49.294777,-24.93126],[-49.294782,-24.931242],[-49.294768,-24.931215],[-49.294783,-24.931194],[-49.294813,-24.931191],[-49.294865,-24.931234],[-49.29489,-24.93124],[-49.294959,-24.931175],[-49.295038,-24.931165],[-49.295114,-24.931014],[-49.295158,-24.930977],[-49.29554,-24.930915],[-49.295635,-24.93086],[-49.295682,-24.930789],[-49.295688,-24.930709],[-49.295645,-24.930583],[-49.29562,-24.930548],[-49.295552,-24.930493],[-49.295532,-24.930457],[-49.295583,-24.930342],[-49.295547,-24.930172],[-49.295382,-24.929983],[-49.295327,-24.929885],[-49.295261,-24.929826],[-49.295233,-24.929748],[-49.295166,-24.929675],[-49.295127,-24.929684],[-49.295099,-24.929731],[-49.295077,-24.929747],[-49.295004,-24.929738],[-49.29503,-24.929908],[-49.294995,-24.930018],[-49.294975,-24.930038],[-49.294926,-24.930054],[-49.294867,-24.930053],[-49.294828,-24.930041],[-49.29474,-24.930072],[-49.294642,-24.930068],[-49.294525,-24.930101],[-49.294456,-24.930099],[-49.294378,-24.930082],[-49.294252,-24.93003],[-49.294203,-24.930023],[-49.294164,-24.930031],[-49.294086,-24.929996],[-49.29395,-24.929984],[-49.293872,-24.929928],[-49.293823,-24.929931],[-49.293768,-24.929902],[-49.293745,-24.929813],[-49.293754,-24.929751],[-49.293728,-24.929735],[-49.293693,-24.929688],[-49.293689,-24.929625],[-49.293731,-24.929517],[-49.293775,-24.929448],[-49.293752,-24.92942],[-49.293674,-24.929396],[-49.293646,-24.929346],[-49.293625,-24.92925],[-49.293618,-24.929108],[-49.293635,-24.928983],[-49.293667,-24.928939],[-49.293717,-24.928815],[-49.293757,-24.928779],[-49.293754,-24.928726],[-49.293801,-24.928707],[-49.29384,-24.928735],[-49.293869,-24.928737],[-49.293929,-24.928677],[-49.294007,-24.928668],[-49.294115,-24.928619],[-49.294174,-24.928628],[-49.294222,-24.928682],[-49.294242,-24.928657],[-49.294281,-24.928644],[-49.294341,-24.928563],[-49.294405,-24.928537],[-49.294538,-24.928438],[-49.294577,-24.928435],[-49.294605,-24.928397],[-49.294685,-24.928359],[-49.294734,-24.928349],[-49.29483,-24.92823],[-49.294878,-24.928088],[-49.294872,-24.928061],[-49.294812,-24.928016],[-49.294809,-24.92798],[-49.29483,-24.927954],[-49.294884,-24.927937],[-49.294904,-24.927919],[-49.294894,-24.927901],[-49.294805,-24.927856],[-49.294767,-24.92782],[-49.294756,-24.927775],[-49.294778,-24.927686],[-49.294764,-24.927641],[-49.294665,-24.92748],[-49.294495,-24.927289],[-49.294211,-24.926904],[-49.293904,-24.926393],[-49.293852,-24.926285],[-49.293818,-24.926178]]}},{"type":"Feature","properties":{"alt":425.0,"mestra":true},"geometry":{"type":"LineString","coordinates":[[-49.292887,-24.933675],[-49.29282,-24.933688]]}},{"type":"Feature","properties":{"alt":425.0,"mestra":true},"geometry":{"type":"LineString","coordinates":[[-49.292788,-24.933688],[-49.292751,-24.933674]]}},{"type":"Feature","properties":{"alt":425.0,"mestra":true},"geometry":{"type":"LineString","coordinates":[[-49.2938,-24.928771],[-49.29379,-24.92878],[-49.29381,-24.928796],[-49.293817,-24.928789],[-49.2938,-24.928771]]}},{"type":"Feature","properties":{"alt":425.0,"mestra":true},"geometry":{"type":"LineString","coordinates":[[-49.29366,-24.929018],[-49.293648,-24.929019],[-49.29366,-24.929018]]}},{"type":"Feature","properties":{"alt":425.0,"mestra":true},"geometry":{"type":"LineString","coordinates":[[-49.294929,-24.929096],[-49.294909,-24.929096],[-49.29492,-24.929107],[-49.294929,-24.929096]]}},{"type":"Feature","properties":{"alt":425.0,"mestra":true},"geometry":{"type":"LineString","coordinates":[[-49.29162,-24.929502],[-49.291663,-24.92954],[-49.291676,-24.929593],[-49.291658,-24.929629],[-49.291618,-24.929639],[-49.29155,-24.929614],[-49.291524,-24.929556],[-49.291532,-24.929523],[-49.291552,-24.929504],[-49.291581,-24.929496],[-49.29162,-24.929502]]}},{"type":"Feature","properties":{"alt":425.0,"mestra":true},"geometry":{"type":"LineString","coordinates":[[-49.295919,-24.929641],[-49.295899,-24.929636],[-49.295896,-24.929651],[-49.295909,-24.929656],[-49.295919,-24.929641]]}},{"type":"Feature","properties":{"alt":425.0,"mestra":true},"geometry":{"type":"LineString","coordinates":[[-49.294947,-24.929978],[-49.294934,-24.929987],[-49.294946,-24.930007],[-49.294961,-24.929987],[-49.294947,-24.929978]]}},{"type":"Feature","properties":{"alt":425.0,"mestra":true},"geometry":{"type":"LineString","coordinates":[[-49.294839,-24.929977],[-49.294808,-24.929986],[-49.29481,-24.930012],[-49.294829,-24.930038],[-49.294862,-24.929995],[-49.294839,-24.929977]]}},{"type":"Feature","properties":{"alt":425.0,"mestra":true},"geometry":{"type":"LineString","coordinates":[[-49.295714,-24.930343],[-49.295665,-24.930341],[-49.295635,-24.930353],[-49.295618,-24.930378],[-49.29563,-24.930405],[-49.295664,-24.930421],[-49.2957,-24.930406],[-49.295714,-24.930343]]}},{"type":"Feature","properties":{"alt":425.0,"mestra":true},"geometry":{"type":"LineString","coordinates":[[-49.293015,-24.931835],[-49.293025,-24.931846],[-49.293015,-24.931859],[-49.293015,-24.931835]]}},{"type":"Feature","properties":{"alt":425.0,"mestra":true},"geometry":{"type":"LineString","coordinates":[[-49.292844,-24.932913],[-49.292824,-24.932931],[-49.292824,-24.932952],[-49.292845,-24.932931],[-49.292844,-24.932913]]}},{"type":"Feature","properties":{"alt":426.0,"mestra":false},"geometry":{"type":"LineString","coordinates":[[-49.296418,-24.927467],[-49.296379,-24.92747],[-49.296184,-24.927404],[-49.296067,-24.927396],[-49.2959,-24.92743],[-49.295792,-24.927504],[-49.295688,-24.927643],[-49.295597,-24.927927],[-49.295533,-24.92806],[-49.2955,-24.928097],[-49.295453,-24.928211],[-49.295523,-24.928345],[-49.295501,-24.928505],[-49.295428,-24.928567],[-49.295402,-24.92862],[-49.29535,-24.928655],[-49.295306,-24.928743],[-49.295267,-24.92875],[-49.295237,-24.928733],[-49.295168,-24.9288],[-49.295119,-24.928803],[-49.29508,-24.928784],[-49.295021,-24.92883],[-49.295055,-24.928892],[-49.295118,-24.928904],[-49.295132,-24.928929],[-49.295117,-24.928954],[-49.295038,-24.929017],[-49.29502,-24.929052],[-49.295028,-24.929073],[-49.295105,-24.929091],[-49.295163,-24.929145],[-49.29527,-24.929185],[-49.2953,-24.929187],[-49.295339,-24.929162],[-49.295388,-24.929158],[-49.295437,-24.929173],[-49.295495,-24.929215],[-49.295563,-24.929239],[-49.295631,-24.929227],[-49.29566,-24.929283],[-49.295709,-24.929295],[-49.295738,-24.92932],[-49.295752,-24.929373],[-49.295796,-24.929444],[-49.295813,-24.929508],[-49.295979,-24.929542],[-49.295961,-24.929642],[-49.296006,-24.929678],[-49.296013,-24.929723],[-49.295975,-24.929749],[-49.295967,-24.929785],[-49.29593,-24.92982],[-49.295878,-24.929909],[-49.29589,-24.929936],[-49.295939,-24.929963],[-49.295941,-24.92999],[-49.295919,-24.930025],[-49.295855,-24.93004],[-49.295826,-24.930032],[-49.295822,-24.930051],[-49.295911,-24.930123],[-49.295921,-24.930186],[-49.295975,-24.930195],[-49.296027,-24.930295],[-49.296085,-24.93032],[-49.296114,-24.930346],[-49.296161,-24.93034],[-49.296139,-24.930393],[-49.296209,-24.930465],[-49.296254,-24.930573],[-49.296388,-24.930747]]}},{"type":"Feature","properties":{"alt":426.0,"mestra":false},"geometry":{"type":"LineString","coordinates":[[-49.291356,-24.933154],[-49.291364,-24.933172],[-49.291374,-24.93317],[-49.291483,-24.933101],[-49.29158,-24.933105],[-49.291659,-24.933074],[-49.291686,-24.933087],[-49.291717,-24.933129],[-49.291766,-24.933148],[-49.291775,-24.933149],[-49.291805,-24.933105],[-49.291835,-24.933099],[-49.291864,-24.93311],[-49.291883,-24.933143],[-49.291912,-24.933159],[-49.29199,-24.933175],[-49.292029,-24.933168],[-49.292091,-24.933092],[-49.29207,-24.933063],[-49.291997,-24.933028],[-49.292,-24.933002],[-49.292042,-24.932976],[-49.29211,-24.932989],[-49.292149,-24.932974],[-49.292252,-24.932862],[-49.292269,-24.932809],[-49.292322,-24.93272],[-49.292378,-24.93267],[-49.29238,-24.932632],[-49.292445,-24.93257],[-49.292427,-24.932516],[-49.29239,-24.93249],[-49.292378,-24.932462],[-49.292397,-24.932329],[-49.292442,-24.932293],[-49.292461,-24.932297],[-49.29249,-24.932326],[-49.29251,-24.932328],[-49.29258,-24.932277],[-49.292667,-24.932243],[-49.292683,-24.932207],[-49.292664,-24.932145],[-49.292799,-24.932039],[-49.292823,-24.931995],[-49.292834,-24.931995],[-49.292829,-24.932022],[-49.292843,-24.932031],[-49.29293,-24.932059],[-49.292983,-24.932055],[-49.293008,-24.932024],[-49.293017,-24.931944],[-49.293038,-24.931908],[-49.293165,-24.931892],[-49.29325,-24.931828],[-49.293367,-24.931855],[-49.293435,-24.931834],[-49.293533,-24.931827],[-49.293777,-24.931852],[-49.293812,-24.931846],[-49.293856,-24.931792],[-49.293915,-24.931793],[-49.293994,-24.931746],[-49.294062,-24.931732],[-49.294117,-24.9316],[-49.294154,-24.931556],[-49.294204,-24.931521],[-49.294168,-24.93144],[-49.294174,-24.931408],[-49.294194,-24.931387],[-49.294263,-24.931368],[-49.294351,-24.931378],[-49.294478,-24.931355],[-49.294556,-24.9314],[-49.294576,-24.931382],[-49.29458,-24.931329],[-49.294616,-24.931306],[-49.294745,-24.931259],[-49.294759,-24.931242],[-49.29476,-24.931206],[-49.294783,-24.931182],[-49.294832,-24.931178],[-49.29489,-24.93122],[-49.29494,-24.931167],[-49.295038,-24.931145],[-49.2951,-24.931014],[-49.295148,-24.930971],[-49.295197,-24.930955],[-49.295393,-24.930932],[-49.295523,-24.930903],[-49.295608,-24.93085],[-49.295652,-24.93078],[-49.295657,-24.930699],[-49.295622,-24.930592],[-49.295594,-24.930551],[-49.295512,-24.930484],[-49.295492,-24.930448],[-49.295494,-24.93043],[-49.295556,-24.930342],[-49.29555,-24.930235],[-49.295533,-24.930181],[-49.29537,-24.929992],[-49.295317,-24.929893],[-49.295252,-24.929836],[-49.295221,-24.92975],[-49.295166,-24.929696],[-49.295126,-24.929697],[-49.295096,-24.929744],[-49.295033,-24.929774],[-49.295024,-24.929837],[-49.295039,-24.929899],[-49.295011,-24.92997],[-49.295007,-24.930059],[-49.294847,-24.93009],[-49.294789,-24.930085],[-49.29473,-24.930092],[-49.294652,-24.930074],[-49.294525,-24.930109],[-49.294437,-24.930107],[-49.294291,-24.930061],[-49.294223,-24.930029],[-49.294164,-24.930035],[-49.294086,-24.930006],[-49.29394,-24.929991],[-49.293872,-24.929937],[-49.293813,-24.929933],[-49.293753,-24.929902],[-49.293732,-24.929768],[-49.293677,-24.92967],[-49.293685,-24.929607],[-49.293718,-24.929554],[-49.293726,-24.92951],[-49.293772,-24.929448],[-49.293752,-24.929425],[-49.293674,-24.929411],[-49.293657,-24.929393],[-49.293634,-24.929339],[-49.293621,-24.929259],[-49.293614,-24.929108],[-49.293626,-24.928992],[-49.293662,-24.928939],[-49.293715,-24.928806],[-49.293751,-24.928779],[-49.293748,-24.928726],[-49.293811,-24.928693],[-49.29386,-24.928714],[-49.293929,-24.928669],[-49.293997,-24.928668],[-49.294037,-24.928641],[-49.294105,-24.928614],[-49.294174,-24.928621],[-49.294212,-24.928646],[-49.294271,-24.928645],[-49.294341,-24.928557],[-49.2944,-24.928536],[-49.294538,-24.928427],[-49.294577,-24.928423],[-49.29459,-24.928397],[-49.294725,-24.92834],[-49.294817,-24.928212],[-49.294816,-24.928168],[-49.294792,-24.92815],[-49.294787,-24.928132],[-49.294835,-24.928121],[-49.29486,-24.928079],[-49.294807,-24.928019],[-49.294803,-24.92798],[-49.294828,-24.927946],[-49.294884,-24.927919],[-49.294761,-24.927828],[-49.294749,-24.927784],[-49.294769,-24.927686],[-49.294757,-24.92765],[-49.294644,-24.927488],[-49.294541,-24.927398],[-49.294464,-24.927308],[-49.294173,-24.926904],[-49.293865,-24.926428],[-49.293803,-24.926302],[-49.293764,-24.926177]]}},{"type":"Feature","properties":{"alt":426.0,"mestra":false},"geometry":{"type":"LineString","coordinates":[[-49.292887,-24.933676],[-49.292825,-24.933688]]}},{"type":"Feature","properties":{"alt":426.0,"mestra":false},"geometry":{"type":"LineString","coordinates":[[-49.292784,-24.933688],[-49.292751,-24.933674]]}},{"type":"Feature","properties":{"alt":426.0,"mestra":false},"geometry":{"type":"LineString","coordinates":[[-49.295383,-24.928798],[-49.295397,-24.928807],[-49.295389,-24.928816],[-49.295353,-24.928844],[-49.295321,-24.928851],[-49.295324,-24.928815],[-49.295383,-24.928798]]}},{"type":"Feature","properties":{"alt":426.0,"mestra":false},"geometry":{"type":"LineString","coordinates":[[-49.29502,-24.928902],[-49.294997,-24.928909],[-49.29499,-24.928936],[-49.29501,-24.92894],[-49.295027,-24.928928],[-49.29502,-24.928902]]}},{"type":"Feature","properties":{"alt":426.0,"mestra":false},"geometry":{"type":"LineString","coordinates":[[-49.291611,-24.929493],[-49.291656,-24.929522],[-49.29168,-24.929576],[-49.291671,-24.92962],[-49.291628,-24.929642],[-49.291589,-24.929639],[-49.29155,-24.929621],[-49.291518,-24.929565],[-49.291521,-24.929529],[-49.29154,-24.929503],[-49.291572,-24.92949],[-49.291611,-24.929493]]}},{"type":"Feature","properties":{"alt":426.0,"mestra":false},"geometry":{"type":"LineString","coordinates":[[-49.295838,-24.929834],[-49.295814,-24.929846],[-49.295818,-24.929864],[-49.295838,-24.929867],[-49.295854,-24.929855],[-49.295838,-24.929834]]}},{"type":"Feature","properties":{"alt":426.0,"mestra":false},"geometry":{"type":"LineString","coordinates":[[-49.294839,-24.929991],[-49.294829,-24.929995],[-49.294839,-24.930002],[-49.294839,-24.929991]]}},{"type":"Feature","properties":{"alt":426.0,"mestra":false},"geometry":{"type":"LineString","coordinates":[[-49.295655,-24.930377],[-49.295651,-24.930396],[-49.295674,-24.930397],[-49.295655,-24.930377]]}},{"type":"Feature","properties":{"alt":426.0,"mestra":false},"geometry":{"type":"LineString","coordinates":[[-49.293984,-24.931774],[-49.293961,-24.931785],[-49.293973,-24.931804],[-49.293994,-24.931794],[-49.293984,-24.931774]]}},{"type":"Feature","properties":{"alt":426.0,"mestra":false},"geometry":{"type":"LineString","coordinates":[[-49.293025,-24.931817],[-49.293035,-24.931855],[-49.293015,-24.931873],[-49.293002,-24.931863],[-49.293,-24.931837],[-49.293006,-24.931819],[-49.293025,-24.931817]]}},{"type":"Feature","properties":{"alt":426.0,"mestra":false},"geometry":{"type":"LineString","coordinates":[[-49.292844,-24.93292],[-49.292824,-24.932936],[-49.292824,-24.932949],[-49.292844,-24.93292]]}},{"type":"Feature","properties":{"alt":427.0,"mestra":false},"geometry":{"type":"LineString","coordinates":[[-49.296437,-24.92753],[-49.296427,-24.927542],[-49.296407,-24.927542],[-49.296193,-24.92745],[-49.296057,-24.927435],[-49.295969,-24.927447],[-49.29589,-24.92747],[-49.295831,-24.927504],[-49.295772,-24.927558],[-49.295693,-24.92767],[-49.295604,-24.927927],[-49.29554,-24.92806],[-49.295501,-24.928104],[-49.295459,-24.928211],[-49.295519,-24.928318],[-49.295528,-24.928363],[-49.295506,-24.928434],[-49.295501,-24.928514],[-49.295447,-24.928558],[-49.29541,-24.92862],[-49.295361,-24.928655],[-49.295352,-24.928673],[-49.295344,-24.928771],[-49.295364,-24.928786],[-49.295403,-24.928789],[-49.295414,-24.928807],[-49.295264,-24.928909],[-49.295256,-24.928903],[-49.295279,-24.928877],[-49.295296,-24.928815],[-49.295288,-24.928779],[-49.295218,-24.928756],[-49.295168,-24.928811],[-49.29508,-24.928801],[-49.295061,-24.92883],[-49.295073,-24.928875],[-49.295128,-24.928904],[-49.295138,-24.928938],[-49.295097,-24.928992],[-49.295027,-24.929052],[-49.295047,-24.929076],[-49.295106,-24.929077],[-49.295169,-24.929143],[-49.29527,-24.929183],[-49.2953,-24.929185],[-49.295339,-24.92916],[-49.295388,-24.929155],[-49.295446,-24.92917],[-49.295495,-24.929205],[-49.295569,-24.929237],[-49.295631,-24.929221],[-49.295667,-24.929283],[-49.295718,-24.929297],[-49.295741,-24.929319],[-49.295754,-24.929373],[-49.295802,-24.929444],[-49.295823,-24.929507],[-49.295987,-24.929536],[-49.295974,-24.929634],[-49.296009,-24.92967],[-49.296021,-24.929723],[-49.295985,-24.92975],[-49.295977,-24.929785],[-49.295938,-24.92982],[-49.295916,-24.929876],[-49.295884,-24.929909],[-49.295895,-24.929935],[-49.29594,-24.929954],[-49.295948,-24.929981],[-49.295933,-24.930023],[-49.295884,-24.930045],[-49.295875,-24.930069],[-49.295917,-24.930123],[-49.295913,-24.930159],[-49.295926,-24.930186],[-49.29598,-24.930186],[-49.296027,-24.930283],[-49.296047,-24.930301],[-49.296086,-24.930315],[-49.296114,-24.930342],[-49.296164,-24.930331],[-49.296167,-24.930349],[-49.296148,-24.930393],[-49.296227,-24.930456],[-49.296307,-24.93056],[-49.296394,-24.93064]]}},{"type":"Feature","properties":{"alt":427.0,"mestra":false},"geometry":{"type":"LineString","coordinates":[[-49.291374,-24.933129],[-49.291404,-24.933127],[-49.291432,-24.933111],[-49.291474,-24.933058],[-49.291503,-24.93308],[-49.29159,-24.933098],[-49.291641,-24.933069],[-49.29164,-24.933049],[-49.29166,-24.933031],[-49.29168,-24.933069],[-49.291766,-24.933136],[-49.291805,-24.933098],[-49.291835,-24.933093],[-49.291864,-24.933099],[-49.291893,-24.933143],[-49.291922,-24.933157],[-49.292,-24.933171],[-49.292039,-24.933157],[-49.292085,-24.933092],[-49.292063,-24.933065],[-49.291993,-24.933028],[-49.291994,-24.933001],[-49.292042,-24.932969],[-49.29211,-24.932982],[-49.292149,-24.932965],[-49.292248,-24.932861],[-49.292259,-24.932808],[-49.2923,-24.932729],[-49.292368,-24.932671],[-49.292376,-24.932623],[-49.292424,-24.932579],[-49.292391,-24.93256],[-49.292392,-24.932525],[-49.292368,-24.932462],[-49.292368,-24.932426],[-49.292384,-24.932391],[-49.292377,-24.932355],[-49.29239,-24.932329],[-49.292422,-24.932294],[-49.292452,-24.932282],[-49.292471,-24.932288],[-49.292491,-24.932315],[-49.29251,-24.932318],[-49.292569,-24.932272],[-49.292667,-24.932234],[-49.292675,-24.932207],[-49.292655,-24.932162],[-49.292659,-24.932136],[-49.292703,-24.932109],[-49.292827,-24.931982],[-49.292848,-24.931986],[-49.292847,-24.932013],[-49.292934,-24.93205],[-49.292963,-24.932055],[-49.292993,-24.932042],[-49.293027,-24.931899],[-49.29299,-24.931854],[-49.293006,-24.931806],[-49.293025,-24.931807],[-49.293044,-24.931828],[-49.293044,-24.931889],[-49.293122,-24.931898],[-49.293183,-24.931874],[-49.293221,-24.931826],[-49.29325,-24.931814],[-49.293318,-24.931828],[-49.293377,-24.931818],[-49.293582,-24.931817],[-49.293777,-24.931844],[-49.293807,-24.93184],[-49.293856,-24.931786],[-49.293905,-24.931783],[-49.293935,-24.931755],[-49.29405,-24.931706],[-49.294113,-24.93158],[-49.294146,-24.931547],[-49.294196,-24.93152],[-49.294193,-24.931503],[-49.294168,-24.931485],[-49.294159,-24.93144],[-49.294165,-24.931404],[-49.294194,-24.931372],[-49.294263,-24.93134],[-49.294341,-24.931365],[-49.294439,-24.931342],[-49.294527,-24.931342],[-49.294592,-24.931302],[-49.294732,-24.93125],[-49.294762,-24.931188],[-49.294793,-24.931166],[-49.294833,-24.93116],[-49.294891,-24.93118],[-49.294923,-24.931154],[-49.295029,-24.931121],[-49.295048,-24.931104],[-49.295098,-24.930996],[-49.295145,-24.930961],[-49.295504,-24.930894],[-49.295576,-24.93085],[-49.295622,-24.930779],[-49.29563,-24.930699],[-49.295599,-24.930601],[-49.295569,-24.930556],[-49.295488,-24.930484],[-49.295472,-24.930448],[-49.295478,-24.930417],[-49.295536,-24.930333],[-49.295537,-24.930261],[-49.295523,-24.930199],[-49.295481,-24.930136],[-49.295348,-24.929992],[-49.295306,-24.929902],[-49.295242,-24.929849],[-49.295213,-24.929765],[-49.295165,-24.929716],[-49.295126,-24.929715],[-49.295106,-24.929745],[-49.295057,-24.929778],[-49.295037,-24.929804],[-49.295032,-24.929846],[-49.295051,-24.929899],[-49.295015,-24.929979],[-49.295015,-24.930024],[-49.295037,-24.930068],[-49.295036,-24.930104],[-49.295023,-24.930112],[-49.294955,-24.9301],[-49.294828,-24.930112],[-49.294779,-24.930099],[-49.29469,-24.930126],[-49.294681,-24.930118],[-49.294693,-24.930091],[-49.294652,-24.93008],[-49.294544,-24.930113],[-49.294436,-24.930119],[-49.294339,-24.930079],[-49.294281,-24.930068],[-49.294213,-24.93003],[-49.294164,-24.930038],[-49.294096,-24.930016],[-49.29393,-24.929995],[-49.293872,-24.929944],[-49.293819,-24.929939],[-49.293741,-24.929911],[-49.293744,-24.929875],[-49.293719,-24.929768],[-49.293661,-24.929678],[-49.293682,-24.929598],[-49.293715,-24.929545],[-49.293716,-24.92951],[-49.293761,-24.929467],[-49.293767,-24.929448],[-49.293752,-24.92943],[-49.293674,-24.929422],[-49.29365,-24.929402],[-49.293626,-24.929339],[-49.293615,-24.929259],[-49.29362,-24.929152],[-49.293609,-24.929054],[-49.293619,-24.928992],[-49.293654,-24.928948],[-49.293707,-24.928806],[-49.293748,-24.928779],[-49.293743,-24.928726],[-49.293811,-24.928685],[-49.29386,-24.928691],[-49.293939,-24.928658],[-49.293997,-24.928665],[-49.294037,-24.928631],[-49.294086,-24.92861],[-49.294164,-24.928612],[-49.294271,-24.928636],[-49.294301,-24.928612],[-49.294331,-24.928556],[-49.2944,-24.92853],[-49.294538,-24.928415],[-49.294715,-24.928333],[-49.294797,-24.928212],[-49.294774,-24.928132],[-49.294815,-24.928096],[-49.294824,-24.92807],[-49.294796,-24.928007],[-49.294797,-24.92798],[-49.294818,-24.927944],[-49.294859,-24.927919],[-49.294765,-24.927846],[-49.294747,-24.927819],[-49.294742,-24.927784],[-49.294761,-24.927695],[-49.294744,-24.927648],[-49.294626,-24.927497],[-49.294513,-24.927416],[-49.294436,-24.927328],[-49.293887,-24.926562],[-49.29377,-24.926355],[-49.293712,-24.926176]]}},{"type":"Feature","properties":{"alt":427.0,"mestra":false},"geometry":{"type":"LineString","coordinates":[[-49.292888,-24.933676],[-49.292829,-24.933688]]}},{"type":"Feature","properties":{"alt":427.0,"mestra":false},"geometry":{"type":"LineString","coordinates":[[-49.292782,-24.933688],[-49.29275,-24.933674]]}},{"type":"Feature","properties":{"alt":427.0,"mestra":false},"geometry":{"type":"LineString","coordinates":[[-49.295165,-24.929015],[-49.295172,-24.929027],[-49.295149,-24.929027],[-49.295165,-24.929015]]}},{"type":"Feature","properties":{"alt":427.0,"mestra":false},"geometry":{"type":"LineString","coordinates":[[-49.291601,-24.929485],[-49.29165,-24.929507],[-49.291681,-24.929558],[-49.29168,-24.929611],[-49.291638,-24.929644],[-49.291599,-24.929646],[-49.29156,-24.929633],[-49.291531,-24.929609],[-49.291513,-24.929574],[-49.291512,-24.929538],[-49.29153,-24.929503],[-49.291562,-24.929485],[-49.291601,-24.929485]]}},{"type":"Feature","properties":{"alt":427.0,"mestra":false},"geometry":{"type":"LineString","coordinates":[[-49.295838,-24.929838],[-49.295818,-24.929844],[-49.295818,-24.929859],[-49.295845,-24.929855],[-49.295838,-24.929838]]}},{"type":"Feature","properties":{"alt":427.0,"mestra":false},"geometry":{"type":"LineString","coordinates":[[-49.294547,-24.931353],[-49.294537,-24.93135],[-49.29453,-24.931373],[-49.294556,-24.93139],[-49.294564,-24.931373],[-49.294547,-24.931353]]}},{"type":"Feature","properties":{"alt":427.0,"mestra":false},"geometry":{"type":"LineString","coordinates":[[-49.293983,-24.931788],[-49.293973,-24.931794],[-49.293983,-24.931796],[-49.293983,-24.931788]]}},{"type":"Feature","properties":{"alt":427.0,"mestra":false},"geometry":{"type":"LineString","coordinates":[[-49.292245,-24.932388],[-49.292255,-24.93239],[-49.292255,-24.932404],[-49.292225,-24.932412],[-49.292225,-24.932398],[-49.292245,-24.932388]]}},{"type":"Feature","properties":{"alt":427.0,"mestra":false},"geometry":{"type":"LineString","coordinates":[[-49.292428,-24.932569],[-49.292428,-24.932569]]}},{"type":"Feature","properties":{"alt":427.0,"mestra":false},"geometry":{"type":"LineString","coordinates":[[-49.292834,-24.932929],[-49.292834,-24.932937],[-49.292834,-24.932929]]}},{"type":"Feature","properties":{"alt":428.0,"mestra":false},"geometry":{"type":"LineString","coordinates":[[-49.296435,-24.927626],[-49.296232,-24.927508],[-49.296105,-24.927473],[-49.296017,-24.927474],[-49.295929,-24.92749],[-49.29586,-24.927518],[-49.295801,-24.927561],[-49.295741,-24.927625],[-49.295701,-24.927688],[-49.295615,-24.927918],[-49.295541,-24.928069],[-49.295506,-24.928104],[-49.295499,-24.928149],[-49.295468,-24.928211],[-49.295528,-24.928327],[-49.295532,-24.928363],[-49.295509,-24.928434],[-49.295507,-24.928514],[-49.295465,-24.928549],[-49.295419,-24.92862],[-49.295363,-24.928673],[-49.295358,-24.928718],[-49.295372,-24.928771],[-49.295413,-24.928781],[-49.295424,-24.928807],[-49.295205,-24.928966],[-49.295203,-24.928947],[-49.295266,-24.928868],[-49.295272,-24.928797],[-49.295217,-24.928767],[-49.295168,-24.928822],[-49.295094,-24.92883],[-49.295096,-24.928866],[-49.295133,-24.928902],[-49.295144,-24.928929],[-49.295126,-24.928998],[-49.295175,-24.929006],[-49.295183,-24.929019],[-49.295175,-24.929035],[-49.295126,-24.929062],[-49.295173,-24.929139],[-49.29528,-24.929183],[-49.295306,-24.92918],[-49.295339,-24.929157],[-49.295427,-24.929157],[-49.295573,-24.929234],[-49.295632,-24.929216],[-49.29567,-24.929278],[-49.295718,-24.929293],[-49.295744,-24.929319],[-49.295756,-24.929373],[-49.295803,-24.929436],[-49.295823,-24.929499],[-49.295901,-24.929519],[-49.295995,-24.929527],[-49.295984,-24.929616],[-49.296016,-24.929667],[-49.296028,-24.929723],[-49.295996,-24.929753],[-49.295988,-24.929785],[-49.295945,-24.92982],[-49.295924,-24.929883],[-49.295892,-24.929909],[-49.295895,-24.929927],[-49.295944,-24.929948],[-49.295955,-24.929972],[-49.295934,-24.930034],[-49.295893,-24.93006],[-49.295922,-24.930123],[-49.295919,-24.930168],[-49.295941,-24.930186],[-49.29597,-24.930157],[-49.29598,-24.930162],[-49.296038,-24.930285],[-49.296115,-24.930338],[-49.296164,-24.930325],[-49.296172,-24.930331],[-49.296155,-24.930393],[-49.296172,-24.930405],[-49.296202,-24.930403],[-49.296395,-24.93057]]}},{"type":"Feature","properties":{"alt":428.0,"mestra":false},"geometry":{"type":"LineString","coordinates":[[-49.291385,-24.9331],[-49.291431,-24.933084],[-49.291464,-24.933022],[-49.291513,-24.933067],[-49.291571,-24.933095],[-49.29159,-24.933092],[-49.291617,-24.933068],[-49.291634,-24.933024],[-49.29166,-24.933015],[-49.291681,-24.933025],[-49.291698,-24.933073],[-49.291766,-24.933102],[-49.291884,-24.933077],[-49.29189,-24.933125],[-49.291905,-24.933143],[-49.291971,-24.933163],[-49.292029,-24.933158],[-49.292077,-24.933092],[-49.292054,-24.933065],[-49.291987,-24.933028],[-49.291994,-24.932993],[-49.292042,-24.932962],[-49.29211,-24.932976],[-49.292139,-24.932966],[-49.292247,-24.932853],[-49.292253,-24.932799],[-49.292296,-24.932711],[-49.292363,-24.932658],[-49.292377,-24.932596],[-49.292357,-24.932551],[-49.292352,-24.932426],[-49.292368,-24.932346],[-49.292442,-24.932273],[-49.292485,-24.932276],[-49.2925,-24.932303],[-49.292548,-24.932268],[-49.292658,-24.932234],[-49.292668,-24.932207],[-49.292644,-24.932162],[-49.292644,-24.932135],[-49.292696,-24.9321],[-49.292828,-24.931975],[-49.292854,-24.931977],[-49.292879,-24.932004],[-49.292944,-24.932045],[-49.292987,-24.932041],[-49.293,-24.932015],[-49.293011,-24.931908],[-49.292982,-24.931854],[-49.293001,-24.931801],[-49.293025,-24.931799],[-49.293047,-24.931819],[-49.293056,-24.931873],[-49.293122,-24.931892],[-49.293171,-24.931873],[-49.293231,-24.931805],[-49.293328,-24.931809],[-49.293378,-24.93177],[-49.293446,-24.931806],[-49.293602,-24.931808],[-49.293797,-24.931835],[-49.293834,-24.931793],[-49.293896,-24.931768],[-49.293921,-24.93174],[-49.293974,-24.931733],[-49.294035,-24.931697],[-49.294104,-24.93157],[-49.294153,-24.931525],[-49.294183,-24.931513],[-49.294159,-24.931493],[-49.294154,-24.931413],[-49.294175,-24.931373],[-49.294222,-24.931343],[-49.294273,-24.931325],[-49.294312,-24.931347],[-49.294351,-24.931353],[-49.29443,-24.931328],[-49.294488,-24.931327],[-49.294714,-24.931247],[-49.29476,-24.931179],[-49.294794,-24.931155],[-49.29498,-24.931124],[-49.29502,-24.931102],[-49.295059,-24.931052],[-49.295089,-24.930989],[-49.295129,-24.930956],[-49.295188,-24.930936],[-49.295374,-24.930913],[-49.295486,-24.930885],[-49.295556,-24.930841],[-49.295599,-24.93077],[-49.295605,-24.930699],[-49.295578,-24.930609],[-49.29555,-24.930565],[-49.295475,-24.930492],[-49.295457,-24.930448],[-49.295465,-24.930403],[-49.295519,-24.930315],[-49.295506,-24.930208],[-49.295443,-24.930118],[-49.295323,-24.929992],[-49.29529,-24.92991],[-49.295221,-24.929857],[-49.295199,-24.929776],[-49.295165,-24.929739],[-49.295136,-24.929736],[-49.29507,-24.929784],[-49.295043,-24.929819],[-49.295042,-24.929855],[-49.295068,-24.9299],[-49.29502,-24.929979],[-49.29502,-24.930015],[-49.295052,-24.930069],[-49.29505,-24.930113],[-49.295033,-24.93013],[-49.294915,-24.930123],[-49.294866,-24.930134],[-49.294798,-24.930129],[-49.2947,-24.930148],[-49.294663,-24.930136],[-49.29467,-24.9301],[-49.294652,-24.930088],[-49.294593,-24.930122],[-49.294427,-24.93013],[-49.294378,-24.930114],[-49.294339,-24.930086],[-49.294271,-24.930074],[-49.294223,-24.930036],[-49.294164,-24.930042],[-49.294115,-24.930026],[-49.293969,-24.930014],[-49.29392,-24.929997],[-49.293862,-24.929946],[-49.29373,-24.92992],[-49.293733,-24.929884],[-49.293712,-24.929777],[-49.293652,-24.929678],[-49.293678,-24.92959],[-49.293708,-24.929545],[-49.293706,-24.92951],[-49.293757,-24.929466],[-49.293763,-24.929448],[-49.293742,-24.929431],[-49.293664,-24.92943],[-49.293643,-24.929411],[-49.29362,-24.929339],[-49.293609,-24.929259],[-49.293618,-24.929152],[-49.293601,-24.929045],[-49.293611,-24.928992],[-49.293649,-24.928947],[-49.293699,-24.928805],[-49.293745,-24.928779],[-49.293738,-24.928726],[-49.293811,-24.928678],[-49.29385,-24.928678],[-49.293939,-24.92865],[-49.293997,-24.928662],[-49.294027,-24.928628],[-49.294076,-24.928602],[-49.294213,-24.928611],[-49.294271,-24.928624],[-49.294301,-24.928605],[-49.29432,-24.928554],[-49.294393,-24.928528],[-49.294538,-24.928403],[-49.29469,-24.928336],[-49.294725,-24.928296],[-49.294769,-24.928212],[-49.294766,-24.928123],[-49.294804,-24.928069],[-49.29479,-24.92798],[-49.294825,-24.927909],[-49.294754,-24.927846],[-49.294739,-24.927819],[-49.294753,-24.927703],[-49.294741,-24.927659],[-49.294676,-24.927596],[-49.294609,-24.927504],[-49.294496,-24.927442],[-49.294441,-24.927388],[-49.294234,-24.927097],[-49.293837,-24.926579],[-49.293722,-24.926373],[-49.293659,-24.926176]]}},{"type":"Feature","properties":{"alt":428.0,"mestra":false},"geometry":{"type":"LineString","coordinates":[[-49.292888,-24.933676],[-49.292833,-24.933688]]}},{"type":"Feature","properties":{"alt":428.0,"mestra":false},"geometry":{"type":"LineString","coordinates":[[-49.29278,-24.933688],[-49.29275,-24.933674]]}},{"type":"Feature","properties":{"alt":428.0,"mestra":false},"geometry":{"type":"LineString","coordinates":[[-49.295087,-24.929042],[-49.295047,-24.929043],[-49.295036,-24.929061],[-49.295047,-24.929068],[-49.295076,-24.929062],[-49.295087,-24.929042]]}},{"type":"Feature","properties":{"alt":428.0,"mestra":false},"geometry":{"type":"LineString","coordinates":[[-49.291621,-24.929484],[-49.291675,-24.929531],[-49.291688,-24.929593],[-49.291658,-24.929641],[-49.291599,-24.929651],[-49.291531,-24.929617],[-49.291509,-24.929582],[-49.291503,-24.929547],[-49.291515,-24.929511],[-49.291542,-24.929485],[-49.291582,-24.929477],[-49.291621,-24.929484]]}},{"type":"Feature","properties":{"alt":428.0,"mestra":false},"geometry":{"type":"LineString","coordinates":[[-49.295838,-24.929846],[-49.295828,-24.929842],[-49.295821,-24.929855],[-49.295838,-24.929855],[-49.295838,-24.929846]]}},{"type":"Feature","properties":{"alt":428.0,"mestra":false},"geometry":{"type":"LineString","coordinates":[[-49.292255,-24.93238],[-49.292273,-24.932399],[-49.292223,-24.932425],[-49.292216,-24.932398],[-49.292255,-24.93238]]}},{"type":"Feature","properties":{"alt":429.0,"mestra":false},"geometry":{"type":"LineString","coordinates":[[-49.296434,-24.927699],[-49.296249,-24.92756],[-49.296183,-24.927527],[-49.296105,-24.927509],[-49.296007,-24.927508],[-49.295899,-24.927532],[-49.29583,-24.927569],[-49.295771,-24.927622],[-49.295701,-24.927723],[-49.295634,-24.927892],[-49.29555,-24.928065],[-49.29551,-24.928104],[-49.295507,-24.928149],[-49.295482,-24.928211],[-49.295537,-24.928345],[-49.295512,-24.928434],[-49.295514,-24.928514],[-49.295475,-24.928551],[-49.295425,-24.928628],[-49.295375,-24.928673],[-49.295376,-24.928727],[-49.295439,-24.928763],[-49.295435,-24.928799],[-49.295343,-24.928882],[-49.295264,-24.92893],[-49.295195,-24.928992],[-49.295184,-24.929033],[-49.29515,-24.929054],[-49.295141,-24.929072],[-49.295178,-24.929134],[-49.295274,-24.92918],[-49.2953,-24.92918],[-49.295329,-24.929156],[-49.295408,-24.929149],[-49.295469,-24.929164],[-49.295573,-24.929231],[-49.295632,-24.929211],[-49.29567,-24.929271],[-49.295718,-24.929288],[-49.295742,-24.92931],[-49.295758,-24.929373],[-49.295811,-24.929436],[-49.295833,-24.929495],[-49.295911,-24.929514],[-49.296009,-24.929513],[-49.295993,-24.929607],[-49.296025,-24.929661],[-49.296035,-24.929732],[-49.296006,-24.929759],[-49.295993,-24.929794],[-49.295952,-24.929821],[-49.295939,-24.929883],[-49.295901,-24.929918],[-49.295944,-24.929935],[-49.295963,-24.929963],[-49.295947,-24.930025],[-49.295954,-24.930088],[-49.295931,-24.930097],[-49.295925,-24.930168],[-49.295944,-24.930177],[-49.295961,-24.93011],[-49.295971,-24.930114],[-49.296049,-24.930285],[-49.296115,-24.930334],[-49.296164,-24.930319],[-49.296173,-24.930325],[-49.296163,-24.930395],[-49.296211,-24.930396],[-49.296396,-24.930516]]}},{"type":"Feature","properties":{"alt":429.0,"mestra":false},"geometry":{"type":"LineString","coordinates":[[-49.291383,-24.933082],[-49.291419,-24.933066],[-49.291445,-24.933022],[-49.291464,-24.93301],[-49.291581,-24.933089],[-49.291604,-24.933068],[-49.291618,-24.933015],[-49.29166,-24.933004],[-49.291688,-24.933016],[-49.291708,-24.933067],[-49.291776,-24.933083],[-49.291845,-24.933082],[-49.291894,-24.933056],[-49.291906,-24.933072],[-49.2919,-24.933125],[-49.291912,-24.933139],[-49.291971,-24.933157],[-49.292027,-24.933153],[-49.292069,-24.933091],[-49.292047,-24.933064],[-49.29198,-24.933028],[-49.291987,-24.932992],[-49.292012,-24.932966],[-49.292042,-24.932955],[-49.29211,-24.932971],[-49.292139,-24.932959],[-49.292209,-24.932872],[-49.292239,-24.932851],[-49.292244,-24.932799],[-49.29228,-24.932711],[-49.292353,-24.932649],[-49.292349,-24.932604],[-49.292318,-24.932568],[-49.29234,-24.932471],[-49.292323,-24.932399],[-49.292355,-24.932346],[-49.292442,-24.932263],[-49.292648,-24.932232],[-49.292659,-24.932207],[-49.292616,-24.932108],[-49.29265,-24.932113],[-49.292674,-24.9321],[-49.292837,-24.931962],[-49.292857,-24.931961],[-49.292954,-24.932041],[-49.292983,-24.932038],[-49.292994,-24.932015],[-49.293,-24.931908],[-49.292975,-24.931845],[-49.292996,-24.931797],[-49.293016,-24.931791],[-49.293035,-24.931799],[-49.293055,-24.931819],[-49.293067,-24.931864],[-49.293122,-24.931886],[-49.293169,-24.931865],[-49.293221,-24.931798],[-49.293329,-24.931791],[-49.293359,-24.931729],[-49.293377,-24.931734],[-49.293426,-24.931787],[-49.293455,-24.931798],[-49.293602,-24.931798],[-49.293797,-24.931821],[-49.293835,-24.931784],[-49.29389,-24.931758],[-49.293916,-24.931728],[-49.293965,-24.931727],[-49.294024,-24.931689],[-49.294086,-24.931573],[-49.294146,-24.931511],[-49.294155,-24.931385],[-49.294215,-24.931334],[-49.294264,-24.931315],[-49.294341,-24.93134],[-49.294421,-24.931318],[-49.294479,-24.931318],[-49.294704,-24.93124],[-49.294784,-24.931149],[-49.294941,-24.931112],[-49.295019,-24.931079],[-49.295049,-24.931045],[-49.295081,-24.930978],[-49.295119,-24.930946],[-49.295178,-24.930927],[-49.295364,-24.930903],[-49.295469,-24.930876],[-49.295538,-24.930832],[-49.295575,-24.93077],[-49.295582,-24.930699],[-49.295562,-24.930627],[-49.295532,-24.930573],[-49.295458,-24.930494],[-49.295441,-24.930456],[-49.295445,-24.930403],[-49.295498,-24.930305],[-49.29549,-24.930225],[-49.29542,-24.930117],[-49.295278,-24.929973],[-49.295267,-24.92992],[-49.295192,-24.929869],[-49.295174,-24.929785],[-49.295155,-24.929765],[-49.295126,-24.929764],[-49.295096,-24.929778],[-49.295052,-24.929828],[-49.295056,-24.929862],[-49.295099,-24.9299],[-49.295045,-24.929946],[-49.295025,-24.929979],[-49.295027,-24.930015],[-49.295056,-24.930042],[-49.295066,-24.930069],[-49.295053,-24.930176],[-49.295032,-24.930191],[-49.294993,-24.93016],[-49.294915,-24.930144],[-49.294856,-24.930157],[-49.294709,-24.930166],[-49.294641,-24.930147],[-49.294602,-24.930159],[-49.294534,-24.930134],[-49.294407,-24.930141],[-49.294329,-24.930093],[-49.294261,-24.930079],[-49.294223,-24.930039],[-49.294164,-24.930045],[-49.294115,-24.93003],[-49.293969,-24.930025],[-49.29392,-24.930005],[-49.293862,-24.929951],[-49.293728,-24.929929],[-49.293719,-24.92992],[-49.293723,-24.929884],[-49.293702,-24.929777],[-49.293645,-24.929678],[-49.293675,-24.929572],[-49.293693,-24.929545],[-49.293693,-24.929509],[-49.293752,-24.929465],[-49.293758,-24.929448],[-49.293732,-24.929435],[-49.293664,-24.929443],[-49.293635,-24.929417],[-49.293603,-24.929259],[-49.293615,-24.929152],[-49.293593,-24.929027],[-49.293607,-24.928983],[-49.293648,-24.928939],[-49.293695,-24.928797],[-49.293742,-24.928779],[-49.293732,-24.928726],[-49.293752,-24.928704],[-49.293811,-24.928672],[-49.293949,-24.928641],[-49.293997,-24.928658],[-49.294021,-24.928622],[-49.294066,-24.928595],[-49.294281,-24.928611],[-49.294301,-24.928593],[-49.294311,-24.928549],[-49.29439,-24.928522],[-49.294544,-24.928387],[-49.294675,-24.928335],[-49.294729,-24.928256],[-49.294757,-24.928114],[-49.294789,-24.92806],[-49.294782,-24.927989],[-49.294812,-24.927909],[-49.294734,-24.927828],[-49.294729,-24.927792],[-49.294747,-24.927703],[-49.294731,-24.927659],[-49.294656,-24.927595],[-49.29459,-24.927504],[-49.294551,-24.927483],[-49.294473,-24.927464],[-49.294434,-24.927435],[-49.294166,-24.927065],[-49.293798,-24.926614],[-49.293677,-24.926399],[-49.293605,-24.926175]]}},{"type":"Feature","properties":{"alt":429.0,"mestra":false},"geometry":{"type":"LineString","coordinates":[[-49.292888,-24.933677],[-49.292836,-24.933688]]}},{"type":"Feature","properties":{"alt":429.0,"mestra":false},"geometry":{"type":"LineString","coordinates":[[-49.292778,-24.933688],[-49.292749,-24.933675]]}},{"type":"Feature","properties":{"alt":429.0,"mestra":false},"geometry":{"type":"LineString","coordinates":[[-49.295217,-24.928787],[-49.295183,-24.928822],[-49.295131,-24.92884],[-49.295118,-24.928857],[-49.295166,-24.928971],[-49.295258,-24.928859],[-49.295257,-24.928805],[-49.295217,-24.928787]]}},{"type":"Feature","properties":{"alt":429.0,"mestra":false},"geometry":{"type":"LineString","coordinates":[[-49.293673,-24.928765],[-49.293673,-24.928779],[-49.293673,-24.928765]]}},{"type":"Feature","properties":{"alt":429.0,"mestra":false},"geometry":{"type":"LineString","coordinates":[[-49.291611,-24.929476],[-49.291669,-24.929513],[-49.291694,-24.929576],[-49.291677,-24.929631],[-49.291618,-24.929656],[-49.291579,-24.929652],[-49.29154,-24.929633],[-49.29151,-24.9296],[-49.291493,-24.929556],[-49.291507,-24.929511],[-49.29153,-24.929485],[-49.291572,-24.929472],[-49.291611,-24.929476]]}},{"type":"Feature","properties":{"alt":429.0,"mestra":false},"geometry":{"type":"LineString","coordinates":[[-49.292275,-24.932378],[-49.292289,-24.93239],[-49.292282,-24.932408],[-49.292235,-24.932432],[-49.292215,-24.932432],[-49.292206,-24.932416],[-49.292216,-24.932388],[-49.292245,-24.932373],[-49.292275,-24.932378]]}},{"type":"Feature","properties":{"alt":430.0,"mestra":true},"geometry":{"type":"LineString","coordinates":[[-49.296433,-24.927778],[-49.296259,-24.927614],[-49.296192,-24.92757],[-49.296124,-24.927547],[-49.296026,-24.927539],[-49.295918,-24.927556],[-49.295849,-24.927587],[-49.29578,-24.927643],[-49.295717,-24.927723],[-49.295553,-24.928069],[-49.295517,-24.928104],[-49.295497,-24.928211],[-49.295543,-24.928345],[-49.295515,-24.928434],[-49.295534,-24.928541],[-49.295394,-24.928673],[-49.295396,-24.928718],[-49.295448,-24.928763],[-49.295442,-24.928797],[-49.295385,-24.928843],[-49.295352,-24.928887],[-49.295253,-24.928948],[-49.295153,-24.929072],[-49.295191,-24.929134],[-49.29527,-24.929176],[-49.2953,-24.929176],[-49.29532,-24.929153],[-49.295427,-24.929145],[-49.295488,-24.929165],[-49.295573,-24.929227],[-49.295622,-24.929207],[-49.295641,-24.92921],[-49.29567,-24.929263],[-49.295719,-24.929283],[-49.295746,-24.92931],[-49.295761,-24.929373],[-49.295815,-24.929427],[-49.295833,-24.929481],[-49.295911,-24.929507],[-49.296009,-24.929499],[-49.296028,-24.929509],[-49.296005,-24.929598],[-49.296037,-24.929643],[-49.296044,-24.929732],[-49.296006,-24.929794],[-49.295959,-24.929821],[-49.295949,-24.929838],[-49.295974,-24.929946],[-49.295955,-24.930026],[-49.295976,-24.930061],[-49.296001,-24.930151],[-49.296042,-24.930214],[-49.296044,-24.930258],[-49.296057,-24.930281],[-49.296117,-24.93033],[-49.296164,-24.930314],[-49.296177,-24.930322],[-49.296179,-24.930358],[-49.296164,-24.930384],[-49.296172,-24.930393],[-49.296212,-24.930387],[-49.296396,-24.930477]]}},{"type":"Feature","properties":{"alt":430.0,"mestra":true},"geometry":{"type":"LineString","coordinates":[[-49.291471,-24.929554],[-49.291523,-24.929482],[-49.291562,-24.929467],[-49.291601,-24.929468],[-49.29164,-24.929482],[-49.291676,-24.929513],[-49.291694,-24.929549],[-49.291699,-24.929594],[-49.291667,-24.929647],[-49.291599,-24.929661],[-49.29154,-24.92964],[-49.291473,-24.929571]]}},{"type":"Feature","properties":{"alt":430.0,"mestra":true},"geometry":{"type":"LineString","coordinates":[[-49.291375,-24.933065],[-49.291465,-24.932998],[-49.291581,-24.933079],[-49.291595,-24.933059],[-49.29159,-24.933015],[-49.291611,-24.932997],[-49.29165,-24.932992],[-49.291695,-24.933007],[-49.291718,-24.933053],[-49.291845,-24.933075],[-49.291884,-24.933048],[-49.291904,-24.933049],[-49.291918,-24.933072],[-49.291909,-24.933116],[-49.291919,-24.933134],[-49.291961,-24.933149],[-49.292025,-24.933144],[-49.292061,-24.933091],[-49.292039,-24.933064],[-49.291972,-24.933028],[-49.291979,-24.932992],[-49.292,-24.932966],[-49.292032,-24.93295],[-49.292062,-24.932948],[-49.29211,-24.932964],[-49.29213,-24.932957],[-49.292225,-24.932844],[-49.29227,-24.932699],[-49.292342,-24.93264],[-49.292335,-24.932613],[-49.292297,-24.932568],[-49.292324,-24.93247],[-49.29232,-24.932444],[-49.292303,-24.932424],[-49.292284,-24.932419],[-49.292215,-24.932444],[-49.292199,-24.932416],[-49.292208,-24.932389],[-49.292245,-24.932367],[-49.292314,-24.932377],[-49.292432,-24.932258],[-49.292521,-24.932217],[-49.292589,-24.932232],[-49.292645,-24.932225],[-49.292649,-24.932207],[-49.292596,-24.932126],[-49.292605,-24.932082],[-49.292621,-24.932071],[-49.29267,-24.932078],[-49.292788,-24.931999],[-49.292848,-24.931931],[-49.292862,-24.931933],[-49.292877,-24.93196],[-49.292956,-24.932032],[-49.292979,-24.932032],[-49.29299,-24.931908],[-49.292967,-24.931845],[-49.292996,-24.931791],[-49.293035,-24.931793],[-49.293061,-24.931819],[-49.293076,-24.931855],[-49.293122,-24.93188],[-49.293156,-24.931865],[-49.293211,-24.931793],[-49.293322,-24.931778],[-49.293359,-24.931718],[-49.293381,-24.931725],[-49.293427,-24.931773],[-49.293465,-24.931792],[-49.293602,-24.931788],[-49.29369,-24.931805],[-49.293788,-24.931807],[-49.293876,-24.931757],[-49.293912,-24.931722],[-49.293965,-24.931719],[-49.294011,-24.931688],[-49.294079,-24.931564],[-49.29414,-24.931502],[-49.294139,-24.931422],[-49.29415,-24.931377],[-49.294215,-24.931323],[-49.294264,-24.931306],[-49.294351,-24.931328],[-49.294479,-24.931308],[-49.294695,-24.931232],[-49.294784,-24.931139],[-49.294931,-24.9311],[-49.29502,-24.93106],[-49.295055,-24.931013],[-49.295071,-24.93096],[-49.295109,-24.930936],[-49.295159,-24.930918],[-49.295354,-24.930893],[-49.295452,-24.930866],[-49.29552,-24.930823],[-49.295555,-24.930761],[-49.295561,-24.930698],[-49.295544,-24.930636],[-49.295514,-24.930582],[-49.295438,-24.930492],[-49.295423,-24.930456],[-49.295429,-24.930394],[-49.295474,-24.930296],[-49.295464,-24.930225],[-49.295396,-24.930117],[-49.295269,-24.929998],[-49.295211,-24.929922],[-49.295163,-24.929913],[-49.295114,-24.929922],[-49.295064,-24.929943],[-49.295035,-24.92997],[-49.29503,-24.930006],[-49.295073,-24.930042],[-49.29508,-24.930069],[-49.295067,-24.930176],[-49.295031,-24.930207],[-49.294963,-24.93018],[-49.294895,-24.930169],[-49.294827,-24.930185],[-49.294651,-24.930182],[-49.294573,-24.930171],[-49.294514,-24.930143],[-49.294397,-24.930158],[-49.294368,-24.930147],[-49.294319,-24.930107],[-49.294261,-24.930091],[-49.294235,-24.93005],[-49.294213,-24.930038],[-49.294164,-24.930049],[-49.294125,-24.930035],[-49.294056,-24.930044],[-49.293959,-24.930038],[-49.293862,-24.929956],[-49.293715,-24.929929],[-49.293693,-24.929777],[-49.293639,-24.929678],[-49.293675,-24.929509],[-49.293694,-24.929474],[-49.293644,-24.929449],[-49.293622,-24.929411],[-49.293596,-24.929232],[-49.293612,-24.929152],[-49.293576,-24.929018],[-49.293604,-24.928974],[-49.293637,-24.928947],[-49.293643,-24.928912],[-49.293678,-24.92885],[-49.293685,-24.928805],[-49.29366,-24.928778],[-49.29366,-24.92876],[-49.293673,-24.928753],[-49.293694,-24.928788],[-49.293732,-24.928786],[-49.293742,-24.92877],[-49.293727,-24.928726],[-49.293782,-24.928678],[-49.293939,-24.928635],[-49.293968,-24.928638],[-49.293987,-24.928654],[-49.29401,-24.928622],[-49.294067,-24.928588],[-49.294284,-24.928598],[-49.294292,-24.928589],[-49.294285,-24.928563],[-49.294297,-24.928545],[-49.294381,-24.928519],[-49.294539,-24.928379],[-49.294666,-24.92833],[-49.29471,-24.928264],[-49.294746,-24.928104],[-49.294775,-24.928051],[-49.294776,-24.92798],[-49.294802,-24.927918],[-49.29479,-24.927891],[-49.294742,-24.927855],[-49.294726,-24.927828],[-49.294723,-24.927792],[-49.294741,-24.927712],[-49.294724,-24.927664],[-49.294634,-24.927595],[-49.2946,-24.927532],[-49.29457,-24.927505],[-49.294522,-24.92749],[-49.294443,-24.927493],[-49.294414,-24.927472],[-49.294136,-24.927088],[-49.293756,-24.926649],[-49.293687,-24.926542],[-49.293629,-24.926425],[-49.293549,-24.926175]]}},{"type":"Feature","properties":{"alt":430.0,"mestra":true},"geometry":{"type":"LineString","coordinates":[[-49.292889,-24.933677],[-49.292838,-24.933688]]}},{"type":"Feature","properties":{"alt":430.0,"mestra":true},"geometry":{"type":"LineString","coordinates":[[-49.292775,-24.933688],[-49.292749,-24.933675]]}},{"type":"Feature","properties":{"alt":430.0,"mestra":true},"geometry":{"type":"LineString","coordinates":[[-49.29451,-24.927599],[-49.294532,-24.927621],[-49.29451,-24.927647],[-49.294475,-24.927629],[-49.294464,-24.927611],[-49.294481,-24.927596],[-49.29451,-24.927599]]}},{"type":"Feature","properties":{"alt":430.0,"mestra":true},"geometry":{"type":"LineString","coordinates":[[-49.294623,-24.927911],[-49.294623,-24.927922],[-49.294623,-24.927911]]}},{"type":"Feature","properties":{"alt":430.0,"mestra":true},"geometry":{"type":"LineString","coordinates":[[-49.295236,-24.928809],[-49.295217,-24.928807],[-49.295137,-24.928849],[-49.295134,-24.928875],[-49.295166,-24.92894],[-49.295196,-24.928927],[-49.295239,-24.928877],[-49.29525,-24.928832],[-49.295236,-24.928809]]}},{"type":"Feature","properties":{"alt":430.0,"mestra":true},"geometry":{"type":"LineString","coordinates":[[-49.293742,-24.929442],[-49.293696,-24.929465],[-49.293742,-24.929465],[-49.293752,-24.929457],[-49.293742,-24.929442]]}},{"type":"Feature","properties":{"alt":430.0,"mestra":true},"geometry":{"type":"LineString","coordinates":[[-49.295115,-24.92979],[-49.295065,-24.929828],[-49.295061,-24.929846],[-49.295075,-24.929864],[-49.295148,-24.929856],[-49.295115,-24.92979]]}},{"type":"Feature","properties":{"alt":431.0,"mestra":false},"geometry":{"type":"LineString","coordinates":[[-49.296432,-24.927864],[-49.296261,-24.927667],[-49.296193,-24.927613],[-49.296133,-24.927585],[-49.296035,-24.927571],[-49.295937,-24.927583],[-49.295859,-24.927612],[-49.29579,-24.927663],[-49.29572,-24.927749],[-49.295554,-24.928078],[-49.295521,-24.928113],[-49.29551,-24.928229],[-49.295549,-24.928354],[-49.295518,-24.928443],[-49.295527,-24.928506],[-49.295547,-24.928541],[-49.295513,-24.928599],[-49.295472,-24.928639],[-49.295425,-24.928665],[-49.295415,-24.928683],[-49.295413,-24.928709],[-49.295451,-24.928754],[-49.295452,-24.928785],[-49.295432,-24.928817],[-49.295389,-24.928843],[-49.295353,-24.928896],[-49.295264,-24.92895],[-49.295164,-24.929072],[-49.295194,-24.929126],[-49.29527,-24.929173],[-49.295301,-24.929171],[-49.295302,-24.929154],[-49.295277,-24.929135],[-49.295291,-24.929126],[-49.295339,-24.929148],[-49.295418,-24.929139],[-49.29547,-24.929147],[-49.295544,-24.929188],[-49.295583,-24.929223],[-49.295622,-24.929203],[-49.295641,-24.929204],[-49.29567,-24.929255],[-49.295738,-24.929294],[-49.295759,-24.929328],[-49.295766,-24.929377],[-49.295826,-24.929418],[-49.295853,-24.929472],[-49.295911,-24.9295],[-49.296019,-24.92949],[-49.296039,-24.929501],[-49.296017,-24.929583],[-49.296027,-24.929596],[-49.296066,-24.929598],[-49.296072,-24.929608],[-49.296046,-24.929679],[-49.296053,-24.929741],[-49.29602,-24.929795],[-49.295965,-24.929822],[-49.295955,-24.929838],[-49.295985,-24.929892],[-49.295991,-24.929928],[-49.295961,-24.930017],[-49.295986,-24.930053],[-49.296009,-24.930151],[-49.296059,-24.930205],[-49.296059,-24.930267],[-49.296115,-24.930325],[-49.296174,-24.930312],[-49.296192,-24.930374],[-49.296396,-24.930447]]}},{"type":"Feature","properties":{"alt":431.0,"mestra":false},"geometry":{"type":"LineString","coordinates":[[-49.291466,-24.929549],[-49.29152,-24.929476],[-49.291592,-24.92946],[-49.291666,-24.929495],[-49.291704,-24.929567],[-49.291692,-24.929629],[-49.291638,-24.929665],[-49.291569,-24.92966],[-49.291501,-24.929615],[-49.291472,-24.929607]]}},{"type":"Feature","properties":{"alt":431.0,"mestra":false},"geometry":{"type":"LineString","coordinates":[[-49.291363,-24.933036],[-49.291455,-24.932985],[-49.291523,-24.933014],[-49.291577,-24.932988],[-49.291651,-24.932979],[-49.29169,-24.932991],[-49.291738,-24.93303],[-49.291796,-24.933056],[-49.291845,-24.933067],[-49.291884,-24.933041],[-49.291921,-24.933045],[-49.29193,-24.933072],[-49.291921,-24.933116],[-49.291942,-24.933137],[-49.29203,-24.933129],[-49.292051,-24.933091],[-49.292032,-24.933064],[-49.291966,-24.933037],[-49.291958,-24.933019],[-49.291969,-24.932992],[-49.291993,-24.932962],[-49.292032,-24.932944],[-49.292062,-24.932941],[-49.29211,-24.932956],[-49.292124,-24.932949],[-49.292213,-24.932835],[-49.292258,-24.932684],[-49.292323,-24.932631],[-49.292284,-24.932559],[-49.292307,-24.932452],[-49.292274,-24.93243],[-49.292254,-24.932438],[-49.292243,-24.932461],[-49.292215,-24.932458],[-49.292193,-24.932424],[-49.292202,-24.932389],[-49.292246,-24.932361],[-49.292314,-24.932364],[-49.292344,-24.932328],[-49.292393,-24.932302],[-49.292423,-24.932252],[-49.292472,-24.932231],[-49.292502,-24.932194],[-49.292541,-24.932183],[-49.29259,-24.932215],[-49.292635,-24.932216],[-49.292577,-24.932135],[-49.292575,-24.932108],[-49.292592,-24.932073],[-49.292611,-24.932059],[-49.29267,-24.932056],[-49.292778,-24.932],[-49.292848,-24.93192],[-49.292867,-24.931919],[-49.292886,-24.931953],[-49.292949,-24.931987],[-49.292973,-24.932022],[-49.292967,-24.931952],[-49.292978,-24.931908],[-49.292958,-24.931854],[-49.292974,-24.93181],[-49.292996,-24.931785],[-49.293035,-24.931787],[-49.293089,-24.931855],[-49.293122,-24.931873],[-49.293152,-24.931857],[-49.293211,-24.931782],[-49.293319,-24.931766],[-49.29334,-24.931707],[-49.293349,-24.931705],[-49.293388,-24.93172],[-49.293438,-24.93177],[-49.293475,-24.931787],[-49.293602,-24.931778],[-49.29368,-24.931797],[-49.293788,-24.931792],[-49.293867,-24.931754],[-49.293906,-24.931719],[-49.293965,-24.931711],[-49.293998,-24.931688],[-49.294066,-24.931564],[-49.294133,-24.931502],[-49.294142,-24.931377],[-49.294209,-24.931316],[-49.294283,-24.931295],[-49.294371,-24.931317],[-49.294469,-24.931302],[-49.294685,-24.931223],[-49.294784,-24.931128],[-49.294922,-24.931092],[-49.29501,-24.93105],[-49.295049,-24.931004],[-49.29506,-24.930952],[-49.2951,-24.930924],[-49.295149,-24.930906],[-49.295325,-24.930886],[-49.295423,-24.930862],[-49.295493,-24.930822],[-49.295534,-24.93076],[-49.295541,-24.930707],[-49.295526,-24.930644],[-49.295492,-24.930582],[-49.295419,-24.930492],[-49.295406,-24.930456],[-49.295414,-24.930385],[-49.295446,-24.930287],[-49.295432,-24.930216],[-49.295375,-24.930122],[-49.295191,-24.929948],[-49.295113,-24.929936],[-49.295042,-24.929971],[-49.295037,-24.930006],[-49.295084,-24.930033],[-49.295095,-24.930069],[-49.295074,-24.930185],[-49.295051,-24.930214],[-49.295021,-24.930221],[-49.294895,-24.930198],[-49.294631,-24.930204],[-49.294563,-24.930185],[-49.294504,-24.930154],[-49.294357,-24.930205],[-49.294343,-24.930194],[-49.294323,-24.930141],[-49.294251,-24.930097],[-49.294237,-24.930059],[-49.294214,-24.930041],[-49.294173,-24.930053],[-49.294125,-24.930038],[-49.294066,-24.930054],[-49.293939,-24.930052],[-49.293862,-24.929962],[-49.293725,-24.929939],[-49.293707,-24.929929],[-49.293705,-24.929857],[-49.293685,-24.929777],[-49.293634,-24.929687],[-49.293651,-24.929598],[-49.293652,-24.9295],[-49.293612,-24.929419],[-49.2936,-24.929348],[-49.293589,-24.929223],[-49.293607,-24.929143],[-49.293559,-24.929018],[-49.293565,-24.929],[-49.293632,-24.928943],[-49.293635,-24.928912],[-49.293673,-24.92885],[-49.293677,-24.928805],[-49.293653,-24.928778],[-49.293651,-24.92876],[-49.293664,-24.928747],[-49.293683,-24.928747],[-49.293702,-24.928786],[-49.293732,-24.928783],[-49.293739,-24.92877],[-49.29372,-24.928734],[-49.293726,-24.928717],[-49.293772,-24.928676],[-49.293831,-24.92865],[-49.293988,-24.928629],[-49.294067,-24.928582],[-49.294164,-24.928588],[-49.294251,-24.928571],[-49.294292,-24.928534],[-49.29438,-24.92851],[-49.294539,-24.928367],[-49.294598,-24.928355],[-49.294657,-24.928324],[-49.294692,-24.928264],[-49.294694,-24.928202],[-49.294729,-24.928149],[-49.294732,-24.928095],[-49.294758,-24.928051],[-49.294767,-24.92798],[-49.294792,-24.927918],[-49.294719,-24.927828],[-49.294717,-24.927792],[-49.294737,-24.927721],[-49.294718,-24.927667],[-49.294614,-24.927604],[-49.294587,-24.927532],[-49.294531,-24.927504],[-49.29447,-24.927522],[-49.294451,-24.927557],[-49.294555,-24.927612],[-49.294554,-24.927639],[-49.294509,-24.927686],[-49.294451,-24.927645],[-49.29442,-24.927611],[-49.294415,-24.927557],[-49.294332,-24.927422],[-49.294164,-24.927186],[-49.294039,-24.927037],[-49.293823,-24.926819],[-49.293717,-24.926693],[-49.293646,-24.926586],[-49.293583,-24.92646],[-49.293528,-24.926317],[-49.293491,-24.926174]]}},{"type":"Feature","properties":{"alt":431.0,"mestra":false},"geometry":{"type":"LineString","coordinates":[[-49.292889,-24.933678],[-49.292841,-24.933688]]}},{"type":"Feature","properties":{"alt":431.0,"mestra":false},"geometry":{"type":"LineString","coordinates":[[-49.292773,-24.933688],[-49.292749,-24.933675]]}},{"type":"Feature","properties":{"alt":431.0,"mestra":false},"geometry":{"type":"LineString","coordinates":[[-49.293375,-24.927016],[-49.293394,-24.927047],[-49.293342,-24.927046],[-49.29334,-24.927019],[-49.293375,-24.927016]]}},{"type":"Feature","properties":{"alt":431.0,"mestra":false},"geometry":{"type":"LineString","coordinates":[[-49.294623,-24.927896],[-49.29464,-24.927925],[-49.294613,-24.927952],[-49.294593,-24.927952],[-49.294592,-24.927924],[-49.294623,-24.927896]]}},{"type":"Feature","properties":{"alt":431.0,"mestra":false},"geometry":{"type":"LineString","coordinates":[[-49.295226,-24.928827],[-49.295148,-24.928851],[-49.295144,-24.928875],[-49.295166,-24.928923],[-49.295186,-24.928923],[-49.295224,-24.928885],[-49.295237,-24.92885],[-49.295226,-24.928827]]}},{"type":"Feature","properties":{"alt":431.0,"mestra":false},"geometry":{"type":"LineString","coordinates":[[-49.295303,-24.92895],[-49.295303,-24.928969],[-49.295294,-24.928957],[-49.295303,-24.92895]]}},{"type":"Feature","properties":{"alt":432.0,"mestra":false},"geometry":{"type":"LineString","coordinates":[[-49.292915,-24.926167],[-49.292902,-24.926167]]}},{"type":"Feature","properties":{"alt":432.0,"mestra":false},"geometry":{"type":"LineString","coordinates":[[-49.296431,-24.927962],[-49.296265,-24.92773],[-49.2962,-24.927664],[-49.296142,-24.927628],[-49.296054,-24.927606],[-49.295957,-24.927611],[-49.295868,-24.927637],[-49.295799,-24.927684],[-49.295726,-24.927768],[-49.295559,-24.928079],[-49.295531,-24.928113],[-49.29552,-24.928247],[-49.295554,-24.928354],[-49.295522,-24.928443],[-49.295534,-24.928506],[-49.295554,-24.928542],[-49.295502,-24.928652],[-49.295453,-24.928664],[-49.295431,-24.928683],[-49.295427,-24.928709],[-49.295455,-24.928754],[-49.295454,-24.92879],[-49.295432,-24.928821],[-49.295392,-24.928845],[-49.295363,-24.928896],[-49.29531,-24.928931],[-49.295305,-24.928975],[-49.295293,-24.928975],[-49.295283,-24.928957],[-49.295264,-24.928962],[-49.295177,-24.929072],[-49.295209,-24.929126],[-49.295242,-24.929142],[-49.29526,-24.929135],[-49.295267,-24.929109],[-49.295281,-24.929105],[-49.295339,-24.929144],[-49.295437,-24.929133],[-49.295486,-24.929143],[-49.295554,-24.929184],[-49.295583,-24.929219],[-49.295642,-24.929199],[-49.295672,-24.929247],[-49.295738,-24.929286],[-49.295763,-24.929328],[-49.295776,-24.929384],[-49.295834,-24.92941],[-49.295891,-24.929481],[-49.295931,-24.929494],[-49.296019,-24.92948],[-49.29605,-24.929492],[-49.296056,-24.929519],[-49.296032,-24.929572],[-49.296076,-24.929575],[-49.296086,-24.929617],[-49.296062,-24.929679],[-49.296063,-24.929759],[-49.296024,-24.929805],[-49.295963,-24.929838],[-49.296001,-24.929892],[-49.296,-24.929946],[-49.295969,-24.930008],[-49.295997,-24.930053],[-49.296015,-24.930151],[-49.296077,-24.930205],[-49.296067,-24.930259],[-49.296115,-24.93032],[-49.296134,-24.930322],[-49.296174,-24.930306],[-49.296203,-24.930367],[-49.296397,-24.930424]]}},{"type":"Feature","properties":{"alt":432.0,"mestra":false},"geometry":{"type":"LineString","coordinates":[[-49.291464,-24.929512],[-49.291533,-24.929462],[-49.291601,-24.929456],[-49.291674,-24.929495],[-49.291709,-24.929567],[-49.291697,-24.929635],[-49.291647,-24.92967],[-49.291579,-24.929669],[-49.291479,-24.929624]]}},{"type":"Feature","properties":{"alt":432.0,"mestra":false},"geometry":{"type":"LineString","coordinates":[[-49.291177,-24.932835],[-49.291233,-24.932779],[-49.291272,-24.932762],[-49.291292,-24.932765],[-49.291272,-24.932824],[-49.291216,-24.932872]]}},{"type":"Feature","properties":{"alt":432.0,"mestra":false},"geometry":{"type":"LineString","coordinates":[[-49.291347,-24.933012],[-49.291357,-24.932998],[-49.291436,-24.932967],[-49.291465,-24.932966],[-49.291514,-24.932985],[-49.291631,-24.932964],[-49.29169,-24.93298],[-49.291788,-24.933044],[-49.291845,-24.933057],[-49.291884,-24.933034],[-49.291933,-24.933022],[-49.291977,-24.932966],[-49.292003,-24.932948],[-49.292052,-24.932933],[-49.29211,-24.932941],[-49.292189,-24.932861],[-49.292226,-24.932763],[-49.292233,-24.932674],[-49.29229,-24.932622],[-49.292267,-24.932497],[-49.292254,-24.932492],[-49.292224,-24.932512],[-49.292188,-24.932442],[-49.292196,-24.932389],[-49.292246,-24.932356],[-49.292304,-24.932358],[-49.29234,-24.932319],[-49.292393,-24.932296],[-49.292423,-24.932234],[-49.29247,-24.932214],[-49.292468,-24.932187],[-49.292434,-24.93216],[-49.292474,-24.932125],[-49.292532,-24.932115],[-49.292602,-24.932052],[-49.29266,-24.932042],[-49.292778,-24.931995],[-49.292848,-24.931911],[-49.292877,-24.931913],[-49.292896,-24.931943],[-49.292936,-24.931935],[-49.292961,-24.931907],[-49.292947,-24.931872],[-49.292951,-24.931845],[-49.292992,-24.931783],[-49.293035,-24.931781],[-49.293093,-24.931848],[-49.293122,-24.931864],[-49.293202,-24.931777],[-49.29329,-24.931765],[-49.293319,-24.931751],[-49.293329,-24.931698],[-49.29334,-24.931691],[-49.293397,-24.931716],[-49.293446,-24.931766],[-49.293485,-24.931783],[-49.293593,-24.931768],[-49.29368,-24.93179],[-49.293759,-24.931788],[-49.293798,-24.931777],[-49.293867,-24.931745],[-49.293907,-24.931713],[-49.293965,-24.931703],[-49.293994,-24.931679],[-49.29406,-24.931555],[-49.294126,-24.931502],[-49.294131,-24.931386],[-49.294156,-24.931347],[-49.294205,-24.931308],[-49.294303,-24.931281],[-49.294371,-24.931308],[-49.294459,-24.931296],[-49.294666,-24.931219],[-49.294784,-24.931118],[-49.294912,-24.931087],[-49.295,-24.931037],[-49.295035,-24.931004],[-49.295051,-24.930947],[-49.295097,-24.930907],[-49.295404,-24.930853],[-49.295475,-24.930813],[-49.295515,-24.930751],[-49.295519,-24.930698],[-49.295504,-24.930644],[-49.295401,-24.930492],[-49.295388,-24.930456],[-49.295415,-24.930278],[-49.295393,-24.93019],[-49.29534,-24.930117],[-49.295189,-24.929981],[-49.295145,-24.929954],[-49.295103,-24.92995],[-49.295044,-24.929982],[-49.295049,-24.930006],[-49.295108,-24.930034],[-49.295111,-24.930069],[-49.295071,-24.930209],[-49.295041,-24.930238],[-49.294982,-24.930252],[-49.294836,-24.930223],[-49.294601,-24.93022],[-49.294504,-24.930165],[-49.294465,-24.930172],[-49.294376,-24.930219],[-49.294337,-24.930224],[-49.294316,-24.930203],[-49.294306,-24.930158],[-49.294241,-24.930102],[-49.294233,-24.930059],[-49.294213,-24.930044],[-49.294173,-24.930058],[-49.294125,-24.930041],[-49.294066,-24.930065],[-49.293939,-24.930063],[-49.293922,-24.930056],[-49.293862,-24.929967],[-49.293716,-24.929943],[-49.293701,-24.929928],[-49.293699,-24.929857],[-49.293674,-24.929768],[-49.293628,-24.929687],[-49.293641,-24.92958],[-49.293629,-24.929491],[-49.293598,-24.92941],[-49.293581,-24.929232],[-49.293605,-24.929152],[-49.293546,-24.929018],[-49.293553,-24.928999],[-49.293625,-24.928938],[-49.293632,-24.928904],[-49.293667,-24.92885],[-49.293672,-24.928814],[-49.293645,-24.928778],[-49.293646,-24.928751],[-49.293664,-24.92874],[-49.293693,-24.928741],[-49.293698,-24.928779],[-49.293722,-24.928785],[-49.293736,-24.928761],[-49.29371,-24.928734],[-49.293714,-24.928725],[-49.293753,-24.92868],[-49.293802,-24.928651],[-49.293851,-24.928634],[-49.293978,-24.928622],[-49.294058,-24.928578],[-49.294145,-24.928584],[-49.294204,-24.928575],[-49.294243,-24.92856],[-49.294292,-24.92852],[-49.294371,-24.928506],[-49.294467,-24.928431],[-49.294529,-24.92836],[-49.294598,-24.928346],[-49.294647,-24.928311],[-49.294669,-24.928264],[-49.294669,-24.928202],[-49.29472,-24.92814],[-49.294721,-24.928086],[-49.294782,-24.927918],[-49.294712,-24.927837],[-49.29471,-24.927792],[-49.294732,-24.927721],[-49.294714,-24.927675],[-49.294656,-24.927638],[-49.294598,-24.927626],[-49.294568,-24.927649],[-49.294527,-24.92771],[-49.294499,-24.927715],[-49.294383,-24.927624],[-49.294321,-24.927529],[-49.294293,-24.92744],[-49.294125,-24.927201],[-49.29399,-24.927051],[-49.293776,-24.926855],[-49.293686,-24.926755],[-49.293602,-24.92663],[-49.293534,-24.926495],[-49.293473,-24.926334],[-49.293431,-24.926173]]}},{"type":"Feature","properties":{"alt":432.0,"mestra":false},"geometry":{"type":"LineString","coordinates":[[-49.29289,-24.933678],[-49.292844,-24.933688]]}},{"type":"Feature","properties":{"alt":432.0,"mestra":false},"geometry":{"type":"LineString","coordinates":[[-49.292771,-24.933688],[-49.292748,-24.933676]]}},{"type":"Feature","properties":{"alt":432.0,"mestra":false},"geometry":{"type":"LineString","coordinates":[[-49.293385,-24.926992],[-49.293413,-24.927029],[-49.293404,-24.927073],[-49.293325,-24.92708],[-49.29332,-24.92701],[-49.293346,-24.926989],[-49.293385,-24.926992]]}},{"type":"Feature","properties":{"alt":432.0,"mestra":false},"geometry":{"type":"LineString","coordinates":[[-49.29456,-24.927523],[-49.294531,-24.927515],[-49.294502,-24.927522],[-49.294487,-24.92754],[-49.294488,-24.927558],[-49.29454,-24.927591],[-49.294579,-24.927592],[-49.294588,-24.927559],[-49.29456,-24.927523]]}},{"type":"Feature","properties":{"alt":432.0,"mestra":false},"geometry":{"type":"LineString","coordinates":[[-49.294633,-24.927889],[-49.294648,-24.927916],[-49.294642,-24.927941],[-49.294613,-24.927973],[-49.294583,-24.927971],[-49.29457,-24.927951],[-49.294574,-24.927918],[-49.294618,-24.927889],[-49.294633,-24.927889]]}},{"type":"Feature","properties":{"alt":432.0,"mestra":false},"geometry":{"type":"LineString","coordinates":[[-49.295216,-24.928844],[-49.295156,-24.928858],[-49.295157,-24.928889],[-49.295176,-24.928912],[-49.295213,-24.928885],[-49.295223,-24.928859],[-49.295216,-24.928844]]}},{"type":"Feature","properties":{"alt":432.0,"mestra":false},"geometry":{"type":"LineString","coordinates":[[-49.295281,-24.929152],[-49.295266,-24.929153],[-49.295265,-24.929162],[-49.295291,-24.929171],[-49.295295,-24.929162],[-49.295281,-24.929152]]}},{"type":"Feature","properties":{"alt":432.0,"mestra":false},"geometry":{"type":"LineString","coordinates":[[-49.291827,-24.932937],[-49.291845,-24.932955],[-49.291827,-24.932966],[-49.291807,-24.932962],[-49.291808,-24.932937],[-49.291827,-24.932937]]}},{"type":"Feature","properties":{"alt":432.0,"mestra":false},"geometry":{"type":"LineString","coordinates":[[-49.291992,-24.933054],[-49.291953,-24.933055],[-49.291934,-24.933108],[-49.291944,-24.933126],[-49.291997,-24.933126],[-49.29203,-24.933109],[-49.292031,-24.933073],[-49.291992,-24.933054]]}},{"type":"Feature","properties":{"alt":433.0,"mestra":false},"geometry":{"type":"LineString","coordinates":[[-49.292922,-24.926167],[-49.292895,-24.926167]]}},{"type":"Feature","properties":{"alt":433.0,"mestra":false},"geometry":{"type":"LineString","coordinates":[[-49.296429,-24.928076],[-49.296269,-24.927801],[-49.296205,-24.92772],[-49.296151,-24.927676],[-49.296073,-24.927646],[-49.295976,-24.927641],[-49.295887,-24.92766],[-49.295809,-24.927706],[-49.295729,-24.927792],[-49.295544,-24.928114],[-49.295528,-24.928256],[-49.295561,-24.928354],[-49.295526,-24.928443],[-49.295558,-24.92855],[-49.295512,-24.928656],[-49.295442,-24.928692],[-49.295461,-24.928763],[-49.295457,-24.92879],[-49.295432,-24.928825],[-49.295391,-24.928852],[-49.29537,-24.928896],[-49.29532,-24.928931],[-49.295312,-24.928975],[-49.295293,-24.928982],[-49.295273,-24.928967],[-49.2952,-24.929072],[-49.295232,-24.929128],[-49.295246,-24.929126],[-49.295245,-24.929099],[-49.295281,-24.929085],[-49.295339,-24.929138],[-49.295467,-24.929128],[-49.295554,-24.929174],[-49.295583,-24.929209],[-49.295622,-24.929195],[-49.295651,-24.929199],[-49.29568,-24.929241],[-49.295738,-24.929273],[-49.295767,-24.929328],[-49.295776,-24.929376],[-49.295844,-24.929409],[-49.295902,-24.929473],[-49.29595,-24.929485],[-49.296019,-24.929468],[-49.296077,-24.929483],[-49.296074,-24.929546],[-49.296095,-24.929573],[-49.296103,-24.929635],[-49.296079,-24.929697],[-49.296086,-24.92976],[-49.296074,-24.929786],[-49.296004,-24.929838],[-49.29598,-24.929839],[-49.296004,-24.929841],[-49.296016,-24.929866],[-49.296013,-24.929937],[-49.295984,-24.930008],[-49.296004,-24.930044],[-49.296018,-24.930142],[-49.296038,-24.930169],[-49.296088,-24.930196],[-49.296094,-24.930214],[-49.296083,-24.930259],[-49.296115,-24.930314],[-49.296125,-24.93032],[-49.296174,-24.930299],[-49.296189,-24.930313],[-49.296196,-24.930349],[-49.296222,-24.930368],[-49.29629,-24.930373],[-49.296397,-24.930406]]}},{"type":"Feature","properties":{"alt":433.0,"mestra":false},"geometry":{"type":"LineString","coordinates":[[-49.291474,-24.929466],[-49.291572,-24.929447],[-49.29164,-24.929464],[-49.291695,-24.929513],[-49.291716,-24.929585],[-49.291697,-24.929647],[-49.291647,-24.929677],[-49.291589,-24.929677],[-49.291511,-24.929643],[-49.291482,-24.929642]]}},{"type":"Feature","properties":{"alt":433.0,"mestra":false},"geometry":{"type":"LineString","coordinates":[[-49.291153,-24.932794],[-49.291239,-24.932752],[-49.291322,-24.932743],[-49.291297,-24.932886],[-49.291273,-24.932916]]}},{"type":"Feature","properties":{"alt":433.0,"mestra":false},"geometry":{"type":"LineString","coordinates":[[-49.291313,-24.932962],[-49.291388,-24.932919],[-49.291543,-24.932955],[-49.291631,-24.932949],[-49.291759,-24.932999],[-49.291796,-24.933039],[-49.291845,-24.933044],[-49.292013,-24.932937],[-49.292111,-24.932926],[-49.292173,-24.93287],[-49.292209,-24.93279],[-49.292219,-24.932728],[-49.292203,-24.932656],[-49.292252,-24.932632],[-49.292269,-24.932604],[-49.292253,-24.932539],[-49.292165,-24.932502],[-49.29218,-24.932469],[-49.292182,-24.932406],[-49.292226,-24.932358],[-49.292256,-24.932347],[-49.292304,-24.932349],[-49.292334,-24.932311],[-49.29239,-24.932293],[-49.292416,-24.932151],[-49.292454,-24.932108],[-49.292513,-24.932091],[-49.292612,-24.932038],[-49.292778,-24.93199],[-49.292838,-24.931908],[-49.292917,-24.931897],[-49.292975,-24.931792],[-49.293006,-24.931772],[-49.293045,-24.93178],[-49.293113,-24.931846],[-49.293198,-24.931768],[-49.29331,-24.931746],[-49.293323,-24.931698],[-49.29334,-24.931686],[-49.293408,-24.931714],[-49.293454,-24.931762],[-49.293485,-24.931778],[-49.293603,-24.931758],[-49.29368,-24.931784],[-49.293788,-24.931771],[-49.293906,-24.931709],[-49.293955,-24.931699],[-49.29399,-24.93167],[-49.294054,-24.931546],[-49.294124,-24.931495],[-49.294123,-24.931386],[-49.294156,-24.931336],[-49.294195,-24.931304],[-49.294323,-24.931263],[-49.294371,-24.9313],[-49.29445,-24.931292],[-49.294617,-24.93123],[-49.294676,-24.931201],[-49.294784,-24.931107],[-49.294922,-24.931074],[-49.294992,-24.931013],[-49.295014,-24.930968],[-49.295081,-24.930895],[-49.29513,-24.930879],[-49.295296,-24.930865],[-49.295384,-24.930845],[-49.295457,-24.930804],[-49.295493,-24.930749],[-49.295498,-24.930698],[-49.295483,-24.930644],[-49.295367,-24.930455],[-49.295381,-24.930384],[-49.295381,-24.930277],[-49.295364,-24.930193],[-49.295297,-24.930109],[-49.295151,-24.930012],[-49.295137,-24.930061],[-49.295101,-24.930123],[-49.295092,-24.930185],[-49.29505,-24.930305],[-49.29503,-24.930332],[-49.29501,-24.930338],[-49.294981,-24.930287],[-49.294874,-24.930252],[-49.294826,-24.930241],[-49.294601,-24.930243],[-49.294562,-24.930226],[-49.294504,-24.930177],[-49.294475,-24.93018],[-49.294396,-24.930228],[-49.294323,-24.930239],[-49.294279,-24.930149],[-49.294227,-24.930104],[-49.294231,-24.930068],[-49.294213,-24.930047],[-49.294193,-24.930047],[-49.294173,-24.930065],[-49.294125,-24.930045],[-49.294066,-24.930075],[-49.293929,-24.930068],[-49.293884,-24.93002],[-49.293862,-24.929973],[-49.293716,-24.92995],[-49.293699,-24.929937],[-49.293694,-24.929857],[-49.293676,-24.92983],[-49.293664,-24.929759],[-49.293624,-24.929696],[-49.293602,-24.929633],[-49.293625,-24.929607],[-49.293629,-24.92958],[-49.293614,-24.929482],[-49.293585,-24.92941],[-49.293572,-24.929223],[-49.2936,-24.929144],[-49.293574,-24.929116],[-49.293531,-24.929026],[-49.293553,-24.928985],[-49.293613,-24.928938],[-49.293662,-24.92885],[-49.293664,-24.928814],[-49.293637,-24.928778],[-49.293637,-24.928751],[-49.293654,-24.928737],[-49.293703,-24.928727],[-49.293753,-24.928666],[-49.293832,-24.928625],[-49.293978,-24.928617],[-49.294057,-24.928572],[-49.294184,-24.928572],[-49.294233,-24.928553],[-49.294283,-24.928509],[-49.294371,-24.928496],[-49.29446,-24.928429],[-49.294529,-24.928346],[-49.294598,-24.928332],[-49.294654,-24.928193],[-49.294707,-24.92814],[-49.29471,-24.928077],[-49.294772,-24.927918],[-49.294705,-24.927846],[-49.294703,-24.927792],[-49.294727,-24.927721],[-49.294695,-24.927668],[-49.294637,-24.927642],[-49.294598,-24.927644],[-49.294532,-24.927719],[-49.294469,-24.927735],[-49.294334,-24.927608],[-49.294266,-24.927578],[-49.29413,-24.927482],[-49.294123,-24.927465],[-49.29416,-24.927451],[-49.29418,-24.927457],[-49.294209,-24.927488],[-49.294228,-24.927486],[-49.294237,-24.927475],[-49.29419,-24.927414],[-49.294117,-24.92726],[-49.294066,-24.927195],[-49.293912,-24.927046],[-49.293699,-24.926876],[-49.293613,-24.926773],[-49.293468,-24.926495],[-49.29341,-24.926333],[-49.293368,-24.926173]]}},{"type":"Feature","properties":{"alt":433.0,"mestra":false},"geometry":{"type":"LineString","coordinates":[[-49.29289,-24.933678],[-49.292847,-24.933689]]}},{"type":"Feature","properties":{"alt":433.0,"mestra":false},"geometry":{"type":"LineString","coordinates":[[-49.292769,-24.933688],[-49.292748,-24.933676]]}},{"type":"Feature","properties":{"alt":433.0,"mestra":false},"geometry":{"type":"LineString","coordinates":[[-49.293366,-24.926956],[-49.293405,-24.926973],[-49.293424,-24.926997],[-49.293427,-24.927082],[-49.293383,-24.927108],[-49.293305,-24.927107],[-49.293284,-24.927072],[-49.293291,-24.926992],[-49.293317,-24.926964],[-49.293366,-24.926956]]}},{"type":"Feature","properties":{"alt":433.0,"mestra":false},"geometry":{"type":"LineString","coordinates":[[-49.29455,-24.927529],[-49.294521,-24.92753],[-49.294506,-24.927549],[-49.294528,-24.927576],[-49.294559,-24.927585],[-49.294574,-24.927577],[-49.294578,-24.927559],[-49.29455,-24.927529]]}},{"type":"Feature","properties":{"alt":433.0,"mestra":false},"geometry":{"type":"LineString","coordinates":[[-49.294633,-24.927879],[-49.294654,-24.927916],[-49.294649,-24.927952],[-49.294622,-24.927993],[-49.294583,-24.927995],[-49.294552,-24.92796],[-49.294554,-24.927915],[-49.294633,-24.927879]]}},{"type":"Feature","properties":{"alt":433.0,"mestra":false},"geometry":{"type":"LineString","coordinates":[[-49.293722,-24.928749],[-49.2937,-24.928752],[-49.293702,-24.928779],[-49.293732,-24.928776],[-49.293722,-24.928749]]}},{"type":"Feature","properties":{"alt":433.0,"mestra":false},"geometry":{"type":"LineString","coordinates":[[-49.295197,-24.928859],[-49.29517,-24.928867],[-49.295177,-24.928896],[-49.295205,-24.928876],[-49.295197,-24.928859]]}},{"type":"Feature","properties":{"alt":433.0,"mestra":false},"geometry":{"type":"LineString","coordinates":[[-49.295132,-24.929971],[-49.295113,-24.929963],[-49.295064,-24.929979],[-49.295059,-24.929997],[-49.295149,-24.930007],[-49.295132,-24.929971]]}},{"type":"Feature","properties":{"alt":433.0,"mestra":false},"geometry":{"type":"LineString","coordinates":[[-49.291556,-24.932758],[-49.291565,-24.932774],[-49.291546,-24.932783],[-49.291541,-24.932765],[-49.291556,-24.932758]]}},{"type":"Feature","properties":{"alt":433.0,"mestra":false},"geometry":{"type":"LineString","coordinates":[[-49.291827,-24.932928],[-49.291896,-24.932947],[-49.291918,-24.932965],[-49.291918,-24.932983],[-49.291807,-24.932977],[-49.291795,-24.932964],[-49.291796,-24.932937],[-49.291827,-24.932928]]}},{"type":"Feature","properties":{"alt":433.0,"mestra":false},"geometry":{"type":"LineString","coordinates":[[-49.292001,-24.933064],[-49.291973,-24.933072],[-49.291965,-24.933108],[-49.292003,-24.933108],[-49.292015,-24.933073],[-49.292001,-24.933064]]}},{"type":"Feature","properties":{"alt":434.0,"mestra":false},"geometry":{"type":"LineString","coordinates":[[-49.292926,-24.926168],[-49.29289,-24.926167]]}},{"type":"Feature","properties":{"alt":434.0,"mestra":false},"geometry":{"type":"LineString","coordinates":[[-49.296427,-24.928204],[-49.29626,-24.927863],[-49.296208,-24.927783],[-49.296157,-24.927728],[-49.296083,-24.927688],[-49.295995,-24.927675],[-49.295897,-24.927688],[-49.295818,-24.927727],[-49.295729,-24.92782],[-49.295589,-24.928036],[-49.295552,-24.928123],[-49.295535,-24.928265],[-49.295568,-24.928354],[-49.295531,-24.928443],[-49.295563,-24.928551],[-49.29552,-24.928657],[-49.295512,-24.928671],[-49.295472,-24.928683],[-49.295453,-24.928701],[-49.295464,-24.928772],[-49.29545,-24.928808],[-49.295396,-24.928852],[-49.295377,-24.928896],[-49.295328,-24.928931],[-49.295312,-24.92898],[-49.295273,-24.928983],[-49.295253,-24.929003],[-49.295233,-24.929055],[-49.295242,-24.929076],[-49.295291,-24.929079],[-49.295349,-24.929135],[-49.295467,-24.92912],[-49.295515,-24.929139],[-49.295593,-24.929195],[-49.295651,-24.929193],[-49.29569,-24.929234],[-49.295739,-24.929257],[-49.295786,-24.929374],[-49.295843,-24.9294],[-49.295921,-24.929465],[-49.29597,-24.929468],[-49.296,-24.929448],[-49.296068,-24.929454],[-49.296107,-24.929474],[-49.296105,-24.92951],[-49.296126,-24.929528],[-49.296106,-24.929546],[-49.2961,-24.929608],[-49.296165,-24.929645],[-49.296119,-24.929689],[-49.296115,-24.929707],[-49.296133,-24.929717],[-49.296192,-24.929707],[-49.296212,-24.929734],[-49.296191,-24.929754],[-49.296153,-24.92976],[-49.29613,-24.929787],[-49.296136,-24.929814],[-49.29603,-24.929884],[-49.296005,-24.929999],[-49.296024,-24.930142],[-49.296039,-24.930162],[-49.296105,-24.930197],[-49.296103,-24.930277],[-49.296123,-24.930313],[-49.296174,-24.93029],[-49.296193,-24.930305],[-49.296202,-24.930347],[-49.296222,-24.930358],[-49.29629,-24.930353],[-49.296349,-24.930381],[-49.296397,-24.930391]]}},{"type":"Feature","properties":{"alt":434.0,"mestra":false},"geometry":{"type":"LineString","coordinates":[[-49.291484,-24.929447],[-49.291504,-24.929453],[-49.291582,-24.929441],[-49.29164,-24.929457],[-49.291701,-24.929513],[-49.291723,-24.929585],[-49.291707,-24.929647],[-49.291657,-24.929682],[-49.291598,-24.929685],[-49.291511,-24.929653],[-49.291486,-24.929658]]}},{"type":"Feature","properties":{"alt":434.0,"mestra":false},"geometry":{"type":"LineString","coordinates":[[-49.291134,-24.932768],[-49.291214,-24.93274],[-49.291282,-24.932741],[-49.291333,-24.932726],[-49.291343,-24.932736],[-49.291332,-24.93278],[-49.29134,-24.932825],[-49.291359,-24.932873],[-49.291486,-24.932899],[-49.291553,-24.932933],[-49.291632,-24.932929],[-49.291748,-24.932983],[-49.291778,-24.932979],[-49.291789,-24.932937],[-49.291808,-24.932922],[-49.291886,-24.932927],[-49.291944,-24.932961],[-49.292033,-24.932923],[-49.292111,-24.932915],[-49.292162,-24.93287],[-49.292199,-24.932781],[-49.292202,-24.932728],[-49.292182,-24.932638],[-49.292232,-24.932631],[-49.292257,-24.932594],[-49.292246,-24.93255],[-49.292157,-24.932504],[-49.292167,-24.932424],[-49.292192,-24.93238],[-49.292226,-24.932353],[-49.292256,-24.932339],[-49.292295,-24.932344],[-49.292334,-24.932296],[-49.292383,-24.932292],[-49.292405,-24.932151],[-49.292429,-24.932106],[-49.292425,-24.932079],[-49.292435,-24.932064],[-49.292464,-24.932078],[-49.292494,-24.932076],[-49.292622,-24.932022],[-49.292779,-24.931986],[-49.292819,-24.931914],[-49.292907,-24.931874],[-49.292987,-24.931776],[-49.293016,-24.931766],[-49.293045,-24.931772],[-49.293113,-24.931827],[-49.293182,-24.931761],[-49.2933,-24.93174],[-49.29333,-24.931684],[-49.293414,-24.931708],[-49.293467,-24.931762],[-49.293495,-24.931773],[-49.293603,-24.931747],[-49.293681,-24.931777],[-49.293769,-24.931767],[-49.293837,-24.931743],[-49.293897,-24.931708],[-49.293965,-24.931684],[-49.294045,-24.931542],[-49.29412,-24.931493],[-49.294115,-24.931386],[-49.294148,-24.931333],[-49.294189,-24.931298],[-49.294343,-24.931243],[-49.294357,-24.931282],[-49.294371,-24.931292],[-49.29444,-24.931289],[-49.294558,-24.931234],[-49.294607,-24.931226],[-49.294674,-24.931187],[-49.294735,-24.931127],[-49.294785,-24.931097],[-49.294919,-24.931065],[-49.294957,-24.931003],[-49.294983,-24.930915],[-49.295012,-24.93091],[-49.295101,-24.930868],[-49.295296,-24.930851],[-49.295375,-24.930832],[-49.295438,-24.930795],[-49.295472,-24.930742],[-49.295472,-24.930671],[-49.295429,-24.930581],[-49.295341,-24.930469],[-49.295284,-24.930437],[-49.295312,-24.930399],[-49.295332,-24.930415],[-49.295345,-24.930402],[-49.295331,-24.930375],[-49.295344,-24.930295],[-49.295332,-24.930206],[-49.295283,-24.930134],[-49.295209,-24.93008],[-49.29516,-24.93008],[-49.295114,-24.930123],[-49.295062,-24.930318],[-49.295039,-24.930348],[-49.295,-24.930372],[-49.294952,-24.93032],[-49.294903,-24.930305],[-49.294864,-24.930278],[-49.29461,-24.930265],[-49.294546,-24.930241],[-49.294514,-24.930197],[-49.294494,-24.930189],[-49.294471,-24.930196],[-49.294425,-24.930236],[-49.294366,-24.930252],[-49.294308,-24.930251],[-49.294265,-24.930149],[-49.294207,-24.930104],[-49.294227,-24.930068],[-49.294213,-24.930049],[-49.294184,-24.930059],[-49.294173,-24.930091],[-49.294134,-24.930049],[-49.294115,-24.930052],[-49.294095,-24.930078],[-49.294075,-24.930085],[-49.293929,-24.930075],[-49.29388,-24.930041],[-49.293826,-24.930046],[-49.29383,-24.930028],[-49.293861,-24.930021],[-49.293867,-24.930011],[-49.293868,-24.929993],[-49.293853,-24.929975],[-49.293696,-24.92995],[-49.29369,-24.929857],[-49.293665,-24.92983],[-49.293653,-24.92975],[-49.293589,-24.929633],[-49.293618,-24.92958],[-49.293598,-24.929473],[-49.293575,-24.929419],[-49.293577,-24.929312],[-49.293561,-24.929223],[-49.293595,-24.929152],[-49.293507,-24.929026],[-49.293536,-24.928991],[-49.293544,-24.92895],[-49.293573,-24.928951],[-49.293602,-24.928936],[-49.293655,-24.92885],[-49.293657,-24.928823],[-49.293628,-24.928778],[-49.293628,-24.928751],[-49.293647,-24.928734],[-49.293703,-24.92872],[-49.293743,-24.928659],[-49.293842,-24.928603],[-49.293968,-24.928615],[-49.294047,-24.928569],[-49.294174,-24.928567],[-49.294227,-24.928544],[-49.294283,-24.928492],[-49.294351,-24.928491],[-49.294401,-24.928467],[-49.29446,-24.928418],[-49.29453,-24.928328],[-49.294587,-24.928308],[-49.294588,-24.928263],[-49.294649,-24.928173],[-49.29469,-24.928139],[-49.294694,-24.928041],[-49.294762,-24.927926],[-49.29469,-24.927845],[-49.294696,-24.927783],[-49.294722,-24.92773],[-49.294716,-24.927703],[-49.294695,-24.927678],[-49.294646,-24.927655],[-49.294607,-24.927654],[-49.294538,-24.927726],[-49.294469,-24.92776],[-49.29444,-24.92775],[-49.294384,-24.92769],[-49.294292,-24.927618],[-49.294072,-24.927463],[-49.29407,-24.927437],[-49.294105,-24.927402],[-49.294103,-24.927357],[-49.294075,-24.927277],[-49.294027,-24.927214],[-49.293863,-24.927077],[-49.293655,-24.926951],[-49.293591,-24.926897],[-49.29354,-24.926816],[-49.293413,-24.92653],[-49.293348,-24.926342],[-49.293303,-24.926172]]}},{"type":"Feature","properties":{"alt":434.0,"mestra":false},"geometry":{"type":"LineString","coordinates":[[-49.29289,-24.933679],[-49.292849,-24.933689]]}},{"type":"Feature","properties":{"alt":434.0,"mestra":false},"geometry":{"type":"LineString","coordinates":[[-49.292767,-24.933688],[-49.292748,-24.933676]]}},{"type":"Feature","properties":{"alt":434.0,"mestra":false},"geometry":{"type":"LineString","coordinates":[[-49.293405,-24.926919],[-49.293442,-24.92694],[-49.293461,-24.926967],[-49.293484,-24.92711],[-49.293452,-24.927108],[-49.293422,-24.927133],[-49.293295,-24.927145],[-49.293273,-24.927125],[-49.293253,-24.927071],[-49.293246,-24.927018],[-49.293254,-24.926973],[-49.293278,-24.926943],[-49.293317,-24.926922],[-49.293366,-24.926913],[-49.293405,-24.926919]]}},{"type":"Feature","properties":{"alt":434.0,"mestra":false},"geometry":{"type":"LineString","coordinates":[[-49.29455,-24.92754],[-49.294524,-24.927549],[-49.294531,-24.927567],[-49.29455,-24.927575],[-49.294567,-24.927559],[-49.29455,-24.92754]]}},{"type":"Feature","properties":{"alt":434.0,"mestra":false},"geometry":{"type":"LineString","coordinates":[[-49.294527,-24.927831],[-49.294547,-24.927844],[-49.294575,-24.927887],[-49.294624,-24.927867],[-49.294643,-24.927876],[-49.294665,-24.927934],[-49.294654,-24.927996],[-49.294638,-24.928014],[-49.294573,-24.928014],[-49.29453,-24.927986],[-49.294483,-24.927852],[-49.294497,-24.927829],[-49.294527,-24.927831]]}},{"type":"Feature","properties":{"alt":434.0,"mestra":false},"geometry":{"type":"LineString","coordinates":[[-49.293712,-24.928751],[-49.2937,-24.92877],[-49.293722,-24.92878],[-49.293729,-24.928761],[-49.293712,-24.928751]]}},{"type":"Feature","properties":{"alt":434.0,"mestra":false},"geometry":{"type":"LineString","coordinates":[[-49.293531,-24.929185],[-49.29354,-24.929196],[-49.293521,-24.929202],[-49.293531,-24.929185]]}},{"type":"Feature","properties":{"alt":434.0,"mestra":false},"geometry":{"type":"LineString","coordinates":[[-49.296181,-24.929778],[-49.296181,-24.929778]]}},{"type":"Feature","properties":{"alt":434.0,"mestra":false},"geometry":{"type":"LineString","coordinates":[[-49.296053,-24.929812],[-49.296038,-24.92983],[-49.296053,-24.929842],[-49.296069,-24.929822],[-49.296053,-24.929812]]}},{"type":"Feature","properties":{"alt":434.0,"mestra":false},"geometry":{"type":"LineString","coordinates":[[-49.291576,-24.932744],[-49.291595,-24.932754],[-49.291644,-24.932755],[-49.291653,-24.93278],[-49.291643,-24.932787],[-49.291604,-24.932776],[-49.291565,-24.932797],[-49.291536,-24.932793],[-49.291525,-24.932773],[-49.291531,-24.932755],[-49.291576,-24.932744]]}},{"type":"Feature","properties":{"alt":434.0,"mestra":false},"geometry":{"type":"LineString","coordinates":[[-49.291846,-24.932998],[-49.291807,-24.932999],[-49.291796,-24.933026],[-49.291816,-24.933033],[-49.291855,-24.933026],[-49.291866,-24.933009],[-49.291846,-24.932998]]}},{"type":"Feature","properties":{"alt":435.0,"mestra":true},"geometry":{"type":"LineString","coordinates":[[-49.292931,-24.926168],[-49.292886,-24.926167]]}},{"type":"Feature","properties":{"alt":435.0,"mestra":true},"geometry":{"type":"LineString","coordinates":[[-49.296426,-24.928325],[-49.296352,-24.928203],[-49.296234,-24.927899],[-49.296156,-24.927782],[-49.296092,-24.927736],[-49.296014,-24.927713],[-49.295906,-24.927718],[-49.295837,-24.927744],[-49.295738,-24.927834],[-49.295581,-24.928061],[-49.295559,-24.928132],[-49.295543,-24.928256],[-49.295575,-24.928355],[-49.295567,-24.92839],[-49.295537,-24.928434],[-49.295565,-24.928559],[-49.29552,-24.928684],[-49.295466,-24.92871],[-49.295459,-24.928799],[-49.295402,-24.928852],[-49.295384,-24.928896],[-49.295332,-24.928933],[-49.295312,-24.928984],[-49.295258,-24.92901],[-49.295244,-24.929046],[-49.295252,-24.929068],[-49.295294,-24.929073],[-49.295349,-24.929128],[-49.295467,-24.929112],[-49.295515,-24.92913],[-49.295593,-24.929179],[-49.295661,-24.929193],[-49.295748,-24.929253],[-49.295757,-24.929292],[-49.2958,-24.929373],[-49.295912,-24.929433],[-49.295951,-24.929443],[-49.296,-24.929429],[-49.296029,-24.929436],[-49.296068,-24.92943],[-49.296117,-24.92946],[-49.296141,-24.929529],[-49.296115,-24.929555],[-49.296111,-24.929608],[-49.296186,-24.929636],[-49.296186,-24.929663],[-49.296167,-24.92968],[-49.296202,-24.929692],[-49.296225,-24.929717],[-49.296227,-24.929735],[-49.29621,-24.929794],[-49.296041,-24.929893],[-49.296021,-24.930017],[-49.296029,-24.930142],[-49.296049,-24.930161],[-49.296103,-24.930179],[-49.296129,-24.930206],[-49.296136,-24.930233],[-49.296118,-24.930277],[-49.296125,-24.930304],[-49.296154,-24.930278],[-49.296184,-24.93028],[-49.296208,-24.930305],[-49.296211,-24.93034],[-49.296232,-24.930343],[-49.296311,-24.930279],[-49.296303,-24.930315],[-49.296317,-24.930342],[-49.296349,-24.930366],[-49.296397,-24.930375]]}},{"type":"Feature","properties":{"alt":435.0,"mestra":true},"geometry":{"type":"LineString","coordinates":[[-49.291188,-24.928272],[-49.291178,-24.928269]]}},{"type":"Feature","properties":{"alt":435.0,"mestra":true},"geometry":{"type":"LineString","coordinates":[[-49.291492,-24.929433],[-49.291514,-24.929441],[-49.291602,-24.929437],[-49.29166,-24.929463],[-49.291713,-24.929522],[-49.291729,-24.929594],[-49.291711,-24.929656],[-49.291667,-24.929687],[-49.291598,-24.929692],[-49.29152,-24.929666],[-49.291491,-24.929667]]}},{"type":"Feature","properties":{"alt":435.0,"mestra":true},"geometry":{"type":"LineString","coordinates":[[-49.291117,-24.932716],[-49.291283,-24.932729],[-49.291312,-24.932713],[-49.29142,-24.932723],[-49.291429,-24.932748],[-49.29138,-24.932776],[-49.291379,-24.932858],[-49.291476,-24.932855],[-49.291554,-24.93291],[-49.291642,-24.932914],[-49.291748,-24.932973],[-49.291775,-24.932963],[-49.291788,-24.932924],[-49.291808,-24.932915],[-49.291876,-24.932913],[-49.291944,-24.932951],[-49.292033,-24.932916],[-49.292111,-24.932906],[-49.292152,-24.93287],[-49.292181,-24.93279],[-49.292185,-24.932683],[-49.292171,-24.932638],[-49.292232,-24.932619],[-49.292249,-24.932585],[-49.292233,-24.932551],[-49.292152,-24.932513],[-49.292149,-24.932433],[-49.292185,-24.93238],[-49.292236,-24.93234],[-49.292256,-24.932328],[-49.292285,-24.932336],[-49.292305,-24.932329],[-49.292305,-24.932305],[-49.292266,-24.932303],[-49.292266,-24.932282],[-49.292305,-24.932273],[-49.292381,-24.932284],[-49.292371,-24.932239],[-49.292426,-24.932059],[-49.292484,-24.932061],[-49.292622,-24.932006],[-49.292779,-24.931981],[-49.292819,-24.931902],[-49.292907,-24.931857],[-49.292987,-24.931771],[-49.293045,-24.931763],[-49.293113,-24.931797],[-49.293173,-24.931745],[-49.293291,-24.931733],[-49.29333,-24.931679],[-49.293427,-24.931705],[-49.293485,-24.931763],[-49.293505,-24.931766],[-49.293564,-24.931739],[-49.293603,-24.931734],[-49.293632,-24.931739],[-49.293681,-24.93177],[-49.293798,-24.93175],[-49.293946,-24.931688],[-49.293975,-24.931661],[-49.294038,-24.931536],[-49.294115,-24.931491],[-49.294106,-24.931386],[-49.294144,-24.931324],[-49.294186,-24.931289],[-49.294343,-24.931236],[-49.294372,-24.931285],[-49.29443,-24.931286],[-49.294479,-24.931268],[-49.294548,-24.931221],[-49.294607,-24.931219],[-49.294785,-24.931086],[-49.294905,-24.931065],[-49.294941,-24.930985],[-49.294959,-24.930914],[-49.294983,-24.930886],[-49.295091,-24.930851],[-49.295345,-24.930825],[-49.295408,-24.930795],[-49.295449,-24.930742],[-49.295448,-24.930661],[-49.295393,-24.930554],[-49.29534,-24.930502],[-49.295246,-24.930454],[-49.295259,-24.930392],[-49.295294,-24.930348],[-49.2953,-24.93025],[-49.295283,-24.930196],[-49.295199,-24.930112],[-49.29517,-24.930109],[-49.295121,-24.930141],[-49.295076,-24.930327],[-49.29499,-24.930404],[-49.29484,-24.930298],[-49.29462,-24.930285],[-49.294514,-24.93025],[-49.2945,-24.930241],[-49.294494,-24.930211],[-49.294482,-24.930214],[-49.294473,-24.93024],[-49.294453,-24.930249],[-49.294366,-24.930266],[-49.294298,-24.930265],[-49.294249,-24.93014],[-49.294212,-24.930115],[-49.294153,-24.9301],[-49.294144,-24.930056],[-49.294116,-24.930058],[-49.294109,-24.930085],[-49.294095,-24.930096],[-49.293929,-24.930081],[-49.29388,-24.930055],[-49.293831,-24.930055],[-49.293814,-24.930046],[-49.293816,-24.930028],[-49.293856,-24.930002],[-49.293852,-24.929983],[-49.293784,-24.929978],[-49.293745,-24.929962],[-49.293686,-24.929968],[-49.293687,-24.929863],[-49.293655,-24.92983],[-49.293646,-24.92975],[-49.293582,-24.929633],[-49.293606,-24.92958],[-49.293564,-24.92941],[-49.293567,-24.929312],[-49.293548,-24.929232],[-49.29354,-24.929219],[-49.293497,-24.929204],[-49.293521,-24.929171],[-49.29356,-24.929173],[-49.293584,-24.929152],[-49.293561,-24.929135],[-49.293551,-24.929102],[-49.293493,-24.929017],[-49.293523,-24.928991],[-49.293524,-24.928945],[-49.293534,-24.928938],[-49.293573,-24.928943],[-49.2936,-24.928929],[-49.293649,-24.928849],[-49.293648,-24.928823],[-49.293618,-24.928778],[-49.293618,-24.928751],[-49.293635,-24.928733],[-49.293703,-24.928714],[-49.29372,-24.92869],[-49.293725,-24.928654],[-49.293763,-24.928637],[-49.293783,-24.928613],[-49.293852,-24.928591],[-49.293881,-24.928603],[-49.293969,-24.928611],[-49.294047,-24.928562],[-49.294135,-24.928566],[-49.294191,-24.928553],[-49.294273,-24.928479],[-49.294352,-24.92848],[-49.294391,-24.928463],[-49.29448,-24.928382],[-49.294567,-24.928245],[-49.294663,-24.928121],[-49.294641,-24.928054],[-49.294602,-24.928037],[-49.294543,-24.928033],[-49.294495,-24.927997],[-49.294453,-24.92786],[-49.294444,-24.927789],[-49.29441,-24.927781],[-49.29437,-24.927744],[-49.29428,-24.927636],[-49.294198,-24.927588],[-49.294062,-24.927478],[-49.294048,-24.927437],[-49.294055,-24.927384],[-49.294036,-24.927303],[-49.294,-24.927249],[-49.293949,-24.927206],[-49.293784,-24.927103],[-49.293648,-24.927065],[-49.293599,-24.927076],[-49.293539,-24.927151],[-49.293471,-24.927145],[-49.293431,-24.927163],[-49.293373,-24.927156],[-49.293304,-24.927172],[-49.293275,-24.927164],[-49.293256,-24.927144],[-49.293211,-24.927035],[-49.293217,-24.926964],[-49.293269,-24.926906],[-49.293407,-24.926834],[-49.293424,-24.926788],[-49.293409,-24.926699],[-49.293311,-24.926439],[-49.293236,-24.926171]]}},{"type":"Feature","properties":{"alt":435.0,"mestra":true},"geometry":{"type":"LineString","coordinates":[[-49.296359,-24.932788],[-49.296364,-24.932779]]}},{"type":"Feature","properties":{"alt":435.0,"mestra":true},"geometry":{"type":"LineString","coordinates":[[-49.292891,-24.933679],[-49.292852,-24.933689]]}},{"type":"Feature","properties":{"alt":435.0,"mestra":true},"geometry":{"type":"LineString","coordinates":[[-49.292765,-24.933688],[-49.292747,-24.933677]]}},{"type":"Feature","properties":{"alt":435.0,"mestra":true},"geometry":{"type":"LineString","coordinates":[[-49.29455,-24.927558],[-49.29455,-24.927558]]}},{"type":"Feature","properties":{"alt":435.0,"mestra":true},"geometry":{"type":"LineString","coordinates":[[-49.294646,-24.927665],[-49.294597,-24.927674],[-49.294554,-24.927728],[-49.294507,-24.927745],[-49.294496,-24.927763],[-49.294508,-24.927788],[-49.294577,-24.927826],[-49.294595,-24.927865],[-49.294673,-24.927826],[-49.294689,-24.927774],[-49.294714,-24.927739],[-49.294704,-24.927699],[-49.294646,-24.927665]]}},{"type":"Feature","properties":{"alt":435.0,"mestra":true},"geometry":{"type":"LineString","coordinates":[[-49.294683,-24.927863],[-49.294663,-24.927856],[-49.294653,-24.927881],[-49.294684,-24.92797],[-49.294701,-24.927977],[-49.29475,-24.927926],[-49.294683,-24.927863]]}},{"type":"Feature","properties":{"alt":435.0,"mestra":true},"geometry":{"type":"LineString","coordinates":[[-49.293722,-24.928758],[-49.293705,-24.928761],[-49.293712,-24.928777],[-49.293728,-24.92877],[-49.293722,-24.928758]]}},{"type":"Feature","properties":{"alt":435.0,"mestra":true},"geometry":{"type":"LineString","coordinates":[[-49.29609,-24.929964],[-49.2961,-24.929976],[-49.296088,-24.929974],[-49.29609,-24.929964]]}},{"type":"Feature","properties":{"alt":435.0,"mestra":true},"geometry":{"type":"LineString","coordinates":[[-49.294213,-24.930053],[-49.294189,-24.930059],[-49.294193,-24.930082],[-49.294219,-24.930077],[-49.294213,-24.930053]]}},{"type":"Feature","properties":{"alt":435.0,"mestra":true},"geometry":{"type":"LineString","coordinates":[[-49.296382,-24.930108],[-49.296395,-24.93012],[-49.296388,-24.930137],[-49.296352,-24.930133],[-49.296354,-24.93011],[-49.296382,-24.930108]]}},{"type":"Feature","properties":{"alt":435.0,"mestra":true},"geometry":{"type":"LineString","coordinates":[[-49.293134,-24.931727],[-49.293143,-24.931731],[-49.293138,-24.931749],[-49.293104,-24.931763],[-49.29311,-24.93174],[-49.293134,-24.931727]]}},{"type":"Feature","properties":{"alt":435.0,"mestra":true},"geometry":{"type":"LineString","coordinates":[[-49.291576,-24.932729],[-49.291644,-24.932744],[-49.291673,-24.932769],[-49.291702,-24.932772],[-49.291712,-24.932795],[-49.291702,-24.932805],[-49.291673,-24.932795],[-49.291565,-24.932813],[-49.291526,-24.932807],[-49.291512,-24.932791],[-49.291515,-24.932755],[-49.291537,-24.932735],[-49.291576,-24.932729]]}},{"type":"Feature","properties":{"alt":436.0,"mestra":false},"geometry":{"type":"LineString","coordinates":[[-49.292935,-24.926168],[-49.292907,-24.926175],[-49.292883,-24.926167]]}},{"type":"Feature","properties":{"alt":436.0,"mestra":false},"geometry":{"type":"LineString","coordinates":[[-49.296424,-24.928439],[-49.296376,-24.928381],[-49.296327,-24.928292],[-49.296218,-24.927961],[-49.296148,-24.927835],[-49.296091,-24.927784],[-49.296018,-24.927754],[-49.295925,-24.927748],[-49.295847,-24.927768],[-49.295748,-24.927848],[-49.295585,-24.928061],[-49.29555,-24.928265],[-49.295584,-24.928364],[-49.295574,-24.928399],[-49.295547,-24.928434],[-49.295571,-24.928551],[-49.295533,-24.928639],[-49.295533,-24.928702],[-49.29548,-24.928719],[-49.295456,-24.928808],[-49.29541,-24.928852],[-49.295391,-24.928896],[-49.295332,-24.92894],[-49.295316,-24.928984],[-49.295263,-24.929016],[-49.295252,-24.929046],[-49.295261,-24.929064],[-49.295301,-24.929072],[-49.295359,-24.929123],[-49.295438,-24.929102],[-49.295477,-24.929106],[-49.295583,-24.929165],[-49.295652,-24.929182],[-49.29571,-24.929223],[-49.295758,-24.929239],[-49.295762,-24.929293],[-49.295802,-24.929364],[-49.295873,-24.929406],[-49.295951,-24.929426],[-49.296088,-24.929409],[-49.296146,-24.929436],[-49.296138,-24.929493],[-49.29615,-24.929529],[-49.296123,-24.929564],[-49.296127,-24.9296],[-49.296146,-24.929618],[-49.296199,-24.929636],[-49.296244,-24.929735],[-49.296226,-24.929797],[-49.296137,-24.92984],[-49.296053,-24.929902],[-49.296061,-24.929953],[-49.2961,-24.929959],[-49.296116,-24.929983],[-49.29609,-24.92999],[-49.296051,-24.929962],[-49.296044,-24.929973],[-49.296029,-24.930044],[-49.296037,-24.930142],[-49.296122,-24.930179],[-49.296194,-24.930245],[-49.296253,-24.930256],[-49.296321,-24.930253],[-49.29634,-24.930279],[-49.296333,-24.930333],[-49.296359,-24.930354],[-49.296398,-24.930357]]}},{"type":"Feature","properties":{"alt":436.0,"mestra":false},"geometry":{"type":"LineString","coordinates":[[-49.291186,-24.928385],[-49.291176,-24.928382]]}},{"type":"Feature","properties":{"alt":436.0,"mestra":false},"geometry":{"type":"LineString","coordinates":[[-49.291502,-24.929415],[-49.291524,-24.929429],[-49.291612,-24.929432],[-49.29167,-24.929464],[-49.291719,-24.929522],[-49.291736,-24.929603],[-49.291716,-24.929665],[-49.291676,-24.929692],[-49.291618,-24.9297],[-49.29152,-24.929676],[-49.291496,-24.929685]]}},{"type":"Feature","properties":{"alt":436.0,"mestra":false},"geometry":{"type":"LineString","coordinates":[[-49.2964,-24.930156],[-49.296352,-24.930145],[-49.296338,-24.930119],[-49.296362,-24.930094],[-49.296401,-24.930098]]}},{"type":"Feature","properties":{"alt":436.0,"mestra":false},"geometry":{"type":"LineString","coordinates":[[-49.291118,-24.932624],[-49.291167,-24.932596],[-49.291226,-24.932588],[-49.291327,-24.932655],[-49.291342,-24.932689],[-49.29143,-24.932706],[-49.291468,-24.932731],[-49.291508,-24.932715],[-49.291566,-24.932713],[-49.291654,-24.932734],[-49.291683,-24.932754],[-49.291712,-24.932756],[-49.291729,-24.932784],[-49.291711,-24.932818],[-49.291555,-24.932831],[-49.291531,-24.932845],[-49.29153,-24.932862],[-49.291564,-24.932898],[-49.291661,-24.932905],[-49.291745,-24.932963],[-49.291768,-24.932958],[-49.291778,-24.932919],[-49.291798,-24.932908],[-49.291886,-24.932905],[-49.291954,-24.932943],[-49.292033,-24.932909],[-49.292111,-24.932897],[-49.292137,-24.932878],[-49.292152,-24.932843],[-49.292155,-24.932798],[-49.292126,-24.932744],[-49.292176,-24.932692],[-49.292164,-24.932638],[-49.292173,-24.932627],[-49.292227,-24.932612],[-49.292241,-24.932585],[-49.292231,-24.932559],[-49.292194,-24.932537],[-49.292111,-24.932513],[-49.292126,-24.932496],[-49.292132,-24.932433],[-49.292241,-24.932327],[-49.292256,-24.93228],[-49.292345,-24.932242],[-49.292426,-24.93205],[-49.292489,-24.932045],[-49.292554,-24.931996],[-49.292779,-24.931977],[-49.292803,-24.931906],[-49.292829,-24.931876],[-49.292908,-24.931843],[-49.292987,-24.931767],[-49.293026,-24.931754],[-49.293075,-24.931754],[-49.293134,-24.931708],[-49.293202,-24.931728],[-49.293271,-24.931729],[-49.2933,-24.931715],[-49.293322,-24.93168],[-49.29335,-24.931675],[-49.293441,-24.931699],[-49.293495,-24.931753],[-49.293554,-24.931726],[-49.293603,-24.931721],[-49.293642,-24.93173],[-49.293681,-24.93176],[-49.293789,-24.931744],[-49.293936,-24.931684],[-49.293966,-24.931659],[-49.294034,-24.931528],[-49.294113,-24.931484],[-49.294097,-24.931386],[-49.294126,-24.93135],[-49.294137,-24.931316],[-49.294176,-24.931284],[-49.294333,-24.931231],[-49.294354,-24.931237],[-49.29438,-24.931282],[-49.29442,-24.931283],[-49.294517,-24.931239],[-49.294549,-24.931189],[-49.294568,-24.931214],[-49.294597,-24.931217],[-49.294715,-24.931116],[-49.294775,-24.93108],[-49.294814,-24.931065],[-49.294863,-24.93107],[-49.294894,-24.931056],[-49.294885,-24.931029],[-49.29492,-24.930994],[-49.294949,-24.930905],[-49.294983,-24.930867],[-49.295091,-24.930831],[-49.295336,-24.93081],[-49.295395,-24.930779],[-49.295428,-24.930732],[-49.295424,-24.930652],[-49.295369,-24.930549],[-49.29532,-24.930513],[-49.295183,-24.930462],[-49.295185,-24.930439],[-49.295259,-24.930329],[-49.295272,-24.930258],[-49.295255,-24.930205],[-49.295179,-24.930154],[-49.29515,-24.930151],[-49.29513,-24.930168],[-49.295094,-24.930328],[-49.295033,-24.930389],[-49.295038,-24.930406],[-49.295066,-24.930425],[-49.295019,-24.930425],[-49.29496,-24.930462],[-49.294944,-24.930451],[-49.29492,-24.930388],[-49.294805,-24.930326],[-49.294649,-24.930311],[-49.294552,-24.930275],[-49.294297,-24.930275],[-49.294259,-24.930223],[-49.294249,-24.930149],[-49.294221,-24.930125],[-49.293938,-24.930089],[-49.293875,-24.930064],[-49.293822,-24.930058],[-49.293805,-24.930045],[-49.293804,-24.930028],[-49.293841,-24.929992],[-49.293832,-24.929988],[-49.293783,-24.930003],[-49.293726,-24.929991],[-49.293705,-24.930018],[-49.293659,-24.92999],[-49.293682,-24.929946],[-49.293684,-24.929866],[-49.293647,-24.92983],[-49.293638,-24.929749],[-49.29358,-24.929642],[-49.293595,-24.92958],[-49.293565,-24.929521],[-49.29357,-24.929472],[-49.293543,-24.929365],[-49.293528,-24.92924],[-49.293506,-24.929231],[-49.293491,-24.929255],[-49.293482,-24.929195],[-49.293543,-24.929116],[-49.293486,-24.929026],[-49.293515,-24.928982],[-49.293521,-24.928937],[-49.293591,-24.928929],[-49.293641,-24.928849],[-49.293642,-24.928832],[-49.293607,-24.928778],[-49.293607,-24.928751],[-49.293635,-24.928727],[-49.293703,-24.928708],[-49.293715,-24.92869],[-49.293714,-24.928653],[-49.293753,-24.928636],[-49.293783,-24.928604],[-49.293852,-24.928584],[-49.293969,-24.928606],[-49.294038,-24.928558],[-49.294135,-24.928559],[-49.294184,-24.928546],[-49.294264,-24.928466],[-49.294352,-24.928467],[-49.294401,-24.928447],[-49.294487,-24.92836],[-49.294551,-24.928221],[-49.2946,-24.928174],[-49.294624,-24.928094],[-49.294602,-24.928056],[-49.294543,-24.928077],[-49.294504,-24.928053],[-49.294464,-24.927994],[-49.294394,-24.927806],[-49.294265,-24.927671],[-49.294061,-24.927508],[-49.293997,-24.927374],[-49.293985,-24.92732],[-49.293926,-24.927257],[-49.293773,-24.927196],[-49.29373,-24.927202],[-49.293727,-24.927237],[-49.293714,-24.927238],[-49.293659,-24.927219],[-49.293617,-24.92718],[-49.293529,-24.927187],[-49.29349,-24.927175],[-49.293411,-24.927193],[-49.293294,-24.927188],[-49.293263,-24.927178],[-49.293235,-24.927151],[-49.293178,-24.927053],[-49.293173,-24.926972],[-49.293201,-24.926919],[-49.293314,-24.926805],[-49.293329,-24.926716],[-49.293165,-24.92617]]}},{"type":"Feature","properties":{"alt":436.0,"mestra":false},"geometry":{"type":"LineString","coordinates":[[-49.292891,-24.933679],[-49.292855,-24.933689]]}},{"type":"Feature","properties":{"alt":436.0,"mestra":false},"geometry":{"type":"LineString","coordinates":[[-49.292763,-24.933688],[-49.292747,-24.933677]]}},{"type":"Feature","properties":{"alt":436.0,"mestra":false},"geometry":{"type":"LineString","coordinates":[[-49.294636,-24.927675],[-49.294597,-24.927692],[-49.294547,-24.927764],[-49.294576,-24.927791],[-49.294625,-24.927811],[-49.294664,-24.927802],[-49.294707,-24.92773],[-49.294685,-24.927693],[-49.294636,-24.927675]]}},{"type":"Feature","properties":{"alt":436.0,"mestra":false},"geometry":{"type":"LineString","coordinates":[[-49.294673,-24.927878],[-49.294667,-24.92789],[-49.294682,-24.927901],[-49.294686,-24.92789],[-49.294673,-24.927878]]}},{"type":"Feature","properties":{"alt":436.0,"mestra":false},"geometry":{"type":"LineString","coordinates":[[-49.293712,-24.92876],[-49.293709,-24.92877],[-49.293722,-24.928772],[-49.293712,-24.92876]]}},{"type":"Feature","properties":{"alt":436.0,"mestra":false},"geometry":{"type":"LineString","coordinates":[[-49.294213,-24.930057],[-49.294195,-24.930059],[-49.294198,-24.930077],[-49.294212,-24.930077],[-49.294213,-24.930057]]}},{"type":"Feature","properties":{"alt":436.0,"mestra":false},"geometry":{"type":"LineString","coordinates":[[-49.294134,-24.930057],[-49.29412,-24.930067],[-49.294134,-24.930082],[-49.294146,-24.930067],[-49.294134,-24.930057]]}},{"type":"Feature","properties":{"alt":436.0,"mestra":false},"geometry":{"type":"LineString","coordinates":[[-49.292535,-24.93194],[-49.292551,-24.931965],[-49.292544,-24.931986],[-49.29251,-24.931965],[-49.292515,-24.931946],[-49.292535,-24.93194]]}},{"type":"Feature","properties":{"alt":436.0,"mestra":false},"geometry":{"type":"LineString","coordinates":[[-49.292295,-24.932316],[-49.292285,-24.932324],[-49.292295,-24.932316]]}},{"type":"Feature","properties":{"alt":436.0,"mestra":false},"geometry":{"type":"LineString","coordinates":[[-49.291273,-24.932692],[-49.291255,-24.932699],[-49.291274,-24.932708],[-49.291283,-24.932699],[-49.291273,-24.932692]]}},{"type":"Feature","properties":{"alt":436.0,"mestra":false},"geometry":{"type":"LineString","coordinates":[[-49.291693,-24.932712],[-49.291673,-24.932721],[-49.291674,-24.932712],[-49.291693,-24.932712]]}},{"type":"Feature","properties":{"alt":437.0,"mestra":false},"geometry":{"type":"LineString","coordinates":[[-49.29294,-24.926168],[-49.292907,-24.926176],[-49.292879,-24.926167]]}},{"type":"Feature","properties":{"alt":437.0,"mestra":false},"geometry":{"type":"LineString","coordinates":[[-49.296423,-24.928547],[-49.296355,-24.928471],[-49.29629,-24.928354],[-49.296245,-24.928229],[-49.296187,-24.927996],[-49.296122,-24.927871],[-49.296071,-24.927822],[-49.296003,-24.927791],[-49.295915,-24.927782],[-49.295847,-24.927797],[-49.295787,-24.927836],[-49.295688,-24.927932],[-49.295589,-24.928061],[-49.295569,-24.92815],[-49.29556,-24.928265],[-49.295594,-24.928382],[-49.295565,-24.928453],[-49.295574,-24.92856],[-49.295537,-24.928639],[-49.295546,-24.928702],[-49.295531,-24.92872],[-49.295482,-24.928732],[-49.295466,-24.928799],[-49.295415,-24.928861],[-49.295408,-24.928887],[-49.295338,-24.92894],[-49.295319,-24.928984],[-49.29527,-24.92902],[-49.29526,-24.929046],[-49.295272,-24.92906],[-49.295301,-24.929065],[-49.295359,-24.929113],[-49.295438,-24.929093],[-49.295477,-24.929098],[-49.295593,-24.929163],[-49.295661,-24.92918],[-49.295729,-24.929222],[-49.295778,-24.929222],[-49.295764,-24.929257],[-49.295771,-24.929302],[-49.295809,-24.929364],[-49.295864,-24.929395],[-49.295951,-24.929415],[-49.296098,-24.929389],[-49.296156,-24.929422],[-49.296163,-24.92944],[-49.296149,-24.929493],[-49.296158,-24.929529],[-49.296135,-24.929564],[-49.296138,-24.9296],[-49.296154,-24.929616],[-49.296203,-24.929627],[-49.29625,-24.929693],[-49.296258,-24.929735],[-49.296236,-24.929806],[-49.296151,-24.929841],[-49.296067,-24.929902],[-49.296071,-24.929935],[-49.296143,-24.929983],[-49.296129,-24.929999],[-49.29607,-24.930002],[-49.296051,-24.930015],[-49.296037,-24.930053],[-49.296044,-24.930133],[-49.296049,-24.930143],[-49.296145,-24.930179],[-49.296204,-24.930227],[-49.296329,-24.930244],[-49.296367,-24.930289],[-49.29635,-24.930324],[-49.296369,-24.930335],[-49.296398,-24.930325]]}},{"type":"Feature","properties":{"alt":437.0,"mestra":false},"geometry":{"type":"LineString","coordinates":[[-49.291185,-24.928492],[-49.291175,-24.928489]]}},{"type":"Feature","properties":{"alt":437.0,"mestra":false},"geometry":{"type":"LineString","coordinates":[[-49.29151,-24.929408],[-49.291534,-24.929419],[-49.291621,-24.929428],[-49.291679,-24.929465],[-49.291725,-24.929523],[-49.291743,-24.929603],[-49.291727,-24.929665],[-49.291686,-24.929698],[-49.291618,-24.929707],[-49.29151,-24.92969],[-49.291501,-24.929699]]}},{"type":"Feature","properties":{"alt":437.0,"mestra":false},"geometry":{"type":"LineString","coordinates":[[-49.2964,-24.930173],[-49.296342,-24.93015],[-49.296328,-24.930119],[-49.296353,-24.930081],[-49.296402,-24.930078]]}},{"type":"Feature","properties":{"alt":437.0,"mestra":false},"geometry":{"type":"LineString","coordinates":[[-49.291118,-24.932608],[-49.291167,-24.932579],[-49.291226,-24.932572],[-49.291323,-24.93263],[-49.291391,-24.93265],[-49.291538,-24.932625],[-49.291578,-24.932595],[-49.291668,-24.932588],[-49.291582,-24.932685],[-49.291625,-24.93272],[-49.291644,-24.932717],[-49.291664,-24.932696],[-49.291703,-24.932696],[-49.291729,-24.932731],[-49.291737,-24.932811],[-49.291711,-24.932831],[-49.291574,-24.932845],[-49.291557,-24.932863],[-49.291574,-24.932888],[-49.291671,-24.932892],[-49.291758,-24.932952],[-49.291765,-24.932936],[-49.291752,-24.932918],[-49.291779,-24.9329],[-49.291886,-24.932895],[-49.291954,-24.932936],[-49.292023,-24.932904],[-49.292101,-24.932893],[-49.292131,-24.932873],[-49.292142,-24.932843],[-49.292108,-24.932762],[-49.292109,-24.932735],[-49.29217,-24.932692],[-49.292162,-24.932629],[-49.292223,-24.932605],[-49.292233,-24.932576],[-49.292222,-24.932558],[-49.292184,-24.932538],[-49.292106,-24.932535],[-49.292087,-24.932525],[-49.292082,-24.932503],[-49.292103,-24.932477],[-49.292113,-24.932432],[-49.292084,-24.932388],[-49.292108,-24.932378],[-49.292137,-24.932402],[-49.292157,-24.932398],[-49.29223,-24.932327],[-49.292252,-24.932274],[-49.292328,-24.93223],[-49.292365,-24.932172],[-49.292412,-24.932053],[-49.292474,-24.932035],[-49.292498,-24.932018],[-49.292505,-24.932],[-49.292494,-24.931956],[-49.292515,-24.931927],[-49.292545,-24.931926],[-49.292593,-24.931969],[-49.292769,-24.931975],[-49.292784,-24.931959],[-49.292792,-24.931897],[-49.292809,-24.931867],[-49.292898,-24.931838],[-49.292937,-24.931811],[-49.292967,-24.931773],[-49.293007,-24.931752],[-49.293075,-24.931737],[-49.293135,-24.931683],[-49.293203,-24.931713],[-49.293251,-24.93172],[-49.29329,-24.931714],[-49.29332,-24.931677],[-49.29335,-24.931671],[-49.293496,-24.931704],[-49.293613,-24.931707],[-49.293691,-24.931743],[-49.293769,-24.93174],[-49.293818,-24.931725],[-49.293946,-24.931667],[-49.294026,-24.931522],[-49.294106,-24.931484],[-49.294085,-24.931386],[-49.294119,-24.93135],[-49.294127,-24.931312],[-49.294176,-24.931272],[-49.294333,-24.931227],[-49.294358,-24.931237],[-49.294381,-24.931277],[-49.29442,-24.931279],[-49.294509,-24.931236],[-49.294549,-24.931177],[-49.294578,-24.931211],[-49.294597,-24.93121],[-49.294637,-24.93116],[-49.294765,-24.931074],[-49.294815,-24.931054],[-49.294865,-24.931056],[-49.294853,-24.931029],[-49.294904,-24.930994],[-49.294944,-24.930892],[-49.294984,-24.930851],[-49.295101,-24.930811],[-49.295326,-24.930794],[-49.295376,-24.930768],[-49.295406,-24.930723],[-49.295404,-24.930652],[-49.295357,-24.930562],[-49.29532,-24.930533],[-49.295184,-24.930484],[-49.295165,-24.930462],[-49.29517,-24.930409],[-49.295218,-24.930356],[-49.295256,-24.930258],[-49.295249,-24.930222],[-49.295217,-24.930197],[-49.295159,-24.930182],[-49.295136,-24.930194],[-49.295113,-24.930337],[-49.295049,-24.930389],[-49.295078,-24.930417],[-49.295077,-24.930439],[-49.295028,-24.930447],[-49.294949,-24.930495],[-49.29493,-24.930496],[-49.294919,-24.930486],[-49.294907,-24.930432],[-49.294795,-24.930361],[-49.294639,-24.930333],[-49.2946,-24.930318],[-49.294561,-24.930286],[-49.294375,-24.930292],[-49.294288,-24.93028],[-49.294249,-24.930223],[-49.294247,-24.930157],[-49.294221,-24.93013],[-49.293929,-24.930095],[-49.293812,-24.930061],[-49.293783,-24.930029],[-49.293754,-24.930022],[-49.293695,-24.93004],[-49.29363,-24.92999],[-49.293673,-24.929955],[-49.293681,-24.929866],[-49.293639,-24.92983],[-49.29363,-24.929749],[-49.293575,-24.929642],[-49.293586,-24.92958],[-49.293552,-24.929526],[-49.293557,-24.929472],[-49.293542,-24.929401],[-49.293476,-24.929249],[-49.293476,-24.929186],[-49.293516,-24.929115],[-49.29348,-24.929026],[-49.293483,-24.929008],[-49.293506,-24.928982],[-49.293515,-24.928937],[-49.293524,-24.928929],[-49.293583,-24.928929],[-49.293631,-24.928849],[-49.293599,-24.928795],[-49.293596,-24.928742],[-49.293635,-24.928721],[-49.293698,-24.928707],[-49.29371,-24.92869],[-49.293712,-24.928645],[-49.293753,-24.92863],[-49.293783,-24.928597],[-49.293852,-24.928579],[-49.293969,-24.928602],[-49.293996,-24.928568],[-49.294028,-24.928553],[-49.294135,-24.928552],[-49.294169,-24.928543],[-49.294203,-24.928517],[-49.294234,-24.928468],[-49.294264,-24.92845],[-49.294342,-24.928453],[-49.294401,-24.928436],[-49.294487,-24.928342],[-49.294515,-24.928236],[-49.294518,-24.928173],[-49.29444,-24.928012],[-49.294408,-24.927913],[-49.294379,-24.927869],[-49.294387,-24.927815],[-49.294332,-24.927788],[-49.294149,-24.927599],[-49.294071,-24.927542],[-49.294034,-24.927499],[-49.294023,-24.927469],[-49.294004,-24.927469],[-49.293987,-24.927418],[-49.293946,-24.927424],[-49.293878,-24.927354],[-49.293607,-24.927219],[-49.293274,-24.927199],[-49.293232,-24.927178],[-49.293165,-24.927106],[-49.293135,-24.927043],[-49.29313,-24.926972],[-49.293145,-24.926928],[-49.293234,-24.926786],[-49.293245,-24.926697],[-49.29309,-24.926169]]}},{"type":"Feature","properties":{"alt":437.0,"mestra":false},"geometry":{"type":"LineString","coordinates":[[-49.292892,-24.93368],[-49.292858,-24.933689]]}},{"type":"Feature","properties":{"alt":437.0,"mestra":false},"geometry":{"type":"LineString","coordinates":[[-49.292761,-24.933688],[-49.292747,-24.933677]]}},{"type":"Feature","properties":{"alt":437.0,"mestra":false},"geometry":{"type":"LineString","coordinates":[[-49.294665,-24.927693],[-49.294626,-24.92769],[-49.294604,-24.927711],[-49.294595,-24.927755],[-49.294615,-24.92778],[-49.294645,-24.92778],[-49.294687,-24.927729],[-49.294685,-24.927712],[-49.294665,-24.927693]]}},{"type":"Feature","properties":{"alt":437.0,"mestra":false},"geometry":{"type":"LineString","coordinates":[[-49.296079,-24.929334],[-49.296088,-24.929341],[-49.296079,-24.929349],[-49.296068,-24.929341],[-49.296079,-24.929334]]}},{"type":"Feature","properties":{"alt":437.0,"mestra":false},"geometry":{"type":"LineString","coordinates":[[-49.296296,-24.92993],[-49.296296,-24.92995],[-49.296266,-24.929953],[-49.296267,-24.929936],[-49.296296,-24.92993]]}},{"type":"Feature","properties":{"alt":437.0,"mestra":false},"geometry":{"type":"LineString","coordinates":[[-49.294203,-24.930061],[-49.29421,-24.930068],[-49.294203,-24.930061]]}},{"type":"Feature","properties":{"alt":438.0,"mestra":false},"geometry":{"type":"LineString","coordinates":[[-49.292946,-24.926168],[-49.292907,-24.92618],[-49.292874,-24.926167]]}},{"type":"Feature","properties":{"alt":438.0,"mestra":false},"geometry":{"type":"LineString","coordinates":[[-49.296421,-24.92865],[-49.296334,-24.92856],[-49.296258,-24.928426],[-49.296205,-24.928273],[-49.29615,-24.928022],[-49.296099,-24.927915],[-49.296051,-24.927863],[-49.295993,-24.927831],[-49.295915,-24.927815],[-49.295856,-24.927822],[-49.295807,-24.927849],[-49.295688,-24.927945],[-49.295594,-24.928061],[-49.295573,-24.928158],[-49.295577,-24.928265],[-49.295608,-24.928391],[-49.2956,-24.928435],[-49.295569,-24.928497],[-49.295577,-24.928568],[-49.295541,-24.928639],[-49.295555,-24.928711],[-49.295541,-24.928726],[-49.29549,-24.928737],[-49.295474,-24.92879],[-49.29542,-24.928888],[-49.295342,-24.928942],[-49.295322,-24.928986],[-49.295269,-24.929037],[-49.295272,-24.92905],[-49.295301,-24.929059],[-49.295359,-24.929103],[-49.295428,-24.929085],[-49.295467,-24.929087],[-49.295525,-24.929111],[-49.295584,-24.929151],[-49.295661,-24.929172],[-49.29572,-24.929208],[-49.295778,-24.929213],[-49.295788,-24.92923],[-49.295771,-24.929257],[-49.295775,-24.929302],[-49.295815,-24.929364],[-49.295873,-24.929393],[-49.295951,-24.929407],[-49.296059,-24.929392],[-49.296086,-24.929368],[-49.296062,-24.929349],[-49.296063,-24.929332],[-49.296096,-24.929332],[-49.296109,-24.929368],[-49.296169,-24.929431],[-49.296165,-24.929529],[-49.296143,-24.929573],[-49.296145,-24.9296],[-49.296164,-24.929613],[-49.296203,-24.929618],[-49.296231,-24.929652],[-49.296268,-24.929673],[-49.296271,-24.929735],[-49.296249,-24.92977],[-49.296253,-24.929815],[-49.296172,-24.929841],[-49.296083,-24.929902],[-49.296078,-24.92992],[-49.29612,-24.929948],[-49.296177,-24.929957],[-49.296208,-24.92994],[-49.296218,-24.929902],[-49.296326,-24.929892],[-49.29635,-24.929914],[-49.296381,-24.930021],[-49.296402,-24.930033]]}},{"type":"Feature","properties":{"alt":438.0,"mestra":false},"geometry":{"type":"LineString","coordinates":[[-49.291518,-24.929392],[-49.291543,-24.929409],[-49.291621,-24.929421],[-49.29168,-24.929457],[-49.291727,-24.929514],[-49.291749,-24.929594],[-49.291741,-24.929656],[-49.291706,-24.929699],[-49.291647,-24.929714],[-49.291559,-24.929707],[-49.291535,-24.929721]]}},{"type":"Feature","properties":{"alt":438.0,"mestra":false},"geometry":{"type":"LineString","coordinates":[[-49.2964,-24.930189],[-49.296324,-24.930146],[-49.296316,-24.930065],[-49.296304,-24.930053],[-49.296167,-24.93005],[-49.29609,-24.930016],[-49.29605,-24.930038],[-49.296045,-24.93008],[-49.296068,-24.930133],[-49.296152,-24.93017],[-49.296224,-24.930218],[-49.296321,-24.930228],[-49.296399,-24.930251]]}},{"type":"Feature","properties":{"alt":438.0,"mestra":false},"geometry":{"type":"LineString","coordinates":[[-49.291162,-24.930132],[-49.291152,-24.930131]]}},{"type":"Feature","properties":{"alt":438.0,"mestra":false},"geometry":{"type":"LineString","coordinates":[[-49.291118,-24.932596],[-49.291168,-24.932567],[-49.291226,-24.932561],[-49.291343,-24.932631],[-49.291401,-24.932642],[-49.291509,-24.932611],[-49.291568,-24.932581],[-49.291656,-24.932571],[-49.291853,-24.932446],[-49.29186,-24.932465],[-49.291834,-24.932563],[-49.291802,-24.93262],[-49.291712,-24.93266],[-49.29175,-24.932767],[-49.29174,-24.932847],[-49.291681,-24.932846],[-49.291668,-24.932864],[-49.29171,-24.932891],[-49.291886,-24.932885],[-49.291954,-24.932929],[-49.292023,-24.932896],[-49.292101,-24.932885],[-49.292125,-24.932869],[-49.292132,-24.932843],[-49.292095,-24.93278],[-49.292094,-24.932735],[-49.292114,-24.932709],[-49.292163,-24.932692],[-49.292168,-24.932674],[-49.292155,-24.932629],[-49.292214,-24.932603],[-49.292225,-24.932576],[-49.292184,-24.932543],[-49.292116,-24.93255],[-49.292077,-24.932535],[-49.292067,-24.932503],[-49.292095,-24.932432],[-49.292063,-24.932378],[-49.292099,-24.932368],[-49.292147,-24.93239],[-49.292205,-24.932344],[-49.292227,-24.932318],[-49.292239,-24.932273],[-49.292288,-24.932247],[-49.292346,-24.932173],[-49.29241,-24.932044],[-49.29246,-24.932026],[-49.29248,-24.932009],[-49.29248,-24.931955],[-49.292506,-24.93192],[-49.292545,-24.931907],[-49.292603,-24.931948],[-49.292701,-24.931967],[-49.292769,-24.931968],[-49.292778,-24.93195],[-49.292773,-24.931887],[-49.292791,-24.931861],[-49.292928,-24.931811],[-49.292967,-24.931766],[-49.293095,-24.931706],[-49.293135,-24.931659],[-49.293203,-24.931697],[-49.293261,-24.931712],[-49.293291,-24.931707],[-49.29332,-24.931673],[-49.29336,-24.931667],[-49.293477,-24.931685],[-49.293594,-24.931687],[-49.29373,-24.931732],[-49.293808,-24.931721],[-49.293939,-24.93166],[-49.294025,-24.93151],[-49.294096,-24.931484],[-49.294102,-24.931466],[-49.294072,-24.931412],[-49.29407,-24.931385],[-49.294108,-24.93135],[-49.294127,-24.9313],[-49.294176,-24.93126],[-49.294255,-24.931249],[-49.294333,-24.931223],[-49.294362,-24.931237],[-49.294382,-24.931271],[-49.294421,-24.931275],[-49.294509,-24.931229],[-49.294549,-24.931169],[-49.294569,-24.931175],[-49.294578,-24.931202],[-49.294594,-24.931204],[-49.294625,-24.931151],[-49.294888,-24.930994],[-49.29494,-24.930878],[-49.294984,-24.930835],[-49.295053,-24.930804],[-49.295151,-24.93078],[-49.295317,-24.930775],[-49.295361,-24.93075],[-49.295383,-24.930714],[-49.295379,-24.930643],[-49.295339,-24.930572],[-49.295295,-24.930544],[-49.295203,-24.930521],[-49.29515,-24.930471],[-49.295141,-24.930444],[-49.295147,-24.9304],[-49.295161,-24.930373],[-49.295197,-24.930347],[-49.295196,-24.930329],[-49.295177,-24.930309],[-49.295154,-24.930355],[-49.295078,-24.93039],[-49.295095,-24.930435],[-49.295077,-24.930467],[-49.294998,-24.930481],[-49.294949,-24.930505],[-49.2949,-24.930509],[-49.294881,-24.930471],[-49.294814,-24.930413],[-49.294716,-24.930372],[-49.294638,-24.930357],[-49.2946,-24.930334],[-49.294561,-24.930294],[-49.294502,-24.93031],[-49.294424,-24.930309],[-49.294277,-24.930283],[-49.294249,-24.930243],[-49.294242,-24.930157],[-49.294221,-24.930134],[-49.294084,-24.93013],[-49.293928,-24.930103],[-49.293853,-24.930073],[-49.293802,-24.930064],[-49.293744,-24.930031],[-49.293695,-24.930052],[-49.293646,-24.930029],[-49.293618,-24.929999],[-49.293616,-24.929972],[-49.293647,-24.929972],[-49.293666,-24.929955],[-49.293677,-24.929866],[-49.293631,-24.92983],[-49.293626,-24.929758],[-49.293571,-24.929642],[-49.293578,-24.929579],[-49.293542,-24.929526],[-49.293544,-24.929463],[-49.293531,-24.929401],[-49.29347,-24.929257],[-49.293469,-24.929186],[-49.293503,-24.929106],[-49.293475,-24.929026],[-49.293478,-24.929008],[-49.293503,-24.928973],[-49.293515,-24.92893],[-49.293573,-24.928929],[-49.293599,-24.928893],[-49.293595,-24.928849],[-49.293535,-24.928868],[-49.293532,-24.928839],[-49.293579,-24.928822],[-49.293587,-24.928733],[-49.293694,-24.928706],[-49.293705,-24.92869],[-49.293704,-24.928648],[-49.29375,-24.928628],[-49.293777,-24.928592],[-49.293852,-24.928574],[-49.293969,-24.928595],[-49.293989,-24.928562],[-49.294028,-24.928545],[-49.294126,-24.928546],[-49.294166,-24.928535],[-49.294225,-24.928458],[-49.294254,-24.928438],[-49.294372,-24.928436],[-49.294401,-24.928425],[-49.294478,-24.928342],[-49.294489,-24.928217],[-49.294473,-24.928179],[-49.294445,-24.928154],[-49.294448,-24.928119],[-49.294403,-24.928047],[-49.294395,-24.927976],[-49.29435,-24.927877],[-49.294347,-24.92785],[-49.294375,-24.927833],[-49.294376,-24.927815],[-49.294361,-24.927809],[-49.294321,-24.927822],[-49.294254,-24.927734],[-49.293917,-24.927427],[-49.29387,-24.927373],[-49.293626,-24.927253],[-49.29345,-24.927245],[-49.293352,-24.927214],[-49.293245,-24.927206],[-49.293166,-24.92716],[-49.293131,-24.927123],[-49.293093,-24.927043],[-49.293086,-24.926971],[-49.293156,-24.926776],[-49.293163,-24.926687],[-49.293013,-24.926168]]}},{"type":"Feature","properties":{"alt":438.0,"mestra":false},"geometry":{"type":"LineString","coordinates":[[-49.292892,-24.93368],[-49.292861,-24.933689]]}},{"type":"Feature","properties":{"alt":438.0,"mestra":false},"geometry":{"type":"LineString","coordinates":[[-49.292759,-24.933688],[-49.292746,-24.933678]]}},{"type":"Feature","properties":{"alt":438.0,"mestra":false},"geometry":{"type":"LineString","coordinates":[[-49.292715,-24.927358],[-49.292758,-24.927369],[-49.292723,-24.927395],[-49.292685,-24.92739],[-49.292676,-24.927377],[-49.292683,-24.927359],[-49.292715,-24.927358]]}},{"type":"Feature","properties":{"alt":438.0,"mestra":false},"geometry":{"type":"LineString","coordinates":[[-49.294655,-24.92771],[-49.294636,-24.927711],[-49.294633,-24.92772],[-49.294655,-24.927723],[-49.294655,-24.92771]]}},{"type":"Feature","properties":{"alt":438.0,"mestra":false},"geometry":{"type":"LineString","coordinates":[[-49.295217,-24.930212],[-49.295193,-24.930213],[-49.295176,-24.930231],[-49.295178,-24.930266],[-49.295196,-24.930288],[-49.295226,-24.930279],[-49.295245,-24.930258],[-49.295241,-24.930231],[-49.295217,-24.930212]]}},{"type":"Feature","properties":{"alt":438.0,"mestra":false},"geometry":{"type":"LineString","coordinates":[[-49.292653,-24.931856],[-49.292643,-24.931868],[-49.292622,-24.931859],[-49.292653,-24.931856]]}},{"type":"Feature","properties":{"alt":438.0,"mestra":false},"geometry":{"type":"LineString","coordinates":[[-49.291891,-24.932563],[-49.291908,-24.93259],[-49.2919,-24.932612],[-49.291876,-24.932608],[-49.291859,-24.93259],[-49.291891,-24.932563]]}},{"type":"Feature","properties":{"alt":438.0,"mestra":false},"geometry":{"type":"LineString","coordinates":[[-49.291909,-24.932646],[-49.291916,-24.932662],[-49.291899,-24.932674],[-49.291892,-24.932662],[-49.291909,-24.932646]]}},{"type":"Feature","properties":{"alt":438.0,"mestra":false},"geometry":{"type":"LineString","coordinates":[[-49.291753,-24.932667],[-49.291738,-24.932678],[-49.291737,-24.932669],[-49.291753,-24.932667]]}},{"type":"Feature","properties":{"alt":439.0,"mestra":false},"geometry":{"type":"LineString","coordinates":[[-49.29642,-24.928752],[-49.296314,-24.928648],[-49.296229,-24.928505],[-49.296155,-24.92829],[-49.296101,-24.928031],[-49.296044,-24.927923],[-49.295973,-24.92787],[-49.295885,-24.927849],[-49.295826,-24.927868],[-49.295708,-24.927942],[-49.295658,-24.927988],[-49.295592,-24.928078],[-49.295578,-24.928167],[-49.29561,-24.928284],[-49.295601,-24.928328],[-49.295623,-24.928391],[-49.295613,-24.928435],[-49.295576,-24.928497],[-49.295579,-24.928577],[-49.295544,-24.928639],[-49.295567,-24.928711],[-49.29555,-24.928733],[-49.295491,-24.928746],[-49.295474,-24.928799],[-49.295448,-24.928834],[-49.295436,-24.928888],[-49.295342,-24.928949],[-49.295327,-24.928985],[-49.295281,-24.929037],[-49.29536,-24.929094],[-49.295428,-24.929072],[-49.295467,-24.929078],[-49.295593,-24.929149],[-49.295669,-24.929167],[-49.29572,-24.929198],[-49.295778,-24.929205],[-49.295793,-24.92923],[-49.295776,-24.929266],[-49.29578,-24.929302],[-49.295815,-24.929358],[-49.295864,-24.929384],[-49.295952,-24.9294],[-49.296049,-24.929387],[-49.29607,-24.929376],[-49.296055,-24.929349],[-49.29606,-24.929328],[-49.29608,-24.929321],[-49.296108,-24.929332],[-49.296175,-24.929431],[-49.296172,-24.929538],[-49.296152,-24.929573],[-49.296152,-24.9296],[-49.296203,-24.929611],[-49.296241,-24.929646],[-49.296284,-24.929664],[-49.296287,-24.929753],[-49.296259,-24.929765],[-49.296254,-24.929788],[-49.296278,-24.929807],[-49.296308,-24.929789],[-49.296318,-24.929807],[-49.296297,-24.929832],[-49.296228,-24.929841],[-49.296205,-24.929859],[-49.296238,-24.929873],[-49.296297,-24.929857],[-49.296365,-24.929893],[-49.296404,-24.929896]]}},{"type":"Feature","properties":{"alt":439.0,"mestra":false},"geometry":{"type":"LineString","coordinates":[[-49.291528,-24.929383],[-49.291553,-24.9294],[-49.291631,-24.929417],[-49.291689,-24.929459],[-49.291737,-24.929523],[-49.291756,-24.929603],[-49.291747,-24.929665],[-49.291715,-24.929704],[-49.291656,-24.92972],[-49.291569,-24.929715],[-49.291542,-24.929728]]}},{"type":"Feature","properties":{"alt":439.0,"mestra":false},"geometry":{"type":"LineString","coordinates":[[-49.291118,-24.932584],[-49.291168,-24.932557],[-49.291236,-24.932554],[-49.291343,-24.932626],[-49.291391,-24.932639],[-49.291558,-24.932571],[-49.291646,-24.932568],[-49.291804,-24.932465],[-49.291943,-24.932299],[-49.291963,-24.932294],[-49.292011,-24.932332],[-49.292081,-24.932266],[-49.29208,-24.932304],[-49.292063,-24.932343],[-49.292138,-24.932374],[-49.292157,-24.932373],[-49.292197,-24.932344],[-49.292222,-24.932309],[-49.29223,-24.932256],[-49.292208,-24.932237],[-49.292208,-24.932211],[-49.292238,-24.9322],[-49.292266,-24.932211],[-49.292243,-24.932247],[-49.292271,-24.932247],[-49.292268,-24.932211],[-49.292307,-24.932191],[-49.292346,-24.932142],[-49.292389,-24.932052],[-49.292406,-24.932033],[-49.29246,-24.932009],[-49.292465,-24.931955],[-49.292487,-24.93192],[-49.292555,-24.931885],[-49.292603,-24.931927],[-49.292662,-24.931937],[-49.292711,-24.931933],[-49.292725,-24.931949],[-49.292759,-24.931954],[-49.292748,-24.931896],[-49.292765,-24.931861],[-49.29281,-24.931834],[-49.292928,-24.931802],[-49.292956,-24.931765],[-49.293089,-24.931695],[-49.293116,-24.931642],[-49.293271,-24.931705],[-49.293291,-24.9317],[-49.29332,-24.931669],[-49.293379,-24.93166],[-49.293477,-24.931675],[-49.293584,-24.931666],[-49.29374,-24.931725],[-49.293809,-24.931712],[-49.293932,-24.931651],[-49.294017,-24.931504],[-49.294036,-24.931487],[-49.29409,-24.931475],[-49.294089,-24.931457],[-49.294049,-24.931412],[-49.294045,-24.931394],[-49.294103,-24.931332],[-49.294127,-24.931288],[-49.294177,-24.931247],[-49.294245,-24.931245],[-49.294333,-24.931219],[-49.294358,-24.931228],[-49.294391,-24.93127],[-49.294441,-24.931265],[-49.294509,-24.931221],[-49.294539,-24.931168],[-49.294598,-24.931154],[-49.294676,-24.931098],[-49.294874,-24.930991],[-49.294934,-24.930869],[-49.294984,-24.930821],[-49.295171,-24.930746],[-49.295268,-24.930758],[-49.295307,-24.930752],[-49.295341,-24.930731],[-49.295358,-24.930705],[-49.295355,-24.930643],[-49.295319,-24.930586],[-49.295272,-24.930561],[-49.295193,-24.930556],[-49.295125,-24.930486],[-49.294998,-24.930493],[-49.294871,-24.930531],[-49.294853,-24.930494],[-49.294775,-24.930431],[-49.294648,-24.930391],[-49.29459,-24.930346],[-49.294561,-24.930303],[-49.294502,-24.930328],[-49.294434,-24.930326],[-49.294365,-24.930318],[-49.294268,-24.930286],[-49.294243,-24.930247],[-49.294238,-24.930157],[-49.294221,-24.930138],[-49.294094,-24.930142],[-49.293928,-24.930113],[-49.29388,-24.930102],[-49.293851,-24.930081],[-49.293792,-24.93007],[-49.293744,-24.930038],[-49.293694,-24.930062],[-49.293636,-24.930046],[-49.293617,-24.930025],[-49.293598,-24.929972],[-49.293659,-24.929955],[-49.293656,-24.929928],[-49.293673,-24.929866],[-49.293624,-24.92983],[-49.293619,-24.929758],[-49.293568,-24.929642],[-49.293574,-24.929588],[-49.293536,-24.929534],[-49.293523,-24.929409],[-49.293465,-24.929257],[-49.293465,-24.929177],[-49.293493,-24.929106],[-49.293473,-24.929008],[-49.293515,-24.928925],[-49.293573,-24.928925],[-49.293591,-24.928902],[-49.293583,-24.928875],[-49.293525,-24.928875],[-49.293526,-24.928832],[-49.293558,-24.928804],[-49.293578,-24.928733],[-49.293694,-24.928701],[-49.293701,-24.928645],[-49.293744,-24.928628],[-49.293773,-24.928588],[-49.293832,-24.928571],[-49.29392,-24.928564],[-49.293959,-24.928588],[-49.293973,-24.928559],[-49.294028,-24.928536],[-49.294126,-24.928538],[-49.294155,-24.928528],[-49.294215,-24.928449],[-49.294245,-24.928428],[-49.294391,-24.928419],[-49.294471,-24.928335],[-49.294467,-24.928235],[-49.294403,-24.928118],[-49.294367,-24.92808],[-49.294368,-24.927984],[-49.294321,-24.927877],[-49.294205,-24.92773],[-49.293858,-24.92739],[-49.293615,-24.927281],[-49.293498,-24.927263],[-49.29345,-24.927266],[-49.293343,-24.92722],[-49.293235,-24.927221],[-49.293148,-24.927193],[-49.293104,-24.927159],[-49.293054,-24.92706],[-49.293039,-24.926989],[-49.293082,-24.926766],[-49.293074,-24.92665],[-49.29294,-24.926185],[-49.292898,-24.926183],[-49.292869,-24.926167]]}},{"type":"Feature","properties":{"alt":439.0,"mestra":false},"geometry":{"type":"LineString","coordinates":[[-49.292757,-24.933688],[-49.292746,-24.933678]]}},{"type":"Feature","properties":{"alt":439.0,"mestra":false},"geometry":{"type":"LineString","coordinates":[[-49.292774,-24.927342],[-49.292826,-24.927361],[-49.292715,-24.927409],[-49.292682,-24.927404],[-49.292662,-24.927385],[-49.29266,-24.927368],[-49.292676,-24.927346],[-49.292774,-24.927342]]}},{"type":"Feature","properties":{"alt":439.0,"mestra":false},"geometry":{"type":"LineString","coordinates":[[-49.29614,-24.929889],[-49.296125,-24.929894],[-49.29612,-24.92991],[-49.29614,-24.929908],[-49.29614,-24.929889]]}},{"type":"Feature","properties":{"alt":439.0,"mestra":false},"geometry":{"type":"LineString","coordinates":[[-49.296099,-24.930032],[-49.29607,-24.930034],[-49.296052,-24.930062],[-49.296058,-24.930098],[-49.296078,-24.930119],[-49.296117,-24.930132],[-49.296224,-24.9302],[-49.29637,-24.930225],[-49.296397,-24.930218],[-49.296378,-24.930191],[-49.296316,-24.930163],[-49.296283,-24.930092],[-49.296235,-24.930079],[-49.296157,-24.930091],[-49.296099,-24.930032]]}},{"type":"Feature","properties":{"alt":439.0,"mestra":false},"geometry":{"type":"LineString","coordinates":[[-49.295217,-24.93023],[-49.295201,-24.930249],[-49.295216,-24.930264],[-49.295235,-24.930249],[-49.295217,-24.93023]]}},{"type":"Feature","properties":{"alt":439.0,"mestra":false},"geometry":{"type":"LineString","coordinates":[[-49.294588,-24.93118],[-49.294588,-24.931196],[-49.294588,-24.93118]]}},{"type":"Feature","properties":{"alt":439.0,"mestra":false},"geometry":{"type":"LineString","coordinates":[[-49.293018,-24.931658],[-49.292999,-24.931694],[-49.29298,-24.931685],[-49.292988,-24.931662],[-49.293018,-24.931658]]}},{"type":"Feature","properties":{"alt":439.0,"mestra":false},"geometry":{"type":"LineString","coordinates":[[-49.292663,-24.931846],[-49.29267,-24.931859],[-49.292643,-24.931876],[-49.292603,-24.931859],[-49.292624,-24.931843],[-49.292663,-24.931846]]}},{"type":"Feature","properties":{"alt":439.0,"mestra":false},"geometry":{"type":"LineString","coordinates":[[-49.292101,-24.93224],[-49.292106,-24.932254],[-49.292082,-24.932263],[-49.292101,-24.93224]]}},{"type":"Feature","properties":{"alt":439.0,"mestra":false},"geometry":{"type":"LineString","coordinates":[[-49.29203,-24.932383],[-49.292011,-24.932383],[-49.291961,-24.932408],[-49.291949,-24.932448],[-49.291912,-24.932484],[-49.291907,-24.93251],[-49.29193,-24.932635],[-49.291924,-24.932671],[-49.291909,-24.932681],[-49.291889,-24.932677],[-49.29188,-24.932628],[-49.291846,-24.932617],[-49.291844,-24.932652],[-49.291782,-24.932674],[-49.291756,-24.932714],[-49.291766,-24.932865],[-49.291818,-24.932883],[-49.291896,-24.932876],[-49.291935,-24.932916],[-49.291954,-24.932922],[-49.291984,-24.932916],[-49.292023,-24.932885],[-49.292072,-24.932886],[-49.292115,-24.932869],[-49.292122,-24.932842],[-49.292078,-24.932797],[-49.292077,-24.932744],[-49.292104,-24.932701],[-49.292143,-24.932697],[-49.292163,-24.932683],[-49.292147,-24.932638],[-49.292152,-24.93262],[-49.292203,-24.932601],[-49.292218,-24.932585],[-49.292215,-24.932567],[-49.292184,-24.932548],[-49.292116,-24.932564],[-49.292067,-24.932542],[-49.292055,-24.932494],[-49.292078,-24.932435],[-49.29203,-24.932383]]}},{"type":"Feature","properties":{"alt":440.0,"mestra":true},"geometry":{"type":"LineString","coordinates":[[-49.296418,-24.928865],[-49.296293,-24.928735],[-49.296193,-24.928567],[-49.296085,-24.928271],[-49.296045,-24.928039],[-49.296003,-24.927958],[-49.295952,-24.927913],[-49.295884,-24.927889],[-49.295845,-24.927895],[-49.295708,-24.927955],[-49.295668,-24.927987],[-49.295597,-24.928079],[-49.295584,-24.928168],[-49.295629,-24.928275],[-49.295615,-24.928328],[-49.295638,-24.928382],[-49.295627,-24.928426],[-49.295581,-24.928506],[-49.295584,-24.928577],[-49.295548,-24.928639],[-49.295551,-24.928664],[-49.295577,-24.928693],[-49.295579,-24.92872],[-49.29556,-24.928744],[-49.2955,-24.928755],[-49.295454,-24.928834],[-49.295457,-24.92887],[-49.295445,-24.928897],[-49.295352,-24.928949],[-49.295306,-24.929011],[-49.295301,-24.929038],[-49.29536,-24.929085],[-49.295419,-24.929062],[-49.295448,-24.929062],[-49.295516,-24.929091],[-49.295593,-24.929142],[-49.295671,-24.929157],[-49.29572,-24.929186],[-49.295778,-24.929196],[-49.295798,-24.929222],[-49.295784,-24.929302],[-49.295815,-24.929352],[-49.295864,-24.929379],[-49.295952,-24.929393],[-49.29604,-24.929382],[-49.296056,-24.929376],[-49.296049,-24.92934],[-49.296059,-24.929323],[-49.296109,-24.929324],[-49.296178,-24.929422],[-49.29618,-24.929538],[-49.296158,-24.929591],[-49.296164,-24.929601],[-49.296213,-24.929608],[-49.296241,-24.929638],[-49.29629,-24.929657],[-49.296299,-24.929726],[-49.296336,-24.929843],[-49.296365,-24.929866],[-49.296404,-24.929876]]}},{"type":"Feature","properties":{"alt":440.0,"mestra":true},"geometry":{"type":"LineString","coordinates":[[-49.291536,-24.929376],[-49.291641,-24.929413],[-49.291699,-24.92946],[-49.291744,-24.929523],[-49.291763,-24.929612],[-49.291754,-24.929674],[-49.291725,-24.92971],[-49.291676,-24.929726],[-49.291578,-24.929723],[-49.291547,-24.929733]]}},{"type":"Feature","properties":{"alt":440.0,"mestra":true},"geometry":{"type":"LineString","coordinates":[[-49.291119,-24.93257],[-49.291168,-24.932548],[-49.291246,-24.932548],[-49.291339,-24.93262],[-49.291382,-24.932635],[-49.291549,-24.932563],[-49.291647,-24.932564],[-49.291803,-24.932456],[-49.291856,-24.932394],[-49.291904,-24.932298],[-49.292004,-24.932186],[-49.292053,-24.932154],[-49.292121,-24.932154],[-49.292102,-24.932201],[-49.29213,-24.932254],[-49.292096,-24.932334],[-49.292138,-24.932363],[-49.292167,-24.932357],[-49.292197,-24.932335],[-49.292214,-24.9323],[-49.292213,-24.932273],[-49.292185,-24.932237],[-49.292191,-24.932211],[-49.292213,-24.932193],[-49.292287,-24.932176],[-49.292357,-24.932094],[-49.292361,-24.932061],[-49.292326,-24.932043],[-49.292313,-24.931989],[-49.292358,-24.931986],[-49.292387,-24.932018],[-49.292436,-24.932011],[-49.292449,-24.931982],[-49.292424,-24.931955],[-49.292477,-24.931912],[-49.292577,-24.931867],[-49.292614,-24.931836],[-49.292673,-24.931839],[-49.292684,-24.93186],[-49.292643,-24.931883],[-49.292585,-24.931875],[-49.292592,-24.931903],[-49.292662,-24.931925],[-49.292711,-24.931916],[-49.292751,-24.931846],[-49.29281,-24.93182],[-49.292918,-24.931793],[-49.292939,-24.931765],[-49.292985,-24.931738],[-49.293001,-24.931721],[-49.292968,-24.931698],[-49.292963,-24.931676],[-49.292979,-24.93165],[-49.293008,-24.931638],[-49.293028,-24.931637],[-49.293037,-24.931649],[-49.293028,-24.931685],[-49.293037,-24.931701],[-49.293074,-24.931686],[-49.293096,-24.931642],[-49.293116,-24.931629],[-49.293271,-24.931698],[-49.29332,-24.931665],[-49.29337,-24.931654],[-49.293477,-24.931668],[-49.293565,-24.931646],[-49.293653,-24.931669],[-49.29374,-24.931717],[-49.293791,-24.931712],[-49.293937,-24.93163],[-49.294002,-24.931509],[-49.294045,-24.931456],[-49.294014,-24.931385],[-49.294097,-24.931327],[-49.294122,-24.931279],[-49.294177,-24.931237],[-49.294245,-24.931239],[-49.294333,-24.931215],[-49.294362,-24.931228],[-49.294391,-24.931265],[-49.29444,-24.931259],[-49.294509,-24.931213],[-49.294539,-24.931161],[-49.294598,-24.93114],[-49.294668,-24.931086],[-49.294713,-24.931072],[-49.294756,-24.931039],[-49.294815,-24.93102],[-49.294867,-24.930985],[-49.294929,-24.93086],[-49.294974,-24.930813],[-49.295095,-24.930746],[-49.295181,-24.930682],[-49.295269,-24.930728],[-49.295308,-24.930718],[-49.295329,-24.930687],[-49.295326,-24.930642],[-49.2953,-24.930607],[-49.295251,-24.9306],[-49.295192,-24.930643],[-49.295117,-24.930533],[-49.295087,-24.930515],[-49.294998,-24.930503],[-49.294851,-24.930541],[-49.294783,-24.930475],[-49.294625,-24.930411],[-49.294561,-24.930357],[-49.294561,-24.930317],[-49.294546,-24.930321],[-49.294531,-24.930344],[-49.294424,-24.930342],[-49.294365,-24.930332],[-49.294259,-24.930291],[-49.294237,-24.930246],[-49.294234,-24.930157],[-49.294213,-24.930139],[-49.294094,-24.930153],[-49.293918,-24.930122],[-49.29387,-24.930123],[-49.293828,-24.93009],[-49.293769,-24.930072],[-49.293744,-24.930044],[-49.293675,-24.930078],[-49.293626,-24.930068],[-49.293602,-24.930052],[-49.293597,-24.930007],[-49.293582,-24.929981],[-49.293618,-24.929951],[-49.293648,-24.929955],[-49.293642,-24.929928],[-49.29367,-24.929875],[-49.293668,-24.929865],[-49.293629,-24.929849],[-49.293617,-24.929829],[-49.293611,-24.929758],[-49.293581,-24.929704],[-49.293564,-24.929642],[-49.293568,-24.929588],[-49.293527,-24.929534],[-49.293512,-24.929409],[-49.293461,-24.929257],[-49.293459,-24.929177],[-49.293485,-24.929106],[-49.293469,-24.929008],[-49.293515,-24.92892],[-49.293563,-24.928924],[-49.293585,-24.928902],[-49.293574,-24.928881],[-49.293525,-24.928884],[-49.293515,-24.928875],[-49.293516,-24.928842],[-49.293545,-24.928777],[-49.293586,-24.928719],[-49.29369,-24.928698],[-49.293696,-24.928645],[-49.293744,-24.928623],[-49.293773,-24.928582],[-49.293881,-24.928564],[-49.293921,-24.928538],[-49.29396,-24.928548],[-49.294058,-24.928522],[-49.294136,-24.928526],[-49.294163,-24.928508],[-49.294202,-24.928446],[-49.294235,-24.928419],[-49.294284,-24.928407],[-49.294382,-24.928411],[-49.294457,-24.928333],[-49.294451,-24.928253],[-49.294433,-24.928212],[-49.294335,-24.928091],[-49.294329,-24.927984],[-49.294273,-24.927867],[-49.294035,-24.927588],[-49.293848,-24.927415],[-49.293693,-24.927327],[-49.293644,-24.927328],[-49.29344,-24.92728],[-49.293352,-24.927228],[-49.293264,-24.927242],[-49.293147,-24.927238],[-49.293098,-24.927225],[-49.29306,-24.927194],[-49.29299,-24.926997],[-49.293007,-24.926783],[-49.292996,-24.926667],[-49.292854,-24.926167]]}},{"type":"Feature","properties":{"alt":440.0,"mestra":true},"geometry":{"type":"LineString","coordinates":[[-49.296357,-24.932634],[-49.296366,-24.932632]]}},{"type":"Feature","properties":{"alt":440.0,"mestra":true},"geometry":{"type":"LineString","coordinates":[[-49.292749,-24.933687],[-49.292745,-24.933678]]}},{"type":"Feature","properties":{"alt":440.0,"mestra":true},"geometry":{"type":"LineString","coordinates":[[-49.292766,-24.927234],[-49.292785,-24.927253],[-49.292785,-24.927287],[-49.292775,-24.9273],[-49.292745,-24.927302],[-49.292719,-24.927279],[-49.292719,-24.927252],[-49.292736,-24.927234],[-49.292766,-24.927234]]}},{"type":"Feature","properties":{"alt":440.0,"mestra":true},"geometry":{"type":"LineString","coordinates":[[-49.292784,-24.927332],[-49.292834,-24.927343],[-49.292839,-24.92737],[-49.292714,-24.927416],[-49.292675,-24.927411],[-49.292653,-24.927394],[-49.292648,-24.927359],[-49.292676,-24.92733],[-49.292784,-24.927332]]}},{"type":"Feature","properties":{"alt":440.0,"mestra":true},"geometry":{"type":"LineString","coordinates":[[-49.296279,-24.929767],[-49.29626,-24.929779],[-49.296269,-24.929797],[-49.296288,-24.929789],[-49.296279,-24.929767]]}},{"type":"Feature","properties":{"alt":440.0,"mestra":true},"geometry":{"type":"LineString","coordinates":[[-49.296089,-24.930043],[-49.29607,-24.930048],[-49.296058,-24.930071],[-49.296067,-24.930098],[-49.296088,-24.930108],[-49.296108,-24.930104],[-49.29612,-24.930081],[-49.29611,-24.930054],[-49.296089,-24.930043]]}},{"type":"Feature","properties":{"alt":440.0,"mestra":true},"geometry":{"type":"LineString","coordinates":[[-49.296255,-24.930106],[-49.296176,-24.930119],[-49.296164,-24.930135],[-49.296173,-24.930162],[-49.296214,-24.930184],[-49.296273,-24.930176],[-49.296282,-24.930136],[-49.296255,-24.930106]]}},{"type":"Feature","properties":{"alt":440.0,"mestra":true},"geometry":{"type":"LineString","coordinates":[[-49.293771,-24.931579],[-49.293781,-24.931597],[-49.293761,-24.93161],[-49.293751,-24.931587],[-49.293771,-24.931579]]}},{"type":"Feature","properties":{"alt":440.0,"mestra":true},"geometry":{"type":"LineString","coordinates":[[-49.29202,-24.932412],[-49.291971,-24.932415],[-49.291961,-24.932451],[-49.291924,-24.932475],[-49.291915,-24.932493],[-49.291928,-24.932573],[-49.291954,-24.932636],[-49.291936,-24.932671],[-49.291909,-24.932686],[-49.29186,-24.932668],[-49.291821,-24.932675],[-49.291782,-24.932695],[-49.291769,-24.932723],[-49.291778,-24.932856],[-49.291818,-24.932872],[-49.291867,-24.932859],[-49.291906,-24.932863],[-49.291932,-24.932903],[-49.291954,-24.932913],[-49.291984,-24.932907],[-49.292014,-24.932872],[-49.292072,-24.932877],[-49.292112,-24.93286],[-49.292102,-24.932836],[-49.292054,-24.932815],[-49.292047,-24.932779],[-49.292094,-24.932691],[-49.292143,-24.932692],[-49.292157,-24.932682],[-49.29214,-24.932638],[-49.292145,-24.932611],[-49.292202,-24.932594],[-49.292212,-24.932576],[-49.292184,-24.932553],[-49.292115,-24.932583],[-49.292067,-24.932559],[-49.292047,-24.93253],[-49.292045,-24.932458],[-49.29202,-24.932412]]}},{"type":"Feature","properties":{"alt":440.0,"mestra":true},"geometry":{"type":"LineString","coordinates":[[-49.291987,-24.932653],[-49.291989,-24.932672],[-49.291967,-24.932671],[-49.291968,-24.932653],[-49.291987,-24.932653]]}},{"type":"Feature","properties":{"alt":440.0,"mestra":true},"geometry":{"type":"LineString","coordinates":[[-49.291976,-24.93276],[-49.292,-24.932779],[-49.291985,-24.932806],[-49.291949,-24.932778],[-49.291976,-24.93276]]}},{"type":"Feature","properties":{"alt":440.0,"mestra":true},"geometry":{"type":"LineString","coordinates":[[-49.291858,-24.932809],[-49.291867,-24.932822],[-49.291858,-24.932833],[-49.291838,-24.932839],[-49.291817,-24.93283],[-49.291828,-24.932812],[-49.291858,-24.932809]]}},{"type":"Feature","properties":{"alt":440.0,"mestra":true},"geometry":{"type":"LineString","coordinates":[[-49.291936,-24.93283],[-49.291946,-24.93284],[-49.291936,-24.932846],[-49.291929,-24.93284],[-49.291936,-24.93283]]}},{"type":"Feature","properties":{"alt":441.0,"mestra":false},"geometry":{"type":"LineString","coordinates":[[-49.296417,-24.92899],[-49.296368,-24.928948],[-49.296272,-24.928823],[-49.296142,-24.928602],[-49.295997,-24.928252],[-49.29598,-24.928172],[-49.295979,-24.928056],[-49.295952,-24.927993],[-49.295916,-24.927957],[-49.295874,-24.927938],[-49.295707,-24.927967],[-49.295608,-24.928065],[-49.295605,-24.928123],[-49.295589,-24.928159],[-49.295606,-24.928206],[-49.295671,-24.928293],[-49.295645,-24.928409],[-49.295586,-24.928506],[-49.295588,-24.928586],[-49.295552,-24.92864],[-49.295558,-24.928666],[-49.295593,-24.928702],[-49.295595,-24.928738],[-49.29553,-24.928782],[-49.295501,-24.928787],[-49.295471,-24.928818],[-49.29546,-24.928835],[-49.29547,-24.92887],[-49.29545,-24.928913],[-49.295401,-24.928926],[-49.295352,-24.928962],[-49.295316,-24.929011],[-49.295316,-24.929038],[-49.29535,-24.929072],[-49.29537,-24.929077],[-49.295419,-24.929049],[-49.295458,-24.929051],[-49.295594,-24.929135],[-49.295701,-24.929143],[-49.295779,-24.929188],[-49.295803,-24.929222],[-49.295789,-24.929302],[-49.295816,-24.929347],[-49.295864,-24.929374],[-49.295942,-24.929387],[-49.296001,-24.929384],[-49.296045,-24.929367],[-49.296044,-24.92934],[-49.29606,-24.929318],[-49.29609,-24.929312],[-49.296121,-24.929323],[-49.296167,-24.929377],[-49.296182,-24.929413],[-49.296189,-24.929547],[-49.29617,-24.929591],[-49.296213,-24.929597],[-49.296251,-24.929637],[-49.296299,-24.929655],[-49.296316,-24.929744],[-49.29635,-24.929825],[-49.296405,-24.929858]]}},{"type":"Feature","properties":{"alt":441.0,"mestra":false},"geometry":{"type":"LineString","coordinates":[[-49.291543,-24.92937],[-49.291641,-24.929404],[-49.291709,-24.929462],[-49.291753,-24.929532],[-49.29177,-24.929621],[-49.291761,-24.929683],[-49.29173,-24.929719],[-49.291666,-24.929734],[-49.291578,-24.929731],[-49.291552,-24.929746]]}},{"type":"Feature","properties":{"alt":441.0,"mestra":false},"geometry":{"type":"LineString","coordinates":[[-49.291119,-24.932556],[-49.291178,-24.932538],[-49.291256,-24.932543],[-49.291343,-24.932617],[-49.291382,-24.932632],[-49.291539,-24.932555],[-49.291647,-24.93256],[-49.291716,-24.932499],[-49.291795,-24.932454],[-49.291846,-24.932394],[-49.291894,-24.932287],[-49.292133,-24.932033],[-49.292162,-24.932021],[-49.29224,-24.932033],[-49.292191,-24.932071],[-49.292181,-24.932102],[-49.292148,-24.932121],[-49.29214,-24.932174],[-49.292114,-24.932201],[-49.292122,-24.932219],[-49.29215,-24.932237],[-49.292189,-24.932192],[-49.292264,-24.932167],[-49.292327,-24.932096],[-49.292333,-24.93207],[-49.292304,-24.932051],[-49.292281,-24.932015],[-49.2923,-24.931976],[-49.292433,-24.931928],[-49.292595,-24.931831],[-49.292663,-24.931826],[-49.292712,-24.931838],[-49.292897,-24.931773],[-49.292929,-24.931739],[-49.292956,-24.931729],[-49.292943,-24.931693],[-49.292959,-24.931649],[-49.293018,-24.931624],[-49.293044,-24.931632],[-49.293057,-24.931657],[-49.293096,-24.931627],[-49.293126,-24.931618],[-49.293164,-24.931645],[-49.293233,-24.931661],[-49.293281,-24.931691],[-49.293311,-24.931665],[-49.29337,-24.931645],[-49.293477,-24.931662],[-49.293575,-24.93163],[-49.293672,-24.931656],[-49.29374,-24.93171],[-49.293789,-24.931705],[-49.293934,-24.931616],[-49.294015,-24.931465],[-49.294001,-24.931376],[-49.294068,-24.931324],[-49.294097,-24.931317],[-49.294101,-24.931288],[-49.294124,-24.931261],[-49.294177,-24.93123],[-49.294245,-24.931234],[-49.294324,-24.931211],[-49.294355,-24.931219],[-49.294391,-24.931261],[-49.29444,-24.931254],[-49.294503,-24.931212],[-49.294539,-24.931154],[-49.294602,-24.931124],[-49.294658,-24.931071],[-49.294717,-24.931054],[-49.294727,-24.931027],[-49.2947,-24.931009],[-49.294708,-24.930985],[-49.294728,-24.930985],[-49.294747,-24.931017],[-49.294766,-24.931021],[-49.294805,-24.931015],[-49.294852,-24.930984],[-49.294942,-24.930825],[-49.295081,-24.930729],[-49.295122,-24.930667],[-49.29511,-24.930577],[-49.295085,-24.930542],[-49.295056,-24.930525],[-49.294998,-24.930512],[-49.294939,-24.930524],[-49.29486,-24.930557],[-49.294833,-24.930592],[-49.294811,-24.930596],[-49.294801,-24.930584],[-49.294805,-24.930529],[-49.294773,-24.930499],[-49.294666,-24.930461],[-49.294531,-24.930372],[-49.294355,-24.930347],[-49.294308,-24.93031],[-49.294256,-24.9303],[-49.294232,-24.930255],[-49.29423,-24.930157],[-49.294211,-24.930142],[-49.294094,-24.930164],[-49.293948,-24.930137],[-49.29386,-24.930137],[-49.293809,-24.930099],[-49.293742,-24.930071],[-49.293734,-24.930055],[-49.293692,-24.930107],[-49.293664,-24.930115],[-49.293589,-24.930061],[-49.293571,-24.92998],[-49.293624,-24.929936],[-49.293665,-24.929875],[-49.293629,-24.929858],[-49.293614,-24.929838],[-49.293607,-24.929767],[-49.29356,-24.929642],[-49.293561,-24.929588],[-49.293519,-24.929534],[-49.293501,-24.929409],[-49.293459,-24.929266],[-49.293453,-24.929186],[-49.293477,-24.929106],[-49.293464,-24.929008],[-49.293515,-24.928914],[-49.293564,-24.928921],[-49.29358,-24.928902],[-49.293564,-24.928885],[-49.293525,-24.928892],[-49.293508,-24.928875],[-49.293533,-24.928777],[-49.293584,-24.928715],[-49.293684,-24.928698],[-49.293691,-24.928645],[-49.293744,-24.928619],[-49.293754,-24.928591],[-49.293774,-24.928577],[-49.293875,-24.928558],[-49.293911,-24.928525],[-49.29397,-24.928537],[-49.294058,-24.928512],[-49.294126,-24.928515],[-49.294153,-24.928499],[-49.294196,-24.928436],[-49.294235,-24.928406],[-49.294284,-24.928396],[-49.294353,-24.928405],[-49.294382,-24.928398],[-49.29444,-24.928324],[-49.294436,-24.928252],[-49.294418,-24.928217],[-49.294362,-24.928162],[-49.29435,-24.928127],[-49.294306,-24.928091],[-49.294292,-24.927975],[-49.294188,-24.927804],[-49.29394,-24.927525],[-49.293857,-24.927453],[-49.293712,-24.927356],[-49.293693,-24.927346],[-49.293654,-24.927352],[-49.293576,-24.92734],[-49.293439,-24.927299],[-49.293381,-24.927248],[-49.293342,-24.927233],[-49.293219,-24.927276],[-49.293093,-24.927355],[-49.292999,-24.927335],[-49.292974,-24.927318],[-49.292945,-24.927255],[-49.292968,-24.927148],[-49.292934,-24.926988],[-49.292933,-24.926809],[-49.29292,-24.926693],[-49.292836,-24.926366],[-49.292817,-24.926326],[-49.292798,-24.926312]]}},{"type":"Feature","properties":{"alt":441.0,"mestra":false},"geometry":{"type":"LineString","coordinates":[[-49.292776,-24.927208],[-49.29282,-24.927245],[-49.292823,-24.927271],[-49.292807,-24.927316],[-49.292852,-24.927343],[-49.29285,-24.92737],[-49.292822,-24.927392],[-49.292724,-24.927421],[-49.292666,-24.927416],[-49.29264,-24.927394],[-49.292633,-24.927358],[-49.292672,-24.927296],[-49.292687,-24.927243],[-49.292727,-24.927208],[-49.292776,-24.927208]]}},{"type":"Feature","properties":{"alt":441.0,"mestra":false},"geometry":{"type":"LineString","coordinates":[[-49.293039,-24.927293],[-49.293031,-24.927301],[-49.293038,-24.92731],[-49.293048,-24.927301],[-49.293039,-24.927293]]}},{"type":"Feature","properties":{"alt":441.0,"mestra":false},"geometry":{"type":"LineString","coordinates":[[-49.296099,-24.930059],[-49.296069,-24.930063],[-49.296066,-24.93008],[-49.296079,-24.930095],[-49.296102,-24.93009],[-49.296099,-24.930059]]}},{"type":"Feature","properties":{"alt":441.0,"mestra":false},"geometry":{"type":"LineString","coordinates":[[-49.296235,-24.930126],[-49.296186,-24.930127],[-49.296177,-24.930153],[-49.296195,-24.93017],[-49.296228,-24.930171],[-49.29625,-24.930145],[-49.296235,-24.930126]]}},{"type":"Feature","properties":{"alt":441.0,"mestra":false},"geometry":{"type":"LineString","coordinates":[[-49.295279,-24.930649],[-49.295255,-24.930659],[-49.295259,-24.930684],[-49.295284,-24.930677],[-49.295279,-24.930649]]}},{"type":"Feature","properties":{"alt":441.0,"mestra":false},"geometry":{"type":"LineString","coordinates":[[-49.293781,-24.931576],[-49.293794,-24.931596],[-49.29379,-24.931619],[-49.293771,-24.931627],[-49.293741,-24.93162],[-49.293735,-24.931604],[-49.293748,-24.931578],[-49.293781,-24.931576]]}},{"type":"Feature","properties":{"alt":441.0,"mestra":false},"geometry":{"type":"LineString","coordinates":[[-49.292919,-24.931684],[-49.292932,-24.931702],[-49.292919,-24.931714],[-49.292898,-24.931684],[-49.292919,-24.931684]]}},{"type":"Feature","properties":{"alt":441.0,"mestra":false},"geometry":{"type":"LineString","coordinates":[[-49.292712,-24.931875],[-49.292692,-24.931871],[-49.292632,-24.931895],[-49.292634,-24.931904],[-49.292693,-24.931913],[-49.292714,-24.931896],[-49.292712,-24.931875]]}},{"type":"Feature","properties":{"alt":441.0,"mestra":false},"geometry":{"type":"LineString","coordinates":[[-49.292427,-24.931988],[-49.292416,-24.93199],[-49.292427,-24.931988]]}},{"type":"Feature","properties":{"alt":441.0,"mestra":false},"geometry":{"type":"LineString","coordinates":[[-49.292178,-24.93227],[-49.292149,-24.932272],[-49.292128,-24.932299],[-49.292124,-24.932326],[-49.292138,-24.932348],[-49.292173,-24.932344],[-49.292197,-24.932319],[-49.292201,-24.932291],[-49.292178,-24.93227]]}},{"type":"Feature","properties":{"alt":441.0,"mestra":false},"geometry":{"type":"LineString","coordinates":[[-49.29201,-24.932419],[-49.291974,-24.932422],[-49.291965,-24.932457],[-49.29193,-24.932475],[-49.291918,-24.932501],[-49.291949,-24.932596],[-49.292027,-24.932645],[-49.292028,-24.932672],[-49.291987,-24.932701],[-49.29186,-24.932677],[-49.291811,-24.93269],[-49.291792,-24.932705],[-49.291779,-24.932741],[-49.291778,-24.932785],[-49.29179,-24.932811],[-49.291858,-24.932802],[-49.291897,-24.932836],[-49.291954,-24.932805],[-49.291935,-24.932778],[-49.291953,-24.932751],[-49.291957,-24.932718],[-49.292025,-24.932747],[-49.292065,-24.932716],[-49.292085,-24.93266],[-49.292134,-24.932686],[-49.292151,-24.932682],[-49.29215,-24.932665],[-49.292115,-24.932618],[-49.292076,-24.932593],[-49.292046,-24.932556],[-49.29201,-24.932419]]}},{"type":"Feature","properties":{"alt":441.0,"mestra":false},"geometry":{"type":"LineString","coordinates":[[-49.292194,-24.932562],[-49.292165,-24.932563],[-49.292155,-24.932584],[-49.292194,-24.932591],[-49.292205,-24.932576],[-49.292194,-24.932562]]}},{"type":"Feature","properties":{"alt":441.0,"mestra":false},"geometry":{"type":"LineString","coordinates":[[-49.292073,-24.932842],[-49.292044,-24.932842],[-49.29204,-24.93285],[-49.292063,-24.932864],[-49.292093,-24.93286],[-49.292096,-24.932851],[-49.292073,-24.932842]]}},{"type":"Feature","properties":{"alt":441.0,"mestra":false},"geometry":{"type":"LineString","coordinates":[[-49.291975,-24.932873],[-49.291945,-24.932874],[-49.29194,-24.932894],[-49.291974,-24.932896],[-49.291975,-24.932873]]}},{"type":"Feature","properties":{"alt":442.0,"mestra":false},"geometry":{"type":"LineString","coordinates":[[-49.296415,-24.929087],[-49.296357,-24.929052],[-49.296309,-24.928997],[-49.296113,-24.92869],[-49.295975,-24.928404],[-49.295898,-24.928306],[-49.295826,-24.928251],[-49.295836,-24.928188],[-49.295882,-24.928082],[-49.295873,-24.928026],[-49.295844,-24.928001],[-49.295756,-24.927976],[-49.295697,-24.927985],[-49.295612,-24.92807],[-49.295615,-24.928123],[-49.295597,-24.928171],[-49.295645,-24.928219],[-49.295768,-24.928241],[-49.295791,-24.92825],[-49.295796,-24.928268],[-49.295759,-24.928321],[-49.295672,-24.92838],[-49.295592,-24.928506],[-49.295598,-24.928578],[-49.295555,-24.928648],[-49.295607,-24.928703],[-49.29561,-24.928747],[-49.29553,-24.92881],[-49.295478,-24.928826],[-49.29548,-24.928844],[-49.2955,-24.928843],[-49.295502,-24.928853],[-49.295455,-24.928933],[-49.29544,-24.928944],[-49.295411,-24.928936],[-49.295381,-24.928949],[-49.295347,-24.928985],[-49.295333,-24.929029],[-49.29537,-24.929066],[-49.295419,-24.929029],[-49.295468,-24.92904],[-49.295613,-24.929134],[-49.295781,-24.929106],[-49.295755,-24.92915],[-49.295807,-24.929213],[-49.295795,-24.929302],[-49.295816,-24.92934],[-49.295854,-24.929366],[-49.295991,-24.92938],[-49.296031,-24.929367],[-49.29606,-24.929313],[-49.296099,-24.929309],[-49.296135,-24.929324],[-49.29617,-24.92936],[-49.296186,-24.929395],[-49.296203,-24.929547],[-49.29619,-24.929574],[-49.296223,-24.929584],[-49.296251,-24.929631],[-49.296307,-24.929655],[-49.296337,-24.929771],[-49.296366,-24.929821],[-49.296405,-24.92984]]}},{"type":"Feature","properties":{"alt":442.0,"mestra":false},"geometry":{"type":"LineString","coordinates":[[-49.291551,-24.929354],[-49.291651,-24.9294],[-49.291719,-24.929465],[-49.291759,-24.929532],[-49.291777,-24.929621],[-49.291771,-24.929684],[-49.291744,-24.929722],[-49.291685,-24.92974],[-49.291588,-24.929738],[-49.291559,-24.929753]]}},{"type":"Feature","properties":{"alt":442.0,"mestra":false},"geometry":{"type":"LineString","coordinates":[[-49.291119,-24.932542],[-49.291178,-24.93253],[-49.291266,-24.932538],[-49.29134,-24.932611],[-49.291382,-24.932629],[-49.291529,-24.932547],[-49.291569,-24.932543],[-49.291647,-24.932556],[-49.291716,-24.932484],[-49.291765,-24.932471],[-49.291793,-24.932447],[-49.291842,-24.932385],[-49.291878,-24.932287],[-49.292183,-24.93196],[-49.292281,-24.931907],[-49.292331,-24.931936],[-49.292359,-24.931936],[-49.292489,-24.931884],[-49.29259,-24.931823],[-49.292693,-24.93181],[-49.292733,-24.931777],[-49.292801,-24.931777],[-49.292889,-24.931728],[-49.292875,-24.931675],[-49.29293,-24.931662],[-49.292961,-24.931631],[-49.293028,-24.931613],[-49.293067,-24.931626],[-49.293126,-24.931606],[-49.293174,-24.931644],[-49.293258,-24.931652],[-49.293281,-24.931683],[-49.293304,-24.931662],[-49.293341,-24.931653],[-49.29337,-24.931633],[-49.293467,-24.931657],[-49.293506,-24.931648],[-49.293566,-24.931614],[-49.293702,-24.931629],[-49.293738,-24.931578],[-49.293771,-24.931566],[-49.293806,-24.931596],[-49.29381,-24.931632],[-49.293721,-24.931646],[-49.293717,-24.931667],[-49.29374,-24.931702],[-49.293779,-24.931701],[-49.293835,-24.93165],[-49.293898,-24.93163],[-49.293927,-24.931606],[-49.294001,-24.931465],[-49.293992,-24.931376],[-49.294038,-24.93134],[-49.294106,-24.931261],[-49.294177,-24.931224],[-49.294245,-24.931229],[-49.294324,-24.931207],[-49.294361,-24.931219],[-49.294391,-24.931256],[-49.29444,-24.931247],[-49.2945,-24.931208],[-49.29454,-24.931147],[-49.294593,-24.931115],[-49.294648,-24.931055],[-49.294687,-24.931036],[-49.294685,-24.931],[-49.294698,-24.93098],[-49.29473,-24.930974],[-49.294776,-24.931011],[-49.294805,-24.931006],[-49.294837,-24.930984],[-49.294872,-24.93094],[-49.294934,-24.930816],[-49.295058,-24.930719],[-49.295091,-24.930666],[-49.295095,-24.930622],[-49.295082,-24.930577],[-49.295063,-24.93055],[-49.295027,-24.930529],[-49.294978,-24.930521],[-49.294919,-24.930536],[-49.294878,-24.930557],[-49.29484,-24.930604],[-49.294791,-24.930614],[-49.294771,-24.9306],[-49.294786,-24.930538],[-49.294763,-24.930507],[-49.294646,-24.930484],[-49.294608,-24.930437],[-49.294511,-24.930383],[-49.294374,-24.930366],[-49.294325,-24.930374],[-49.294308,-24.930319],[-49.294248,-24.930306],[-49.294235,-24.930291],[-49.294227,-24.930166],[-49.294211,-24.930146],[-49.294094,-24.930177],[-49.293957,-24.930148],[-49.293859,-24.930149],[-49.293801,-24.930107],[-49.293743,-24.930087],[-49.293703,-24.930128],[-49.293654,-24.930126],[-49.293577,-24.930061],[-49.293564,-24.92998],[-49.293657,-24.929874],[-49.293629,-24.929869],[-49.29361,-24.929841],[-49.293601,-24.929773],[-49.293573,-24.929713],[-49.293556,-24.929642],[-49.293555,-24.929588],[-49.293506,-24.929525],[-49.293489,-24.929409],[-49.293465,-24.929338],[-49.293447,-24.929186],[-49.29347,-24.929106],[-49.293458,-24.929017],[-49.293518,-24.928901],[-49.293501,-24.928866],[-49.293518,-24.928786],[-49.293576,-24.928714],[-49.293684,-24.928691],[-49.293686,-24.928645],[-49.293736,-24.928619],[-49.293768,-24.928575],[-49.293813,-24.928559],[-49.293862,-24.928557],[-49.293911,-24.928518],[-49.29397,-24.928529],[-49.294058,-24.928502],[-49.294126,-24.928498],[-49.294206,-24.92841],[-49.294244,-24.928393],[-49.294284,-24.928385],[-49.294372,-24.928391],[-49.294417,-24.928332],[-49.294423,-24.928252],[-49.294394,-24.928212],[-49.294356,-24.928188],[-49.294316,-24.92818],[-49.29431,-24.928171],[-49.294336,-24.928152],[-49.294341,-24.928135],[-49.294276,-24.928099],[-49.294263,-24.927992],[-49.294241,-24.927938],[-49.294182,-24.927848],[-49.294009,-24.92765],[-49.293963,-24.927579],[-49.293886,-24.927498],[-49.293789,-24.927448],[-49.293702,-24.927369],[-49.293575,-24.927361],[-49.293439,-24.927334],[-49.29341,-24.927312],[-49.293385,-24.92726],[-49.293342,-24.927239],[-49.293246,-24.927303],[-49.293232,-24.92733],[-49.29324,-24.927365],[-49.293194,-24.927386],[-49.293145,-24.927374],[-49.293062,-24.927372],[-49.292892,-24.9273],[-49.292868,-24.927317],[-49.29286,-24.92737],[-49.292822,-24.927401],[-49.292704,-24.927429],[-49.292665,-24.927425],[-49.292636,-24.927407],[-49.29262,-24.927349],[-49.292649,-24.927252],[-49.292671,-24.927216],[-49.292737,-24.92718],[-49.292855,-24.927174],[-49.292876,-24.927156],[-49.29289,-24.927121],[-49.29284,-24.926692],[-49.292796,-24.926505],[-49.292766,-24.926474]]}},{"type":"Feature","properties":{"alt":442.0,"mestra":false},"geometry":{"type":"LineString","coordinates":[[-49.293564,-24.928891],[-49.293528,-24.928902],[-49.293564,-24.928916],[-49.293574,-24.928902],[-49.293564,-24.928891]]}},{"type":"Feature","properties":{"alt":442.0,"mestra":false},"geometry":{"type":"LineString","coordinates":[[-49.296089,-24.930069],[-49.296079,-24.930082],[-49.296091,-24.930081],[-49.296089,-24.930069]]}},{"type":"Feature","properties":{"alt":442.0,"mestra":false},"geometry":{"type":"LineString","coordinates":[[-49.296215,-24.930134],[-49.296186,-24.930141],[-49.296195,-24.930161],[-49.296227,-24.930153],[-49.296215,-24.930134]]}},{"type":"Feature","properties":{"alt":442.0,"mestra":false},"geometry":{"type":"LineString","coordinates":[[-49.292692,-24.931885],[-49.292664,-24.931895],[-49.292666,-24.931904],[-49.292692,-24.931903],[-49.292692,-24.931885]]}},{"type":"Feature","properties":{"alt":442.0,"mestra":false},"geometry":{"type":"LineString","coordinates":[[-49.292269,-24.932066],[-49.292199,-24.932077],[-49.292187,-24.932112],[-49.292162,-24.932121],[-49.29215,-24.932183],[-49.292124,-24.932201],[-49.29213,-24.932216],[-49.29215,-24.932221],[-49.292173,-24.932184],[-49.292253,-24.932149],[-49.29228,-24.932096],[-49.292269,-24.932066]]}},{"type":"Feature","properties":{"alt":442.0,"mestra":false},"geometry":{"type":"LineString","coordinates":[[-49.292178,-24.932296],[-49.292148,-24.932308],[-49.292158,-24.932332],[-49.292185,-24.932317],[-49.292178,-24.932296]]}},{"type":"Feature","properties":{"alt":442.0,"mestra":false},"geometry":{"type":"LineString","coordinates":[[-49.292,-24.932421],[-49.291981,-24.932423],[-49.291973,-24.932458],[-49.291931,-24.932478],[-49.291922,-24.932502],[-49.291949,-24.932577],[-49.291998,-24.9326],[-49.292026,-24.932592],[-49.292031,-24.932574],[-49.292015,-24.93244],[-49.292,-24.932421]]}},{"type":"Feature","properties":{"alt":442.0,"mestra":false},"geometry":{"type":"LineString","coordinates":[[-49.292184,-24.932566],[-49.29217,-24.932576],[-49.292184,-24.932585],[-49.292196,-24.932576],[-49.292184,-24.932566]]}},{"type":"Feature","properties":{"alt":442.0,"mestra":false},"geometry":{"type":"LineString","coordinates":[[-49.292134,-24.932659],[-49.292128,-24.932673],[-49.292143,-24.932677],[-49.292134,-24.932659]]}},{"type":"Feature","properties":{"alt":442.0,"mestra":false},"geometry":{"type":"LineString","coordinates":[[-49.29187,-24.932686],[-49.29184,-24.932688],[-49.291811,-24.932705],[-49.291807,-24.932732],[-49.291783,-24.932767],[-49.2918,-24.932803],[-49.291858,-24.932798],[-49.291897,-24.932812],[-49.291921,-24.932805],[-49.291943,-24.932751],[-49.291944,-24.932707],[-49.29187,-24.932686]]}},{"type":"Feature","properties":{"alt":443.0,"mestra":false},"geometry":{"type":"LineString","coordinates":[[-49.296414,-24.929161],[-49.296336,-24.929128],[-49.296279,-24.929069],[-49.296183,-24.928905],[-49.296046,-24.928716],[-49.29597,-24.928528],[-49.295909,-24.928439],[-49.295838,-24.928395],[-49.295731,-24.92838],[-49.295682,-24.928395],[-49.295622,-24.928463],[-49.295599,-24.928506],[-49.295593,-24.928524],[-49.295604,-24.928587],[-49.295559,-24.928649],[-49.295571,-24.928667],[-49.295615,-24.928694],[-49.295628,-24.928721],[-49.295625,-24.928747],[-49.295571,-24.928782],[-49.295485,-24.928897],[-49.295451,-24.929013],[-49.295478,-24.929023],[-49.295531,-24.929076],[-49.295603,-24.929123],[-49.295643,-24.929123],[-49.295692,-24.929104],[-49.29579,-24.929098],[-49.29579,-24.929115],[-49.295765,-24.92915],[-49.29581,-24.929204],[-49.295802,-24.929302],[-49.295819,-24.929338],[-49.295845,-24.929357],[-49.295932,-24.929374],[-49.296001,-24.929372],[-49.296029,-24.929358],[-49.29605,-24.929316],[-49.29608,-24.929304],[-49.296129,-24.929309],[-49.296167,-24.929332],[-49.296192,-24.929378],[-49.29619,-24.929449],[-49.296204,-24.929526],[-49.296246,-24.929574],[-49.296257,-24.929628],[-49.296315,-24.929655],[-49.296342,-24.929763],[-49.296372,-24.929807],[-49.296405,-24.929824]]}},{"type":"Feature","properties":{"alt":443.0,"mestra":false},"geometry":{"type":"LineString","coordinates":[[-49.291561,-24.929345],[-49.291661,-24.929396],[-49.291736,-24.929478],[-49.291771,-24.92955],[-49.291784,-24.929639],[-49.291775,-24.929701],[-49.291744,-24.929735],[-49.291685,-24.929747],[-49.291588,-24.929745],[-49.291564,-24.929757]]}},{"type":"Feature","properties":{"alt":443.0,"mestra":false},"geometry":{"type":"LineString","coordinates":[[-49.291157,-24.929765],[-49.291167,-24.929766]]}},{"type":"Feature","properties":{"alt":443.0,"mestra":false},"geometry":{"type":"LineString","coordinates":[[-49.291119,-24.932526],[-49.291178,-24.932519],[-49.291266,-24.932529],[-49.291295,-24.932547],[-49.291346,-24.932611],[-49.291382,-24.932625],[-49.29152,-24.932538],[-49.291569,-24.932535],[-49.291627,-24.932555],[-49.291647,-24.932552],[-49.291716,-24.932467],[-49.291755,-24.932463],[-49.291785,-24.932444],[-49.291837,-24.932376],[-49.291872,-24.932278],[-49.292071,-24.932075],[-49.292153,-24.931972],[-49.292206,-24.931934],[-49.292242,-24.931872],[-49.292351,-24.931811],[-49.29239,-24.931818],[-49.292457,-24.931866],[-49.292477,-24.931868],[-49.292576,-24.931816],[-49.292634,-24.931806],[-49.292713,-24.931749],[-49.292784,-24.931745],[-49.292782,-24.9317],[-49.292811,-24.931674],[-49.293028,-24.931603],[-49.293077,-24.931609],[-49.293126,-24.931595],[-49.293174,-24.931639],[-49.293233,-24.931629],[-49.293321,-24.931651],[-49.293346,-24.931644],[-49.29336,-24.931612],[-49.293428,-24.931645],[-49.293467,-24.931652],[-49.293507,-24.931641],[-49.293566,-24.931599],[-49.293683,-24.931605],[-49.293742,-24.931567],[-49.293772,-24.931561],[-49.293804,-24.931578],[-49.293839,-24.93162],[-49.293898,-24.931615],[-49.293938,-24.931574],[-49.29398,-24.931491],[-49.293993,-24.931447],[-49.293986,-24.931375],[-49.294039,-24.931323],[-49.294049,-24.931272],[-49.294177,-24.931219],[-49.294245,-24.931224],[-49.294324,-24.931203],[-49.294363,-24.931217],[-49.294392,-24.931251],[-49.294441,-24.93124],[-49.2945,-24.9312],[-49.29453,-24.931149],[-49.294594,-24.931097],[-49.294695,-24.930974],[-49.294738,-24.930966],[-49.294766,-24.930997],[-49.294786,-24.931002],[-49.294831,-24.930975],[-49.294875,-24.930913],[-49.294925,-24.930807],[-49.295036,-24.93071],[-49.295068,-24.930657],[-49.29507,-24.930613],[-49.295058,-24.930577],[-49.295007,-24.930534],[-49.294968,-24.93053],[-49.29491,-24.930545],[-49.294881,-24.930566],[-49.294854,-24.93061],[-49.294781,-24.930625],[-49.294749,-24.9306],[-49.294771,-24.930538],[-49.294754,-24.930511],[-49.294724,-24.930507],[-49.294675,-24.930525],[-49.294646,-24.930517],[-49.294598,-24.93044],[-49.294511,-24.930399],[-49.294374,-24.93038],[-49.294316,-24.930382],[-49.294304,-24.930327],[-49.294248,-24.930315],[-49.294229,-24.930298],[-49.294219,-24.930255],[-49.294223,-24.930166],[-49.294211,-24.93015],[-49.294093,-24.930191],[-49.293957,-24.930159],[-49.293898,-24.93016],[-49.293869,-24.930172],[-49.293796,-24.930117],[-49.293753,-24.930097],[-49.293703,-24.93014],[-49.293645,-24.930134],[-49.293571,-24.93007],[-49.293555,-24.929989],[-49.293607,-24.929927],[-49.293622,-24.929883],[-49.293566,-24.929713],[-49.29355,-24.929597],[-49.293503,-24.929543],[-49.293487,-24.929507],[-49.293441,-24.929177],[-49.293463,-24.929097],[-49.293453,-24.929017],[-49.293507,-24.928901],[-49.293496,-24.928866],[-49.293505,-24.928785],[-49.293576,-24.92871],[-49.293625,-24.928692],[-49.293678,-24.928689],[-49.29368,-24.928645],[-49.293734,-24.928614],[-49.293745,-24.928583],[-49.293764,-24.928571],[-49.293813,-24.928553],[-49.293862,-24.928551],[-49.293901,-24.928514],[-49.29398,-24.928521],[-49.294068,-24.928487],[-49.294127,-24.928481],[-49.294196,-24.928405],[-49.294226,-24.92839],[-49.294285,-24.928376],[-49.294363,-24.928383],[-49.2944,-24.928332],[-49.294412,-24.928252],[-49.294394,-24.928225],[-49.294299,-24.92818],[-49.294296,-24.928153],[-49.294327,-24.928135],[-49.294308,-24.928125],[-49.294249,-24.928126],[-49.29424,-24.928116],[-49.294234,-24.928027],[-49.294193,-24.927924],[-49.294089,-24.927794],[-49.294048,-24.927722],[-49.293973,-24.92765],[-49.293898,-24.927524],[-49.293847,-24.927483],[-49.293766,-24.92746],[-49.293692,-24.927395],[-49.293507,-24.927367],[-49.293429,-24.92737],[-49.293405,-24.927376],[-49.293389,-24.927425],[-49.29333,-24.927431],[-49.293262,-24.927394],[-49.293233,-24.92739],[-49.293194,-24.927402],[-49.293145,-24.927387],[-49.293067,-24.927384],[-49.292911,-24.927329],[-49.292891,-24.927336],[-49.292852,-24.927391],[-49.292812,-24.927412],[-49.292695,-24.927437],[-49.292656,-24.927431],[-49.292626,-24.927412],[-49.292604,-24.927358],[-49.292614,-24.927242],[-49.292669,-24.927179],[-49.292782,-24.927111],[-49.292801,-24.927075],[-49.292797,-24.926941],[-49.292774,-24.926772],[-49.292754,-24.926673],[-49.292727,-24.926627]]}},{"type":"Feature","properties":{"alt":443.0,"mestra":false},"geometry":{"type":"LineString","coordinates":[[-49.293362,-24.92725],[-49.293332,-24.927248],[-49.293311,-24.927268],[-49.293285,-24.92733],[-49.293302,-24.927348],[-49.293341,-24.927351],[-49.293365,-24.92734],[-49.293384,-24.927278],[-49.293362,-24.92725]]}},{"type":"Feature","properties":{"alt":443.0,"mestra":false},"geometry":{"type":"LineString","coordinates":[[-49.295746,-24.927999],[-49.295727,-24.927992],[-49.295696,-24.927999],[-49.295618,-24.928076],[-49.295633,-24.928124],[-49.29561,-24.928159],[-49.295617,-24.928175],[-49.295665,-24.928174],[-49.295732,-24.928134],[-49.295765,-24.928098],[-49.295777,-24.928054],[-49.295746,-24.927999]]}},{"type":"Feature","properties":{"alt":443.0,"mestra":false},"geometry":{"type":"LineString","coordinates":[[-49.293564,-24.928898],[-49.293544,-24.928898],[-49.293544,-24.928911],[-49.293564,-24.928911],[-49.293564,-24.928898]]}},{"type":"Feature","properties":{"alt":443.0,"mestra":false},"geometry":{"type":"LineString","coordinates":[[-49.29542,-24.928958],[-49.295401,-24.92895],[-49.295371,-24.92897],[-49.295356,-24.928994],[-49.295363,-24.929012],[-49.29539,-24.929018],[-49.295412,-24.929003],[-49.295425,-24.928977],[-49.29542,-24.928958]]}},{"type":"Feature","properties":{"alt":443.0,"mestra":false},"geometry":{"type":"LineString","coordinates":[[-49.29378,-24.931658],[-49.293741,-24.93166],[-49.293732,-24.931676],[-49.29374,-24.931693],[-49.29376,-24.931698],[-49.29378,-24.93169],[-49.29379,-24.931667],[-49.29378,-24.931658]]}},{"type":"Feature","properties":{"alt":443.0,"mestra":false},"geometry":{"type":"LineString","coordinates":[[-49.29224,-24.932077],[-49.29222,-24.932074],[-49.292199,-24.932086],[-49.292195,-24.932121],[-49.292178,-24.932139],[-49.29219,-24.932153],[-49.292219,-24.932149],[-49.292242,-24.932131],[-49.292255,-24.932095],[-49.29224,-24.932077]]}},{"type":"Feature","properties":{"alt":443.0,"mestra":false},"geometry":{"type":"LineString","coordinates":[[-49.29214,-24.932201],[-49.29214,-24.932201]]}},{"type":"Feature","properties":{"alt":443.0,"mestra":false},"geometry":{"type":"LineString","coordinates":[[-49.292,-24.932428],[-49.291982,-24.932431],[-49.29198,-24.932458],[-49.291926,-24.932493],[-49.29195,-24.932562],[-49.291979,-24.932578],[-49.292001,-24.932574],[-49.292015,-24.932547],[-49.292,-24.932428]]}},{"type":"Feature","properties":{"alt":443.0,"mestra":false},"geometry":{"type":"LineString","coordinates":[[-49.291879,-24.932695],[-49.29185,-24.932693],[-49.291827,-24.932705],[-49.29182,-24.932732],[-49.29179,-24.932764],[-49.2918,-24.932795],[-49.291907,-24.932795],[-49.291935,-24.932751],[-49.291932,-24.932716],[-49.291918,-24.932703],[-49.291879,-24.932695]]}},{"type":"Feature","properties":{"alt":444.0,"mestra":false},"geometry":{"type":"LineString","coordinates":[[-49.292603,-24.927151],[-49.29263,-24.927157],[-49.29265,-24.927142],[-49.292694,-24.927092],[-49.292713,-24.927047],[-49.292718,-24.926914],[-49.292707,-24.92686],[-49.292684,-24.926819]]}},{"type":"Feature","properties":{"alt":444.0,"mestra":false},"geometry":{"type":"LineString","coordinates":[[-49.296413,-24.929224],[-49.296306,-24.929198],[-49.296248,-24.929154],[-49.296162,-24.928967],[-49.295974,-24.928751],[-49.295933,-24.928573],[-49.29589,-24.928501],[-49.295857,-24.928473],[-49.295731,-24.928409],[-49.295701,-24.928406],[-49.295672,-24.928418],[-49.295617,-24.92848],[-49.2956,-24.928524],[-49.295613,-24.928587],[-49.295564,-24.928649],[-49.295571,-24.928661],[-49.295635,-24.928694],[-49.295649,-24.92873],[-49.295628,-24.928763],[-49.295581,-24.928782],[-49.295541,-24.928853],[-49.295494,-24.928906],[-49.295489,-24.928951],[-49.295515,-24.92904],[-49.295545,-24.929076],[-49.295604,-24.929113],[-49.295633,-24.929111],[-49.295702,-24.929073],[-49.295721,-24.929093],[-49.29577,-24.929087],[-49.295799,-24.929096],[-49.295773,-24.92915],[-49.295808,-24.929185],[-49.295819,-24.929213],[-49.295809,-24.929257],[-49.295814,-24.92932],[-49.295854,-24.929356],[-49.295991,-24.929368],[-49.296021,-24.929357],[-49.296048,-24.929314],[-49.29607,-24.929301],[-49.296168,-24.929298],[-49.296187,-24.929307],[-49.296205,-24.929351],[-49.296193,-24.92944],[-49.29621,-24.92952],[-49.296267,-24.929566],[-49.296258,-24.929619],[-49.296318,-24.929646],[-49.296352,-24.929763],[-49.296376,-24.929795],[-49.296405,-24.92981]]}},{"type":"Feature","properties":{"alt":444.0,"mestra":false},"geometry":{"type":"LineString","coordinates":[[-49.291569,-24.929338],[-49.291661,-24.929383],[-49.291742,-24.929478],[-49.291779,-24.929559],[-49.291791,-24.929657],[-49.291783,-24.92971],[-49.291754,-24.929743],[-49.291695,-24.929754],[-49.291597,-24.929752],[-49.291568,-24.929766]]}},{"type":"Feature","properties":{"alt":444.0,"mestra":false},"geometry":{"type":"LineString","coordinates":[[-49.29112,-24.932506],[-49.291178,-24.932504],[-49.291276,-24.932523],[-49.291305,-24.932544],[-49.291352,-24.932611],[-49.291382,-24.932622],[-49.291471,-24.932546],[-49.29151,-24.932528],[-49.291569,-24.932526],[-49.291627,-24.932551],[-49.291647,-24.932547],[-49.291676,-24.932517],[-49.291707,-24.932455],[-49.291775,-24.932433],[-49.29182,-24.932384],[-49.291861,-24.932278],[-49.29206,-24.932075],[-49.292145,-24.931969],[-49.2922,-24.931925],[-49.292206,-24.931881],[-49.29243,-24.931751],[-49.292469,-24.931744],[-49.292545,-24.931787],[-49.292615,-24.931793],[-49.292797,-24.931665],[-49.293048,-24.931588],[-49.293136,-24.931586],[-49.293155,-24.931598],[-49.293165,-24.931627],[-49.293184,-24.931637],[-49.293224,-24.931611],[-49.293292,-24.931619],[-49.293331,-24.931644],[-49.293341,-24.931635],[-49.293334,-24.931609],[-49.293351,-24.931594],[-49.293428,-24.931641],[-49.293477,-24.931646],[-49.293586,-24.931574],[-49.293683,-24.931588],[-49.293762,-24.931555],[-49.293791,-24.931561],[-49.293849,-24.931606],[-49.293888,-24.931605],[-49.293928,-24.93157],[-49.293967,-24.9315],[-49.293983,-24.931447],[-49.293979,-24.931375],[-49.294026,-24.931322],[-49.294039,-24.931265],[-49.294177,-24.931215],[-49.294245,-24.931219],[-49.294324,-24.931197],[-49.294363,-24.931212],[-49.294392,-24.931246],[-49.294433,-24.931238],[-49.294497,-24.931194],[-49.29453,-24.93114],[-49.294689,-24.93097],[-49.294738,-24.930958],[-49.294786,-24.930992],[-49.294816,-24.930973],[-49.294865,-24.930908],[-49.294916,-24.930794],[-49.294996,-24.930719],[-49.295045,-24.930648],[-49.295045,-24.930603],[-49.295029,-24.930567],[-49.294998,-24.930543],[-49.294958,-24.930538],[-49.2949,-24.930557],[-49.294886,-24.930602],[-49.294865,-24.930619],[-49.294791,-24.930636],[-49.294742,-24.930634],[-49.294727,-24.930662],[-49.294692,-24.930671],[-49.294593,-24.930447],[-49.294501,-24.930411],[-49.294423,-24.930411],[-49.294364,-24.930389],[-49.294315,-24.930393],[-49.294297,-24.930333],[-49.294229,-24.930312],[-49.294213,-24.930264],[-49.294211,-24.930156],[-49.294103,-24.930207],[-49.293947,-24.930168],[-49.293908,-24.930173],[-49.293859,-24.930197],[-49.293784,-24.930125],[-49.293752,-24.930109],[-49.293703,-24.93015],[-49.293635,-24.930141],[-49.293573,-24.930087],[-49.293554,-24.930052],[-49.293552,-24.92998],[-49.293597,-24.929927],[-49.293611,-24.929883],[-49.293585,-24.929776],[-49.293557,-24.929713],[-49.293542,-24.929597],[-49.293461,-24.929507],[-49.293466,-24.929436],[-49.293434,-24.929177],[-49.293456,-24.929097],[-49.293449,-24.929016],[-49.293499,-24.92891],[-49.29349,-24.928865],[-49.293503,-24.928821],[-49.293493,-24.928776],[-49.29354,-24.92875],[-49.293576,-24.928706],[-49.293625,-24.928686],[-49.293674,-24.928683],[-49.293674,-24.928645],[-49.293728,-24.92861],[-49.293754,-24.928571],[-49.293813,-24.928546],[-49.293855,-24.928549],[-49.293872,-24.928522],[-49.293902,-24.928508],[-49.29398,-24.928515],[-49.294068,-24.928471],[-49.294127,-24.928462],[-49.294206,-24.928388],[-49.294285,-24.928366],[-49.294353,-24.928372],[-49.294374,-24.92835],[-49.294397,-24.928288],[-49.294394,-24.92824],[-49.29421,-24.928137],[-49.294208,-24.928054],[-49.294191,-24.927991],[-49.294077,-24.927825],[-49.294039,-24.927731],[-49.293939,-24.927641],[-49.293893,-24.927542],[-49.293857,-24.927498],[-49.293818,-24.927481],[-49.293754,-24.927478],[-49.293662,-24.92742],[-49.293584,-24.92741],[-49.293536,-24.927391],[-49.293497,-24.927392],[-49.293453,-24.927412],[-49.293481,-24.927448],[-49.293475,-24.927457],[-49.293437,-24.927464],[-49.29332,-24.92744],[-49.293252,-24.9274],[-49.293193,-24.927409],[-49.293145,-24.927396],[-49.293067,-24.927392],[-49.292921,-24.927347],[-49.292891,-24.92736],[-49.292829,-24.927414],[-49.292675,-24.927445],[-49.292619,-24.927421],[-49.292563,-24.927328]]}},{"type":"Feature","properties":{"alt":444.0,"mestra":false},"geometry":{"type":"LineString","coordinates":[[-49.293362,-24.927257],[-49.293342,-24.927252],[-49.293322,-24.927264],[-49.293319,-24.927286],[-49.293332,-24.927299],[-49.293351,-24.927301],[-49.29337,-24.927287],[-49.293362,-24.927257]]}},{"type":"Feature","properties":{"alt":444.0,"mestra":false},"geometry":{"type":"LineString","coordinates":[[-49.295716,-24.928025],[-49.295687,-24.92803],[-49.295635,-24.928088],[-49.295666,-24.928102],[-49.295701,-24.928089],[-49.295718,-24.928062],[-49.295716,-24.928025]]}},{"type":"Feature","properties":{"alt":444.0,"mestra":false},"geometry":{"type":"LineString","coordinates":[[-49.295688,-24.928657],[-49.295688,-24.928664],[-49.295679,-24.928659],[-49.295688,-24.928657]]}},{"type":"Feature","properties":{"alt":444.0,"mestra":false},"geometry":{"type":"LineString","coordinates":[[-49.2954,-24.928966],[-49.295371,-24.928982],[-49.295373,-24.929003],[-49.295402,-24.928994],[-49.2954,-24.928966]]}},{"type":"Feature","properties":{"alt":444.0,"mestra":false},"geometry":{"type":"LineString","coordinates":[[-49.291909,-24.929808],[-49.291909,-24.929826],[-49.291896,-24.929819],[-49.291909,-24.929808]]}},{"type":"Feature","properties":{"alt":444.0,"mestra":false},"geometry":{"type":"LineString","coordinates":[[-49.294744,-24.930518],[-49.294724,-24.93052],[-49.294701,-24.930546],[-49.294685,-24.930599],[-49.294693,-24.930622],[-49.294726,-24.930617],[-49.294757,-24.930538],[-49.294744,-24.930518]]}},{"type":"Feature","properties":{"alt":444.0,"mestra":false},"geometry":{"type":"LineString","coordinates":[[-49.29376,-24.931672],[-49.293747,-24.931676],[-49.29375,-24.931686],[-49.293764,-24.931685],[-49.29376,-24.931672]]}},{"type":"Feature","properties":{"alt":444.0,"mestra":false},"geometry":{"type":"LineString","coordinates":[[-49.29223,-24.932081],[-49.29221,-24.932081],[-49.292201,-24.932095],[-49.292219,-24.932128],[-49.292241,-24.932104],[-49.29223,-24.932081]]}},{"type":"Feature","properties":{"alt":444.0,"mestra":false},"geometry":{"type":"LineString","coordinates":[[-49.292,-24.932438],[-49.29199,-24.932435],[-49.29199,-24.932448],[-49.292,-24.932449],[-49.292,-24.932438]]}},{"type":"Feature","properties":{"alt":444.0,"mestra":false},"geometry":{"type":"LineString","coordinates":[[-49.29199,-24.932466],[-49.291941,-24.932478],[-49.291928,-24.932493],[-49.29194,-24.932533],[-49.291969,-24.932562],[-49.291989,-24.93256],[-49.292005,-24.932538],[-49.292005,-24.932494],[-49.29199,-24.932466]]}},{"type":"Feature","properties":{"alt":444.0,"mestra":false},"geometry":{"type":"LineString","coordinates":[[-49.291899,-24.932704],[-49.29186,-24.932698],[-49.291841,-24.932706],[-49.291799,-24.932759],[-49.2918,-24.932788],[-49.291819,-24.932795],[-49.291902,-24.932786],[-49.291928,-24.932742],[-49.291921,-24.932715],[-49.291899,-24.932704]]}},{"type":"Feature","properties":{"alt":445.0,"mestra":true},"geometry":{"type":"LineString","coordinates":[[-49.296412,-24.929284],[-49.296325,-24.92928],[-49.296275,-24.929296],[-49.296228,-24.92936],[-49.296196,-24.92944],[-49.296223,-24.929521],[-49.296262,-24.929534],[-49.296284,-24.929557],[-49.296289,-24.929575],[-49.296269,-24.929619],[-49.296321,-24.929638],[-49.296357,-24.929754],[-49.296405,-24.929796]]}},{"type":"Feature","properties":{"alt":445.0,"mestra":true},"geometry":{"type":"LineString","coordinates":[[-49.291577,-24.929322],[-49.291661,-24.929367],[-49.291755,-24.929487],[-49.291787,-24.929568],[-49.291798,-24.929666],[-49.29179,-24.929728],[-49.291763,-24.929752],[-49.291607,-24.929759],[-49.291574,-24.929776]]}},{"type":"Feature","properties":{"alt":445.0,"mestra":true},"geometry":{"type":"LineString","coordinates":[[-49.29112,-24.932469],[-49.291149,-24.932485],[-49.291188,-24.932487],[-49.291295,-24.93252],[-49.291328,-24.932557],[-49.291348,-24.932602],[-49.291372,-24.932617],[-49.291395,-24.932611],[-49.291422,-24.932563],[-49.291491,-24.93252],[-49.291559,-24.932515],[-49.291627,-24.932546],[-49.291647,-24.932543],[-49.291669,-24.932516],[-49.291676,-24.932472],[-49.291697,-24.932442],[-49.291737,-24.932416],[-49.291786,-24.932401],[-49.291824,-24.932367],[-49.29185,-24.932278],[-49.292183,-24.931925],[-49.292194,-24.931871],[-49.292361,-24.931784],[-49.292401,-24.931749],[-49.292466,-24.931715],[-49.292518,-24.931714],[-49.292568,-24.931687],[-49.292645,-24.931733],[-49.292819,-24.931647],[-49.293048,-24.931576],[-49.293146,-24.931578],[-49.293165,-24.93159],[-49.29317,-24.931625],[-49.293184,-24.931632],[-49.293198,-24.931625],[-49.293204,-24.931589],[-49.293292,-24.9316],[-49.293361,-24.931582],[-49.293419,-24.93163],[-49.293467,-24.931643],[-49.293506,-24.931628],[-49.293556,-24.931573],[-49.293606,-24.931538],[-49.293664,-24.931572],[-49.293772,-24.93155],[-49.293859,-24.931593],[-49.293888,-24.931589],[-49.293927,-24.931553],[-49.293956,-24.9315],[-49.293973,-24.931447],[-49.293976,-24.931366],[-49.294014,-24.931322],[-49.294034,-24.93126],[-49.294108,-24.931224],[-49.294177,-24.931211],[-49.294245,-24.931214],[-49.294314,-24.931193],[-49.294353,-24.931201],[-49.294401,-24.931242],[-49.294477,-24.931203],[-49.294613,-24.931026],[-49.294679,-24.93097],[-49.294738,-24.93095],[-49.294786,-24.930973],[-49.294826,-24.930942],[-49.294859,-24.930895],[-49.2949,-24.93078],[-49.295021,-24.930648],[-49.295023,-24.930612],[-49.295005,-24.930567],[-49.294978,-24.93055],[-49.294939,-24.930548],[-49.294902,-24.930566],[-49.294908,-24.930602],[-49.294899,-24.93062],[-49.294781,-24.93065],[-49.294712,-24.930688],[-49.294653,-24.930692],[-49.294634,-24.930663],[-49.294598,-24.930464],[-49.294569,-24.930443],[-49.294501,-24.930423],[-49.294413,-24.930431],[-49.294369,-24.9304],[-49.294306,-24.930399],[-49.294287,-24.930337],[-49.294236,-24.930327],[-49.294212,-24.9303],[-49.294209,-24.930166],[-49.294191,-24.930166],[-49.294093,-24.930228],[-49.293957,-24.93018],[-49.293859,-24.930209],[-49.29381,-24.93017],[-49.293752,-24.930149],[-49.293713,-24.93016],[-49.293625,-24.930148],[-49.293567,-24.930094],[-49.29354,-24.930042],[-49.293547,-24.92998],[-49.293594,-24.929918],[-49.293602,-24.929874],[-49.293581,-24.929791],[-49.293548,-24.929722],[-49.293553,-24.929677],[-49.293532,-24.929597],[-49.293506,-24.929568],[-49.293443,-24.929533],[-49.293428,-24.929506],[-49.293452,-24.929444],[-49.293437,-24.929337],[-49.293443,-24.92923],[-49.293425,-24.929168],[-49.29345,-24.929097],[-49.293442,-24.929025],[-49.293493,-24.92891],[-49.293484,-24.928865],[-49.293497,-24.928821],[-49.293476,-24.928776],[-49.293493,-24.928759],[-49.293537,-24.928743],[-49.293586,-24.928696],[-49.293635,-24.928676],[-49.293665,-24.928678],[-49.293665,-24.928645],[-49.293744,-24.92857],[-49.293813,-24.928536],[-49.293852,-24.92854],[-49.293857,-24.928522],[-49.293892,-24.928504],[-49.29399,-24.928506],[-49.294068,-24.928451],[-49.294127,-24.928441],[-49.294192,-24.928383],[-49.294285,-24.928357],[-49.294343,-24.928352],[-49.294377,-24.928287],[-49.294374,-24.928249],[-49.294277,-24.928188],[-49.294219,-24.92817],[-49.294177,-24.928143],[-49.294167,-24.928018],[-49.294131,-24.927937],[-49.294059,-24.927847],[-49.29405,-24.927776],[-49.294028,-24.927731],[-49.293898,-24.927622],[-49.293873,-24.927533],[-49.293847,-24.927499],[-49.293808,-24.927487],[-49.29374,-24.927496],[-49.293623,-24.927434],[-49.293558,-24.92744],[-49.293588,-24.927485],[-49.293534,-24.927499],[-49.293486,-24.927471],[-49.293433,-24.927474],[-49.293369,-24.927451],[-49.29332,-24.927447],[-49.293252,-24.927405],[-49.293193,-24.927414],[-49.293057,-24.927397],[-49.29295,-24.927361],[-49.292901,-24.927369],[-49.292827,-24.927423],[-49.292694,-24.927456],[-49.292636,-24.927446],[-49.292558,-24.927384]]}},{"type":"Feature","properties":{"alt":445.0,"mestra":true},"geometry":{"type":"LineString","coordinates":[[-49.293352,-24.927259],[-49.293328,-24.927268],[-49.293332,-24.927286],[-49.293351,-24.927289],[-49.293361,-24.92728],[-49.293352,-24.927259]]}},{"type":"Feature","properties":{"alt":445.0,"mestra":true},"geometry":{"type":"LineString","coordinates":[[-49.295711,-24.928424],[-49.295682,-24.928424],[-49.295622,-24.92848],[-49.29561,-24.928524],[-49.295629,-24.928578],[-49.29557,-24.928649],[-49.295581,-24.928661],[-49.295639,-24.928671],[-49.295671,-24.928641],[-49.295706,-24.928641],[-49.295723,-24.928659],[-49.295719,-24.928722],[-49.295644,-24.928774],[-49.295589,-24.928786],[-49.295553,-24.928853],[-49.295509,-24.928901],[-49.295503,-24.928942],[-49.295552,-24.928996],[-49.29554,-24.929032],[-49.295545,-24.929058],[-49.295594,-24.929096],[-49.295626,-24.929095],[-49.295683,-24.929043],[-49.295741,-24.929075],[-49.295799,-24.929088],[-49.295808,-24.929106],[-49.295782,-24.92915],[-49.295816,-24.929168],[-49.295826,-24.929213],[-49.295815,-24.929257],[-49.295819,-24.929311],[-49.295832,-24.929338],[-49.295874,-24.929355],[-49.296001,-24.929361],[-49.296051,-24.929306],[-49.296129,-24.929283],[-49.296149,-24.929261],[-49.296157,-24.929137],[-49.296146,-24.929065],[-49.29611,-24.928993],[-49.296036,-24.928942],[-49.295994,-24.928894],[-49.295847,-24.928821],[-49.295842,-24.928785],[-49.295895,-24.928652],[-49.295889,-24.928581],[-49.295856,-24.928527],[-49.295778,-24.928482],[-49.295711,-24.928424]]}},{"type":"Feature","properties":{"alt":445.0,"mestra":true},"geometry":{"type":"LineString","coordinates":[[-49.295586,-24.92897],[-49.295596,-24.928983],[-49.295566,-24.928987],[-49.295586,-24.92897]]}},{"type":"Feature","properties":{"alt":445.0,"mestra":true},"geometry":{"type":"LineString","coordinates":[[-49.291909,-24.929796],[-49.291927,-24.929819],[-49.291919,-24.929832],[-49.291899,-24.929835],[-49.29188,-24.92981],[-49.29189,-24.929797],[-49.291909,-24.929796]]}},{"type":"Feature","properties":{"alt":445.0,"mestra":true},"geometry":{"type":"LineString","coordinates":[[-49.294286,-24.930434],[-49.294295,-24.930452],[-49.294285,-24.930462],[-49.294264,-24.930443],[-49.294286,-24.930434]]}},{"type":"Feature","properties":{"alt":445.0,"mestra":true},"geometry":{"type":"LineString","coordinates":[[-49.29222,-24.932084],[-49.292206,-24.932095],[-49.29222,-24.932114],[-49.292233,-24.932095],[-49.29222,-24.932084]]}},{"type":"Feature","properties":{"alt":445.0,"mestra":true},"geometry":{"type":"LineString","coordinates":[[-49.29198,-24.932475],[-49.291941,-24.932481],[-49.291931,-24.932494],[-49.29194,-24.932525],[-49.291969,-24.932549],[-49.291989,-24.932543],[-49.291999,-24.93252],[-49.291997,-24.932493],[-49.29198,-24.932475]]}},{"type":"Feature","properties":{"alt":445.0,"mestra":true},"geometry":{"type":"LineString","coordinates":[[-49.291879,-24.932705],[-49.291844,-24.932715],[-49.2918,-24.932766],[-49.291804,-24.932785],[-49.291819,-24.932792],[-49.291898,-24.93278],[-49.291918,-24.932733],[-49.291909,-24.932715],[-49.291879,-24.932705]]}},{"type":"Feature","properties":{"alt":446.0,"mestra":false},"geometry":{"type":"LineString","coordinates":[[-49.296411,-24.929358],[-49.296343,-24.92935],[-49.296265,-24.929364],[-49.296235,-24.929385],[-49.2962,-24.92944],[-49.296235,-24.929503],[-49.296292,-24.929534],[-49.296305,-24.929575],[-49.296288,-24.92961],[-49.296329,-24.929633],[-49.296363,-24.929745],[-49.296406,-24.929782]]}},{"type":"Feature","properties":{"alt":446.0,"mestra":false},"geometry":{"type":"LineString","coordinates":[[-49.291586,-24.929305],[-49.291594,-24.929317],[-49.291662,-24.929342],[-49.291766,-24.929496],[-49.291797,-24.929586],[-49.291807,-24.929693],[-49.291802,-24.929737],[-49.291783,-24.92976],[-49.291617,-24.929766],[-49.291581,-24.929783]]}},{"type":"Feature","properties":{"alt":446.0,"mestra":false},"geometry":{"type":"LineString","coordinates":[[-49.29112,-24.93245],[-49.291296,-24.932502],[-49.291354,-24.932545],[-49.291393,-24.932544],[-49.291471,-24.932512],[-49.29154,-24.932503],[-49.291598,-24.932513],[-49.291637,-24.932542],[-49.291661,-24.932516],[-49.291657,-24.932481],[-49.291673,-24.932445],[-49.291727,-24.932402],[-49.291786,-24.932387],[-49.291815,-24.932366],[-49.291839,-24.932278],[-49.292006,-24.93211],[-49.292159,-24.931934],[-49.292184,-24.931863],[-49.292361,-24.931778],[-49.292391,-24.931746],[-49.29245,-24.931711],[-49.292518,-24.931705],[-49.292548,-24.93167],[-49.292607,-24.931657],[-49.292637,-24.93163],[-49.292705,-24.931667],[-49.292744,-24.931664],[-49.29294,-24.931595],[-49.292989,-24.931591],[-49.293029,-24.93157],[-49.293126,-24.931564],[-49.293273,-24.931584],[-49.293361,-24.93157],[-49.293424,-24.931628],[-49.293467,-24.931638],[-49.293507,-24.931622],[-49.293557,-24.931552],[-49.293616,-24.931518],[-49.293645,-24.931549],[-49.293674,-24.93156],[-49.293772,-24.931544],[-49.293859,-24.931578],[-49.293889,-24.931573],[-49.293918,-24.931546],[-49.293948,-24.931494],[-49.29397,-24.931366],[-49.294007,-24.931313],[-49.294024,-24.93126],[-49.294099,-24.931216],[-49.294246,-24.931208],[-49.294314,-24.931186],[-49.294353,-24.931194],[-49.294402,-24.931234],[-49.29447,-24.931199],[-49.294605,-24.931008],[-49.294699,-24.930952],[-49.294787,-24.930946],[-49.294816,-24.93093],[-49.294846,-24.930882],[-49.294872,-24.930771],[-49.295006,-24.930639],[-49.294983,-24.930576],[-49.294958,-24.93056],[-49.294929,-24.930557],[-49.294915,-24.930575],[-49.294937,-24.930611],[-49.294918,-24.930635],[-49.29481,-24.93065],[-49.294732,-24.930696],[-49.294624,-24.930714],[-49.29461,-24.930679],[-49.294608,-24.930563],[-49.294588,-24.930467],[-49.294559,-24.930449],[-49.294481,-24.930431],[-49.294412,-24.93046],[-49.294376,-24.930462],[-49.294367,-24.930453],[-49.294372,-24.930417],[-49.294354,-24.93041],[-49.294309,-24.930417],[-49.294313,-24.93047],[-49.294295,-24.930483],[-49.294275,-24.930477],[-49.294251,-24.930434],[-49.294256,-24.93042],[-49.294284,-24.930407],[-49.294287,-24.930358],[-49.294277,-24.930344],[-49.294238,-24.930337],[-49.294212,-24.930318],[-49.294186,-24.930219],[-49.294191,-24.930192],[-49.294083,-24.930249],[-49.294024,-24.930233],[-49.293988,-24.930199],[-49.293957,-24.93019],[-49.293927,-24.930195],[-49.293894,-24.930225],[-49.293869,-24.930224],[-49.293791,-24.930179],[-49.293615,-24.930156],[-49.293557,-24.930097],[-49.29353,-24.930051],[-49.293538,-24.929989],[-49.293585,-24.929918],[-49.293592,-24.929865],[-49.293552,-24.929762],[-49.293533,-24.929749],[-49.293503,-24.929754],[-49.293491,-24.929739],[-49.293504,-24.929681],[-49.293527,-24.92965],[-49.29352,-24.929597],[-49.293496,-24.929572],[-49.293428,-24.929545],[-49.293413,-24.929515],[-49.293434,-24.929444],[-49.293426,-24.929337],[-49.29344,-24.929257],[-49.293414,-24.929168],[-49.293442,-24.929097],[-49.29343,-24.929043],[-49.293488,-24.92891],[-49.293477,-24.928865],[-49.29349,-24.928821],[-49.293455,-24.928767],[-49.293527,-24.928739],[-49.293586,-24.92869],[-49.293647,-24.928662],[-49.293658,-24.928636],[-49.293716,-24.928583],[-49.293813,-24.928522],[-49.293911,-24.928494],[-49.29396,-24.928506],[-49.29399,-24.928499],[-49.294026,-24.928471],[-49.294059,-24.92842],[-49.294128,-24.928422],[-49.294177,-24.928379],[-49.294314,-24.928339],[-49.294354,-24.928296],[-49.294345,-24.928251],[-49.294288,-24.928206],[-49.294189,-24.928182],[-49.294145,-24.928151],[-49.294138,-24.928115],[-49.294158,-24.928071],[-49.294152,-24.928026],[-49.294112,-24.927937],[-49.294045,-24.927865],[-49.294039,-24.927776],[-49.294019,-24.927731],[-49.293932,-24.92768],[-49.293873,-24.927631],[-49.293859,-24.927524],[-49.293818,-24.927493],[-49.293716,-24.927531],[-49.293699,-24.927566],[-49.293641,-24.927557],[-49.293593,-24.927516],[-49.293524,-24.927506],[-49.293486,-24.927479],[-49.293427,-24.92748],[-49.29332,-24.927451],[-49.293242,-24.927409],[-49.293193,-24.927418],[-49.293057,-24.927403],[-49.292969,-24.927375],[-49.29293,-24.927372],[-49.292832,-24.92743],[-49.292763,-24.92744],[-49.292724,-24.927463],[-49.292684,-24.927468],[-49.292636,-24.92746],[-49.292558,-24.927411]]}},{"type":"Feature","properties":{"alt":446.0,"mestra":false},"geometry":{"type":"LineString","coordinates":[[-49.293342,-24.927271],[-49.293342,-24.927271]]}},{"type":"Feature","properties":{"alt":446.0,"mestra":false},"geometry":{"type":"LineString","coordinates":[[-49.295691,-24.928435],[-49.295628,-24.92848],[-49.295623,-24.928507],[-49.295647,-24.928551],[-49.295646,-24.928578],[-49.295578,-24.928649],[-49.29562,-24.928656],[-49.29566,-24.928632],[-49.295698,-24.928626],[-49.295727,-24.928634],[-49.295776,-24.928674],[-49.295815,-24.92867],[-49.295847,-24.928625],[-49.295836,-24.928563],[-49.295691,-24.928435]]}},{"type":"Feature","properties":{"alt":446.0,"mestra":false},"geometry":{"type":"LineString","coordinates":[[-49.295608,-24.928791],[-49.295588,-24.928801],[-49.295559,-24.928862],[-49.295522,-24.928898],[-49.295518,-24.928942],[-49.295547,-24.928964],[-49.295625,-24.928966],[-49.295665,-24.928942],[-49.295699,-24.928944],[-49.295681,-24.928997],[-49.295685,-24.929015],[-49.295741,-24.929059],[-49.295809,-24.929088],[-49.295815,-24.929106],[-49.295792,-24.929141],[-49.295798,-24.92915],[-49.295828,-24.929138],[-49.295842,-24.929151],[-49.295821,-24.929258],[-49.295832,-24.929329],[-49.295874,-24.929349],[-49.295972,-24.929358],[-49.296011,-24.92935],[-49.296051,-24.929301],[-49.296108,-24.929279],[-49.296122,-24.929261],[-49.296091,-24.929082],[-49.296074,-24.92904],[-49.296045,-24.929017],[-49.295982,-24.92901],[-49.295948,-24.928939],[-49.29589,-24.928905],[-49.295812,-24.928901],[-49.295733,-24.928929],[-49.295745,-24.928856],[-49.295735,-24.928819],[-49.295696,-24.928796],[-49.295608,-24.928791]]}},{"type":"Feature","properties":{"alt":446.0,"mestra":false},"geometry":{"type":"LineString","coordinates":[[-49.293374,-24.929165],[-49.293383,-24.929185],[-49.293364,-24.929211],[-49.293354,-24.929199],[-49.293374,-24.929165]]}},{"type":"Feature","properties":{"alt":446.0,"mestra":false},"geometry":{"type":"LineString","coordinates":[[-49.295944,-24.929219],[-49.295944,-24.929229],[-49.295934,-24.929228],[-49.295944,-24.929219]]}},{"type":"Feature","properties":{"alt":446.0,"mestra":false},"geometry":{"type":"LineString","coordinates":[[-49.291919,-24.929792],[-49.291933,-24.92981],[-49.291929,-24.929833],[-49.291909,-24.929844],[-49.291879,-24.929836],[-49.291863,-24.929809],[-49.29187,-24.929793],[-49.29189,-24.929785],[-49.291919,-24.929792]]}},{"type":"Feature","properties":{"alt":446.0,"mestra":false},"geometry":{"type":"LineString","coordinates":[[-49.293522,-24.929826],[-49.293522,-24.929838],[-49.293501,-24.929837],[-49.293502,-24.929824],[-49.293522,-24.929826]]}},{"type":"Feature","properties":{"alt":446.0,"mestra":false},"geometry":{"type":"LineString","coordinates":[[-49.293184,-24.931609],[-49.293175,-24.931616],[-49.293184,-24.931626],[-49.293184,-24.931609]]}},{"type":"Feature","properties":{"alt":446.0,"mestra":false},"geometry":{"type":"LineString","coordinates":[[-49.29222,-24.932093],[-49.29222,-24.932101],[-49.29222,-24.932093]]}},{"type":"Feature","properties":{"alt":446.0,"mestra":false},"geometry":{"type":"LineString","coordinates":[[-49.29198,-24.932482],[-49.291951,-24.93248],[-49.291934,-24.932493],[-49.29194,-24.932519],[-49.29196,-24.932535],[-49.291979,-24.932534],[-49.291989,-24.932522],[-49.29198,-24.932482]]}},{"type":"Feature","properties":{"alt":446.0,"mestra":false},"geometry":{"type":"LineString","coordinates":[[-49.291373,-24.932571],[-49.291353,-24.932573],[-49.29135,-24.932593],[-49.291382,-24.932612],[-49.291389,-24.932593],[-49.291373,-24.932571]]}},{"type":"Feature","properties":{"alt":446.0,"mestra":false},"geometry":{"type":"LineString","coordinates":[[-49.291889,-24.932714],[-49.29185,-24.93272],[-49.291804,-24.932768],[-49.29181,-24.932785],[-49.29189,-24.932777],[-49.291907,-24.932742],[-49.291889,-24.932714]]}},{"type":"Feature","properties":{"alt":447.0,"mestra":false},"geometry":{"type":"LineString","coordinates":[[-49.291596,-24.929288],[-49.291623,-24.929304],[-49.291672,-24.929288],[-49.291682,-24.929298],[-49.291695,-24.929371],[-49.291794,-24.92955],[-49.291821,-24.929764],[-49.29182,-24.929773],[-49.291792,-24.929779],[-49.291617,-24.929773],[-49.291588,-24.929789]]}},{"type":"Feature","properties":{"alt":447.0,"mestra":false},"geometry":{"type":"LineString","coordinates":[[-49.29641,-24.929436],[-49.296342,-24.929426],[-49.296264,-24.929394],[-49.296215,-24.929422],[-49.296205,-24.92944],[-49.296215,-24.929458],[-49.296253,-24.92948],[-49.296302,-24.929494],[-49.29636,-24.929718],[-49.296377,-24.929749],[-49.296406,-24.929768]]}},{"type":"Feature","properties":{"alt":447.0,"mestra":false},"geometry":{"type":"LineString","coordinates":[[-49.291121,-24.932435],[-49.291237,-24.932479],[-49.291315,-24.932488],[-49.291374,-24.932515],[-49.291481,-24.932496],[-49.291589,-24.932491],[-49.291618,-24.9325],[-49.291637,-24.932531],[-49.291649,-24.932516],[-49.291633,-24.93248],[-49.29166,-24.932436],[-49.291727,-24.932385],[-49.291786,-24.932376],[-49.291814,-24.932358],[-49.291821,-24.932286],[-49.291923,-24.932172],[-49.291997,-24.93211],[-49.292065,-24.93202],[-49.292104,-24.931985],[-49.292146,-24.931934],[-49.292158,-24.93188],[-49.292179,-24.931854],[-49.292354,-24.931776],[-49.292391,-24.931736],[-49.292442,-24.931705],[-49.292519,-24.931698],[-49.292558,-24.931654],[-49.292597,-24.931648],[-49.292618,-24.931618],[-49.292657,-24.9316],[-49.292735,-24.931588],[-49.292793,-24.931632],[-49.292852,-24.931622],[-49.29294,-24.931586],[-49.292979,-24.931587],[-49.293029,-24.931561],[-49.293087,-24.931552],[-49.293175,-24.931562],[-49.293224,-24.931554],[-49.293283,-24.931569],[-49.293342,-24.931554],[-49.2934,-24.931554],[-49.293398,-24.931583],[-49.293412,-24.93161],[-49.293438,-24.93163],[-49.293468,-24.931634],[-49.293497,-24.931625],[-49.293519,-24.931602],[-49.293537,-24.931539],[-49.293616,-24.931502],[-49.293645,-24.931535],[-49.293674,-24.931547],[-49.293772,-24.931536],[-49.29385,-24.931562],[-49.293879,-24.931561],[-49.293909,-24.931539],[-49.293939,-24.931489],[-49.293964,-24.931366],[-49.294013,-24.93126],[-49.294099,-24.931205],[-49.294236,-24.931204],[-49.294334,-24.931177],[-49.294402,-24.931221],[-49.294464,-24.931194],[-49.29449,-24.931169],[-49.294519,-24.931096],[-49.294563,-24.931043],[-49.294563,-24.931017],[-49.294537,-24.930999],[-49.294542,-24.930983],[-49.29462,-24.930985],[-49.294699,-24.930946],[-49.294797,-24.930926],[-49.294822,-24.930886],[-49.294848,-24.930753],[-49.294903,-24.930718],[-49.294922,-24.930691],[-49.294908,-24.930661],[-49.29484,-24.930653],[-49.294803,-24.930663],[-49.294741,-24.930709],[-49.294614,-24.930732],[-49.294584,-24.930728],[-49.294563,-24.930705],[-49.294593,-24.930563],[-49.294587,-24.930491],[-49.294569,-24.930465],[-49.294471,-24.930443],[-49.294392,-24.930518],[-49.294285,-24.930499],[-49.294242,-24.930434],[-49.294247,-24.930391],[-49.294268,-24.930363],[-49.294209,-24.930328],[-49.294171,-24.930222],[-49.294152,-24.93022],[-49.294122,-24.930247],[-49.294083,-24.930261],[-49.294024,-24.930245],[-49.293986,-24.930211],[-49.293956,-24.930201],[-49.293929,-24.930207],[-49.293897,-24.930233],[-49.29386,-24.930233],[-49.29379,-24.930194],[-49.293664,-24.930165],[-49.293605,-24.930163],[-49.293517,-24.930051],[-49.293539,-24.929973],[-49.29358,-24.929909],[-49.293585,-24.929865],[-49.293552,-24.929789],[-49.293503,-24.929776],[-49.293482,-24.929757],[-49.293484,-24.929685],[-49.293516,-24.929632],[-49.293505,-24.929596],[-49.293418,-24.929556],[-49.293404,-24.929533],[-49.293417,-24.929435],[-49.293411,-24.929337],[-49.293434,-24.929275],[-49.293432,-24.929226],[-49.293403,-24.929189],[-49.293364,-24.92922],[-49.293347,-24.929202],[-49.293365,-24.929156],[-49.293404,-24.929147],[-49.293429,-24.929114],[-49.293435,-24.929079],[-49.293417,-24.929043],[-49.293482,-24.92891],[-49.293468,-24.928865],[-49.293478,-24.928821],[-49.293448,-24.928792],[-49.293408,-24.928784],[-49.293401,-24.928766],[-49.293419,-24.92875],[-49.293488,-24.928743],[-49.293537,-24.928723],[-49.293617,-24.928662],[-49.293631,-24.928618],[-49.29367,-24.928573],[-49.293725,-24.928565],[-49.293823,-24.928501],[-49.293912,-24.928487],[-49.29398,-24.928498],[-49.294018,-24.928462],[-49.294023,-24.928408],[-49.294036,-24.92839],[-49.294118,-24.928406],[-49.294167,-24.928368],[-49.294236,-24.928362],[-49.294305,-24.928327],[-49.294338,-24.928287],[-49.294327,-24.928251],[-49.294277,-24.928213],[-49.29413,-24.928206],[-49.294111,-24.928195],[-49.294107,-24.928177],[-49.294123,-24.928142],[-49.294109,-24.928115],[-49.294144,-24.92808],[-49.294147,-24.928044],[-49.294097,-24.927937],[-49.294028,-24.927873],[-49.29402,-24.927838],[-49.294029,-24.927775],[-49.294011,-24.927731],[-49.293981,-24.927707],[-49.293922,-24.927696],[-49.293835,-24.927652],[-49.293819,-24.927657],[-49.293795,-24.927719],[-49.293766,-24.92772],[-49.293737,-24.927699],[-49.29368,-24.927577],[-49.293641,-24.927565],[-49.293573,-24.927517],[-49.293523,-24.927511],[-49.293481,-24.927484],[-49.293427,-24.927486],[-49.293359,-24.927459],[-49.29332,-24.927456],[-49.293252,-24.927414],[-49.293193,-24.927421],[-49.293047,-24.927407],[-49.29294,-24.927382],[-49.2929,-24.927393],[-49.292831,-24.927439],[-49.292763,-24.927453],[-49.292736,-24.927475],[-49.292684,-24.927481],[-49.292626,-24.92747],[-49.292551,-24.927418]]}},{"type":"Feature","properties":{"alt":447.0,"mestra":false},"geometry":{"type":"LineString","coordinates":[[-49.293837,-24.927505],[-49.293798,-24.9275],[-49.293774,-24.927523],[-49.293778,-24.92755],[-49.293807,-24.927572],[-49.293849,-24.927551],[-49.293852,-24.927524],[-49.293837,-24.927505]]}},{"type":"Feature","properties":{"alt":447.0,"mestra":false},"geometry":{"type":"LineString","coordinates":[[-49.293864,-24.928406],[-49.2939,-24.928425],[-49.293881,-24.928451],[-49.29386,-24.928451],[-49.293842,-24.928433],[-49.293844,-24.92841],[-49.293864,-24.928406]]}},{"type":"Feature","properties":{"alt":447.0,"mestra":false},"geometry":{"type":"LineString","coordinates":[[-49.295691,-24.928454],[-49.295661,-24.92846],[-49.295632,-24.928489],[-49.295664,-24.928534],[-49.295666,-24.928605],[-49.295777,-24.92862],[-49.295796,-24.928598],[-49.295792,-24.928571],[-49.29571,-24.928489],[-49.295691,-24.928454]]}},{"type":"Feature","properties":{"alt":447.0,"mestra":false},"geometry":{"type":"LineString","coordinates":[[-49.295618,-24.928807],[-49.295588,-24.928818],[-49.295572,-24.928863],[-49.295528,-24.928907],[-49.295527,-24.928933],[-49.295547,-24.928951],[-49.295625,-24.928951],[-49.295675,-24.928923],[-49.295704,-24.92893],[-49.295728,-24.928909],[-49.295728,-24.928882],[-49.295688,-24.928837],[-49.295618,-24.928807]]}},{"type":"Feature","properties":{"alt":447.0,"mestra":false},"geometry":{"type":"LineString","coordinates":[[-49.295851,-24.928925],[-49.295792,-24.92892],[-49.295733,-24.92894],[-49.295707,-24.928962],[-49.295697,-24.929007],[-49.295732,-24.929044],[-49.295809,-24.929076],[-49.295828,-24.929123],[-49.295856,-24.929133],[-49.29585,-24.929213],[-49.295829,-24.929258],[-49.295843,-24.929285],[-49.295843,-24.929329],[-49.295874,-24.929342],[-49.296001,-24.929349],[-49.296051,-24.929295],[-49.296101,-24.929261],[-49.296046,-24.929073],[-49.296019,-24.929037],[-49.29596,-24.929018],[-49.295911,-24.928956],[-49.295851,-24.928925]]}},{"type":"Feature","properties":{"alt":447.0,"mestra":false},"geometry":{"type":"LineString","coordinates":[[-49.295944,-24.92921],[-49.295954,-24.929225],[-49.295934,-24.929238],[-49.295925,-24.929223],[-49.295944,-24.92921]]}},{"type":"Feature","properties":{"alt":447.0,"mestra":false},"geometry":{"type":"LineString","coordinates":[[-49.293314,-24.929307],[-49.293314,-24.929307]]}},{"type":"Feature","properties":{"alt":447.0,"mestra":false},"geometry":{"type":"LineString","coordinates":[[-49.29191,-24.92978],[-49.291937,-24.929801],[-49.291934,-24.929837],[-49.291909,-24.929852],[-49.29186,-24.929842],[-49.291836,-24.929782],[-49.29191,-24.92978]]}},{"type":"Feature","properties":{"alt":447.0,"mestra":false},"geometry":{"type":"LineString","coordinates":[[-49.293522,-24.929809],[-49.293532,-24.929837],[-49.293521,-24.92985],[-49.293502,-24.92985],[-49.293488,-24.929837],[-49.293489,-24.929819],[-49.293522,-24.929809]]}},{"type":"Feature","properties":{"alt":447.0,"mestra":false},"geometry":{"type":"LineString","coordinates":[[-49.29197,-24.932484],[-49.291937,-24.932493],[-49.29194,-24.932514],[-49.29196,-24.932527],[-49.291983,-24.932511],[-49.29197,-24.932484]]}},{"type":"Feature","properties":{"alt":447.0,"mestra":false},"geometry":{"type":"LineString","coordinates":[[-49.291372,-24.932592],[-49.291362,-24.932593],[-49.291372,-24.932604],[-49.291372,-24.932592]]}},{"type":"Feature","properties":{"alt":447.0,"mestra":false},"geometry":{"type":"LineString","coordinates":[[-49.291879,-24.93272],[-49.29185,-24.932729],[-49.291816,-24.932759],[-49.29181,-24.932778],[-49.291829,-24.932784],[-49.291888,-24.93277],[-49.291897,-24.932742],[-49.291879,-24.93272]]}},{"type":"Feature","properties":{"alt":448.0,"mestra":false},"geometry":{"type":"LineString","coordinates":[[-49.291606,-24.92927],[-49.291633,-24.929283],[-49.291672,-24.929268],[-49.291692,-24.929273],[-49.291707,-24.929371],[-49.291799,-24.92955],[-49.291835,-24.929738],[-49.291851,-24.929757],[-49.29192,-24.929777],[-49.291944,-24.929801],[-49.291946,-24.929828],[-49.291928,-24.929853],[-49.291899,-24.929862],[-49.291844,-24.929857]]}},{"type":"Feature","properties":{"alt":448.0,"mestra":false},"geometry":{"type":"LineString","coordinates":[[-49.29641,-24.929476],[-49.296351,-24.929491],[-49.296325,-24.92954],[-49.296367,-24.929716],[-49.296406,-24.929755]]}},{"type":"Feature","properties":{"alt":448.0,"mestra":false},"geometry":{"type":"LineString","coordinates":[[-49.291834,-24.929854],[-49.29182,-24.929818],[-49.291782,-24.929795],[-49.291636,-24.929779],[-49.291595,-24.929796]]}},{"type":"Feature","properties":{"alt":448.0,"mestra":false},"geometry":{"type":"LineString","coordinates":[[-49.291121,-24.932418],[-49.29115,-24.932423],[-49.291228,-24.932463],[-49.291384,-24.932494],[-49.29153,-24.932484],[-49.291619,-24.932461],[-49.291648,-24.932426],[-49.291727,-24.932367],[-49.291806,-24.932358],[-49.291815,-24.93234],[-49.291802,-24.932304],[-49.291808,-24.932286],[-49.291909,-24.932172],[-49.291985,-24.93211],[-49.292053,-24.932013],[-49.292098,-24.931978],[-49.292134,-24.931934],[-49.292148,-24.93188],[-49.292174,-24.931846],[-49.292351,-24.931771],[-49.292391,-24.931727],[-49.29244,-24.931696],[-49.29251,-24.931697],[-49.292527,-24.931671],[-49.292612,-24.931609],[-49.292719,-24.931566],[-49.292814,-24.931546],[-49.292848,-24.931567],[-49.292865,-24.931594],[-49.292901,-24.931595],[-49.292941,-24.931574],[-49.29298,-24.931577],[-49.293019,-24.931553],[-49.293088,-24.931538],[-49.293185,-24.931548],[-49.293234,-24.931539],[-49.293293,-24.931552],[-49.293332,-24.931529],[-49.293381,-24.931532],[-49.29343,-24.931514],[-49.293567,-24.931514],[-49.293616,-24.931486],[-49.293636,-24.931495],[-49.293664,-24.931533],[-49.293782,-24.931527],[-49.29385,-24.931548],[-49.293879,-24.931544],[-49.293909,-24.931517],[-49.293933,-24.931473],[-49.293957,-24.931366],[-49.294001,-24.93126],[-49.294099,-24.931194],[-49.294236,-24.931199],[-49.294334,-24.931166],[-49.294412,-24.931203],[-49.29446,-24.931185],[-49.294487,-24.93115],[-49.294487,-24.931096],[-49.29451,-24.931052],[-49.294501,-24.931025],[-49.294527,-24.930981],[-49.29463,-24.930971],[-49.294787,-24.930915],[-49.294805,-24.930886],[-49.294818,-24.930788],[-49.294805,-24.930743],[-49.294868,-24.930717],[-49.294894,-24.930691],[-49.294879,-24.930667],[-49.294839,-24.930662],[-49.294809,-24.930672],[-49.29476,-24.930722],[-49.294682,-24.930724],[-49.294584,-24.930741],[-49.294526,-24.930728],[-49.294505,-24.930704],[-49.294536,-24.930672],[-49.294529,-24.930633],[-49.294574,-24.930553],[-49.294573,-24.9305],[-49.294559,-24.930476],[-49.29449,-24.930472],[-49.29443,-24.930559],[-49.294401,-24.930564],[-49.294347,-24.930533],[-49.294294,-24.930519],[-49.294268,-24.930496],[-49.294238,-24.930443],[-49.294228,-24.930371],[-49.294194,-24.930317],[-49.294171,-24.930233],[-49.294152,-24.930229],[-49.294127,-24.930254],[-49.294073,-24.930267],[-49.294023,-24.930253],[-49.293966,-24.930213],[-49.293937,-24.930215],[-49.293897,-24.93024],[-49.293868,-24.930243],[-49.29379,-24.930208],[-49.293673,-24.930177],[-49.293605,-24.930173],[-49.29358,-24.930159],[-49.293506,-24.930051],[-49.293535,-24.929971],[-49.293568,-24.929918],[-49.293576,-24.929865],[-49.293551,-24.929824],[-49.293511,-24.929863],[-49.293476,-24.929837],[-49.293493,-24.929792],[-49.293474,-24.929765],[-49.293469,-24.929685],[-49.293487,-24.929632],[-49.29346,-24.929623],[-49.293454,-24.929587],[-49.293408,-24.929566],[-49.293393,-24.929542],[-49.293402,-24.929426],[-49.293391,-24.929337],[-49.293402,-24.929301],[-49.293427,-24.929275],[-49.29343,-24.929239],[-49.293403,-24.929204],[-49.293364,-24.929226],[-49.293347,-24.92922],[-49.293341,-24.929202],[-49.293365,-24.929144],[-49.293404,-24.929129],[-49.293424,-24.929105],[-49.293426,-24.929079],[-49.293407,-24.929043],[-49.293475,-24.92891],[-49.293442,-24.928811],[-49.29338,-24.928798],[-49.293385,-24.928766],[-49.29341,-24.92874],[-49.293498,-24.928734],[-49.293562,-24.928697],[-49.293589,-24.928653],[-49.293597,-24.928581],[-49.293637,-24.928549],[-49.293735,-24.92855],[-49.293834,-24.928476],[-49.293863,-24.928493],[-49.293912,-24.928475],[-49.29397,-24.928495],[-49.294006,-24.928461],[-49.294002,-24.928408],[-49.294019,-24.92839],[-49.29406,-24.928379],[-49.294108,-24.928382],[-49.294148,-24.928344],[-49.294231,-24.928357],[-49.2943,-24.928313],[-49.294323,-24.928287],[-49.294315,-24.928258],[-49.294257,-24.928223],[-49.294208,-24.928223],[-49.29411,-24.928247],[-49.294091,-24.928232],[-49.29408,-24.928186],[-49.294083,-24.928115],[-49.294135,-24.92808],[-49.294141,-24.928053],[-49.294089,-24.927945],[-49.294024,-24.9279],[-49.294004,-24.927873],[-49.294002,-24.927837],[-49.29402,-24.927775],[-49.294004,-24.927731],[-49.293971,-24.92771],[-49.293912,-24.927723],[-49.293862,-24.927845],[-49.293812,-24.927892],[-49.293795,-24.927862],[-49.293808,-24.927782],[-49.293727,-24.927701],[-49.29368,-24.927587],[-49.293631,-24.927567],[-49.293583,-24.927528],[-49.293515,-24.927513],[-49.293486,-24.92749],[-49.293398,-24.927486],[-49.293359,-24.927463],[-49.29331,-24.927456],[-49.293252,-24.927418],[-49.293193,-24.927424],[-49.293047,-24.927413],[-49.292959,-24.927391],[-49.29291,-24.927399],[-49.292841,-24.927444],[-49.292733,-24.927488],[-49.292645,-24.927492],[-49.292548,-24.927451]]}},{"type":"Feature","properties":{"alt":448.0,"mestra":false},"geometry":{"type":"LineString","coordinates":[[-49.293827,-24.927505],[-49.293799,-24.927505],[-49.293784,-24.927523],[-49.293807,-24.927553],[-49.293827,-24.927555],[-49.293844,-24.927542],[-49.293846,-24.927524],[-49.293827,-24.927505]]}},{"type":"Feature","properties":{"alt":448.0,"mestra":false},"geometry":{"type":"LineString","coordinates":[[-49.29412,-24.928292],[-49.294129,-24.92832],[-49.294099,-24.928337],[-49.294095,-24.928302],[-49.2941,-24.928292],[-49.29412,-24.928292]]}},{"type":"Feature","properties":{"alt":448.0,"mestra":false},"geometry":{"type":"LineString","coordinates":[[-49.293854,-24.928388],[-49.293952,-24.928398],[-49.29397,-24.928408],[-49.293924,-24.928434],[-49.293902,-24.928462],[-49.293843,-24.92847],[-49.293821,-24.928415],[-49.293835,-24.928392],[-49.293854,-24.928388]]}},{"type":"Feature","properties":{"alt":448.0,"mestra":false},"geometry":{"type":"LineString","coordinates":[[-49.295719,-24.928524],[-49.2957,-24.928525],[-49.295687,-24.928552],[-49.295696,-24.928579],[-49.295718,-24.928587],[-49.295739,-24.928579],[-49.295745,-24.928562],[-49.295719,-24.928524]]}},{"type":"Feature","properties":{"alt":448.0,"mestra":false},"geometry":{"type":"LineString","coordinates":[[-49.29335,-24.928792],[-49.293357,-24.928802],[-49.293334,-24.928801],[-49.293334,-24.928792],[-49.29335,-24.928792]]}},{"type":"Feature","properties":{"alt":448.0,"mestra":false},"geometry":{"type":"LineString","coordinates":[[-49.295617,-24.928827],[-49.295598,-24.928827],[-49.295587,-24.928863],[-49.295541,-24.928907],[-49.295537,-24.928925],[-49.295547,-24.928938],[-49.295616,-24.928943],[-49.295675,-24.928906],[-49.295704,-24.92892],[-49.295716,-24.928909],[-49.295714,-24.928887],[-49.295617,-24.928827]]}},{"type":"Feature","properties":{"alt":448.0,"mestra":false},"geometry":{"type":"LineString","coordinates":[[-49.295831,-24.928936],[-49.295782,-24.92893],[-49.295723,-24.928953],[-49.295705,-24.928989],[-49.295716,-24.929025],[-49.295751,-24.929047],[-49.29581,-24.929063],[-49.295848,-24.929097],[-49.295936,-24.929075],[-49.295995,-24.929094],[-49.295995,-24.929051],[-49.295937,-24.92904],[-49.295887,-24.928973],[-49.295831,-24.928936]]}},{"type":"Feature","properties":{"alt":448.0,"mestra":false},"geometry":{"type":"LineString","coordinates":[[-49.296004,-24.929116],[-49.295995,-24.92911],[-49.295906,-24.929162],[-49.295872,-24.929196],[-49.29584,-24.929258],[-49.295864,-24.929329],[-49.296001,-24.929342],[-49.296076,-24.929269],[-49.296081,-24.929243],[-49.296053,-24.929171],[-49.296004,-24.929116]]}},{"type":"Feature","properties":{"alt":448.0,"mestra":false},"geometry":{"type":"LineString","coordinates":[[-49.295944,-24.929203],[-49.295958,-24.929232],[-49.295934,-24.929244],[-49.295921,-24.929232],[-49.295921,-24.929214],[-49.295944,-24.929203]]}},{"type":"Feature","properties":{"alt":448.0,"mestra":false},"geometry":{"type":"LineString","coordinates":[[-49.293324,-24.929297],[-49.293335,-24.929318],[-49.293323,-24.929334],[-49.293301,-24.929309],[-49.293304,-24.929298],[-49.293324,-24.929297]]}},{"type":"Feature","properties":{"alt":448.0,"mestra":false},"geometry":{"type":"LineString","coordinates":[[-49.296254,-24.929422],[-49.296219,-24.929431],[-49.296218,-24.929449],[-49.296263,-24.92945],[-49.296267,-24.929432],[-49.296254,-24.929422]]}},{"type":"Feature","properties":{"alt":448.0,"mestra":false},"geometry":{"type":"LineString","coordinates":[[-49.293508,-24.931544],[-49.293459,-24.93154],[-49.29343,-24.931554],[-49.293408,-24.931583],[-49.293429,-24.931619],[-49.293468,-24.93163],[-49.293507,-24.931611],[-49.293526,-24.931575],[-49.293508,-24.931544]]}},{"type":"Feature","properties":{"alt":448.0,"mestra":false},"geometry":{"type":"LineString","coordinates":[[-49.29197,-24.932489],[-49.29194,-24.932493],[-49.29195,-24.932518],[-49.291975,-24.932511],[-49.29197,-24.932489]]}},{"type":"Feature","properties":{"alt":448.0,"mestra":false},"geometry":{"type":"LineString","coordinates":[[-49.291879,-24.932732],[-49.291849,-24.932737],[-49.291815,-24.932777],[-49.291878,-24.93277],[-49.291887,-24.932751],[-49.291879,-24.932732]]}},{"type":"Feature","properties":{"alt":449.0,"mestra":false},"geometry":{"type":"LineString","coordinates":[[-49.291614,-24.929254],[-49.291633,-24.929263],[-49.291682,-24.929258],[-49.291704,-24.929273],[-49.291717,-24.929371],[-49.291799,-24.929532],[-49.291842,-24.929723],[-49.291861,-24.929748],[-49.291929,-24.929775],[-49.291951,-24.929801],[-49.29195,-24.929837],[-49.291928,-24.929863],[-49.29185,-24.929871]]}},{"type":"Feature","properties":{"alt":449.0,"mestra":false},"geometry":{"type":"LineString","coordinates":[[-49.29641,-24.929498],[-49.296361,-24.929507],[-49.296334,-24.929549],[-49.296364,-24.929638],[-49.296374,-24.929709],[-49.296406,-24.929741]]}},{"type":"Feature","properties":{"alt":449.0,"mestra":false},"geometry":{"type":"LineString","coordinates":[[-49.291791,-24.929852],[-49.291802,-24.929844],[-49.2918,-24.929826],[-49.291753,-24.929801],[-49.291636,-24.929786],[-49.2916,-24.929801]]}},{"type":"Feature","properties":{"alt":449.0,"mestra":false},"geometry":{"type":"LineString","coordinates":[[-49.291121,-24.932402],[-49.29116,-24.932411],[-49.291235,-24.932449],[-49.291384,-24.932477],[-49.291511,-24.932478],[-49.291599,-24.932459],[-49.291728,-24.932347],[-49.291747,-24.932341],[-49.291786,-24.932357],[-49.291804,-24.932349],[-49.291805,-24.932331],[-49.291787,-24.932313],[-49.291797,-24.932284],[-49.291968,-24.932101],[-49.291976,-24.932074],[-49.292016,-24.932025],[-49.292085,-24.931978],[-49.292124,-24.931933],[-49.292142,-24.931871],[-49.292165,-24.931843],[-49.292352,-24.931762],[-49.292441,-24.931688],[-49.292509,-24.931687],[-49.292625,-24.931592],[-49.292821,-24.931523],[-49.292908,-24.931506],[-49.29297,-24.931558],[-49.293088,-24.931525],[-49.293195,-24.931535],[-49.29345,-24.93149],[-49.293557,-24.9315],[-49.293626,-24.931466],[-49.293674,-24.931521],[-49.293782,-24.931517],[-49.29385,-24.931535],[-49.29387,-24.931531],[-49.293919,-24.931473],[-49.293991,-24.93126],[-49.294036,-24.931233],[-49.294068,-24.931189],[-49.294099,-24.931181],[-49.294236,-24.931192],[-49.294344,-24.931151],[-49.294412,-24.931183],[-49.294441,-24.93118],[-49.29447,-24.931149],[-49.294453,-24.931105],[-49.294479,-24.93106],[-49.294485,-24.930998],[-49.294532,-24.93097],[-49.29463,-24.930961],[-49.294758,-24.930918],[-49.29479,-24.930886],[-49.294792,-24.930797],[-49.294768,-24.930752],[-49.294692,-24.930731],[-49.294574,-24.93075],[-49.294487,-24.930737],[-49.294461,-24.930713],[-49.294478,-24.930685],[-49.294471,-24.930632],[-49.29442,-24.930619],[-49.294362,-24.930562],[-49.294294,-24.930552],[-49.294236,-24.930451],[-49.294161,-24.930236],[-49.294132,-24.93026],[-49.294082,-24.930272],[-49.294029,-24.930262],[-49.293956,-24.930222],[-49.293897,-24.930246],[-49.293858,-24.930249],[-49.29378,-24.930219],[-49.293595,-24.93018],[-49.293566,-24.930162],[-49.293496,-24.930051],[-49.293558,-24.929918],[-49.293563,-24.929856],[-49.293551,-24.929846],[-49.293501,-24.929879],[-49.293467,-24.929846],[-49.293476,-24.929792],[-49.293463,-24.929765],[-49.293452,-24.92964],[-49.293436,-24.929605],[-49.293384,-24.92955],[-49.293391,-24.92947],[-49.29338,-24.929381],[-49.293362,-24.929355],[-49.293313,-24.929344],[-49.293294,-24.929318],[-49.293294,-24.9293],[-49.293314,-24.929288],[-49.293353,-24.929326],[-49.293372,-24.92933],[-49.293424,-24.929266],[-49.293413,-24.92922],[-49.293354,-24.929231],[-49.293336,-24.929202],[-49.293363,-24.929131],[-49.293417,-24.929096],[-49.2934,-24.929043],[-49.293439,-24.928981],[-49.293431,-24.928945],[-49.293456,-24.928934],[-49.293468,-24.92891],[-49.293457,-24.928883],[-49.293408,-24.928839],[-49.29335,-24.928834],[-49.293321,-24.928818],[-49.293312,-24.928801],[-49.293321,-24.928774],[-49.29337,-24.928758],[-49.29341,-24.928729],[-49.293488,-24.928731],[-49.293545,-24.928706],[-49.293566,-24.928679],[-49.293569,-24.928581],[-49.293586,-24.928546],[-49.293637,-24.928519],[-49.293715,-24.928543],[-49.293755,-24.92853],[-49.293802,-24.928468],[-49.29381,-24.928406],[-49.293825,-24.928381],[-49.293991,-24.928393],[-49.29406,-24.928372],[-49.294077,-24.928355],[-49.294079,-24.928293],[-49.294058,-24.92823],[-49.294051,-24.928132],[-49.294069,-24.928097],[-49.294122,-24.928081],[-49.294135,-24.928053],[-49.294075,-24.927949],[-49.293995,-24.927909],[-49.293961,-24.927873],[-49.29396,-24.927846],[-49.294008,-24.927784],[-49.293997,-24.92773],[-49.293961,-24.927715],[-49.293926,-24.927739],[-49.293922,-24.927774],[-49.293939,-24.927828],[-49.293934,-24.927872],[-49.293911,-24.927908],[-49.29388,-24.927997],[-49.2938,-24.928076],[-49.293794,-24.927969],[-49.29381,-24.927916],[-49.293784,-24.927871],[-49.293798,-24.927782],[-49.293727,-24.92771],[-49.293677,-24.927593],[-49.293583,-24.927534],[-49.293514,-24.927518],[-49.293476,-24.927492],[-49.293437,-24.9275],[-49.293398,-24.927493],[-49.293359,-24.927467],[-49.29331,-24.92746],[-49.293252,-24.927421],[-49.293037,-24.927417],[-49.292959,-24.9274],[-49.29291,-24.927407],[-49.292831,-24.927459],[-49.292752,-24.927494],[-49.292694,-24.927506],[-49.292645,-24.927507],[-49.292547,-24.927472]]}},{"type":"Feature","properties":{"alt":449.0,"mestra":false},"geometry":{"type":"LineString","coordinates":[[-49.293827,-24.92751],[-49.293796,-24.927514],[-49.293793,-24.927532],[-49.293807,-24.927545],[-49.293837,-24.927542],[-49.29384,-24.927524],[-49.293827,-24.92751]]}},{"type":"Feature","properties":{"alt":449.0,"mestra":false},"geometry":{"type":"LineString","coordinates":[[-49.294247,-24.928237],[-49.294207,-24.928241],[-49.294172,-24.928276],[-49.294171,-24.928321],[-49.294202,-24.928348],[-49.294229,-24.928348],[-49.294306,-24.928287],[-49.294305,-24.928269],[-49.294247,-24.928237]]}},{"type":"Feature","properties":{"alt":449.0,"mestra":false},"geometry":{"type":"LineString","coordinates":[[-49.293981,-24.928431],[-49.293932,-24.928443],[-49.293925,-24.928469],[-49.293941,-24.928485],[-49.29396,-24.928491],[-49.293985,-24.928479],[-49.293996,-24.928452],[-49.293981,-24.928431]]}},{"type":"Feature","properties":{"alt":449.0,"mestra":false},"geometry":{"type":"LineString","coordinates":[[-49.293873,-24.928478],[-49.293873,-24.928478]]}},{"type":"Feature","properties":{"alt":449.0,"mestra":false},"geometry":{"type":"LineString","coordinates":[[-49.295627,-24.928854],[-49.295558,-24.928906],[-49.295557,-24.928928],[-49.295606,-24.928936],[-49.295643,-24.928917],[-49.295656,-24.928881],[-49.295627,-24.928854]]}},{"type":"Feature","properties":{"alt":449.0,"mestra":false},"geometry":{"type":"LineString","coordinates":[[-49.293417,-24.928906],[-49.293426,-24.928937],[-49.293399,-24.928918],[-49.293407,-24.9289],[-49.293417,-24.928906]]}},{"type":"Feature","properties":{"alt":449.0,"mestra":false},"geometry":{"type":"LineString","coordinates":[[-49.295821,-24.928944],[-49.295772,-24.928938],[-49.29573,-24.928953],[-49.29571,-24.928989],[-49.295723,-24.929025],[-49.295761,-24.929043],[-49.295868,-24.929052],[-49.295879,-24.929035],[-49.295873,-24.929],[-49.29585,-24.928964],[-49.295821,-24.928944]]}},{"type":"Feature","properties":{"alt":449.0,"mestra":false},"geometry":{"type":"LineString","coordinates":[[-49.296014,-24.929151],[-49.295965,-24.929151],[-49.295886,-24.929199],[-49.295864,-24.929258],[-49.295884,-24.929317],[-49.296001,-24.929333],[-49.296058,-24.929269],[-49.296064,-24.929242],[-49.296045,-24.929189],[-49.296014,-24.929151]]}},{"type":"Feature","properties":{"alt":449.0,"mestra":false},"geometry":{"type":"LineString","coordinates":[[-49.295945,-24.929195],[-49.295964,-24.929215],[-49.295964,-24.929232],[-49.295934,-24.92925],[-49.295919,-24.929241],[-49.295915,-24.929214],[-49.295925,-24.929197],[-49.295945,-24.929195]]}},{"type":"Feature","properties":{"alt":449.0,"mestra":false},"geometry":{"type":"LineString","coordinates":[[-49.291991,-24.929523],[-49.291991,-24.929536],[-49.291991,-24.929523]]}},{"type":"Feature","properties":{"alt":449.0,"mestra":false},"geometry":{"type":"LineString","coordinates":[[-49.293121,-24.929857],[-49.29312,-24.92987],[-49.293106,-24.929868],[-49.293105,-24.929859],[-49.293121,-24.929857]]}},{"type":"Feature","properties":{"alt":449.0,"mestra":false},"geometry":{"type":"LineString","coordinates":[[-49.294519,-24.930532],[-49.294489,-24.930541],[-49.294475,-24.930561],[-49.294498,-24.930594],[-49.294538,-24.930562],[-49.294536,-24.930544],[-49.294519,-24.930532]]}},{"type":"Feature","properties":{"alt":449.0,"mestra":false},"geometry":{"type":"LineString","coordinates":[[-49.294859,-24.930678],[-49.29482,-24.930681],[-49.294815,-24.930708],[-49.294849,-24.930706],[-49.294864,-24.93069],[-49.294859,-24.930678]]}},{"type":"Feature","properties":{"alt":449.0,"mestra":false},"geometry":{"type":"LineString","coordinates":[[-49.293498,-24.931548],[-49.293449,-24.931551],[-49.293421,-24.931574],[-49.293417,-24.931592],[-49.293438,-24.931619],[-49.293477,-24.931625],[-49.293507,-24.931605],[-49.29352,-24.931566],[-49.293498,-24.931548]]}},{"type":"Feature","properties":{"alt":449.0,"mestra":false},"geometry":{"type":"LineString","coordinates":[[-49.29196,-24.932489],[-49.291944,-24.932493],[-49.29195,-24.932513],[-49.29197,-24.932504],[-49.29196,-24.932489]]}},{"type":"Feature","properties":{"alt":449.0,"mestra":false},"geometry":{"type":"LineString","coordinates":[[-49.291869,-24.932743],[-49.291849,-24.932745],[-49.29182,-24.932768],[-49.291829,-24.932777],[-49.291869,-24.932768],[-49.291869,-24.932743]]}},{"type":"Feature","properties":{"alt":450.0,"mestra":true},"geometry":{"type":"LineString","coordinates":[[-49.291614,-24.929248],[-49.291682,-24.929249],[-49.291711,-24.92927],[-49.291729,-24.92938],[-49.291804,-24.929532],[-49.291848,-24.929711],[-49.291867,-24.929738],[-49.291937,-24.929775],[-49.291957,-24.929802],[-49.291958,-24.929837],[-49.291938,-24.929868],[-49.291908,-24.929883],[-49.29185,-24.929888]]}},{"type":"Feature","properties":{"alt":450.0,"mestra":true},"geometry":{"type":"LineString","coordinates":[[-49.296409,-24.929514],[-49.29636,-24.929519],[-49.296342,-24.929549],[-49.296376,-24.929638],[-49.29638,-24.929701],[-49.296406,-24.929727]]}},{"type":"Feature","properties":{"alt":450.0,"mestra":true},"geometry":{"type":"LineString","coordinates":[[-49.291782,-24.929844],[-49.291772,-24.929824],[-49.291733,-24.929806],[-49.291646,-24.929794],[-49.291605,-24.929805]]}},{"type":"Feature","properties":{"alt":450.0,"mestra":true},"geometry":{"type":"LineString","coordinates":[[-49.291121,-24.932387],[-49.291277,-24.932445],[-49.291394,-24.932465],[-49.291511,-24.93247],[-49.291593,-24.932453],[-49.291619,-24.932415],[-49.29166,-24.932392],[-49.291698,-24.932346],[-49.291777,-24.932297],[-49.291997,-24.932021],[-49.292036,-24.931988],[-49.29208,-24.931969],[-49.292114,-24.931933],[-49.292133,-24.931871],[-49.292161,-24.931836],[-49.292312,-24.931779],[-49.292431,-24.931685],[-49.29248,-24.931681],[-49.292519,-24.931666],[-49.292608,-24.931591],[-49.292906,-24.931488],[-49.292991,-24.931476],[-49.293013,-24.93148],[-49.293049,-24.931517],[-49.293166,-24.93151],[-49.293205,-24.931519],[-49.293274,-24.931495],[-49.293421,-24.931488],[-49.29345,-24.931476],[-49.293557,-24.931489],[-49.293627,-24.931443],[-49.293647,-24.931452],[-49.293694,-24.931505],[-49.29386,-24.931515],[-49.29391,-24.93146],[-49.293991,-24.931237],[-49.294029,-24.931224],[-49.294055,-24.93118],[-49.2941,-24.931166],[-49.294226,-24.931187],[-49.294325,-24.931138],[-49.294403,-24.931127],[-49.294459,-24.931069],[-49.294468,-24.931007],[-49.294483,-24.930983],[-49.294523,-24.930965],[-49.29464,-24.93095],[-49.294738,-24.930916],[-49.294764,-24.930903],[-49.29478,-24.930877],[-49.294775,-24.930796],[-49.294732,-24.930751],[-49.294682,-24.930738],[-49.294574,-24.930757],[-49.294496,-24.930756],[-49.294421,-24.930721],[-49.294427,-24.930685],[-49.294381,-24.930619],[-49.294342,-24.930587],[-49.294293,-24.930573],[-49.294284,-24.93056],[-49.294275,-24.930523],[-49.294232,-24.930451],[-49.294173,-24.930299],[-49.294151,-24.930267],[-49.294053,-24.930274],[-49.293956,-24.930231],[-49.293868,-24.930256],[-49.29377,-24.93023],[-49.293643,-24.930234],[-49.293626,-24.930222],[-49.293624,-24.930203],[-49.293556,-24.930167],[-49.293487,-24.930051],[-49.293542,-24.929927],[-49.29355,-24.92988],[-49.293541,-24.929875],[-49.293511,-24.929893],[-49.293492,-24.929892],[-49.293451,-24.929854],[-49.293461,-24.929721],[-49.293422,-24.929622],[-49.293374,-24.929559],[-49.293384,-24.929479],[-49.29337,-24.929408],[-49.293352,-24.929376],[-49.293304,-24.92935],[-49.293285,-24.929318],[-49.293292,-24.929291],[-49.293314,-24.929283],[-49.293372,-24.929315],[-49.29342,-24.929257],[-49.293403,-24.929227],[-49.293354,-24.929236],[-49.293329,-24.929211],[-49.293356,-24.929113],[-49.293405,-24.929088],[-49.293389,-24.929051],[-49.293431,-24.928981],[-49.29339,-24.928918],[-49.293415,-24.928882],[-49.293411,-24.928865],[-49.293389,-24.928851],[-49.293349,-24.928859],[-49.29333,-24.928849],[-49.293302,-24.92881],[-49.293312,-24.928769],[-49.2934,-24.928722],[-49.293488,-24.928726],[-49.293539,-24.928706],[-49.293559,-24.928679],[-49.293549,-24.928563],[-49.293567,-24.928519],[-49.293591,-24.928501],[-49.293628,-24.928495],[-49.293715,-24.928533],[-49.293745,-24.928525],[-49.293784,-24.928468],[-49.293805,-24.92839],[-49.293825,-24.928367],[-49.293923,-24.928385],[-49.293991,-24.928383],[-49.294062,-24.928364],[-49.294074,-24.928311],[-49.294036,-24.928221],[-49.294028,-24.928132],[-49.294064,-24.928076],[-49.294123,-24.928074],[-49.294125,-24.928044],[-49.294094,-24.928017],[-49.294075,-24.92797],[-49.294056,-24.927952],[-49.294007,-24.927939],[-49.293969,-24.927944],[-49.293938,-24.927974],[-49.293888,-24.928096],[-49.293838,-24.928161],[-49.293788,-24.928201],[-49.29371,-24.928232],[-49.293774,-24.928084],[-49.293788,-24.928013],[-49.293779,-24.927969],[-49.293804,-24.927915],[-49.293778,-24.927871],[-49.293792,-24.927782],[-49.293722,-24.92771],[-49.293697,-24.927638],[-49.29366,-24.927586],[-49.293626,-24.927575],[-49.293573,-24.927535],[-49.293514,-24.927524],[-49.293476,-24.927498],[-49.293417,-24.927509],[-49.293359,-24.927472],[-49.29331,-24.927464],[-49.293271,-24.927433],[-49.293242,-24.927423],[-49.293193,-24.92743],[-49.29293,-24.92741],[-49.292781,-24.927494],[-49.292674,-24.927524],[-49.292625,-24.927517],[-49.292543,-24.927477]]}},{"type":"Feature","properties":{"alt":450.0,"mestra":true},"geometry":{"type":"LineString","coordinates":[[-49.293818,-24.927512],[-49.293799,-24.927523],[-49.293817,-24.927542],[-49.293834,-24.927533],[-49.293818,-24.927512]]}},{"type":"Feature","properties":{"alt":450.0,"mestra":true},"geometry":{"type":"LineString","coordinates":[[-49.293971,-24.92772],[-49.293947,-24.92773],[-49.293937,-24.927757],[-49.293951,-24.927787],[-49.29397,-24.927797],[-49.29399,-24.927788],[-49.293999,-24.927766],[-49.29399,-24.927732],[-49.293971,-24.92772]]}},{"type":"Feature","properties":{"alt":450.0,"mestra":true},"geometry":{"type":"LineString","coordinates":[[-49.294247,-24.928287],[-49.294202,-24.928294],[-49.294197,-24.928321],[-49.294217,-24.928323],[-49.294247,-24.928304],[-49.294256,-24.928295],[-49.294247,-24.928287]]}},{"type":"Feature","properties":{"alt":450.0,"mestra":true},"geometry":{"type":"LineString","coordinates":[[-49.293971,-24.928442],[-49.293938,-24.928452],[-49.293936,-24.92847],[-49.293951,-24.928483],[-49.293981,-24.92847],[-49.293971,-24.928442]]}},{"type":"Feature","properties":{"alt":450.0,"mestra":true},"geometry":{"type":"LineString","coordinates":[[-49.295636,-24.92889],[-49.295617,-24.928885],[-49.295582,-24.928916],[-49.295596,-24.928925],[-49.295616,-24.928922],[-49.295634,-24.928908],[-49.295636,-24.92889]]}},{"type":"Feature","properties":{"alt":450.0,"mestra":true},"geometry":{"type":"LineString","coordinates":[[-49.293437,-24.928882],[-49.293428,-24.928909],[-49.293446,-24.928924],[-49.293459,-24.928901],[-49.293437,-24.928882]]}},{"type":"Feature","properties":{"alt":450.0,"mestra":true},"geometry":{"type":"LineString","coordinates":[[-49.295792,-24.928944],[-49.295743,-24.92895],[-49.29572,-24.928971],[-49.295717,-24.929007],[-49.295742,-24.929032],[-49.29582,-24.929036],[-49.295848,-24.929017],[-49.295839,-24.928973],[-49.295792,-24.928944]]}},{"type":"Feature","properties":{"alt":450.0,"mestra":true},"geometry":{"type":"LineString","coordinates":[[-49.296004,-24.929162],[-49.295974,-24.92916],[-49.295947,-24.929179],[-49.295972,-24.929224],[-49.295954,-24.929254],[-49.295917,-24.92925],[-49.295895,-24.929213],[-49.295889,-24.929303],[-49.295992,-24.929321],[-49.296011,-24.929311],[-49.296048,-24.929251],[-49.296031,-24.929189],[-49.296004,-24.929162]]}},{"type":"Feature","properties":{"alt":450.0,"mestra":true},"geometry":{"type":"LineString","coordinates":[[-49.292001,-24.929525],[-49.291991,-24.929539],[-49.291981,-24.929534],[-49.291991,-24.929519],[-49.292001,-24.929525]]}},{"type":"Feature","properties":{"alt":450.0,"mestra":true},"geometry":{"type":"LineString","coordinates":[[-49.293111,-24.92985],[-49.293128,-24.929859],[-49.29312,-24.929875],[-49.2931,-24.929868],[-49.293111,-24.92985]]}},{"type":"Feature","properties":{"alt":450.0,"mestra":true},"geometry":{"type":"LineString","coordinates":[[-49.293508,-24.931557],[-49.293478,-24.931551],[-49.293449,-24.931558],[-49.293425,-24.931583],[-49.293428,-24.931601],[-49.293449,-24.931619],[-49.293487,-24.931617],[-49.293516,-24.931584],[-49.293508,-24.931557]]}},{"type":"Feature","properties":{"alt":450.0,"mestra":true},"geometry":{"type":"LineString","coordinates":[[-49.291951,-24.932492],[-49.291947,-24.932502],[-49.29196,-24.932506],[-49.291951,-24.932492]]}},{"type":"Feature","properties":{"alt":450.0,"mestra":true},"geometry":{"type":"LineString","coordinates":[[-49.291859,-24.932757],[-49.291831,-24.932768],[-49.291859,-24.932757]]}},{"type":"Feature","properties":{"alt":451.0,"mestra":false},"geometry":{"type":"LineString","coordinates":[[-49.291614,-24.929243],[-49.291683,-24.929239],[-49.291718,-24.929264],[-49.291741,-24.929389],[-49.29181,-24.929532],[-49.291854,-24.929702],[-49.291871,-24.929729],[-49.291939,-24.929769],[-49.291963,-24.929802],[-49.291965,-24.929837],[-49.291948,-24.929873],[-49.291918,-24.929892],[-49.291851,-24.929909]]}},{"type":"Feature","properties":{"alt":451.0,"mestra":false},"geometry":{"type":"LineString","coordinates":[[-49.296409,-24.929527],[-49.29637,-24.929526],[-49.29635,-24.929549],[-49.296395,-24.929638],[-49.296389,-24.929692],[-49.296407,-24.929712]]}},{"type":"Feature","properties":{"alt":451.0,"mestra":false},"geometry":{"type":"LineString","coordinates":[[-49.291754,-24.929844],[-49.291733,-24.929819],[-49.291675,-24.929804],[-49.291636,-24.929803],[-49.29161,-24.929818]]}},{"type":"Feature","properties":{"alt":451.0,"mestra":false},"geometry":{"type":"LineString","coordinates":[[-49.291121,-24.932372],[-49.291316,-24.932439],[-49.291462,-24.932449],[-49.291511,-24.932463],[-49.29156,-24.932443],[-49.291589,-24.932448],[-49.291602,-24.932435],[-49.291599,-24.932409],[-49.29165,-24.932383],[-49.291719,-24.932302],[-49.291768,-24.932292],[-49.291817,-24.93224],[-49.291942,-24.932056],[-49.292026,-24.93198],[-49.292075,-24.931959],[-49.292103,-24.931933],[-49.292126,-24.931871],[-49.292155,-24.931832],[-49.292302,-24.931781],[-49.292431,-24.931678],[-49.29248,-24.931677],[-49.292529,-24.931656],[-49.292608,-24.931583],[-49.292667,-24.931572],[-49.292746,-24.931532],[-49.292903,-24.931482],[-49.292952,-24.931483],[-49.292991,-24.931467],[-49.293059,-24.93147],[-49.293099,-24.931442],[-49.293111,-24.931446],[-49.293128,-24.931483],[-49.293205,-24.931503],[-49.293264,-24.931484],[-49.29345,-24.931466],[-49.293548,-24.931481],[-49.293597,-24.93144],[-49.293627,-24.931432],[-49.293656,-24.931442],[-49.293707,-24.931488],[-49.293851,-24.931494],[-49.29388,-24.931474],[-49.2939,-24.931441],[-49.293981,-24.931227],[-49.294051,-24.931165],[-49.2941,-24.931149],[-49.294197,-24.931179],[-49.294246,-24.931173],[-49.294315,-24.931124],[-49.294433,-24.931082],[-49.294452,-24.93106],[-49.294464,-24.930994],[-49.294493,-24.930965],[-49.29466,-24.930937],[-49.294748,-24.930903],[-49.294768,-24.930876],[-49.294761,-24.930796],[-49.294711,-24.930754],[-49.294633,-24.930747],[-49.294574,-24.930762],[-49.294486,-24.930767],[-49.294418,-24.930743],[-49.29438,-24.930712],[-49.29438,-24.930674],[-49.294283,-24.930595],[-49.29427,-24.930523],[-49.294186,-24.930371],[-49.294168,-24.930299],[-49.294151,-24.930276],[-49.294053,-24.930278],[-49.293956,-24.930239],[-49.293868,-24.930261],[-49.29377,-24.930244],[-49.293633,-24.930244],[-49.29355,-24.930176],[-49.29348,-24.930069],[-49.293479,-24.930042],[-49.293512,-24.929989],[-49.293524,-24.929926],[-49.293507,-24.929908],[-49.293462,-24.92989],[-49.29343,-24.929854],[-49.293434,-24.929774],[-49.293454,-24.929747],[-49.293456,-24.929721],[-49.293413,-24.929667],[-49.293365,-24.929568],[-49.293361,-24.929541],[-49.293378,-24.929488],[-49.293356,-24.929416],[-49.293339,-24.92939],[-49.293291,-24.929353],[-49.293269,-24.929309],[-49.293304,-24.929279],[-49.293363,-24.929303],[-49.293412,-24.929257],[-49.293403,-24.929238],[-49.293344,-24.929237],[-49.293322,-24.929211],[-49.293344,-24.929158],[-49.293326,-24.929095],[-49.293376,-24.929055],[-49.293418,-24.928989],[-49.293381,-24.928909],[-49.293406,-24.928873],[-49.293388,-24.92886],[-49.293359,-24.928877],[-49.29332,-24.928868],[-49.2933,-24.928845],[-49.293289,-24.928801],[-49.293308,-24.928756],[-49.293351,-24.928721],[-49.29341,-24.928709],[-49.293498,-24.928719],[-49.29355,-24.928688],[-49.293544,-24.928617],[-49.293512,-24.928536],[-49.293544,-24.928465],[-49.293604,-24.928403],[-49.293581,-24.928369],[-49.293579,-24.928341],[-49.293667,-24.928253],[-49.293736,-24.928146],[-49.293765,-24.928075],[-49.293776,-24.928013],[-49.293766,-24.927968],[-49.293799,-24.927924],[-49.293772,-24.927879],[-49.293775,-24.927817],[-49.293789,-24.92779],[-49.293717,-24.927709],[-49.293672,-24.927602],[-49.293569,-24.927538],[-49.293514,-24.92753],[-49.293476,-24.927505],[-49.293436,-24.927526],[-49.293417,-24.927526],[-49.293359,-24.927476],[-49.29331,-24.927469],[-49.293271,-24.927436],[-49.293242,-24.927427],[-49.293193,-24.927433],[-49.292929,-24.927418],[-49.2929,-24.927428],[-49.29286,-24.927468],[-49.292791,-24.927507],[-49.292674,-24.927539],[-49.292596,-24.927522],[-49.292547,-24.927497],[-49.292538,-24.927482]]}},{"type":"Feature","properties":{"alt":451.0,"mestra":false},"geometry":{"type":"LineString","coordinates":[[-49.293827,-24.927523],[-49.293807,-24.927523],[-49.293817,-24.927535],[-49.293827,-24.927523]]}},{"type":"Feature","properties":{"alt":451.0,"mestra":false},"geometry":{"type":"LineString","coordinates":[[-49.293981,-24.92773],[-49.293961,-24.92773],[-49.293951,-24.927748],[-49.29397,-24.927773],[-49.293987,-24.927757],[-49.293981,-24.92773]]}},{"type":"Feature","properties":{"alt":451.0,"mestra":false},"geometry":{"type":"LineString","coordinates":[[-49.294036,-24.927962],[-49.293997,-24.927969],[-49.293953,-24.928024],[-49.29393,-24.928104],[-49.293858,-24.928219],[-49.293807,-24.928248],[-49.293768,-24.928295],[-49.293652,-24.928377],[-49.293639,-24.928457],[-49.293706,-24.92852],[-49.293725,-24.928523],[-49.293745,-24.928509],[-49.293816,-24.928357],[-49.293923,-24.92838],[-49.29404,-24.928369],[-49.294063,-24.928355],[-49.294067,-24.928302],[-49.294026,-24.928239],[-49.294001,-24.928158],[-49.294032,-24.928078],[-49.294076,-24.928034],[-49.294065,-24.927984],[-49.294036,-24.927962]]}},{"type":"Feature","properties":{"alt":451.0,"mestra":false},"geometry":{"type":"LineString","coordinates":[[-49.294113,-24.928042],[-49.294077,-24.928043],[-49.294103,-24.928073],[-49.294123,-24.928062],[-49.294113,-24.928042]]}},{"type":"Feature","properties":{"alt":451.0,"mestra":false},"geometry":{"type":"LineString","coordinates":[[-49.293961,-24.928453],[-49.293947,-24.928461],[-49.293961,-24.928475],[-49.29397,-24.928461],[-49.293961,-24.928453]]}},{"type":"Feature","properties":{"alt":451.0,"mestra":false},"geometry":{"type":"LineString","coordinates":[[-49.293447,-24.9289],[-49.293447,-24.9289]]}},{"type":"Feature","properties":{"alt":451.0,"mestra":false},"geometry":{"type":"LineString","coordinates":[[-49.295801,-24.928954],[-49.295762,-24.928948],[-49.295731,-24.928962],[-49.29572,-24.928998],[-49.295732,-24.929021],[-49.295771,-24.929033],[-49.295825,-24.929017],[-49.29583,-24.928981],[-49.295801,-24.928954]]}},{"type":"Feature","properties":{"alt":451.0,"mestra":false},"geometry":{"type":"LineString","coordinates":[[-49.295994,-24.92917],[-49.295962,-24.929179],[-49.295981,-24.929224],[-49.295971,-24.92925],[-49.295953,-24.929266],[-49.29591,-24.929267],[-49.295906,-24.929294],[-49.295943,-24.929299],[-49.296002,-24.929284],[-49.296022,-24.929268],[-49.29603,-24.929242],[-49.296021,-24.929197],[-49.295994,-24.92917]]}},{"type":"Feature","properties":{"alt":451.0,"mestra":false},"geometry":{"type":"LineString","coordinates":[[-49.291992,-24.929516],[-49.292004,-24.929526],[-49.291991,-24.929542],[-49.291978,-24.929525],[-49.291992,-24.929516]]}},{"type":"Feature","properties":{"alt":451.0,"mestra":false},"geometry":{"type":"LineString","coordinates":[[-49.293121,-24.929848],[-49.293133,-24.929868],[-49.29312,-24.929879],[-49.293103,-24.929877],[-49.293096,-24.929859],[-49.293121,-24.929848]]}},{"type":"Feature","properties":{"alt":451.0,"mestra":false},"geometry":{"type":"LineString","coordinates":[[-49.293498,-24.931557],[-49.293469,-24.931556],[-49.293439,-24.931572],[-49.293432,-24.931592],[-49.293443,-24.93161],[-49.293468,-24.931617],[-49.293497,-24.931605],[-49.293513,-24.931575],[-49.293498,-24.931557]]}},{"type":"Feature","properties":{"alt":452.0,"mestra":false},"geometry":{"type":"LineString","coordinates":[[-49.291614,-24.929237],[-49.291683,-24.929229],[-49.291727,-24.929264],[-49.291749,-24.929389],[-49.291815,-24.929533],[-49.291862,-24.929699],[-49.291884,-24.929729],[-49.291949,-24.929771],[-49.291969,-24.929802],[-49.291971,-24.929846],[-49.291947,-24.929889],[-49.291918,-24.929904],[-49.291855,-24.929913]]}},{"type":"Feature","properties":{"alt":452.0,"mestra":false},"geometry":{"type":"LineString","coordinates":[[-49.296409,-24.92954],[-49.29637,-24.929536],[-49.296358,-24.929558],[-49.296408,-24.929611]]}},{"type":"Feature","properties":{"alt":452.0,"mestra":false},"geometry":{"type":"LineString","coordinates":[[-49.291703,-24.929842],[-49.291694,-24.929826],[-49.291665,-24.929813],[-49.291617,-24.929825]]}},{"type":"Feature","properties":{"alt":452.0,"mestra":false},"geometry":{"type":"LineString","coordinates":[[-49.291122,-24.932356],[-49.291316,-24.932418],[-49.291473,-24.932426],[-49.291497,-24.932452],[-49.291531,-24.932454],[-49.291555,-24.932435],[-49.291551,-24.932407],[-49.29163,-24.93237],[-49.291729,-24.932263],[-49.291768,-24.932258],[-49.291807,-24.932236],[-49.291911,-24.932065],[-49.292026,-24.931964],[-49.292095,-24.931929],[-49.292125,-24.931858],[-49.292155,-24.931824],[-49.292302,-24.931777],[-49.292431,-24.931672],[-49.29248,-24.931673],[-49.292528,-24.931653],[-49.292596,-24.931582],[-49.292667,-24.931569],[-49.292746,-24.931524],[-49.292903,-24.931477],[-49.292952,-24.931479],[-49.292991,-24.931463],[-49.29305,-24.931467],[-49.293129,-24.93141],[-49.293197,-24.931418],[-49.293204,-24.931473],[-49.293216,-24.931482],[-49.29345,-24.931455],[-49.293548,-24.93147],[-49.293597,-24.931429],[-49.293627,-24.931423],[-49.293656,-24.93143],[-49.293714,-24.93147],[-49.293841,-24.931473],[-49.293868,-24.931454],[-49.293891,-24.931415],[-49.29393,-24.931312],[-49.293936,-24.931268],[-49.293976,-24.931215],[-49.294051,-24.931146],[-49.29411,-24.931128],[-49.294197,-24.931169],[-49.294236,-24.931165],[-49.294296,-24.931112],[-49.294433,-24.931068],[-49.294459,-24.930989],[-49.294493,-24.930955],[-49.29467,-24.930927],[-49.294732,-24.930903],[-49.294758,-24.930872],[-49.29475,-24.930799],[-49.294692,-24.930756],[-49.294623,-24.930751],[-49.294574,-24.930767],[-49.294476,-24.930776],[-49.294408,-24.930756],[-49.294332,-24.930711],[-49.29433,-24.930666],[-49.294276,-24.930612],[-49.294269,-24.930532],[-49.294175,-24.930371],[-49.294166,-24.930308],[-49.294151,-24.930282],[-49.294043,-24.930281],[-49.293956,-24.930246],[-49.293858,-24.930267],[-49.293633,-24.930253],[-49.293544,-24.930185],[-49.293469,-24.930068],[-49.293472,-24.930033],[-49.293506,-24.929989],[-49.293515,-24.929944],[-49.293502,-24.929917],[-49.293431,-24.929881],[-49.29341,-24.929845],[-49.293412,-24.9298],[-49.293426,-24.929765],[-49.293453,-24.929738],[-49.293452,-24.929721],[-49.293397,-24.929669],[-49.293351,-24.929568],[-49.293348,-24.929541],[-49.293371,-24.929497],[-49.293361,-24.929456],[-49.293332,-24.929412],[-49.293271,-24.929353],[-49.293241,-24.929299],[-49.293305,-24.929274],[-49.293363,-24.929288],[-49.293401,-24.929257],[-49.293393,-24.929246],[-49.293344,-24.929244],[-49.293316,-24.92922],[-49.293339,-24.929149],[-49.293294,-24.929104],[-49.293317,-24.929065],[-49.293376,-24.929029],[-49.293409,-24.92898],[-49.293367,-24.9289],[-49.29328,-24.928872],[-49.293267,-24.928845],[-49.293275,-24.928783],[-49.293332,-24.928676],[-49.293399,-24.928481],[-49.293512,-24.928358],[-49.293651,-24.928259],[-49.293725,-24.928146],[-49.293752,-24.928075],[-49.293754,-24.927968],[-49.293795,-24.927924],[-49.293792,-24.927906],[-49.293765,-24.927879],[-49.293769,-24.927817],[-49.293784,-24.92779],[-49.293713,-24.927709],[-49.29367,-24.927604],[-49.293602,-24.927575],[-49.293553,-24.927539],[-49.293524,-24.927541],[-49.293475,-24.927524],[-49.29345,-24.927537],[-49.293416,-24.927535],[-49.293359,-24.927481],[-49.29331,-24.927474],[-49.293271,-24.92744],[-49.293242,-24.92743],[-49.292929,-24.927425],[-49.2929,-24.927438],[-49.29287,-24.927477],[-49.292829,-24.927494],[-49.292781,-24.927537],[-49.292664,-24.927554],[-49.292557,-24.927527],[-49.29253,-24.927538]]}},{"type":"Feature","properties":{"alt":452.0,"mestra":false},"geometry":{"type":"LineString","coordinates":[[-49.294036,-24.927993],[-49.294019,-24.927998],[-49.294026,-24.928021],[-49.29404,-24.928007],[-49.294036,-24.927993]]}},{"type":"Feature","properties":{"alt":452.0,"mestra":false},"geometry":{"type":"LineString","coordinates":[[-49.294103,-24.928052],[-49.294103,-24.928062],[-49.294103,-24.928052]]}},{"type":"Feature","properties":{"alt":452.0,"mestra":false},"geometry":{"type":"LineString","coordinates":[[-49.293996,-24.928056],[-49.293978,-24.928069],[-49.293985,-24.928094],[-49.294,-24.928078],[-49.293996,-24.928056]]}},{"type":"Feature","properties":{"alt":452.0,"mestra":false},"geometry":{"type":"LineString","coordinates":[[-49.293955,-24.928157],[-49.293916,-24.928163],[-49.293892,-24.928193],[-49.293891,-24.928219],[-49.293915,-24.928257],[-49.293856,-24.928244],[-49.293827,-24.928254],[-49.293808,-24.928272],[-49.293797,-24.928315],[-49.293738,-24.928325],[-49.293669,-24.928386],[-49.293662,-24.928422],[-49.293675,-24.928475],[-49.293706,-24.928508],[-49.293726,-24.928511],[-49.293735,-24.928501],[-49.293806,-24.928339],[-49.293923,-24.928375],[-49.294031,-24.928367],[-49.294057,-24.928355],[-49.294061,-24.9283],[-49.293955,-24.928157]]}},{"type":"Feature","properties":{"alt":452.0,"mestra":false},"geometry":{"type":"LineString","coordinates":[[-49.29348,-24.928577],[-49.293451,-24.928575],[-49.293421,-24.928591],[-49.293381,-24.92865],[-49.293385,-24.928677],[-49.293403,-24.928695],[-49.293488,-24.928716],[-49.293537,-24.928697],[-49.293548,-24.92867],[-49.293529,-24.928611],[-49.293509,-24.928589],[-49.29348,-24.928577]]}},{"type":"Feature","properties":{"alt":452.0,"mestra":false},"geometry":{"type":"LineString","coordinates":[[-49.293398,-24.928873],[-49.293378,-24.928873],[-49.293377,-24.928891],[-49.293398,-24.928883],[-49.293398,-24.928873]]}},{"type":"Feature","properties":{"alt":452.0,"mestra":false},"geometry":{"type":"LineString","coordinates":[[-49.295782,-24.928953],[-49.295752,-24.928954],[-49.295729,-24.928971],[-49.295724,-24.928998],[-49.295742,-24.929023],[-49.295781,-24.929026],[-49.295815,-24.929008],[-49.295812,-24.928972],[-49.295782,-24.928953]]}},{"type":"Feature","properties":{"alt":452.0,"mestra":false},"geometry":{"type":"LineString","coordinates":[[-49.295984,-24.929179],[-49.295974,-24.929197],[-49.296003,-24.92922],[-49.296003,-24.929188],[-49.295984,-24.929179]]}},{"type":"Feature","properties":{"alt":452.0,"mestra":false},"geometry":{"type":"LineString","coordinates":[[-49.292001,-24.929517],[-49.292005,-24.929535],[-49.291981,-24.929541],[-49.291981,-24.929517],[-49.292001,-24.929517]]}},{"type":"Feature","properties":{"alt":452.0,"mestra":false},"geometry":{"type":"LineString","coordinates":[[-49.29313,-24.929849],[-49.293131,-24.929877],[-49.293098,-24.929877],[-49.293098,-24.92985],[-49.29313,-24.929849]]}},{"type":"Feature","properties":{"alt":452.0,"mestra":false},"geometry":{"type":"LineString","coordinates":[[-49.293498,-24.931561],[-49.293449,-24.93157],[-49.293443,-24.931601],[-49.293458,-24.931611],[-49.293487,-24.931608],[-49.293508,-24.931584],[-49.293498,-24.931561]]}},{"type":"Feature","properties":{"alt":452.0,"mestra":false},"geometry":{"type":"LineString","coordinates":[[-49.29158,-24.932432],[-49.291588,-24.932435],[-49.29158,-24.932432]]}},{"type":"Feature","properties":{"alt":453.0,"mestra":false},"geometry":{"type":"LineString","coordinates":[[-49.291621,-24.929195],[-49.291644,-24.929212],[-49.291702,-24.929227],[-49.291731,-24.929256],[-49.291747,-24.9293],[-49.291756,-24.929389],[-49.29182,-24.929533],[-49.291869,-24.929694],[-49.291891,-24.929724],[-49.291959,-24.929774],[-49.291975,-24.929802],[-49.291977,-24.929855],[-49.291957,-24.929895],[-49.291918,-24.929915],[-49.291859,-24.929916]]}},{"type":"Feature","properties":{"alt":453.0,"mestra":false},"geometry":{"type":"LineString","coordinates":[[-49.291658,-24.929834],[-49.291624,-24.929832]]}},{"type":"Feature","properties":{"alt":453.0,"mestra":false},"geometry":{"type":"LineString","coordinates":[[-49.291122,-24.932341],[-49.291229,-24.932379],[-49.291336,-24.932402],[-49.291522,-24.932394],[-49.291662,-24.932329],[-49.291688,-24.932276],[-49.291729,-24.932239],[-49.291795,-24.932224],[-49.291823,-24.932162],[-49.291897,-24.932056],[-49.291951,-24.932021],[-49.292017,-24.931951],[-49.292088,-24.931924],[-49.292121,-24.931853],[-49.292153,-24.931818],[-49.292302,-24.931774],[-49.292431,-24.931667],[-49.29248,-24.931669],[-49.292524,-24.931653],[-49.292589,-24.931581],[-49.292667,-24.931567],[-49.292746,-24.931517],[-49.292854,-24.931495],[-49.292903,-24.931473],[-49.292952,-24.931476],[-49.292991,-24.93146],[-49.29305,-24.931462],[-49.293119,-24.931403],[-49.293168,-24.931404],[-49.293285,-24.931376],[-49.293299,-24.931439],[-49.293333,-24.931456],[-49.293451,-24.931444],[-49.293538,-24.93146],[-49.293588,-24.931423],[-49.293627,-24.931415],[-49.293734,-24.931455],[-49.293832,-24.93145],[-49.293862,-24.931419],[-49.293882,-24.931374],[-49.293883,-24.93133],[-49.293908,-24.931303],[-49.293925,-24.931259],[-49.294051,-24.931125],[-49.29412,-24.931103],[-49.294208,-24.931126],[-49.294275,-24.931094],[-49.294414,-24.931066],[-49.294433,-24.931049],[-49.294458,-24.93098],[-49.294494,-24.930944],[-49.29467,-24.93092],[-49.29473,-24.930894],[-49.294749,-24.930867],[-49.29474,-24.930803],[-49.294677,-24.93076],[-49.294623,-24.930754],[-49.294574,-24.930771],[-49.294466,-24.930785],[-49.294379,-24.93076],[-49.294301,-24.930715],[-49.294297,-24.930666],[-49.294264,-24.930603],[-49.294265,-24.930532],[-49.294168,-24.930379],[-49.294151,-24.930286],[-49.294131,-24.930279],[-49.294043,-24.930284],[-49.293956,-24.930253],[-49.293848,-24.930273],[-49.293633,-24.930261],[-49.293565,-24.930226],[-49.293457,-24.930068],[-49.293465,-24.930024],[-49.293503,-24.92998],[-49.293505,-24.929935],[-49.29349,-24.929917],[-49.293422,-24.92989],[-49.293393,-24.929827],[-49.293401,-24.929791],[-49.293415,-24.929765],[-49.293445,-24.929744],[-49.293447,-24.929721],[-49.293397,-24.92969],[-49.29336,-24.929639],[-49.293328,-24.929541],[-49.293305,-24.929505],[-49.293321,-24.929494],[-49.29335,-24.929509],[-49.29336,-24.929478],[-49.293255,-24.929371],[-49.293224,-24.92929],[-49.293236,-24.929272],[-49.293295,-24.929266],[-49.293353,-24.929277],[-49.293377,-24.929265],[-49.293266,-24.929216],[-49.293249,-24.929192],[-49.293245,-24.929157],[-49.293259,-24.929112],[-49.293295,-24.929059],[-49.293377,-24.929014],[-49.293401,-24.928971],[-49.293358,-24.928908],[-49.29329,-24.928899],[-49.293231,-24.928916],[-49.293215,-24.928898],[-49.293214,-24.928871],[-49.293233,-24.928791],[-49.293235,-24.928673],[-49.293285,-24.928575],[-49.293374,-24.928463],[-49.293497,-24.928349],[-49.293641,-24.92826],[-49.293716,-24.928146],[-49.293737,-24.928057],[-49.293745,-24.927959],[-49.293784,-24.927933],[-49.293792,-24.927915],[-49.293757,-24.927879],[-49.293776,-24.927781],[-49.293708,-24.927709],[-49.29367,-24.927609],[-49.29365,-24.927594],[-49.29359,-24.927583],[-49.293553,-24.927549],[-49.293465,-24.927553],[-49.293407,-24.92754],[-49.293359,-24.927486],[-49.29331,-24.927481],[-49.293271,-24.927444],[-49.293242,-24.927434],[-49.293154,-24.927441],[-49.293086,-24.92743],[-49.293027,-24.92744],[-49.292929,-24.927434],[-49.2929,-24.927449],[-49.29288,-24.927486],[-49.29284,-24.927501],[-49.292814,-24.927539],[-49.292781,-24.927556],[-49.292663,-24.927569],[-49.292566,-24.92755],[-49.292538,-24.927564]]}},{"type":"Feature","properties":{"alt":453.0,"mestra":false},"geometry":{"type":"LineString","coordinates":[[-49.293222,-24.927497],[-49.293222,-24.927497]]}},{"type":"Feature","properties":{"alt":453.0,"mestra":false},"geometry":{"type":"LineString","coordinates":[[-49.293935,-24.928173],[-49.293916,-24.928178],[-49.293903,-24.928202],[-49.293938,-24.928238],[-49.293935,-24.928256],[-49.293905,-24.928274],[-49.293856,-24.928259],[-49.293836,-24.928263],[-49.293826,-24.928281],[-49.293835,-24.928326],[-49.293913,-24.92837],[-49.29404,-24.928361],[-49.294056,-24.928346],[-49.294056,-24.928302],[-49.293968,-24.92822],[-49.293953,-24.928185],[-49.293935,-24.928173]]}},{"type":"Feature","properties":{"alt":453.0,"mestra":false},"geometry":{"type":"LineString","coordinates":[[-49.293777,-24.928329],[-49.293738,-24.928332],[-49.293718,-24.928362],[-49.293678,-24.928386],[-49.293674,-24.928431],[-49.293707,-24.928467],[-49.293746,-24.928448],[-49.29378,-24.928396],[-49.293793,-24.928352],[-49.293777,-24.928329]]}},{"type":"Feature","properties":{"alt":453.0,"mestra":false},"geometry":{"type":"LineString","coordinates":[[-49.29347,-24.928589],[-49.293421,-24.928605],[-49.293397,-24.92865],[-49.293429,-24.928695],[-49.293498,-24.928711],[-49.293537,-24.92869],[-49.293541,-24.928661],[-49.293519,-24.928617],[-49.29347,-24.928589]]}},{"type":"Feature","properties":{"alt":453.0,"mestra":false},"geometry":{"type":"LineString","coordinates":[[-49.295782,-24.928959],[-49.295752,-24.928958],[-49.295733,-24.928971],[-49.295728,-24.928998],[-49.295742,-24.929018],[-49.295771,-24.929023],[-49.295801,-24.929008],[-49.295806,-24.928981],[-49.295782,-24.928959]]}},{"type":"Feature","properties":{"alt":453.0,"mestra":false},"geometry":{"type":"LineString","coordinates":[[-49.293326,-24.929138],[-49.293306,-24.929134],[-49.293288,-24.929148],[-49.293289,-24.929175],[-49.293306,-24.929193],[-49.293334,-24.929176],[-49.293326,-24.929138]]}},{"type":"Feature","properties":{"alt":453.0,"mestra":false},"geometry":{"type":"LineString","coordinates":[[-49.296389,-24.929548],[-49.296369,-24.929558],[-49.296389,-24.929572],[-49.296401,-24.929567],[-49.296389,-24.929548]]}},{"type":"Feature","properties":{"alt":453.0,"mestra":false},"geometry":{"type":"LineString","coordinates":[[-49.292001,-24.929514],[-49.292007,-24.929535],[-49.291981,-24.929544],[-49.291977,-24.929517],[-49.292001,-24.929514]]}},{"type":"Feature","properties":{"alt":453.0,"mestra":false},"geometry":{"type":"LineString","coordinates":[[-49.293121,-24.929841],[-49.293137,-24.929851],[-49.293141,-24.929869],[-49.29311,-24.929886],[-49.293093,-24.929877],[-49.293089,-24.929859],[-49.293101,-24.929844],[-49.293121,-24.929841]]}},{"type":"Feature","properties":{"alt":453.0,"mestra":false},"geometry":{"type":"LineString","coordinates":[[-49.293498,-24.931565],[-49.293452,-24.931574],[-49.293452,-24.931601],[-49.293489,-24.931602],[-49.293504,-24.931584],[-49.293498,-24.931565]]}},{"type":"Feature","properties":{"alt":453.0,"mestra":false},"geometry":{"type":"LineString","coordinates":[[-49.291541,-24.932415],[-49.291512,-24.932416],[-49.291503,-24.932443],[-49.291521,-24.932451],[-49.291542,-24.932444],[-49.291541,-24.932415]]}},{"type":"Feature","properties":{"alt":454.0,"mestra":false},"geometry":{"type":"LineString","coordinates":[[-49.29163,-24.929187],[-49.291702,-24.929217],[-49.29174,-24.929255],[-49.291766,-24.929398],[-49.291823,-24.929524],[-49.291873,-24.929685],[-49.291898,-24.929721],[-49.291966,-24.929775],[-49.291984,-24.929811],[-49.291985,-24.929864],[-49.29196,-24.929908],[-49.291921,-24.929926],[-49.291859,-24.929927]]}},{"type":"Feature","properties":{"alt":454.0,"mestra":false},"geometry":{"type":"LineString","coordinates":[[-49.291122,-24.932328],[-49.291278,-24.932377],[-49.291424,-24.932386],[-49.291503,-24.932374],[-49.291588,-24.932337],[-49.29165,-24.932328],[-49.291666,-24.932311],[-49.291675,-24.932267],[-49.29172,-24.932223],[-49.291765,-24.932197],[-49.291801,-24.932135],[-49.291872,-24.932055],[-49.291943,-24.932012],[-49.292001,-24.931932],[-49.292056,-24.931928],[-49.292086,-24.931916],[-49.292146,-24.931816],[-49.292175,-24.9318],[-49.292303,-24.931771],[-49.292431,-24.931662],[-49.292451,-24.931657],[-49.29248,-24.931666],[-49.292519,-24.931653],[-49.292589,-24.931577],[-49.292667,-24.931564],[-49.292746,-24.931511],[-49.292854,-24.931492],[-49.292903,-24.931469],[-49.292942,-24.931474],[-49.292991,-24.931457],[-49.29305,-24.93146],[-49.293109,-24.9314],[-49.293178,-24.931398],[-49.293354,-24.931341],[-49.293382,-24.931351],[-49.293386,-24.931404],[-49.293412,-24.931431],[-49.293529,-24.931444],[-49.293588,-24.931412],[-49.293627,-24.931406],[-49.293734,-24.931435],[-49.293803,-24.931435],[-49.29383,-24.931418],[-49.293841,-24.931383],[-49.293839,-24.931347],[-49.293815,-24.931302],[-49.293902,-24.931283],[-49.294012,-24.931139],[-49.294061,-24.931095],[-49.29413,-24.931071],[-49.294404,-24.931053],[-49.294424,-24.93104],[-49.294454,-24.930976],[-49.294494,-24.930934],[-49.294582,-24.930916],[-49.29467,-24.930913],[-49.294715,-24.930894],[-49.294738,-24.930867],[-49.294729,-24.930805],[-49.294662,-24.930761],[-49.294623,-24.930756],[-49.294466,-24.930795],[-49.294377,-24.930774],[-49.294291,-24.930729],[-49.294282,-24.930657],[-49.294259,-24.930612],[-49.294261,-24.930532],[-49.294198,-24.930425],[-49.294161,-24.930388],[-49.294158,-24.930308],[-49.294141,-24.930284],[-49.29405,-24.930289],[-49.293946,-24.930259],[-49.29375,-24.930288],[-49.293623,-24.930266],[-49.293557,-24.930239],[-49.293448,-24.930077],[-49.293454,-24.930015],[-49.293495,-24.92998],[-49.293497,-24.929935],[-49.293481,-24.929919],[-49.293413,-24.929898],[-49.293393,-24.929871],[-49.29338,-24.929818],[-49.293392,-24.929782],[-49.293445,-24.929729],[-49.293426,-24.929709],[-49.293388,-24.929702],[-49.293368,-24.92967],[-49.293332,-24.929648],[-49.293321,-24.929568],[-49.29329,-24.929505],[-49.293287,-24.929469],[-49.293234,-24.929379],[-49.293199,-24.929236],[-49.293233,-24.929103],[-49.293288,-24.929039],[-49.293377,-24.929005],[-49.293395,-24.928971],[-49.293358,-24.928918],[-49.293319,-24.92891],[-49.293228,-24.928943],[-49.293191,-24.928975],[-49.29315,-24.928924],[-49.293132,-24.928844],[-49.293145,-24.928805],[-49.293172,-24.928782],[-49.293175,-24.928745],[-49.293201,-24.92872],[-49.293205,-24.92868],[-49.293294,-24.928542],[-49.293375,-24.928446],[-49.293489,-24.92834],[-49.293641,-24.928252],[-49.293705,-24.928155],[-49.293737,-24.92795],[-49.293782,-24.92793],[-49.293788,-24.927915],[-49.293749,-24.927879],[-49.293764,-24.927853],[-49.293759,-24.927808],[-49.293773,-24.92779],[-49.293707,-24.927715],[-49.293669,-24.927614],[-49.29365,-24.927597],[-49.293582,-24.927591],[-49.293543,-24.92757],[-49.293436,-24.927559],[-49.293389,-24.927536],[-49.293379,-24.92751],[-49.293358,-24.927491],[-49.293339,-24.927484],[-49.29331,-24.92749],[-49.293271,-24.927448],[-49.293242,-24.927438],[-49.293154,-24.927448],[-49.293086,-24.927434],[-49.293027,-24.927447],[-49.292939,-24.927442],[-49.292909,-24.927453],[-49.292889,-24.92749],[-49.292841,-24.927539],[-49.292781,-24.927574],[-49.292663,-24.927584],[-49.292545,-24.92757]]}},{"type":"Feature","properties":{"alt":454.0,"mestra":false},"geometry":{"type":"LineString","coordinates":[[-49.293202,-24.927479],[-49.293231,-24.927494],[-49.293231,-24.927514],[-49.293209,-24.927508],[-49.293191,-24.927481],[-49.293202,-24.927479]]}},{"type":"Feature","properties":{"alt":454.0,"mestra":false},"geometry":{"type":"LineString","coordinates":[[-49.2928,-24.927606],[-49.292811,-24.927628],[-49.292799,-24.927638],[-49.292782,-24.927619],[-49.2928,-24.927606]]}},{"type":"Feature","properties":{"alt":454.0,"mestra":false},"geometry":{"type":"LineString","coordinates":[[-49.293935,-24.928188],[-49.293919,-24.928193],[-49.293925,-24.92821],[-49.293942,-24.928202],[-49.293935,-24.928188]]}},{"type":"Feature","properties":{"alt":454.0,"mestra":false},"geometry":{"type":"LineString","coordinates":[[-49.293983,-24.928251],[-49.293964,-24.928248],[-49.293914,-24.928279],[-49.293854,-24.928281],[-49.293844,-24.928299],[-49.29385,-24.928326],[-49.293882,-24.928353],[-49.293923,-24.928367],[-49.294044,-24.928355],[-49.294055,-24.928328],[-49.294051,-24.928302],[-49.293983,-24.928251]]}},{"type":"Feature","properties":{"alt":454.0,"mestra":false},"geometry":{"type":"LineString","coordinates":[[-49.293767,-24.928332],[-49.293745,-24.928334],[-49.293721,-24.928369],[-49.29368,-24.928395],[-49.29368,-24.928422],[-49.293697,-24.92844],[-49.293736,-24.928438],[-49.293776,-24.928391],[-49.293786,-24.928352],[-49.293767,-24.928332]]}},{"type":"Feature","properties":{"alt":454.0,"mestra":false},"geometry":{"type":"LineString","coordinates":[[-49.29347,-24.928598],[-49.29343,-24.928606],[-49.29341,-24.928651],[-49.293445,-24.928696],[-49.293479,-24.928707],[-49.293508,-24.928704],[-49.293533,-24.928688],[-49.293534,-24.928652],[-49.293519,-24.928627],[-49.29347,-24.928598]]}},{"type":"Feature","properties":{"alt":454.0,"mestra":false},"geometry":{"type":"LineString","coordinates":[[-49.295772,-24.92896],[-49.295749,-24.928963],[-49.295733,-24.92898],[-49.295736,-24.929007],[-49.295752,-24.929018],[-49.295776,-24.929016],[-49.295796,-24.928999],[-49.295791,-24.928972],[-49.295772,-24.92896]]}},{"type":"Feature","properties":{"alt":454.0,"mestra":false},"geometry":{"type":"LineString","coordinates":[[-49.293326,-24.929147],[-49.293306,-24.929146],[-49.293299,-24.929157],[-49.293316,-24.929184],[-49.293332,-24.929167],[-49.293326,-24.929147]]}},{"type":"Feature","properties":{"alt":454.0,"mestra":false},"geometry":{"type":"LineString","coordinates":[[-49.293324,-24.929252],[-49.293309,-24.929256],[-49.293337,-24.929265],[-49.293324,-24.929252]]}},{"type":"Feature","properties":{"alt":454.0,"mestra":false},"geometry":{"type":"LineString","coordinates":[[-49.291992,-24.929508],[-49.292011,-24.929526],[-49.291991,-24.929547],[-49.29197,-24.929525],[-49.291992,-24.929508]]}},{"type":"Feature","properties":{"alt":454.0,"mestra":false},"geometry":{"type":"LineString","coordinates":[[-49.293131,-24.92984],[-49.293146,-24.92986],[-49.293141,-24.929877],[-49.2931,-24.929886],[-49.293086,-24.929868],[-49.29309,-24.92985],[-49.293111,-24.929837],[-49.293131,-24.92984]]}},{"type":"Feature","properties":{"alt":454.0,"mestra":false},"geometry":{"type":"LineString","coordinates":[[-49.293488,-24.931566],[-49.293461,-24.931574],[-49.293458,-24.931597],[-49.293478,-24.931602],[-49.293494,-24.931593],[-49.293501,-24.931575],[-49.293488,-24.931566]]}},{"type":"Feature","properties":{"alt":454.0,"mestra":false},"geometry":{"type":"LineString","coordinates":[[-49.291541,-24.932425],[-49.291521,-24.93242],[-49.291514,-24.932443],[-49.291535,-24.932444],[-49.291541,-24.932425]]}},{"type":"Feature","properties":{"alt":455.0,"mestra":true},"geometry":{"type":"LineString","coordinates":[[-49.291638,-24.929171],[-49.291712,-24.929213],[-49.291743,-24.929246],[-49.29176,-24.929291],[-49.291773,-24.929398],[-49.291832,-24.929533],[-49.291878,-24.929676],[-49.291901,-24.929713],[-49.291968,-24.92977],[-49.29199,-24.929811],[-49.291993,-24.929873],[-49.291967,-24.929917],[-49.291933,-24.929935],[-49.291859,-24.929943]]}},{"type":"Feature","properties":{"alt":455.0,"mestra":true},"geometry":{"type":"LineString","coordinates":[[-49.291122,-24.932315],[-49.291278,-24.932362],[-49.291424,-24.932368],[-49.291581,-24.932321],[-49.291645,-24.93232],[-49.291654,-24.932311],[-49.291653,-24.932267],[-49.291896,-24.932011],[-49.291945,-24.931985],[-49.291974,-24.931932],[-49.292007,-24.931916],[-49.292076,-24.931913],[-49.292146,-24.931809],[-49.292303,-24.931769],[-49.292431,-24.931658],[-49.292451,-24.931652],[-49.29248,-24.931662],[-49.292519,-24.93165],[-49.292587,-24.931573],[-49.292667,-24.931562],[-49.292766,-24.931499],[-49.292844,-24.931492],[-49.292903,-24.931466],[-49.292942,-24.931472],[-49.292991,-24.931455],[-49.29305,-24.931457],[-49.293109,-24.931395],[-49.293187,-24.931391],[-49.293276,-24.931361],[-49.293305,-24.931342],[-49.293443,-24.931309],[-49.293465,-24.931316],[-49.29347,-24.931396],[-49.29348,-24.931405],[-49.293529,-24.931416],[-49.293588,-24.931398],[-49.293647,-24.931394],[-49.293783,-24.931416],[-49.293803,-24.931407],[-49.293814,-24.931382],[-49.293798,-24.931302],[-49.293824,-24.931288],[-49.293896,-24.931276],[-49.294012,-24.931112],[-49.294072,-24.931061],[-49.29418,-24.931033],[-49.294316,-24.931045],[-49.294394,-24.93104],[-49.294424,-24.931019],[-49.294464,-24.930951],[-49.294494,-24.930922],[-49.294562,-24.930907],[-49.29467,-24.930906],[-49.294712,-24.930885],[-49.294729,-24.930858],[-49.294716,-24.930805],[-49.294643,-24.930761],[-49.294466,-24.930806],[-49.294369,-24.930783],[-49.294291,-24.930744],[-49.294273,-24.930701],[-49.294275,-24.930657],[-49.294252,-24.930612],[-49.294257,-24.930532],[-49.294207,-24.930447],[-49.294149,-24.930389],[-49.294155,-24.930308],[-49.294141,-24.930288],[-49.294043,-24.930292],[-49.293946,-24.930264],[-49.29374,-24.930304],[-49.29355,-24.930248],[-49.293438,-24.930077],[-49.293433,-24.930014],[-49.293483,-24.929979],[-49.29349,-24.929935],[-49.293403,-24.929905],[-49.29337,-24.929836],[-49.293373,-24.929782],[-49.293404,-24.929747],[-49.293438,-24.929729],[-49.293416,-24.929716],[-49.293369,-24.929729],[-49.293359,-24.929684],[-49.293312,-24.929666],[-49.293305,-24.929567],[-49.293243,-24.929456],[-49.293166,-24.9292],[-49.293178,-24.929103],[-49.293239,-24.929082],[-49.293279,-24.929017],[-49.293377,-24.928998],[-49.29339,-24.92898],[-49.293387,-24.928962],[-49.293348,-24.928922],[-49.29329,-24.928929],[-49.293259,-24.928952],[-49.293235,-24.928996],[-49.293154,-24.929049],[-49.293146,-24.929093],[-49.293111,-24.929114],[-49.293074,-24.929057],[-49.293078,-24.928977],[-49.293113,-24.928834],[-49.293133,-24.928799],[-49.293166,-24.928773],[-49.293166,-24.928746],[-49.293198,-24.928711],[-49.293199,-24.928675],[-49.293275,-24.928552],[-49.293365,-24.928445],[-49.293484,-24.928331],[-49.293634,-24.928252],[-49.293696,-24.928164],[-49.293729,-24.927941],[-49.293743,-24.927926],[-49.293773,-24.927929],[-49.293784,-24.927915],[-49.293739,-24.927888],[-49.29376,-24.927853],[-49.293748,-24.927808],[-49.293763,-24.92779],[-49.293729,-24.927772],[-49.293669,-24.927619],[-49.29364,-24.927598],[-49.293582,-24.927598],[-49.293533,-24.927582],[-49.293445,-24.927575],[-49.293386,-24.927545],[-49.293372,-24.927509],[-49.293349,-24.927491],[-49.2933,-24.927495],[-49.293271,-24.927454],[-49.293242,-24.927443],[-49.293163,-24.92746],[-49.293085,-24.927439],[-49.293036,-24.927454],[-49.292958,-24.927448],[-49.292919,-24.927459],[-49.292879,-24.927549],[-49.292815,-24.927583],[-49.292824,-24.927628],[-49.292809,-24.927648],[-49.29278,-24.927637],[-49.292751,-24.927596],[-49.292643,-24.927599],[-49.292546,-24.927588]]}},{"type":"Feature","properties":{"alt":455.0,"mestra":true},"geometry":{"type":"LineString","coordinates":[[-49.293202,-24.927467],[-49.293241,-24.927499],[-49.293231,-24.927523],[-49.293211,-24.927518],[-49.293174,-24.92748],[-49.293183,-24.927465],[-49.293202,-24.927467]]}},{"type":"Feature","properties":{"alt":455.0,"mestra":true},"geometry":{"type":"LineString","coordinates":[[-49.293348,-24.927543],[-49.293348,-24.927543]]}},{"type":"Feature","properties":{"alt":455.0,"mestra":true},"geometry":{"type":"LineString","coordinates":[[-49.293973,-24.928263],[-49.293865,-24.928297],[-49.293859,-24.928317],[-49.293868,-24.928335],[-49.293923,-24.928363],[-49.294041,-24.928352],[-49.294052,-24.928319],[-49.294044,-24.928301],[-49.293973,-24.928263]]}},{"type":"Feature","properties":{"alt":455.0,"mestra":true},"geometry":{"type":"LineString","coordinates":[[-49.293767,-24.928338],[-49.293747,-24.928337],[-49.293727,-24.928372],[-49.293688,-24.928394],[-49.293697,-24.928429],[-49.293727,-24.928431],[-49.293766,-24.928393],[-49.29378,-24.928361],[-49.293767,-24.928338]]}},{"type":"Feature","properties":{"alt":455.0,"mestra":true},"geometry":{"type":"LineString","coordinates":[[-49.29347,-24.928604],[-49.293431,-24.928613],[-49.293421,-24.928651],[-49.293459,-24.928696],[-49.293508,-24.928699],[-49.293532,-24.928679],[-49.293529,-24.928652],[-49.293518,-24.928634],[-49.29347,-24.928604]]}},{"type":"Feature","properties":{"alt":455.0,"mestra":true},"geometry":{"type":"LineString","coordinates":[[-49.295781,-24.928971],[-49.295762,-24.928963],[-49.295742,-24.928971],[-49.295742,-24.929008],[-49.295761,-24.929015],[-49.29578,-24.929008],[-49.295789,-24.92899],[-49.295781,-24.928971]]}},{"type":"Feature","properties":{"alt":455.0,"mestra":true},"geometry":{"type":"LineString","coordinates":[[-49.293316,-24.929154],[-49.293316,-24.929176],[-49.293327,-24.929167],[-49.293316,-24.929154]]}},{"type":"Feature","properties":{"alt":455.0,"mestra":true},"geometry":{"type":"LineString","coordinates":[[-49.291992,-24.929506],[-49.292013,-24.929526],[-49.291991,-24.929548],[-49.291975,-24.929543],[-49.291968,-24.929525],[-49.291992,-24.929506]]}},{"type":"Feature","properties":{"alt":455.0,"mestra":true},"geometry":{"type":"LineString","coordinates":[[-49.29314,-24.929842],[-49.293151,-24.92986],[-49.29314,-24.929882],[-49.29311,-24.929891],[-49.293091,-24.929883],[-49.293083,-24.929868],[-49.293091,-24.929844],[-49.293111,-24.929834],[-49.29314,-24.929842]]}},{"type":"Feature","properties":{"alt":455.0,"mestra":true},"geometry":{"type":"LineString","coordinates":[[-49.293488,-24.931571],[-49.293471,-24.931575],[-49.293465,-24.931592],[-49.293488,-24.931593],[-49.293495,-24.931584],[-49.293488,-24.931571]]}},{"type":"Feature","properties":{"alt":455.0,"mestra":true},"geometry":{"type":"LineString","coordinates":[[-49.291531,-24.932424],[-49.291521,-24.932438],[-49.291536,-24.932435],[-49.291531,-24.932424]]}},{"type":"Feature","properties":{"alt":456.0,"mestra":false},"geometry":{"type":"LineString","coordinates":[[-49.291647,-24.929163],[-49.291722,-24.92921],[-49.291751,-24.929247],[-49.291779,-24.929398],[-49.291882,-24.929667],[-49.29191,-24.929712],[-49.291978,-24.929775],[-49.291999,-24.92982],[-49.292004,-24.929873],[-49.291984,-24.929918],[-49.291947,-24.929943],[-49.291888,-24.929949],[-49.291861,-24.929963]]}},{"type":"Feature","properties":{"alt":456.0,"mestra":false},"geometry":{"type":"LineString","coordinates":[[-49.291122,-24.932298],[-49.291278,-24.932345],[-49.291386,-24.93235],[-49.291474,-24.932339],[-49.291572,-24.9323],[-49.291631,-24.932305],[-49.291626,-24.932275],[-49.291636,-24.932258],[-49.291683,-24.932222],[-49.29172,-24.932169],[-49.291879,-24.932002],[-49.291934,-24.931976],[-49.291968,-24.931923],[-49.292007,-24.931908],[-49.292076,-24.931906],[-49.292109,-24.931844],[-49.292146,-24.931803],[-49.292293,-24.931771],[-49.292362,-24.931722],[-49.292431,-24.931653],[-49.292451,-24.931648],[-49.29248,-24.931658],[-49.292519,-24.931647],[-49.292581,-24.931573],[-49.292667,-24.93156],[-49.292736,-24.931504],[-49.292766,-24.931493],[-49.292844,-24.931489],[-49.292903,-24.931462],[-49.292942,-24.93147],[-49.292991,-24.931453],[-49.29305,-24.931455],[-49.293109,-24.93139],[-49.293187,-24.931388],[-49.293227,-24.931366],[-49.293276,-24.931356],[-49.293305,-24.931334],[-49.293515,-24.931272],[-49.293544,-24.931272],[-49.293553,-24.931344],[-49.293579,-24.931372],[-49.293686,-24.931368],[-49.293745,-24.931391],[-49.293773,-24.931391],[-49.293787,-24.931373],[-49.293771,-24.931328],[-49.293779,-24.931302],[-49.29381,-24.931284],[-49.293863,-24.931282],[-49.293893,-24.93127],[-49.294003,-24.931095],[-49.294062,-24.931038],[-49.294111,-24.931017],[-49.29418,-24.931006],[-49.294336,-24.931027],[-49.294395,-24.931025],[-49.294424,-24.931005],[-49.294464,-24.930938],[-49.294504,-24.930904],[-49.294553,-24.930896],[-49.29466,-24.9309],[-49.294697,-24.930885],[-49.294718,-24.930858],[-49.294704,-24.930804],[-49.294643,-24.930765],[-49.294535,-24.930786],[-49.294495,-24.930812],[-49.294466,-24.930817],[-49.294369,-24.930795],[-49.294291,-24.930755],[-49.294269,-24.93071],[-49.294269,-24.930657],[-49.294247,-24.930612],[-49.294255,-24.930535],[-49.294207,-24.930454],[-49.294138,-24.930397],[-49.294152,-24.930317],[-49.294141,-24.930292],[-49.294033,-24.930295],[-49.293936,-24.93027],[-49.29374,-24.930319],[-49.293545,-24.930256],[-49.293433,-24.930095],[-49.293415,-24.930023],[-49.293427,-24.929997],[-49.293473,-24.92997],[-49.293481,-24.929935],[-49.293423,-24.929929],[-49.293382,-24.929898],[-49.293344,-24.929773],[-49.293291,-24.929656],[-49.293283,-24.929558],[-49.293233,-24.92948],[-49.293186,-24.92934],[-49.293167,-24.929316],[-49.293128,-24.929332],[-49.293051,-24.92924],[-49.293036,-24.929163],[-49.293062,-24.928976],[-49.293089,-24.928914],[-49.293104,-24.928834],[-49.293125,-24.928798],[-49.293159,-24.928773],[-49.293164,-24.928737],[-49.293189,-24.928719],[-49.293193,-24.928675],[-49.293229,-24.928631],[-49.293276,-24.92854],[-49.293365,-24.928435],[-49.293484,-24.92832],[-49.293631,-24.928248],[-49.293691,-24.928164],[-49.293727,-24.927888],[-49.293756,-24.927844],[-49.293716,-24.927773],[-49.293719,-24.927745],[-49.293694,-24.927709],[-49.293669,-24.927624],[-49.293631,-24.927599],[-49.293572,-24.927605],[-49.293533,-24.927593],[-49.293465,-24.927592],[-49.293387,-24.927553],[-49.293338,-24.927562],[-49.293327,-24.927553],[-49.293328,-24.927536],[-49.293361,-24.927527],[-49.293361,-24.927509],[-49.293349,-24.9275],[-49.2933,-24.927504],[-49.293271,-24.92746],[-49.293242,-24.927448],[-49.293216,-24.927454],[-49.293247,-24.927499],[-49.293247,-24.927517],[-49.293231,-24.927531],[-49.293211,-24.927526],[-49.293153,-24.927476],[-49.293095,-24.927449],[-49.293026,-24.927465],[-49.292958,-24.927457],[-49.292929,-24.927465],[-49.292909,-24.927486],[-49.292894,-24.927566],[-49.292839,-24.927592],[-49.292841,-24.927637],[-49.292811,-24.927655],[-49.29278,-24.927646],[-49.292741,-24.927609],[-49.292594,-24.927612],[-49.292539,-24.927595]]}},{"type":"Feature","properties":{"alt":456.0,"mestra":false},"geometry":{"type":"LineString","coordinates":[[-49.293773,-24.92791],[-49.29376,-24.927915],[-49.293773,-24.927922],[-49.293773,-24.92791]]}},{"type":"Feature","properties":{"alt":456.0,"mestra":false},"geometry":{"type":"LineString","coordinates":[[-49.293993,-24.928281],[-49.293963,-24.928275],[-49.293885,-24.928298],[-49.293872,-24.928308],[-49.293872,-24.928326],[-49.293923,-24.92836],[-49.294038,-24.928346],[-49.294041,-24.928307],[-49.293993,-24.928281]]}},{"type":"Feature","properties":{"alt":456.0,"mestra":false},"geometry":{"type":"LineString","coordinates":[[-49.293757,-24.928341],[-49.293742,-24.928351],[-49.293735,-24.928378],[-49.293696,-24.928395],[-49.293695,-24.928413],[-49.293706,-24.928422],[-49.293727,-24.928419],[-49.293766,-24.92838],[-49.293772,-24.928352],[-49.293757,-24.928341]]}},{"type":"Feature","properties":{"alt":456.0,"mestra":false},"geometry":{"type":"LineString","coordinates":[[-49.29348,-24.928615],[-49.293441,-24.928612],[-49.293427,-24.928642],[-49.293458,-24.928687],[-49.293498,-24.928698],[-49.29352,-24.928688],[-49.293528,-24.928661],[-49.293519,-24.928642],[-49.29348,-24.928615]]}},{"type":"Feature","properties":{"alt":456.0,"mestra":false},"geometry":{"type":"LineString","coordinates":[[-49.293348,-24.928931],[-49.293319,-24.92893],[-49.293293,-24.928943],[-49.293279,-24.92897],[-49.293286,-24.928988],[-49.293338,-24.929002],[-49.293377,-24.928991],[-49.293383,-24.928962],[-49.293348,-24.928931]]}},{"type":"Feature","properties":{"alt":456.0,"mestra":false},"geometry":{"type":"LineString","coordinates":[[-49.295772,-24.928971],[-49.295752,-24.92897],[-49.295741,-24.92898],[-49.295752,-24.929009],[-49.295779,-24.928999],[-49.295772,-24.928971]]}},{"type":"Feature","properties":{"alt":456.0,"mestra":false},"geometry":{"type":"LineString","coordinates":[[-49.29323,-24.929012],[-49.293187,-24.929031],[-49.293184,-24.929058],[-49.2932,-24.929082],[-49.293229,-24.92908],[-49.293248,-24.929059],[-49.293247,-24.929023],[-49.29323,-24.929012]]}},{"type":"Feature","properties":{"alt":456.0,"mestra":false},"geometry":{"type":"LineString","coordinates":[[-49.293158,-24.929248],[-49.293146,-24.929254],[-49.293145,-24.929271],[-49.293167,-24.929297],[-49.293169,-24.929263],[-49.293158,-24.929248]]}},{"type":"Feature","properties":{"alt":456.0,"mestra":false},"geometry":{"type":"LineString","coordinates":[[-49.292001,-24.929506],[-49.292013,-24.929535],[-49.291981,-24.929549],[-49.291966,-24.929534],[-49.291968,-24.929516],[-49.291982,-24.929505],[-49.292001,-24.929506]]}},{"type":"Feature","properties":{"alt":456.0,"mestra":false},"geometry":{"type":"LineString","coordinates":[[-49.293131,-24.929831],[-49.29315,-24.929845],[-49.293155,-24.929869],[-49.29313,-24.929891],[-49.293101,-24.929891],[-49.293083,-24.929877],[-49.293083,-24.92985],[-49.293101,-24.929834],[-49.293131,-24.929831]]}},{"type":"Feature","properties":{"alt":456.0,"mestra":false},"geometry":{"type":"LineString","coordinates":[[-49.293826,-24.93044],[-49.293835,-24.930456],[-49.293826,-24.93047],[-49.293805,-24.930455],[-49.293826,-24.93044]]}},{"type":"Feature","properties":{"alt":456.0,"mestra":false},"geometry":{"type":"LineString","coordinates":[[-49.293855,-24.930489],[-49.293873,-24.93051],[-49.293864,-24.930531],[-49.293844,-24.9305],[-49.293845,-24.930489],[-49.293855,-24.930489]]}},{"type":"Feature","properties":{"alt":456.0,"mestra":false},"geometry":{"type":"LineString","coordinates":[[-49.293478,-24.931581],[-49.293487,-24.931584],[-49.293478,-24.931581]]}},{"type":"Feature","properties":{"alt":457.0,"mestra":false},"geometry":{"type":"LineString","coordinates":[[-49.291656,-24.929155],[-49.291722,-24.929201],[-49.291753,-24.929238],[-49.29177,-24.929282],[-49.291788,-24.929407],[-49.291891,-24.929667],[-49.291919,-24.929712],[-49.291985,-24.929775],[-49.292009,-24.929829],[-49.292012,-24.929891],[-49.291986,-24.929934],[-49.291946,-24.929955],[-49.291864,-24.929966]]}},{"type":"Feature","properties":{"alt":457.0,"mestra":false},"geometry":{"type":"LineString","coordinates":[[-49.291123,-24.932272],[-49.291181,-24.932304],[-49.291308,-24.932332],[-49.291405,-24.932333],[-49.291533,-24.932298],[-49.291671,-24.932217],[-49.291709,-24.93216],[-49.291839,-24.932037],[-49.291873,-24.931993],[-49.291928,-24.931967],[-49.291967,-24.931914],[-49.292076,-24.931898],[-49.292106,-24.931839],[-49.292146,-24.931796],[-49.292293,-24.931769],[-49.292358,-24.931722],[-49.292427,-24.931652],[-49.292519,-24.931644],[-49.292575,-24.931573],[-49.292667,-24.931558],[-49.292743,-24.931495],[-49.292844,-24.931487],[-49.292903,-24.931459],[-49.292942,-24.931468],[-49.292991,-24.931451],[-49.29305,-24.931453],[-49.293109,-24.931386],[-49.293188,-24.931385],[-49.293227,-24.931361],[-49.293276,-24.93135],[-49.293296,-24.931331],[-49.293384,-24.931312],[-49.29363,-24.931214],[-49.293638,-24.931322],[-49.293726,-24.931343],[-49.293775,-24.931284],[-49.293887,-24.931267],[-49.294,-24.931064],[-49.294063,-24.931009],[-49.294121,-24.930989],[-49.29419,-24.930982],[-49.294395,-24.931013],[-49.294424,-24.930993],[-49.294494,-24.930892],[-49.294533,-24.930884],[-49.294651,-24.930893],[-49.29469,-24.930877],[-49.294705,-24.930858],[-49.294699,-24.930813],[-49.294633,-24.930766],[-49.294535,-24.93079],[-49.294495,-24.930825],[-49.294466,-24.930832],[-49.294359,-24.930803],[-49.294281,-24.930757],[-49.294261,-24.930701],[-49.294264,-24.930657],[-49.294241,-24.930612],[-49.294253,-24.930541],[-49.294197,-24.930449],[-49.294123,-24.930406],[-49.294148,-24.930317],[-49.294141,-24.930296],[-49.294033,-24.930299],[-49.293936,-24.930274],[-49.29373,-24.930334],[-49.293535,-24.930259],[-49.29342,-24.930099],[-49.293403,-24.930032],[-49.293412,-24.929996],[-49.293467,-24.929944],[-49.293422,-24.929945],[-49.293369,-24.929898],[-49.293271,-24.929665],[-49.293261,-24.929567],[-49.293219,-24.929504],[-49.293204,-24.929447],[-49.293175,-24.929435],[-49.293168,-24.929459],[-49.293184,-24.929513],[-49.293154,-24.929541],[-49.293087,-24.929461],[-49.293064,-24.929404],[-49.29304,-24.929327],[-49.29302,-24.929163],[-49.293053,-24.928976],[-49.29308,-24.928923],[-49.293098,-24.928834],[-49.293126,-24.92879],[-49.293153,-24.928772],[-49.293158,-24.928737],[-49.29319,-24.928711],[-49.293187,-24.928675],[-49.29323,-24.928622],[-49.293266,-24.928545],[-49.293356,-24.928436],[-49.29348,-24.928313],[-49.29363,-24.928243],[-49.293687,-24.928164],[-49.293714,-24.927897],[-49.293748,-24.927844],[-49.293708,-24.927781],[-49.293708,-24.927745],[-49.29369,-24.927718],[-49.293669,-24.927628],[-49.29364,-24.927604],[-49.293572,-24.927614],[-49.293474,-24.927606],[-49.293387,-24.92756],[-49.293328,-24.927565],[-49.293314,-24.927527],[-49.293251,-24.927456],[-49.293234,-24.927463],[-49.293254,-24.927517],[-49.293231,-24.927541],[-49.293153,-24.927489],[-49.293085,-24.927471],[-49.293017,-24.927478],[-49.292958,-24.927467],[-49.292929,-24.927476],[-49.292917,-24.927495],[-49.292918,-24.927558],[-49.292888,-24.927646],[-49.292799,-24.927661],[-49.292741,-24.927622],[-49.292575,-24.927631],[-49.292529,-24.927613]]}},{"type":"Feature","properties":{"alt":457.0,"mestra":false},"geometry":{"type":"LineString","coordinates":[[-49.293591,-24.927663],[-49.293619,-24.927682],[-49.29359,-24.927705],[-49.293574,-24.927681],[-49.293581,-24.927663],[-49.293591,-24.927663]]}},{"type":"Feature","properties":{"alt":457.0,"mestra":false},"geometry":{"type":"LineString","coordinates":[[-49.292485,-24.927774],[-49.2925,-24.927785],[-49.292499,-24.927802],[-49.292465,-24.927804],[-49.29246,-24.927784],[-49.292485,-24.927774]]}},{"type":"Feature","properties":{"alt":457.0,"mestra":false},"geometry":{"type":"LineString","coordinates":[[-49.292377,-24.927781],[-49.292377,-24.927793],[-49.292366,-24.927783],[-49.292377,-24.927781]]}},{"type":"Feature","properties":{"alt":457.0,"mestra":false},"geometry":{"type":"LineString","coordinates":[[-49.293992,-24.928291],[-49.293963,-24.928284],[-49.293903,-24.9283],[-49.293886,-24.928309],[-49.293882,-24.928326],[-49.293923,-24.928356],[-49.294031,-24.92834],[-49.294033,-24.92831],[-49.293992,-24.928291]]}},{"type":"Feature","properties":{"alt":457.0,"mestra":false},"geometry":{"type":"LineString","coordinates":[[-49.293757,-24.928348],[-49.293746,-24.92836],[-49.293757,-24.928374],[-49.293767,-24.928361],[-49.293757,-24.928348]]}},{"type":"Feature","properties":{"alt":457.0,"mestra":false},"geometry":{"type":"LineString","coordinates":[[-49.293717,-24.928399],[-49.293707,-24.928409],[-49.293717,-24.928399]]}},{"type":"Feature","properties":{"alt":457.0,"mestra":false},"geometry":{"type":"LineString","coordinates":[[-49.29346,-24.928614],[-49.293434,-24.928633],[-49.293449,-24.928669],[-49.293479,-24.928692],[-49.293508,-24.928689],[-49.293523,-24.92867],[-49.293518,-24.92865],[-49.29346,-24.928614]]}},{"type":"Feature","properties":{"alt":457.0,"mestra":false},"geometry":{"type":"LineString","coordinates":[[-49.292834,-24.928677],[-49.292826,-24.92868],[-49.292834,-24.928677]]}},{"type":"Feature","properties":{"alt":457.0,"mestra":false},"geometry":{"type":"LineString","coordinates":[[-49.293348,-24.92894],[-49.293316,-24.928944],[-49.293302,-24.92897],[-49.293319,-24.928988],[-49.293357,-24.928994],[-49.293381,-24.928971],[-49.293348,-24.92894]]}},{"type":"Feature","properties":{"alt":457.0,"mestra":false},"geometry":{"type":"LineString","coordinates":[[-49.295772,-24.928979],[-49.295748,-24.92898],[-49.295752,-24.929002],[-49.29577,-24.928999],[-49.295772,-24.928979]]}},{"type":"Feature","properties":{"alt":457.0,"mestra":false},"geometry":{"type":"LineString","coordinates":[[-49.29323,-24.929018],[-49.293201,-24.929023],[-49.293189,-24.92904],[-49.293194,-24.929067],[-49.29321,-24.929078],[-49.293243,-24.929059],[-49.293244,-24.929032],[-49.29323,-24.929018]]}},{"type":"Feature","properties":{"alt":457.0,"mestra":false},"geometry":{"type":"LineString","coordinates":[[-49.293089,-24.929306],[-49.293063,-24.929306],[-49.293055,-24.929333],[-49.293069,-24.929341],[-49.293089,-24.929336],[-49.293096,-24.929324],[-49.293089,-24.929306]]}},{"type":"Feature","properties":{"alt":457.0,"mestra":false},"geometry":{"type":"LineString","coordinates":[[-49.293185,-24.929414],[-49.293176,-24.929413],[-49.293175,-24.929426],[-49.293185,-24.929414]]}},{"type":"Feature","properties":{"alt":457.0,"mestra":false},"geometry":{"type":"LineString","coordinates":[[-49.292001,-24.929503],[-49.292014,-24.929535],[-49.291981,-24.92955],[-49.291964,-24.929534],[-49.291966,-24.929516],[-49.291982,-24.929502],[-49.292001,-24.929503]]}},{"type":"Feature","properties":{"alt":457.0,"mestra":false},"geometry":{"type":"LineString","coordinates":[[-49.293141,-24.929829],[-49.29316,-24.929851],[-49.293156,-24.929878],[-49.293124,-24.929895],[-49.293091,-24.92989],[-49.293077,-24.929868],[-49.293086,-24.929841],[-49.293111,-24.929826],[-49.293141,-24.929829]]}},{"type":"Feature","properties":{"alt":457.0,"mestra":false},"geometry":{"type":"LineString","coordinates":[[-49.293836,-24.930437],[-49.293886,-24.930501],[-49.293889,-24.930537],[-49.293873,-24.930552],[-49.293854,-24.930545],[-49.293789,-24.930455],[-49.293807,-24.930435],[-49.293836,-24.930437]]}},{"type":"Feature","properties":{"alt":458.0,"mestra":false},"geometry":{"type":"LineString","coordinates":[[-49.291664,-24.929148],[-49.291732,-24.9292],[-49.291761,-24.929238],[-49.291794,-24.929408],[-49.291895,-24.929658],[-49.291921,-24.929703],[-49.291991,-24.929775],[-49.29202,-24.929838],[-49.292021,-24.9299],[-49.291995,-24.929942],[-49.291946,-24.929966],[-49.291868,-24.92997]]}},{"type":"Feature","properties":{"alt":458.0,"mestra":false},"geometry":{"type":"LineString","coordinates":[[-49.296361,-24.932302],[-49.296371,-24.932304]]}},{"type":"Feature","properties":{"alt":458.0,"mestra":false},"geometry":{"type":"LineString","coordinates":[[-49.291123,-24.932246],[-49.291191,-24.932292],[-49.291308,-24.932318],[-49.291406,-24.932316],[-49.291523,-24.932281],[-49.291671,-24.932192],[-49.29186,-24.931993],[-49.291926,-24.931958],[-49.291959,-24.931911],[-49.292008,-24.931897],[-49.292066,-24.931896],[-49.292146,-24.93179],[-49.292293,-24.931767],[-49.292354,-24.931722],[-49.292421,-24.93165],[-49.292451,-24.93164],[-49.29249,-24.931649],[-49.292514,-24.931644],[-49.29257,-24.931573],[-49.292666,-24.931556],[-49.292736,-24.931493],[-49.292766,-24.931483],[-49.292805,-24.931491],[-49.292844,-24.931484],[-49.292903,-24.931456],[-49.292942,-24.931466],[-49.292991,-24.931449],[-49.29305,-24.931451],[-49.293107,-24.931383],[-49.293188,-24.931382],[-49.293296,-24.931324],[-49.293463,-24.931278],[-49.2936,-24.931213],[-49.29363,-24.931184],[-49.293669,-24.931172],[-49.293699,-24.931138],[-49.293712,-24.93115],[-49.293716,-24.931239],[-49.293727,-24.931254],[-49.293756,-24.931239],[-49.293776,-24.931244],[-49.293795,-24.93127],[-49.293863,-24.931273],[-49.293893,-24.93125],[-49.293985,-24.931046],[-49.294033,-24.930995],[-49.294102,-24.930968],[-49.29419,-24.930962],[-49.294278,-24.930969],[-49.294366,-24.931001],[-49.294395,-24.931002],[-49.294426,-24.930979],[-49.294471,-24.930882],[-49.294472,-24.930864],[-49.294461,-24.930855],[-49.294349,-24.930811],[-49.294272,-24.930755],[-49.294256,-24.930701],[-49.29426,-24.930657],[-49.294236,-24.930612],[-49.29425,-24.930541],[-49.294197,-24.930456],[-49.294168,-24.93044],[-49.294119,-24.930438],[-49.294107,-24.930423],[-49.294108,-24.930388],[-49.294144,-24.930317],[-49.294139,-24.930299],[-49.294023,-24.930303],[-49.293926,-24.93028],[-49.293838,-24.930304],[-49.293759,-24.930348],[-49.29373,-24.930351],[-49.293657,-24.930311],[-49.293555,-24.93028],[-49.293526,-24.930261],[-49.293408,-24.930103],[-49.293381,-24.930041],[-49.293405,-24.929961],[-49.293291,-24.929817],[-49.293288,-24.929776],[-49.29323,-24.92975],[-49.293192,-24.929718],[-49.293182,-24.929677],[-49.293153,-24.92966],[-49.293143,-24.929635],[-49.29311,-24.92961],[-49.29306,-24.929467],[-49.293062,-24.929431],[-49.293029,-24.929333],[-49.293031,-24.92927],[-49.29301,-24.929163],[-49.293045,-24.928976],[-49.293078,-24.928914],[-49.293086,-24.92885],[-49.293116,-24.928795],[-49.293146,-24.928772],[-49.293153,-24.928737],[-49.293187,-24.92871],[-49.293182,-24.928675],[-49.293226,-24.928622],[-49.293266,-24.928535],[-49.293355,-24.928429],[-49.293474,-24.928307],[-49.293623,-24.928243],[-49.293683,-24.928164],[-49.29368,-24.928057],[-49.293705,-24.927986],[-49.293703,-24.927896],[-49.293734,-24.927843],[-49.293702,-24.92779],[-49.293693,-24.927745],[-49.293639,-24.927707],[-49.293577,-24.927708],[-49.293563,-24.927672],[-49.293566,-24.927636],[-49.293549,-24.927627],[-49.293454,-24.927613],[-49.293387,-24.927566],[-49.293338,-24.927573],[-49.293318,-24.927567],[-49.293261,-24.92747],[-49.293262,-24.927526],[-49.293231,-24.927553],[-49.293211,-24.927549],[-49.293182,-24.927511],[-49.293153,-24.9275],[-49.293007,-24.927497],[-49.292958,-24.92748],[-49.292938,-24.927485],[-49.292941,-24.927549],[-49.292906,-24.927668],[-49.292789,-24.927664],[-49.292731,-24.927633],[-49.292555,-24.927656],[-49.292477,-24.927656]]}},{"type":"Feature","properties":{"alt":458.0,"mestra":false},"geometry":{"type":"LineString","coordinates":[[-49.29364,-24.927608],[-49.293601,-24.92761],[-49.293572,-24.927637],[-49.293649,-24.927688],[-49.293668,-24.927688],[-49.293676,-24.927647],[-49.29364,-24.927608]]}},{"type":"Feature","properties":{"alt":458.0,"mestra":false},"geometry":{"type":"LineString","coordinates":[[-49.292495,-24.927764],[-49.292525,-24.927785],[-49.292523,-24.927811],[-49.292504,-24.927819],[-49.292455,-24.927817],[-49.292441,-24.927802],[-49.292448,-24.927775],[-49.292465,-24.92776],[-49.292495,-24.927764]]}},{"type":"Feature","properties":{"alt":458.0,"mestra":false},"geometry":{"type":"LineString","coordinates":[[-49.292387,-24.927771],[-49.292399,-24.927801],[-49.292386,-24.92781],[-49.292367,-24.927807],[-49.292352,-24.927792],[-49.292355,-24.927774],[-49.292387,-24.927771]]}},{"type":"Feature","properties":{"alt":458.0,"mestra":false},"geometry":{"type":"LineString","coordinates":[[-49.292123,-24.927788],[-49.292116,-24.927798],[-49.292123,-24.927788]]}},{"type":"Feature","properties":{"alt":458.0,"mestra":false},"geometry":{"type":"LineString","coordinates":[[-49.293983,-24.928299],[-49.293953,-24.928294],[-49.293914,-24.928303],[-49.293892,-24.928326],[-49.293923,-24.928351],[-49.293962,-24.928349],[-49.294008,-24.928319],[-49.293983,-24.928299]]}},{"type":"Feature","properties":{"alt":458.0,"mestra":false},"geometry":{"type":"LineString","coordinates":[[-49.29347,-24.928622],[-49.293447,-24.928624],[-49.29345,-24.92866],[-49.293479,-24.928686],[-49.293499,-24.928687],[-49.293517,-24.92867],[-49.293514,-24.928652],[-49.29347,-24.928622]]}},{"type":"Feature","properties":{"alt":458.0,"mestra":false},"geometry":{"type":"LineString","coordinates":[[-49.292834,-24.928673],[-49.292834,-24.928686],[-49.292824,-24.928682],[-49.292834,-24.928673]]}},{"type":"Feature","properties":{"alt":458.0,"mestra":false},"geometry":{"type":"LineString","coordinates":[[-49.293358,-24.928952],[-49.293329,-24.928954],[-49.293329,-24.928979],[-49.293357,-24.928988],[-49.293373,-24.92898],[-49.293358,-24.928952]]}},{"type":"Feature","properties":{"alt":458.0,"mestra":false},"geometry":{"type":"LineString","coordinates":[[-49.295762,-24.928983],[-49.295753,-24.928989],[-49.295762,-24.928993],[-49.295762,-24.928983]]}},{"type":"Feature","properties":{"alt":458.0,"mestra":false},"geometry":{"type":"LineString","coordinates":[[-49.29322,-24.92902],[-49.293192,-24.92904],[-49.29321,-24.929073],[-49.293229,-24.929069],[-49.293241,-24.92905],[-49.293238,-24.929032],[-49.29322,-24.92902]]}},{"type":"Feature","properties":{"alt":458.0,"mestra":false},"geometry":{"type":"LineString","coordinates":[[-49.293079,-24.929313],[-49.293069,-24.929328],[-49.293085,-24.929324],[-49.293079,-24.929313]]}},{"type":"Feature","properties":{"alt":458.0,"mestra":false},"geometry":{"type":"LineString","coordinates":[[-49.291992,-24.929499],[-49.292011,-24.929507],[-49.292018,-24.929526],[-49.29201,-24.929544],[-49.291981,-24.929552],[-49.291961,-24.929525],[-49.291972,-24.929505],[-49.291992,-24.929499]]}},{"type":"Feature","properties":{"alt":458.0,"mestra":false},"geometry":{"type":"LineString","coordinates":[[-49.293141,-24.92982],[-49.293167,-24.929851],[-49.293162,-24.929878],[-49.29313,-24.929896],[-49.293091,-24.929893],[-49.293074,-24.929868],[-49.293082,-24.929842],[-49.293111,-24.929821],[-49.293141,-24.92982]]}},{"type":"Feature","properties":{"alt":458.0,"mestra":false},"geometry":{"type":"LineString","coordinates":[[-49.293826,-24.930427],[-49.2939,-24.930474],[-49.293899,-24.930537],[-49.293873,-24.930562],[-49.293845,-24.930554],[-49.293796,-24.930485],[-49.293748,-24.930461],[-49.293738,-24.930446],[-49.293748,-24.930432],[-49.293777,-24.930439],[-49.293826,-24.930427]]}},{"type":"Feature","properties":{"alt":458.0,"mestra":false},"geometry":{"type":"LineString","coordinates":[[-49.294642,-24.930773],[-49.294623,-24.930769],[-49.294534,-24.930794],[-49.294499,-24.930856],[-49.294612,-24.930885],[-49.294675,-24.930875],[-49.294692,-24.930858],[-49.294695,-24.930831],[-49.294642,-24.930773]]}},{"type":"Feature","properties":{"alt":459.0,"mestra":false},"geometry":{"type":"LineString","coordinates":[[-49.292406,-24.927657],[-49.292397,-24.927668],[-49.292369,-24.927672],[-49.2923,-24.927641]]}},{"type":"Feature","properties":{"alt":459.0,"mestra":false},"geometry":{"type":"LineString","coordinates":[[-49.292461,-24.927726],[-49.292534,-24.927761],[-49.292558,-24.927812],[-49.292523,-24.927845],[-49.292474,-24.92784],[-49.292444,-24.927865],[-49.292345,-24.92781],[-49.292328,-24.927783],[-49.292358,-24.927754],[-49.292426,-24.927756],[-49.292453,-24.927728]]}},{"type":"Feature","properties":{"alt":459.0,"mestra":false},"geometry":{"type":"LineString","coordinates":[[-49.291671,-24.929141],[-49.291763,-24.929229],[-49.291782,-24.929283],[-49.2918,-24.929408],[-49.291899,-24.929649],[-49.29193,-24.929703],[-49.292004,-24.929784],[-49.292031,-24.929847],[-49.292033,-24.9299],[-49.29201,-24.929945],[-49.291898,-24.929998]]}},{"type":"Feature","properties":{"alt":459.0,"mestra":false},"geometry":{"type":"LineString","coordinates":[[-49.291123,-24.932221],[-49.291211,-24.932284],[-49.291298,-24.932303],[-49.291396,-24.9323],[-49.291504,-24.93227],[-49.291662,-24.932176],[-49.291816,-24.932037],[-49.291859,-24.931984],[-49.291919,-24.931955],[-49.291956,-24.931905],[-49.292066,-24.931888],[-49.292105,-24.931826],[-49.292146,-24.931785],[-49.292293,-24.931764],[-49.292352,-24.93172],[-49.292422,-24.931646],[-49.292451,-24.931636],[-49.29251,-24.931643],[-49.292569,-24.93157],[-49.292663,-24.931556],[-49.292736,-24.931488],[-49.292766,-24.931479],[-49.292834,-24.931484],[-49.292903,-24.931453],[-49.292942,-24.931464],[-49.292991,-24.931447],[-49.29304,-24.931452],[-49.293109,-24.931378],[-49.293188,-24.93138],[-49.293296,-24.931318],[-49.293374,-24.931305],[-49.293463,-24.931275],[-49.2936,-24.931206],[-49.29363,-24.931173],[-49.293668,-24.931158],[-49.293696,-24.931105],[-49.293759,-24.931025],[-49.293807,-24.931132],[-49.293799,-24.931257],[-49.293815,-24.93127],[-49.293864,-24.931268],[-49.293891,-24.931241],[-49.293902,-24.93117],[-49.293965,-24.931032],[-49.294024,-24.930969],[-49.294103,-24.930944],[-49.294249,-24.930945],[-49.294308,-24.930952],[-49.294366,-24.930987],[-49.294395,-24.930991],[-49.294423,-24.930971],[-49.294444,-24.930917],[-49.294436,-24.930873],[-49.294339,-24.930821],[-49.294268,-24.930764],[-49.294251,-24.930701],[-49.294255,-24.930657],[-49.294231,-24.930612],[-49.294249,-24.93055],[-49.294207,-24.930471],[-49.294158,-24.93045],[-49.294119,-24.930478],[-49.294093,-24.930441],[-49.294088,-24.930405],[-49.29414,-24.930317],[-49.294131,-24.930299],[-49.294082,-24.930313],[-49.294023,-24.93031],[-49.293926,-24.930284],[-49.293838,-24.930311],[-49.293759,-24.930366],[-49.29372,-24.93037],[-49.293649,-24.93032],[-49.293524,-24.930274],[-49.293397,-24.930112],[-49.293334,-24.929987],[-49.293266,-24.929954],[-49.293259,-24.929923],[-49.29321,-24.929869],[-49.293206,-24.929807],[-49.293176,-24.929789],[-49.293172,-24.929753],[-49.293134,-24.929717],[-49.293135,-24.929708],[-49.293162,-24.929706],[-49.293172,-24.929691],[-49.293136,-24.929664],[-49.293128,-24.929637],[-49.293095,-24.929616],[-49.293047,-24.929466],[-49.293052,-24.929431],[-49.293036,-24.929413],[-49.293037,-24.929377],[-49.293021,-24.929341],[-49.293024,-24.92927],[-49.293001,-24.929163],[-49.293036,-24.928976],[-49.293074,-24.928914],[-49.293083,-24.928843],[-49.293113,-24.92879],[-49.293145,-24.928764],[-49.293155,-24.928728],[-49.293184,-24.92871],[-49.29318,-24.928666],[-49.293222,-24.928622],[-49.293266,-24.928526],[-49.293412,-24.928357],[-49.293474,-24.928299],[-49.293616,-24.928243],[-49.293679,-24.928164],[-49.293669,-24.928048],[-49.293697,-24.927986],[-49.293691,-24.927905],[-49.29371,-24.927834],[-49.29368,-24.927754],[-49.293629,-24.92772],[-49.29357,-24.927711],[-49.293532,-24.927637],[-49.293445,-24.927621],[-49.293387,-24.927572],[-49.293318,-24.927575],[-49.29328,-24.927544],[-49.29324,-24.927572],[-49.29322,-24.927572],[-49.293195,-24.927552],[-49.293182,-24.927523],[-49.293153,-24.927512],[-49.292986,-24.927543],[-49.29294,-24.927594],[-49.292922,-24.927665],[-49.292906,-24.927678],[-49.292789,-24.92767],[-49.292721,-24.927645],[-49.292495,-24.927708],[-49.292468,-24.927694]]}},{"type":"Feature","properties":{"alt":459.0,"mestra":false},"geometry":{"type":"LineString","coordinates":[[-49.29363,-24.92761],[-49.293596,-24.927619],[-49.293589,-24.927637],[-49.293649,-24.927672],[-49.293669,-24.92767],[-49.293662,-24.927629],[-49.29363,-24.92761]]}},{"type":"Feature","properties":{"alt":459.0,"mestra":false},"geometry":{"type":"LineString","coordinates":[[-49.293151,-24.927663],[-49.293151,-24.92767],[-49.293136,-24.927667],[-49.293151,-24.927663]]}},{"type":"Feature","properties":{"alt":459.0,"mestra":false},"geometry":{"type":"LineString","coordinates":[[-49.292123,-24.927761],[-49.292152,-24.927781],[-49.292149,-24.927807],[-49.292122,-24.927828],[-49.292083,-24.927827],[-49.29207,-24.927806],[-49.292076,-24.927789],[-49.292094,-24.92777],[-49.292123,-24.927761]]}},{"type":"Feature","properties":{"alt":459.0,"mestra":false},"geometry":{"type":"LineString","coordinates":[[-49.293973,-24.928307],[-49.293919,-24.928309],[-49.293905,-24.928318],[-49.293906,-24.928335],[-49.293923,-24.928346],[-49.293959,-24.928345],[-49.293982,-24.928327],[-49.293973,-24.928307]]}},{"type":"Feature","properties":{"alt":459.0,"mestra":false},"geometry":{"type":"LineString","coordinates":[[-49.29348,-24.928632],[-49.29346,-24.928628],[-49.293453,-24.928651],[-49.293477,-24.928678],[-49.293498,-24.928681],[-49.293511,-24.928661],[-49.29348,-24.928632]]}},{"type":"Feature","properties":{"alt":459.0,"mestra":false},"geometry":{"type":"LineString","coordinates":[[-49.292834,-24.92867],[-49.292834,-24.928689],[-49.292821,-24.92868],[-49.292834,-24.92867]]}},{"type":"Feature","properties":{"alt":459.0,"mestra":false},"geometry":{"type":"LineString","coordinates":[[-49.293358,-24.928961],[-49.293343,-24.928971],[-49.293357,-24.92898],[-49.293368,-24.928971],[-49.293358,-24.928961]]}},{"type":"Feature","properties":{"alt":459.0,"mestra":false},"geometry":{"type":"LineString","coordinates":[[-49.29323,-24.929027],[-49.29321,-24.929024],[-49.293195,-24.92904],[-49.29321,-24.929069],[-49.293235,-24.929059],[-49.29323,-24.929027]]}},{"type":"Feature","properties":{"alt":459.0,"mestra":false},"geometry":{"type":"LineString","coordinates":[[-49.292002,-24.929498],[-49.292018,-24.929517],[-49.292017,-24.929535],[-49.292001,-24.929551],[-49.291977,-24.929552],[-49.291959,-24.929534],[-49.29196,-24.929516],[-49.291979,-24.929499],[-49.292002,-24.929498]]}},{"type":"Feature","properties":{"alt":459.0,"mestra":false},"geometry":{"type":"LineString","coordinates":[[-49.293151,-24.92981],[-49.293176,-24.929851],[-49.293172,-24.929878],[-49.29313,-24.929899],[-49.293089,-24.929895],[-49.293071,-24.929868],[-49.293082,-24.929837],[-49.293121,-24.929809],[-49.293151,-24.92981]]}},{"type":"Feature","properties":{"alt":459.0,"mestra":false},"geometry":{"type":"LineString","coordinates":[[-49.293915,-24.930372],[-49.293921,-24.930385],[-49.293905,-24.930397],[-49.293898,-24.930376],[-49.293915,-24.930372]]}},{"type":"Feature","properties":{"alt":459.0,"mestra":false},"geometry":{"type":"LineString","coordinates":[[-49.293846,-24.930427],[-49.293945,-24.930448],[-49.293903,-24.930548],[-49.293863,-24.930573],[-49.293834,-24.930563],[-49.293785,-24.930491],[-49.293738,-24.930467],[-49.293728,-24.930437],[-49.293738,-24.930422],[-49.293846,-24.930427]]}},{"type":"Feature","properties":{"alt":459.0,"mestra":false},"geometry":{"type":"LineString","coordinates":[[-49.294633,-24.930774],[-49.294535,-24.930797],[-49.29452,-24.93082],[-49.294524,-24.930849],[-49.294553,-24.930867],[-49.294612,-24.930879],[-49.29467,-24.930866],[-49.294683,-24.930849],[-49.29468,-24.930822],[-49.294633,-24.930774]]}},{"type":"Feature","properties":{"alt":460.0,"mestra":true},"geometry":{"type":"LineString","coordinates":[[-49.29219,-24.927735],[-49.292194,-24.92779],[-49.292171,-24.927863],[-49.292131,-24.927879],[-49.292041,-24.927884]]}},{"type":"Feature","properties":{"alt":460.0,"mestra":true},"geometry":{"type":"LineString","coordinates":[[-49.291679,-24.929135],[-49.291742,-24.92919],[-49.29177,-24.929229],[-49.291806,-24.929408],[-49.291907,-24.929649],[-49.291933,-24.929694],[-49.292012,-24.929784],[-49.292041,-24.929847],[-49.292043,-24.929909],[-49.292018,-24.929954],[-49.291976,-24.92998],[-49.291901,-24.930001]]}},{"type":"Feature","properties":{"alt":460.0,"mestra":true},"geometry":{"type":"LineString","coordinates":[[-49.291124,-24.932195],[-49.291202,-24.932262],[-49.29124,-24.93228],[-49.291377,-24.932287],[-49.291494,-24.932254],[-49.291652,-24.932167],[-49.291788,-24.932054],[-49.29185,-24.931982],[-49.291915,-24.931949],[-49.291949,-24.931901],[-49.292066,-24.931879],[-49.292146,-24.931779],[-49.292293,-24.931762],[-49.292352,-24.931717],[-49.292422,-24.931642],[-49.292451,-24.931632],[-49.29251,-24.931639],[-49.292527,-24.931608],[-49.292573,-24.931564],[-49.292659,-24.931556],[-49.292727,-24.931489],[-49.292756,-24.931477],[-49.292815,-24.931486],[-49.292903,-24.93145],[-49.292942,-24.931462],[-49.292991,-24.931445],[-49.29304,-24.93145],[-49.293061,-24.931436],[-49.2931,-24.931378],[-49.293188,-24.931378],[-49.293296,-24.931312],[-49.293374,-24.931301],[-49.293453,-24.931275],[-49.293591,-24.931206],[-49.293621,-24.931171],[-49.293662,-24.931149],[-49.293668,-24.931122],[-49.293715,-24.931052],[-49.293771,-24.930896],[-49.2938,-24.930902],[-49.293848,-24.930971],[-49.293851,-24.931017],[-49.293833,-24.931062],[-49.293838,-24.93116],[-49.29381,-24.931213],[-49.293806,-24.931249],[-49.293815,-24.931265],[-49.293834,-24.931269],[-49.293864,-24.931263],[-49.293884,-24.931241],[-49.293876,-24.93116],[-49.293922,-24.931107],[-49.293945,-24.931002],[-49.294024,-24.930937],[-49.294093,-24.930921],[-49.294318,-24.930926],[-49.294386,-24.93098],[-49.294414,-24.93097],[-49.294426,-24.930944],[-49.294426,-24.930899],[-49.294358,-24.930861],[-49.294259,-24.930764],[-49.294245,-24.930701],[-49.294251,-24.930657],[-49.294225,-24.930603],[-49.294246,-24.93055],[-49.294208,-24.930478],[-49.294168,-24.930459],[-49.294128,-24.930486],[-49.294109,-24.930488],[-49.294071,-24.930432],[-49.294091,-24.930368],[-49.294131,-24.930324],[-49.294131,-24.930305],[-49.294092,-24.93032],[-49.294023,-24.930317],[-49.293926,-24.930288],[-49.293848,-24.930313],[-49.29379,-24.930348],[-49.293747,-24.930392],[-49.293742,-24.930401],[-49.293753,-24.93041],[-49.293777,-24.930419],[-49.293865,-24.93042],[-49.293883,-24.930412],[-49.293895,-24.930367],[-49.293915,-24.930364],[-49.293932,-24.930377],[-49.293936,-24.930403],[-49.293981,-24.93044],[-49.293898,-24.930563],[-49.293863,-24.930585],[-49.293834,-24.930587],[-49.293783,-24.930509],[-49.293725,-24.930472],[-49.293709,-24.93042],[-49.293652,-24.930338],[-49.293589,-24.93031],[-49.293525,-24.9303],[-49.293477,-24.930263],[-49.293399,-24.930242],[-49.293332,-24.930138],[-49.293337,-24.930103],[-49.293303,-24.930082],[-49.293256,-24.929981],[-49.293248,-24.929932],[-49.293218,-24.9299],[-49.293189,-24.929882],[-49.2931,-24.929901],[-49.293081,-24.929892],[-49.293068,-24.929868],[-49.293082,-24.929831],[-49.293121,-24.929796],[-49.293161,-24.929787],[-49.293168,-24.929762],[-49.293151,-24.929744],[-49.293122,-24.929735],[-49.293125,-24.929646],[-49.293085,-24.929618],[-49.293061,-24.929511],[-49.293037,-24.929466],[-49.293043,-24.92944],[-49.293022,-24.929413],[-49.293012,-24.929332],[-49.293018,-24.92927],[-49.292994,-24.929163],[-49.293028,-24.928976],[-49.293066,-24.928923],[-49.293082,-24.928834],[-49.293115,-24.928781],[-49.293138,-24.928763],[-49.293148,-24.928728],[-49.293181,-24.92871],[-49.293175,-24.928666],[-49.293218,-24.928622],[-49.293266,-24.928518],[-49.293453,-24.928304],[-49.293609,-24.928243],[-49.293632,-24.928199],[-49.293675,-24.928164],[-49.293678,-24.928146],[-49.293658,-24.928101],[-49.293656,-24.928047],[-49.293689,-24.927985],[-49.293679,-24.927914],[-49.293692,-24.927834],[-49.293671,-24.927771],[-49.293629,-24.927734],[-49.29357,-24.927719],[-49.293532,-24.927652],[-49.293435,-24.927628],[-49.293396,-24.927583],[-49.293377,-24.927576],[-49.293299,-24.927584],[-49.29324,-24.927605],[-49.293177,-24.927685],[-49.293155,-24.927694],[-49.293131,-24.927689],[-49.293111,-24.927667],[-49.293112,-24.927652],[-49.293171,-24.927639],[-49.293195,-24.927588],[-49.293162,-24.927544],[-49.292976,-24.927586],[-49.292946,-24.927612],[-49.292926,-24.927675],[-49.292906,-24.927688],[-49.292789,-24.927676],[-49.292731,-24.927658],[-49.292605,-24.927697],[-49.29258,-24.927714],[-49.292566,-24.927741],[-49.292603,-24.927821],[-49.292522,-24.927884],[-49.292444,-24.927885],[-49.292328,-24.927831],[-49.292279,-24.927823],[-49.292228,-24.927782],[-49.292226,-24.927733]]}},{"type":"Feature","properties":{"alt":460.0,"mestra":true},"geometry":{"type":"LineString","coordinates":[[-49.29364,-24.927616],[-49.293607,-24.927619],[-49.2936,-24.927637],[-49.293659,-24.927662],[-49.293665,-24.927646],[-49.29364,-24.927616]]}},{"type":"Feature","properties":{"alt":460.0,"mestra":true},"geometry":{"type":"LineString","coordinates":[[-49.293963,-24.928316],[-49.293924,-24.928316],[-49.293917,-24.928336],[-49.293953,-24.928341],[-49.293968,-24.928327],[-49.293963,-24.928316]]}},{"type":"Feature","properties":{"alt":460.0,"mestra":true},"geometry":{"type":"LineString","coordinates":[[-49.293489,-24.928642],[-49.29347,-24.928635],[-49.293459,-24.928642],[-49.293465,-24.92866],[-49.293489,-24.928676],[-49.293504,-24.928661],[-49.293489,-24.928642]]}},{"type":"Feature","properties":{"alt":460.0,"mestra":true},"geometry":{"type":"LineString","coordinates":[[-49.292834,-24.928669],[-49.292842,-24.92868],[-49.292824,-24.928689],[-49.292823,-24.928671],[-49.292834,-24.928669]]}},{"type":"Feature","properties":{"alt":460.0,"mestra":true},"geometry":{"type":"LineString","coordinates":[[-49.29323,-24.929031],[-49.29321,-24.929027],[-49.2932,-24.929036],[-49.29321,-24.929065],[-49.293231,-24.929059],[-49.29323,-24.929031]]}},{"type":"Feature","properties":{"alt":460.0,"mestra":true},"geometry":{"type":"LineString","coordinates":[[-49.292002,-24.929496],[-49.292017,-24.929508],[-49.292019,-24.929535],[-49.292001,-24.929553],[-49.291971,-24.929552],[-49.291956,-24.929534],[-49.291958,-24.929516],[-49.291974,-24.929499],[-49.292002,-24.929496]]}},{"type":"Feature","properties":{"alt":460.0,"mestra":true},"geometry":{"type":"LineString","coordinates":[[-49.293152,-24.92969],[-49.293152,-24.92969]]}},{"type":"Feature","properties":{"alt":460.0,"mestra":true},"geometry":{"type":"LineString","coordinates":[[-49.29319,-24.929802],[-49.293162,-24.929806],[-49.29318,-24.929837],[-49.293197,-24.929825],[-49.29319,-24.929802]]}},{"type":"Feature","properties":{"alt":460.0,"mestra":true},"geometry":{"type":"LineString","coordinates":[[-49.293882,-24.930643],[-49.293882,-24.930652],[-49.293868,-24.930643],[-49.293882,-24.930643]]}},{"type":"Feature","properties":{"alt":460.0,"mestra":true},"geometry":{"type":"LineString","coordinates":[[-49.293901,-24.930652],[-49.293911,-24.930662],[-49.293882,-24.930652],[-49.293901,-24.930652]]}},{"type":"Feature","properties":{"alt":460.0,"mestra":true},"geometry":{"type":"LineString","coordinates":[[-49.294642,-24.930786],[-49.294623,-24.930779],[-49.294544,-24.930797],[-49.294528,-24.930811],[-49.294531,-24.930838],[-49.294583,-24.930868],[-49.294651,-24.930866],[-49.29467,-24.930849],[-49.294671,-24.930831],[-49.294642,-24.930786]]}},{"type":"Feature","properties":{"alt":461.0,"mestra":false},"geometry":{"type":"LineString","coordinates":[[-49.291686,-24.929128],[-49.291771,-24.92922],[-49.291791,-24.929274],[-49.291812,-24.929408],[-49.291911,-24.929641],[-49.291942,-24.929694],[-49.292019,-24.929784],[-49.292053,-24.929856],[-49.292053,-24.929918],[-49.292026,-24.929963],[-49.291982,-24.929989],[-49.291905,-24.930004]]}},{"type":"Feature","properties":{"alt":461.0,"mestra":false},"geometry":{"type":"LineString","coordinates":[[-49.291124,-24.932169],[-49.291211,-24.932249],[-49.29124,-24.932264],[-49.291377,-24.932271],[-49.291484,-24.932238],[-49.291642,-24.932155],[-49.291761,-24.932069],[-49.29185,-24.931971],[-49.291915,-24.93194],[-49.291942,-24.931896],[-49.292057,-24.931874],[-49.292146,-24.931774],[-49.292293,-24.931759],[-49.292352,-24.931714],[-49.292422,-24.931637],[-49.292461,-24.931629],[-49.29251,-24.931635],[-49.292527,-24.931599],[-49.292567,-24.931564],[-49.292657,-24.931556],[-49.292727,-24.931484],[-49.292766,-24.931472],[-49.292825,-24.931482],[-49.292903,-24.931446],[-49.292942,-24.931459],[-49.292991,-24.931443],[-49.29304,-24.931448],[-49.29306,-24.931435],[-49.2931,-24.931374],[-49.293188,-24.931375],[-49.293296,-24.931306],[-49.293374,-24.931298],[-49.293463,-24.931269],[-49.293591,-24.9312],[-49.293621,-24.93116],[-49.293645,-24.931149],[-49.293651,-24.931117],[-49.293699,-24.93106],[-49.293751,-24.930909],[-49.293748,-24.930829],[-49.293699,-24.930722],[-49.293581,-24.930551],[-49.293604,-24.930507],[-49.293571,-24.930474],[-49.293523,-24.93047],[-49.293427,-24.93034],[-49.293322,-24.930147],[-49.293328,-24.930111],[-49.293291,-24.930084],[-49.293247,-24.929977],[-49.293241,-24.929932],[-49.293189,-24.929891],[-49.293104,-24.929904],[-49.293068,-24.929877],[-49.293071,-24.929841],[-49.293112,-24.92978],[-49.293151,-24.929785],[-49.293162,-24.929762],[-49.293142,-24.929748],[-49.293112,-24.929758],[-49.293105,-24.929699],[-49.293117,-24.929654],[-49.293077,-24.929618],[-49.293057,-24.92952],[-49.293011,-24.929413],[-49.293004,-24.92935],[-49.293011,-24.929261],[-49.292987,-24.929163],[-49.293014,-24.928985],[-49.293057,-24.928932],[-49.293072,-24.928843],[-49.293142,-24.928728],[-49.293178,-24.92871],[-49.293168,-24.928666],[-49.293216,-24.928618],[-49.293257,-24.928524],[-49.293445,-24.9283],[-49.293602,-24.928242],[-49.293619,-24.928225],[-49.293622,-24.928194],[-49.293671,-24.928163],[-49.293672,-24.92814],[-49.293647,-24.92811],[-49.293642,-24.928047],[-49.293651,-24.928012],[-49.293679,-24.927976],[-49.293667,-24.927923],[-49.293671,-24.927798],[-49.293619,-24.927745],[-49.29357,-24.927728],[-49.293527,-24.927663],[-49.293425,-24.927635],[-49.293394,-24.92759],[-49.293377,-24.927582],[-49.293239,-24.927631],[-49.293199,-24.927697],[-49.29316,-24.927714],[-49.293131,-24.927706],[-49.293056,-24.927648],[-49.293047,-24.927613],[-49.292995,-24.927604],[-49.292956,-24.927622],[-49.292916,-24.927698],[-49.29274,-24.927672],[-49.292672,-24.927688],[-49.292622,-24.927715],[-49.2926,-24.92775],[-49.292613,-24.927822],[-49.292541,-24.927931],[-49.292454,-24.927898],[-49.292366,-24.927891],[-49.292308,-24.927852],[-49.292249,-24.927837],[-49.29222,-24.927848],[-49.29219,-24.927888],[-49.29216,-24.927908],[-49.292043,-24.92792]]}},{"type":"Feature","properties":{"alt":461.0,"mestra":false},"geometry":{"type":"LineString","coordinates":[[-49.293152,-24.927569],[-49.293117,-24.927578],[-49.293094,-24.927604],[-49.293132,-24.927633],[-49.293161,-24.92763],[-49.293178,-24.927596],[-49.293175,-24.927578],[-49.293152,-24.927569]]}},{"type":"Feature","properties":{"alt":461.0,"mestra":false},"geometry":{"type":"LineString","coordinates":[[-49.29363,-24.927619],[-49.29361,-24.927628],[-49.293613,-24.927637],[-49.29365,-24.927645],[-49.29365,-24.927628],[-49.29363,-24.927619]]}},{"type":"Feature","properties":{"alt":461.0,"mestra":false},"geometry":{"type":"LineString","coordinates":[[-49.293943,-24.928323],[-49.293933,-24.928332],[-49.293951,-24.928327],[-49.293943,-24.928323]]}},{"type":"Feature","properties":{"alt":461.0,"mestra":false},"geometry":{"type":"LineString","coordinates":[[-49.293489,-24.92865],[-49.293469,-24.928651],[-49.293489,-24.928666],[-49.293489,-24.92865]]}},{"type":"Feature","properties":{"alt":461.0,"mestra":false},"geometry":{"type":"LineString","coordinates":[[-49.292834,-24.928667],[-49.292844,-24.92868],[-49.292834,-24.928692],[-49.292818,-24.92868],[-49.292834,-24.928667]]}},{"type":"Feature","properties":{"alt":461.0,"mestra":false},"geometry":{"type":"LineString","coordinates":[[-49.29322,-24.929029],[-49.293201,-24.92904],[-49.29321,-24.929061],[-49.293232,-24.92905],[-49.29322,-24.929029]]}},{"type":"Feature","properties":{"alt":461.0,"mestra":false},"geometry":{"type":"LineString","coordinates":[[-49.292011,-24.929499],[-49.292022,-24.929517],[-49.292015,-24.929544],[-49.291991,-24.929557],[-49.291967,-24.929552],[-49.291953,-24.929534],[-49.29196,-24.929507],[-49.291982,-24.929493],[-49.292011,-24.929499]]}},{"type":"Feature","properties":{"alt":461.0,"mestra":false},"geometry":{"type":"LineString","coordinates":[[-49.29318,-24.929805],[-49.293169,-24.929815],[-49.29318,-24.929828],[-49.293192,-24.929816],[-49.29318,-24.929805]]}},{"type":"Feature","properties":{"alt":461.0,"mestra":false},"geometry":{"type":"LineString","coordinates":[[-49.293955,-24.930296],[-49.29391,-24.930296],[-49.293808,-24.930341],[-49.29377,-24.930393],[-49.293787,-24.930412],[-49.293856,-24.930411],[-49.293876,-24.930398],[-49.293886,-24.930367],[-49.293915,-24.930358],[-49.293938,-24.930368],[-49.293994,-24.930431],[-49.293982,-24.930469],[-49.293874,-24.930599],[-49.29393,-24.930672],[-49.293911,-24.930683],[-49.293852,-24.930678],[-49.293813,-24.930656],[-49.293801,-24.930669],[-49.293835,-24.930705],[-49.293836,-24.93075],[-49.293862,-24.930839],[-49.293874,-24.930955],[-49.293867,-24.931018],[-49.293843,-24.931062],[-49.293853,-24.931116],[-49.293875,-24.931127],[-49.293905,-24.931114],[-49.293919,-24.93109],[-49.293915,-24.931009],[-49.293926,-24.930969],[-49.294025,-24.930905],[-49.294074,-24.930895],[-49.294259,-24.930904],[-49.294304,-24.930889],[-49.294317,-24.930862],[-49.294302,-24.930827],[-49.29425,-24.930764],[-49.294239,-24.930701],[-49.294249,-24.930666],[-49.29422,-24.930603],[-49.294244,-24.930559],[-49.294207,-24.930484],[-49.294178,-24.930467],[-49.294125,-24.930495],[-49.294099,-24.930492],[-49.294042,-24.930423],[-49.294071,-24.930387],[-49.294082,-24.930343],[-49.294062,-24.930331],[-49.294004,-24.930323],[-49.293955,-24.930296]]}},{"type":"Feature","properties":{"alt":461.0,"mestra":false},"geometry":{"type":"LineString","coordinates":[[-49.294121,-24.930313],[-49.294121,-24.93032],[-49.294121,-24.930313]]}},{"type":"Feature","properties":{"alt":461.0,"mestra":false},"geometry":{"type":"LineString","coordinates":[[-49.293593,-24.930343],[-49.293578,-24.930346],[-49.293597,-24.930364],[-49.29359,-24.9304],[-49.293599,-24.930417],[-49.29365,-24.930422],[-49.293662,-24.9304],[-49.293651,-24.930367],[-49.293632,-24.93035],[-49.293593,-24.930343]]}},{"type":"Feature","properties":{"alt":461.0,"mestra":false},"geometry":{"type":"LineString","coordinates":[[-49.293776,-24.930549],[-49.293776,-24.930557],[-49.293776,-24.930549]]}},{"type":"Feature","properties":{"alt":461.0,"mestra":false},"geometry":{"type":"LineString","coordinates":[[-49.293755,-24.930649],[-49.293744,-24.93066],[-49.293764,-24.93068],[-49.293775,-24.930669],[-49.293755,-24.930649]]}},{"type":"Feature","properties":{"alt":461.0,"mestra":false},"geometry":{"type":"LineString","coordinates":[[-49.293725,-24.930714],[-49.293711,-24.930731],[-49.29373,-24.930731],[-49.293725,-24.930714]]}},{"type":"Feature","properties":{"alt":461.0,"mestra":false},"geometry":{"type":"LineString","coordinates":[[-49.294632,-24.930788],[-49.294544,-24.930801],[-49.294536,-24.930829],[-49.294573,-24.930859],[-49.294641,-24.930861],[-49.29466,-24.930831],[-49.294632,-24.930788]]}},{"type":"Feature","properties":{"alt":461.0,"mestra":false},"geometry":{"type":"LineString","coordinates":[[-49.293781,-24.930862],[-49.293765,-24.930865],[-49.293765,-24.930874],[-49.293781,-24.930874],[-49.293781,-24.930862]]}},{"type":"Feature","properties":{"alt":461.0,"mestra":false},"geometry":{"type":"LineString","coordinates":[[-49.294396,-24.930916],[-49.294377,-24.93092],[-49.294368,-24.930943],[-49.294376,-24.930961],[-49.294395,-24.930969],[-49.294415,-24.930944],[-49.294396,-24.930916]]}},{"type":"Feature","properties":{"alt":461.0,"mestra":false},"geometry":{"type":"LineString","coordinates":[[-49.293865,-24.931193],[-49.293845,-24.931188],[-49.293821,-24.931204],[-49.293815,-24.931259],[-49.293844,-24.931265],[-49.293872,-24.931249],[-49.293881,-24.931223],[-49.293865,-24.931193]]}},{"type":"Feature","properties":{"alt":462.0,"mestra":false},"geometry":{"type":"LineString","coordinates":[[-49.291694,-24.929122],[-49.291742,-24.929169],[-49.291782,-24.929229],[-49.291818,-24.929408],[-49.291923,-24.92965],[-49.292033,-24.929793],[-49.292063,-24.929856],[-49.292064,-24.929919],[-49.292034,-24.92997],[-49.291985,-24.929999],[-49.291906,-24.930014]]}},{"type":"Feature","properties":{"alt":462.0,"mestra":false},"geometry":{"type":"LineString","coordinates":[[-49.296363,-24.932181],[-49.296372,-24.932196]]}},{"type":"Feature","properties":{"alt":462.0,"mestra":false},"geometry":{"type":"LineString","coordinates":[[-49.291125,-24.93214],[-49.291221,-24.932237],[-49.291309,-24.932257],[-49.291377,-24.932253],[-49.291574,-24.93218],[-49.291769,-24.932054],[-49.29184,-24.931968],[-49.291909,-24.931935],[-49.291937,-24.931887],[-49.292057,-24.931863],[-49.292146,-24.931769],[-49.292293,-24.931757],[-49.29235,-24.931713],[-49.292372,-24.931677],[-49.292422,-24.931633],[-49.292461,-24.931625],[-49.2925,-24.931633],[-49.292517,-24.931599],[-49.292569,-24.93156],[-49.292657,-24.931554],[-49.292727,-24.931479],[-49.292766,-24.931468],[-49.292825,-24.93148],[-49.292903,-24.931443],[-49.292942,-24.931456],[-49.292991,-24.931441],[-49.29304,-24.931447],[-49.2931,-24.931369],[-49.293188,-24.931373],[-49.293296,-24.9313],[-49.293374,-24.931294],[-49.293404,-24.931277],[-49.293463,-24.931267],[-49.293591,-24.931194],[-49.293631,-24.931122],[-49.293695,-24.931051],[-49.293747,-24.930909],[-49.293739,-24.930829],[-49.293683,-24.930713],[-49.29358,-24.930577],[-49.293567,-24.930515],[-49.29354,-24.930506],[-49.293503,-24.930468],[-49.293388,-24.9303],[-49.293313,-24.930147],[-49.293316,-24.930111],[-49.293284,-24.930087],[-49.293256,-24.930021],[-49.293236,-24.929932],[-49.293188,-24.929897],[-49.2931,-24.929905],[-49.293065,-24.929877],[-49.293064,-24.92985],[-49.2931,-24.929779],[-49.293101,-24.929654],[-49.293073,-24.929627],[-49.293051,-24.92952],[-49.293,-24.929403],[-49.293006,-24.929261],[-49.292981,-24.929163],[-49.293004,-24.928976],[-49.293047,-24.928941],[-49.293063,-24.928852],[-49.293106,-24.928763],[-49.29314,-24.928719],[-49.293176,-24.928707],[-49.29316,-24.928666],[-49.293215,-24.928613],[-49.293258,-24.928515],[-49.293445,-24.928289],[-49.293602,-24.928238],[-49.293615,-24.928216],[-49.2936,-24.92818],[-49.293642,-24.92818],[-49.293667,-24.928163],[-49.29367,-24.928146],[-49.293633,-24.92811],[-49.293625,-24.928047],[-49.29363,-24.928011],[-49.293655,-24.927967],[-49.293657,-24.927798],[-49.29357,-24.927739],[-49.293521,-24.927672],[-49.293493,-24.92766],[-49.293454,-24.927663],[-49.293405,-24.927639],[-49.293377,-24.927589],[-49.293338,-24.927598],[-49.293298,-24.927628],[-49.293249,-24.92764],[-49.293213,-24.927713],[-49.293169,-24.927732],[-49.29313,-24.927722],[-49.293024,-24.927632],[-49.292985,-24.927624],[-49.292956,-24.92764],[-49.292932,-24.9277],[-49.292916,-24.927713],[-49.292828,-24.927686],[-49.29276,-24.927686],[-49.292691,-24.927701],[-49.292652,-24.927721],[-49.292623,-24.927759],[-49.292621,-24.927822],[-49.292551,-24.927944],[-49.292521,-24.927943],[-49.292448,-24.927909],[-49.292356,-24.927917],[-49.292298,-24.927867],[-49.292259,-24.927857],[-49.292239,-24.927863],[-49.292189,-24.927921],[-49.29214,-24.927956],[-49.292052,-24.927993],[-49.29203,-24.927986]]}},{"type":"Feature","properties":{"alt":462.0,"mestra":false},"geometry":{"type":"LineString","coordinates":[[-49.293152,-24.927596],[-49.293139,-24.927605],[-49.293142,-24.927616],[-49.293152,-24.927614],[-49.293152,-24.927596]]}},{"type":"Feature","properties":{"alt":462.0,"mestra":false},"geometry":{"type":"LineString","coordinates":[[-49.292834,-24.928665],[-49.292846,-24.92868],[-49.292834,-24.928694],[-49.292816,-24.928679],[-49.292834,-24.928665]]}},{"type":"Feature","properties":{"alt":462.0,"mestra":false},"geometry":{"type":"LineString","coordinates":[[-49.29322,-24.929033],[-49.293204,-24.92904],[-49.29321,-24.929058],[-49.293228,-24.92905],[-49.29322,-24.929033]]}},{"type":"Feature","properties":{"alt":462.0,"mestra":false},"geometry":{"type":"LineString","coordinates":[[-49.292011,-24.929497],[-49.292024,-24.929517],[-49.292017,-24.929544],[-49.291991,-24.929558],[-49.291963,-24.929552],[-49.29195,-24.929534],[-49.291957,-24.929507],[-49.291982,-24.929491],[-49.292011,-24.929497]]}},{"type":"Feature","properties":{"alt":462.0,"mestra":false},"geometry":{"type":"LineString","coordinates":[[-49.293151,-24.929757],[-49.293131,-24.929761],[-49.293141,-24.929779],[-49.293155,-24.929771],[-49.293151,-24.929757]]}},{"type":"Feature","properties":{"alt":462.0,"mestra":false},"geometry":{"type":"LineString","coordinates":[[-49.29318,-24.929814],[-49.29318,-24.929814]]}},{"type":"Feature","properties":{"alt":462.0,"mestra":false},"geometry":{"type":"LineString","coordinates":[[-49.293936,-24.930296],[-49.293808,-24.930347],[-49.293783,-24.930375],[-49.293785,-24.930402],[-49.293807,-24.930409],[-49.293856,-24.930403],[-49.293886,-24.930359],[-49.293905,-24.930353],[-49.293989,-24.930377],[-49.294012,-24.930406],[-49.294051,-24.930396],[-49.294065,-24.930369],[-49.294058,-24.930351],[-49.294003,-24.93034],[-49.293936,-24.930296]]}},{"type":"Feature","properties":{"alt":462.0,"mestra":false},"geometry":{"type":"LineString","coordinates":[[-49.293641,-24.930379],[-49.293603,-24.930382],[-49.293597,-24.9304],[-49.293611,-24.930418],[-49.293631,-24.930421],[-49.293648,-24.930409],[-49.293641,-24.930379]]}},{"type":"Feature","properties":{"alt":462.0,"mestra":false},"geometry":{"type":"LineString","coordinates":[[-49.294022,-24.930439],[-49.293889,-24.930599],[-49.293946,-24.93068],[-49.29394,-24.930695],[-49.293891,-24.930724],[-49.293869,-24.930759],[-49.293897,-24.930951],[-49.293966,-24.930919],[-49.294035,-24.930867],[-49.29423,-24.930885],[-49.29427,-24.930876],[-49.294289,-24.930853],[-49.294273,-24.930808],[-49.29424,-24.930772],[-49.294246,-24.930737],[-49.294232,-24.930701],[-49.294244,-24.930665],[-49.294214,-24.930603],[-49.29424,-24.930558],[-49.294201,-24.930487],[-49.294177,-24.930475],[-49.294128,-24.930499],[-49.294099,-24.9305],[-49.29406,-24.930456],[-49.294022,-24.930439]]}},{"type":"Feature","properties":{"alt":462.0,"mestra":false},"geometry":{"type":"LineString","coordinates":[[-49.294632,-24.9308],[-49.294554,-24.930804],[-49.294541,-24.93082],[-49.294573,-24.930852],[-49.294622,-24.930859],[-49.294647,-24.930839],[-49.294632,-24.9308]]}},{"type":"Feature","properties":{"alt":462.0,"mestra":false},"geometry":{"type":"LineString","coordinates":[[-49.293887,-24.931006],[-49.293851,-24.931062],[-49.293856,-24.931099],[-49.293875,-24.931116],[-49.2939,-24.931107],[-49.293913,-24.931081],[-49.293887,-24.931006]]}},{"type":"Feature","properties":{"alt":462.0,"mestra":false},"geometry":{"type":"LineString","coordinates":[[-49.293855,-24.931199],[-49.293835,-24.931199],[-49.29382,-24.931213],[-49.293815,-24.931249],[-49.293825,-24.931261],[-49.293854,-24.931259],[-49.293871,-24.93124],[-49.293871,-24.931214],[-49.293855,-24.931199]]}},{"type":"Feature","properties":{"alt":463.0,"mestra":false},"geometry":{"type":"LineString","coordinates":[[-49.291702,-24.929114],[-49.291742,-24.929157],[-49.291788,-24.929229],[-49.291824,-24.929408],[-49.291926,-24.929641],[-49.292048,-24.929803],[-49.292075,-24.929865],[-49.292073,-24.929928],[-49.292044,-24.929976],[-49.292004,-24.930002],[-49.291916,-24.930024],[-49.291908,-24.930034]]}},{"type":"Feature","properties":{"alt":463.0,"mestra":false},"geometry":{"type":"LineString","coordinates":[[-49.291125,-24.932114],[-49.291231,-24.932224],[-49.291289,-24.932238],[-49.291368,-24.932234],[-49.291456,-24.932208],[-49.291505,-24.932179],[-49.291567,-24.932168],[-49.291632,-24.932115],[-49.291672,-24.932103],[-49.291771,-24.932045],[-49.291841,-24.931954],[-49.291906,-24.931922],[-49.29189,-24.931894],[-49.291896,-24.931877],[-49.292047,-24.931859],[-49.292146,-24.931763],[-49.292283,-24.93176],[-49.292346,-24.931713],[-49.292372,-24.931672],[-49.292422,-24.931628],[-49.2925,-24.93162],[-49.29251,-24.931593],[-49.292569,-24.931557],[-49.292657,-24.931553],[-49.292727,-24.931474],[-49.292766,-24.931465],[-49.292825,-24.931479],[-49.292903,-24.93144],[-49.292942,-24.931453],[-49.292991,-24.931438],[-49.29304,-24.931445],[-49.2931,-24.931365],[-49.293178,-24.931374],[-49.293296,-24.931294],[-49.293375,-24.93129],[-49.293404,-24.931273],[-49.293467,-24.931263],[-49.293591,-24.931184],[-49.29362,-24.931122],[-49.293687,-24.931051],[-49.293711,-24.930961],[-49.293744,-24.9309],[-49.293733,-24.930829],[-49.293678,-24.930712],[-49.29357,-24.930575],[-49.293559,-24.930524],[-49.293487,-24.930461],[-49.293383,-24.930308],[-49.293306,-24.930147],[-49.293299,-24.930111],[-49.293275,-24.930084],[-49.293245,-24.930012],[-49.293231,-24.929932],[-49.293188,-24.929902],[-49.293091,-24.929905],[-49.293062,-24.929877],[-49.293061,-24.92985],[-49.293091,-24.929779],[-49.293086,-24.929672],[-49.293064,-24.929618],[-49.293047,-24.929526],[-49.293016,-24.929475],[-49.292989,-24.929394],[-49.293001,-24.929252],[-49.292974,-24.929154],[-49.292985,-24.929118],[-49.292981,-24.928993],[-49.292996,-24.928964],[-49.293041,-24.928932],[-49.293059,-24.928843],[-49.293086,-24.92879],[-49.293085,-24.928754],[-49.293125,-24.928728],[-49.293127,-24.928691],[-49.293206,-24.92862],[-49.293256,-24.928511],[-49.293297,-24.928471],[-49.293435,-24.928287],[-49.293465,-24.928268],[-49.293602,-24.928234],[-49.293609,-24.928216],[-49.293576,-24.92818],[-49.293594,-24.928154],[-49.293603,-24.928151],[-49.293632,-24.928174],[-49.293662,-24.928163],[-49.293662,-24.928142],[-49.293619,-24.928127],[-49.293605,-24.928038],[-49.293635,-24.927931],[-49.29364,-24.927798],[-49.293579,-24.92777],[-49.293532,-24.927697],[-49.293503,-24.927674],[-49.293444,-24.927682],[-49.293395,-24.927661],[-49.293372,-24.927599],[-49.293343,-24.927607],[-49.293308,-24.92764],[-49.293259,-24.927646],[-49.293231,-24.927722],[-49.293179,-24.927748],[-49.29314,-24.927743],[-49.293072,-24.927679],[-49.292985,-24.927639],[-49.292955,-24.927659],[-49.292935,-24.927725],[-49.292882,-24.927771],[-49.292829,-24.927771],[-49.29283,-24.927762],[-49.292898,-24.927736],[-49.292899,-24.927727],[-49.292828,-24.927694],[-49.292759,-24.9277],[-49.292675,-24.927733],[-49.292651,-24.92776],[-49.29257,-24.927942],[-49.292551,-24.927961],[-49.292531,-24.927964],[-49.292492,-24.927945],[-49.292434,-24.927935],[-49.292345,-24.927952],[-49.292289,-24.92788],[-49.292252,-24.92788],[-49.292213,-24.927933],[-49.292197,-24.927977],[-49.292214,-24.928013],[-49.292272,-24.928049],[-49.292273,-24.928085],[-49.292257,-24.928094],[-49.292119,-24.928085],[-49.292038,-24.928065],[-49.292012,-24.928051],[-49.291971,-24.928003]]}},{"type":"Feature","properties":{"alt":463.0,"mestra":false},"geometry":{"type":"LineString","coordinates":[[-49.292344,-24.928018],[-49.292347,-24.928041],[-49.292306,-24.928041],[-49.292325,-24.928018],[-49.292344,-24.928018]]}},{"type":"Feature","properties":{"alt":463.0,"mestra":false},"geometry":{"type":"LineString","coordinates":[[-49.292491,-24.928041],[-49.292499,-24.928043],[-49.292481,-24.92805],[-49.292474,-24.928043],[-49.292491,-24.928041]]}},{"type":"Feature","properties":{"alt":463.0,"mestra":false},"geometry":{"type":"LineString","coordinates":[[-49.292844,-24.92867],[-49.292843,-24.92869],[-49.292824,-24.928694],[-49.292816,-24.928671],[-49.292824,-24.928663],[-49.292844,-24.92867]]}},{"type":"Feature","properties":{"alt":463.0,"mestra":false},"geometry":{"type":"LineString","coordinates":[[-49.293166,-24.928691],[-49.293147,-24.928686],[-49.29314,-24.928701],[-49.293166,-24.928711],[-49.293166,-24.928691]]}},{"type":"Feature","properties":{"alt":463.0,"mestra":false},"geometry":{"type":"LineString","coordinates":[[-49.29322,-24.929037],[-49.293208,-24.92904],[-49.29321,-24.929053],[-49.293224,-24.92905],[-49.29322,-24.929037]]}},{"type":"Feature","properties":{"alt":463.0,"mestra":false},"geometry":{"type":"LineString","coordinates":[[-49.292002,-24.92949],[-49.292023,-24.929508],[-49.292021,-24.92954],[-49.291991,-24.929559],[-49.291962,-24.929554],[-49.291946,-24.929534],[-49.291953,-24.929507],[-49.291972,-24.929492],[-49.292002,-24.92949]]}},{"type":"Feature","properties":{"alt":463.0,"mestra":false},"geometry":{"type":"LineString","coordinates":[[-49.293945,-24.930304],[-49.293912,-24.930305],[-49.293808,-24.930353],[-49.293788,-24.930375],[-49.293787,-24.930393],[-49.293807,-24.930404],[-49.293836,-24.930402],[-49.293866,-24.930385],[-49.293886,-24.930351],[-49.293965,-24.93035],[-49.293973,-24.930333],[-49.293945,-24.930304]]}},{"type":"Feature","properties":{"alt":463.0,"mestra":false},"geometry":{"type":"LineString","coordinates":[[-49.294042,-24.930367],[-49.294025,-24.930378],[-49.294032,-24.930388],[-49.294048,-24.930378],[-49.294042,-24.930367]]}},{"type":"Feature","properties":{"alt":463.0,"mestra":false},"geometry":{"type":"LineString","coordinates":[[-49.293631,-24.930382],[-49.293604,-24.930391],[-49.293611,-24.930413],[-49.29364,-24.930409],[-49.293631,-24.930382]]}},{"type":"Feature","properties":{"alt":463.0,"mestra":false},"geometry":{"type":"LineString","coordinates":[[-49.294041,-24.930456],[-49.294021,-24.930458],[-49.293991,-24.930507],[-49.293942,-24.93054],[-49.293901,-24.93059],[-49.293908,-24.930626],[-49.293965,-24.930689],[-49.293961,-24.930778],[-49.293923,-24.930804],[-49.293905,-24.930867],[-49.293908,-24.930893],[-49.293927,-24.930902],[-49.293964,-24.930885],[-49.293956,-24.93084],[-49.293967,-24.930827],[-49.294221,-24.930861],[-49.294262,-24.930844],[-49.294259,-24.930808],[-49.294223,-24.930772],[-49.294235,-24.930737],[-49.294223,-24.930701],[-49.294239,-24.930665],[-49.294207,-24.930603],[-49.294234,-24.930567],[-49.294234,-24.930549],[-49.294205,-24.930522],[-49.294187,-24.930485],[-49.294099,-24.930508],[-49.294041,-24.930456]]}},{"type":"Feature","properties":{"alt":463.0,"mestra":false},"geometry":{"type":"LineString","coordinates":[[-49.294603,-24.930803],[-49.294554,-24.930811],[-49.294551,-24.93082],[-49.294581,-24.930848],[-49.294622,-24.930849],[-49.294632,-24.930821],[-49.294603,-24.930803]]}},{"type":"Feature","properties":{"alt":463.0,"mestra":false},"geometry":{"type":"LineString","coordinates":[[-49.293886,-24.931043],[-49.293867,-24.931046],[-49.293859,-24.931062],[-49.293862,-24.931098],[-49.293875,-24.931109],[-49.293905,-24.931089],[-49.293886,-24.931043]]}},{"type":"Feature","properties":{"alt":463.0,"mestra":false},"geometry":{"type":"LineString","coordinates":[[-49.293845,-24.931204],[-49.29382,-24.931222],[-49.29382,-24.931249],[-49.293834,-24.93126],[-49.293859,-24.931249],[-49.293868,-24.931232],[-49.293863,-24.931214],[-49.293845,-24.931204]]}},{"type":"Feature","properties":{"alt":464.0,"mestra":false},"geometry":{"type":"LineString","coordinates":[[-49.291711,-24.929106],[-49.29179,-24.929222],[-49.29183,-24.929408],[-49.291929,-24.929632],[-49.292058,-24.929803],[-49.292085,-24.929865],[-49.292084,-24.929928],[-49.292054,-24.929982],[-49.292004,-24.930013],[-49.291911,-24.930037]]}},{"type":"Feature","properties":{"alt":464.0,"mestra":false},"geometry":{"type":"LineString","coordinates":[[-49.291129,-24.932088],[-49.291231,-24.932203],[-49.29126,-24.932219],[-49.291368,-24.932215],[-49.291564,-24.932141],[-49.291649,-24.932088],[-49.291654,-24.932071],[-49.291712,-24.93207],[-49.291762,-24.932045],[-49.29186,-24.931913],[-49.291873,-24.931868],[-49.292047,-24.931851],[-49.292146,-24.931758],[-49.292283,-24.931757],[-49.292342,-24.931713],[-49.292412,-24.931631],[-49.292488,-24.931608],[-49.292507,-24.931572],[-49.292501,-24.931552],[-49.29253,-24.931569],[-49.292579,-24.931552],[-49.292657,-24.931551],[-49.292707,-24.931482],[-49.292747,-24.931463],[-49.292815,-24.931478],[-49.292903,-24.931436],[-49.292952,-24.931449],[-49.292991,-24.931436],[-49.29304,-24.931443],[-49.293065,-24.931418],[-49.29308,-24.931374],[-49.2931,-24.93136],[-49.293178,-24.931371],[-49.293296,-24.931289],[-49.293375,-24.931284],[-49.293404,-24.931269],[-49.293463,-24.931262],[-49.293581,-24.931179],[-49.29361,-24.931122],[-49.293674,-24.93106],[-49.293711,-24.930945],[-49.29374,-24.9309],[-49.293727,-24.930865],[-49.293728,-24.930829],[-49.29368,-24.930721],[-49.29357,-24.930585],[-49.293548,-24.930524],[-49.29348,-24.930461],[-49.293378,-24.930314],[-49.293238,-24.930012],[-49.293233,-24.929941],[-49.293188,-24.929906],[-49.293091,-24.929907],[-49.293059,-24.929877],[-49.293057,-24.92985],[-49.293084,-24.929779],[-49.293078,-24.929681],[-49.293041,-24.929529],[-49.293008,-24.929475],[-49.292981,-24.929394],[-49.292996,-24.929243],[-49.292966,-24.929154],[-49.292975,-24.929109],[-49.292965,-24.928993],[-49.293037,-24.928878],[-49.293068,-24.928745],[-49.293118,-24.928674],[-49.293206,-24.928613],[-49.293257,-24.928504],[-49.293296,-24.928464],[-49.293436,-24.928274],[-49.293465,-24.928256],[-49.293543,-24.928248],[-49.293603,-24.928225],[-49.293595,-24.928207],[-49.293558,-24.92818],[-49.293599,-24.9281],[-49.293582,-24.92802],[-49.29362,-24.927904],[-49.293608,-24.927807],[-49.29356,-24.927788],[-49.293531,-24.927716],[-49.293493,-24.927683],[-49.293453,-24.927709],[-49.293434,-24.927709],[-49.293375,-24.927692],[-49.293337,-24.927661],[-49.293278,-24.92765],[-49.293263,-24.92766],[-49.293259,-24.927713],[-49.293241,-24.92774],[-49.293208,-24.927758],[-49.293159,-24.927764],[-49.29312,-24.927746],[-49.293065,-24.927684],[-49.292985,-24.927653],[-49.292965,-24.927664],[-49.292954,-24.927692],[-49.292957,-24.927719],[-49.292986,-24.927755],[-49.292973,-24.927778],[-49.292836,-24.927789],[-49.292817,-24.927776],[-49.292817,-24.927758],[-49.292864,-24.927735],[-49.292866,-24.927718],[-49.292828,-24.927705],[-49.292769,-24.927715],[-49.29272,-24.927734],[-49.29265,-24.927803],[-49.292602,-24.927875],[-49.292575,-24.927955],[-49.29255,-24.927982],[-49.292531,-24.927986],[-49.292482,-24.927952],[-49.292433,-24.927951],[-49.292409,-24.927962],[-49.29241,-24.927989],[-49.292439,-24.928007],[-49.292416,-24.928033],[-49.292432,-24.928059],[-49.292452,-24.928054],[-49.292462,-24.928026],[-49.292471,-24.928024],[-49.29252,-24.928027],[-49.292537,-24.928052],[-49.29253,-24.928065],[-49.292431,-24.928109],[-49.292275,-24.928117],[-49.292119,-24.928103],[-49.292011,-24.928069],[-49.291959,-24.928023]]}},{"type":"Feature","properties":{"alt":464.0,"mestra":false},"geometry":{"type":"LineString","coordinates":[[-49.293347,-24.927625],[-49.293337,-24.927654],[-49.293349,-24.927643],[-49.293347,-24.927625]]}},{"type":"Feature","properties":{"alt":464.0,"mestra":false},"geometry":{"type":"LineString","coordinates":[[-49.292729,-24.927787],[-49.292746,-24.927805],[-49.292714,-24.927796],[-49.292714,-24.927787],[-49.292729,-24.927787]]}},{"type":"Feature","properties":{"alt":464.0,"mestra":false},"geometry":{"type":"LineString","coordinates":[[-49.292816,-24.927831],[-49.292826,-24.92786],[-49.292818,-24.927922],[-49.292776,-24.927944],[-49.292784,-24.927895],[-49.292772,-24.927832],[-49.292787,-24.927824],[-49.292816,-24.927831]]}},{"type":"Feature","properties":{"alt":464.0,"mestra":false},"geometry":{"type":"LineString","coordinates":[[-49.292278,-24.927897],[-49.292256,-24.927907],[-49.292236,-24.92796],[-49.292246,-24.927996],[-49.292276,-24.928019],[-49.292306,-24.928005],[-49.292313,-24.927979],[-49.292305,-24.927934],[-49.292278,-24.927897]]}},{"type":"Feature","properties":{"alt":464.0,"mestra":false},"geometry":{"type":"LineString","coordinates":[[-49.293652,-24.928142],[-49.293632,-24.928145],[-49.293631,-24.928163],[-49.293655,-24.928163],[-49.293652,-24.928142]]}},{"type":"Feature","properties":{"alt":464.0,"mestra":false},"geometry":{"type":"LineString","coordinates":[[-49.292834,-24.928662],[-49.292849,-24.92868],[-49.292834,-24.928698],[-49.292813,-24.928679],[-49.292834,-24.928662]]}},{"type":"Feature","properties":{"alt":464.0,"mestra":false},"geometry":{"type":"LineString","coordinates":[[-49.293166,-24.9287],[-49.293154,-24.928701],[-49.293166,-24.9287]]}},{"type":"Feature","properties":{"alt":464.0,"mestra":false},"geometry":{"type":"LineString","coordinates":[[-49.29322,-24.929046],[-49.29322,-24.929046]]}},{"type":"Feature","properties":{"alt":464.0,"mestra":false},"geometry":{"type":"LineString","coordinates":[[-49.292002,-24.929488],[-49.292025,-24.929508],[-49.292025,-24.929535],[-49.292001,-24.929558],[-49.291962,-24.929557],[-49.291942,-24.929534],[-49.291949,-24.929507],[-49.291972,-24.929489],[-49.292002,-24.929488]]}},{"type":"Feature","properties":{"alt":464.0,"mestra":false},"geometry":{"type":"LineString","coordinates":[[-49.293945,-24.930313],[-49.293906,-24.930314],[-49.293886,-24.930337],[-49.293945,-24.930341],[-49.293955,-24.930332],[-49.293945,-24.930313]]}},{"type":"Feature","properties":{"alt":464.0,"mestra":false},"geometry":{"type":"LineString","coordinates":[[-49.293857,-24.930352],[-49.293808,-24.930358],[-49.293793,-24.930375],[-49.293795,-24.930393],[-49.293817,-24.9304],[-49.293856,-24.930385],[-49.293857,-24.930352]]}},{"type":"Feature","properties":{"alt":464.0,"mestra":false},"geometry":{"type":"LineString","coordinates":[[-49.293631,-24.930388],[-49.293612,-24.930388],[-49.293611,-24.930407],[-49.293633,-24.930409],[-49.293631,-24.930388]]}},{"type":"Feature","properties":{"alt":464.0,"mestra":false},"geometry":{"type":"LineString","coordinates":[[-49.29405,-24.930474],[-49.294024,-24.930476],[-49.294009,-24.93052],[-49.293942,-24.930551],[-49.293906,-24.930599],[-49.293915,-24.930626],[-49.293979,-24.93068],[-49.293989,-24.930787],[-49.294026,-24.93081],[-49.294231,-24.930821],[-49.294233,-24.930808],[-49.294212,-24.930804],[-49.2942,-24.930781],[-49.294218,-24.930736],[-49.294213,-24.930701],[-49.294234,-24.930665],[-49.294199,-24.930594],[-49.294227,-24.930567],[-49.294227,-24.930549],[-49.294177,-24.930503],[-49.294079,-24.930513],[-49.29405,-24.930474]]}},{"type":"Feature","properties":{"alt":464.0,"mestra":false},"geometry":{"type":"LineString","coordinates":[[-49.294593,-24.930811],[-49.294574,-24.930814],[-49.294569,-24.93083],[-49.294608,-24.930839],[-49.294611,-24.930821],[-49.294593,-24.930811]]}},{"type":"Feature","properties":{"alt":464.0,"mestra":false},"geometry":{"type":"LineString","coordinates":[[-49.293876,-24.931062],[-49.293867,-24.931089],[-49.293885,-24.931101],[-49.293899,-24.93108],[-49.293876,-24.931062]]}},{"type":"Feature","properties":{"alt":464.0,"mestra":false},"geometry":{"type":"LineString","coordinates":[[-49.293855,-24.931213],[-49.293835,-24.93121],[-49.293824,-24.931222],[-49.293824,-24.931249],[-49.293834,-24.931256],[-49.293859,-24.93124],[-49.293855,-24.931213]]}},{"type":"Feature","properties":{"alt":465.0,"mestra":true},"geometry":{"type":"LineString","coordinates":[[-49.291721,-24.929097],[-49.291748,-24.929122],[-49.291795,-24.92922],[-49.291837,-24.929411],[-49.29191,-24.929551],[-49.291936,-24.929632],[-49.292068,-24.929803],[-49.292095,-24.929865],[-49.292092,-24.929937],[-49.29206,-24.92999],[-49.292004,-24.930023],[-49.291914,-24.93004]]}},{"type":"Feature","properties":{"alt":465.0,"mestra":true},"geometry":{"type":"LineString","coordinates":[[-49.291142,-24.932076],[-49.291242,-24.932191],[-49.29129,-24.932205],[-49.291358,-24.932199],[-49.291437,-24.932173],[-49.29161,-24.932088],[-49.291644,-24.93206],[-49.291732,-24.932058],[-49.291785,-24.93201],[-49.291834,-24.931886],[-49.291856,-24.931859],[-49.291891,-24.931848],[-49.292038,-24.931847],[-49.292146,-24.931753],[-49.292234,-24.931761],[-49.292283,-24.931754],[-49.292342,-24.931709],[-49.292365,-24.931669],[-49.292412,-24.931626],[-49.292481,-24.931602],[-49.29249,-24.931581],[-49.292482,-24.931542],[-49.292511,-24.931541],[-49.29254,-24.931558],[-49.292648,-24.931553],[-49.292667,-24.93154],[-49.292705,-24.931477],[-49.292737,-24.93146],[-49.292766,-24.931457],[-49.292815,-24.931476],[-49.292903,-24.931433],[-49.292933,-24.931432],[-49.292952,-24.931444],[-49.292991,-24.931432],[-49.29304,-24.931441],[-49.293063,-24.931418],[-49.293074,-24.931374],[-49.29309,-24.931357],[-49.293129,-24.931352],[-49.293178,-24.931369],[-49.293296,-24.931284],[-49.293463,-24.93126],[-49.293572,-24.931174],[-49.293609,-24.931113],[-49.293667,-24.93106],[-49.293704,-24.930944],[-49.293737,-24.9309],[-49.293721,-24.930864],[-49.293726,-24.930838],[-49.293676,-24.930721],[-49.293565,-24.930586],[-49.293548,-24.930533],[-49.293474,-24.930462],[-49.293445,-24.930407],[-49.293372,-24.930317],[-49.293231,-24.930012],[-49.29323,-24.929941],[-49.293188,-24.929909],[-49.293091,-24.929909],[-49.293057,-24.929876],[-49.293054,-24.92985],[-49.293078,-24.929779],[-49.293075,-24.929707],[-49.293037,-24.929538],[-49.293001,-24.929475],[-49.292971,-24.929385],[-49.292992,-24.929234],[-49.292959,-24.929162],[-49.292967,-24.929109],[-49.29295,-24.92902],[-49.292963,-24.928957],[-49.293025,-24.928842],[-49.293047,-24.928745],[-49.293112,-24.928665],[-49.293196,-24.928619],[-49.293251,-24.928506],[-49.293436,-24.928259],[-49.293465,-24.928241],[-49.293534,-24.928244],[-49.293596,-24.928225],[-49.293593,-24.928213],[-49.29355,-24.928198],[-49.293539,-24.92818],[-49.293577,-24.9281],[-49.293554,-24.928028],[-49.293599,-24.927904],[-49.293588,-24.927858],[-49.293535,-24.927814],[-49.293492,-24.927754],[-49.293307,-24.927706],[-49.293237,-24.927765],[-49.293149,-24.927777],[-49.29312,-24.927764],[-49.293062,-24.927696],[-49.292985,-24.927668],[-49.292967,-24.927683],[-49.292965,-24.927701],[-49.292998,-24.927746],[-49.292997,-24.92779],[-49.292963,-24.927808],[-49.292855,-24.927824],[-49.292832,-24.927931],[-49.292816,-24.927949],[-49.292765,-24.927968],[-49.29275,-24.927957],[-49.292769,-24.927886],[-49.292747,-24.927841],[-49.29268,-24.927811],[-49.29264,-24.927833],[-49.292609,-24.927875],[-49.292586,-24.927955],[-49.292552,-24.928008],[-49.292553,-24.928026],[-49.29258,-24.928053],[-49.292566,-24.92808],[-49.292568,-24.928115],[-49.292548,-24.928123],[-49.292421,-24.928132],[-49.292118,-24.928117],[-49.292011,-24.928089],[-49.29195,-24.92804]]}},{"type":"Feature","properties":{"alt":465.0,"mestra":true},"geometry":{"type":"LineString","coordinates":[[-49.292847,-24.927726],[-49.292823,-24.927726],[-49.292837,-24.927732],[-49.292847,-24.927726]]}},{"type":"Feature","properties":{"alt":465.0,"mestra":true},"geometry":{"type":"LineString","coordinates":[[-49.292808,-24.927743],[-49.292769,-24.927735],[-49.292743,-24.927752],[-49.292748,-24.92777],[-49.292797,-24.927806],[-49.292813,-24.927797],[-49.292808,-24.927743]]}},{"type":"Feature","properties":{"alt":465.0,"mestra":true},"geometry":{"type":"LineString","coordinates":[[-49.292277,-24.927947],[-49.292276,-24.927993],[-49.292288,-24.927987],[-49.292277,-24.927947]]}},{"type":"Feature","properties":{"alt":465.0,"mestra":true},"geometry":{"type":"LineString","coordinates":[[-49.292472,-24.927961],[-49.292443,-24.927967],[-49.292439,-24.92798],[-49.292472,-24.928011],[-49.292491,-24.928015],[-49.29251,-24.927999],[-49.292492,-24.927971],[-49.292472,-24.927961]]}},{"type":"Feature","properties":{"alt":465.0,"mestra":true},"geometry":{"type":"LineString","coordinates":[[-49.292628,-24.928034],[-49.292636,-24.928045],[-49.292618,-24.928054],[-49.292611,-24.928044],[-49.292628,-24.928034]]}},{"type":"Feature","properties":{"alt":465.0,"mestra":true},"geometry":{"type":"LineString","coordinates":[[-49.292834,-24.92866],[-49.29285,-24.92868],[-49.292834,-24.9287],[-49.292811,-24.928679],[-49.29282,-24.928662],[-49.292834,-24.92866]]}},{"type":"Feature","properties":{"alt":465.0,"mestra":true},"geometry":{"type":"LineString","coordinates":[[-49.292011,-24.92949],[-49.292029,-24.929517],[-49.29202,-24.929545],[-49.291981,-24.929563],[-49.291945,-24.929552],[-49.291937,-24.929525],[-49.291953,-24.929498],[-49.291982,-24.929485],[-49.292011,-24.92949]]}},{"type":"Feature","properties":{"alt":465.0,"mestra":true},"geometry":{"type":"LineString","coordinates":[[-49.293935,-24.930322],[-49.293916,-24.93032],[-49.293907,-24.930332],[-49.293931,-24.930332],[-49.293935,-24.930322]]}},{"type":"Feature","properties":{"alt":465.0,"mestra":true},"geometry":{"type":"LineString","coordinates":[[-49.293827,-24.930357],[-49.293798,-24.930375],[-49.293805,-24.930393],[-49.293827,-24.930393],[-49.293851,-24.930376],[-49.293847,-24.930363],[-49.293827,-24.930357]]}},{"type":"Feature","properties":{"alt":465.0,"mestra":true},"geometry":{"type":"LineString","coordinates":[[-49.293621,-24.930391],[-49.293611,-24.9304],[-49.293621,-24.930406],[-49.293633,-24.9304],[-49.293621,-24.930391]]}},{"type":"Feature","properties":{"alt":465.0,"mestra":true},"geometry":{"type":"LineString","coordinates":[[-49.29404,-24.93049],[-49.29404,-24.930499],[-49.29404,-24.93049]]}},{"type":"Feature","properties":{"alt":465.0,"mestra":true},"geometry":{"type":"LineString","coordinates":[[-49.294148,-24.930512],[-49.29403,-24.930547],[-49.293961,-24.930552],[-49.293915,-24.93059],[-49.293922,-24.930626],[-49.293997,-24.93068],[-49.293994,-24.930752],[-49.294017,-24.930785],[-49.294056,-24.930791],[-49.294154,-24.930777],[-49.294196,-24.930745],[-49.2942,-24.930701],[-49.294228,-24.930665],[-49.294189,-24.930594],[-49.294223,-24.930558],[-49.294148,-24.930512]]}},{"type":"Feature","properties":{"alt":465.0,"mestra":true},"geometry":{"type":"LineString","coordinates":[[-49.293886,-24.931078],[-49.293876,-24.93109],[-49.293889,-24.931089],[-49.293886,-24.931078]]}},{"type":"Feature","properties":{"alt":465.0,"mestra":true},"geometry":{"type":"LineString","coordinates":[[-49.293854,-24.931222],[-49.293845,-24.931214],[-49.293829,-24.931222],[-49.293832,-24.931249],[-49.293853,-24.93124],[-49.293854,-24.931222]]}},{"type":"Feature","properties":{"alt":466.0,"mestra":false},"geometry":{"type":"LineString","coordinates":[[-49.29173,-24.92908],[-49.291769,-24.929113],[-49.291767,-24.929149],[-49.291809,-24.929247],[-49.291837,-24.929393],[-49.291894,-24.929515],[-49.291923,-24.929538],[-49.291948,-24.929498],[-49.291972,-24.929485],[-49.292002,-24.929484],[-49.292025,-24.929499],[-49.292023,-24.929544],[-49.291981,-24.929565],[-49.291932,-24.929556],[-49.29193,-24.929596],[-49.291955,-24.92965],[-49.292077,-24.929803],[-49.292104,-24.929866],[-49.292103,-24.929937],[-49.292064,-24.929999],[-49.292004,-24.930032],[-49.291916,-24.93005]]}},{"type":"Feature","properties":{"alt":466.0,"mestra":false},"geometry":{"type":"LineString","coordinates":[[-49.291174,-24.932056],[-49.291248,-24.932173],[-49.29129,-24.93219],[-49.291359,-24.932182],[-49.291427,-24.932157],[-49.29153,-24.932096],[-49.291642,-24.932053],[-49.291732,-24.932052],[-49.291778,-24.93201],[-49.291816,-24.931885],[-49.291848,-24.93185],[-49.291891,-24.931837],[-49.292038,-24.93184],[-49.292087,-24.931808],[-49.292117,-24.931765],[-49.292146,-24.931748],[-49.292234,-24.931758],[-49.292283,-24.931751],[-49.292343,-24.931705],[-49.29236,-24.931669],[-49.292402,-24.931629],[-49.292472,-24.931599],[-49.292474,-24.931536],[-49.292511,-24.931534],[-49.29254,-24.93155],[-49.292648,-24.931551],[-49.292666,-24.931539],[-49.292689,-24.931485],[-49.292727,-24.931457],[-49.292766,-24.931453],[-49.292815,-24.931474],[-49.292894,-24.931432],[-49.292943,-24.931422],[-49.29304,-24.931438],[-49.29306,-24.931418],[-49.293069,-24.931365],[-49.29308,-24.931355],[-49.29312,-24.931346],[-49.293178,-24.931366],[-49.293296,-24.931279],[-49.293463,-24.931258],[-49.293566,-24.931166],[-49.293602,-24.931113],[-49.293668,-24.931051],[-49.293698,-24.930944],[-49.293734,-24.9309],[-49.293714,-24.930864],[-49.293722,-24.930838],[-49.293673,-24.930721],[-49.293559,-24.930586],[-49.293542,-24.930533],[-49.293474,-24.930469],[-49.29344,-24.930407],[-49.293365,-24.930317],[-49.293342,-24.930245],[-49.293282,-24.930146],[-49.293253,-24.930057],[-49.293224,-24.930012],[-49.293227,-24.929941],[-49.293188,-24.929912],[-49.293081,-24.929908],[-49.293054,-24.929876],[-49.293051,-24.92985],[-49.293072,-24.929779],[-49.29307,-24.929716],[-49.293032,-24.929546],[-49.292962,-24.929385],[-49.292988,-24.929234],[-49.29295,-24.929162],[-49.292959,-24.929109],[-49.292939,-24.92902],[-49.292955,-24.92894],[-49.293005,-24.928842],[-49.293019,-24.928762],[-49.293038,-24.928727],[-49.293098,-24.928664],[-49.293196,-24.928613],[-49.293252,-24.928497],[-49.293446,-24.92823],[-49.293475,-24.92822],[-49.293534,-24.928237],[-49.293587,-24.928225],[-49.293583,-24.928215],[-49.293534,-24.928206],[-49.293518,-24.92818],[-49.293523,-24.928037],[-49.293565,-24.927913],[-49.29356,-24.927895],[-49.29351,-24.927855],[-49.293485,-24.927796],[-49.293462,-24.927777],[-49.293335,-24.92775],[-49.293218,-24.927787],[-49.293139,-24.927791],[-49.293117,-24.927783],[-49.293062,-24.927711],[-49.292994,-24.927684],[-49.292981,-24.927701],[-49.293008,-24.927737],[-49.293015,-24.927808],[-49.292865,-24.927851],[-49.292841,-24.92794],[-49.292824,-24.927961],[-49.292755,-24.927989],[-49.292736,-24.927948],[-49.292752,-24.927877],[-49.292699,-24.927833],[-49.29266,-24.927832],[-49.292622,-24.927866],[-49.292581,-24.927999],[-49.292589,-24.928014],[-49.292647,-24.928024],[-49.292666,-24.928045],[-49.292666,-24.928116],[-49.292656,-24.928126],[-49.292489,-24.928146],[-49.292235,-24.928143],[-49.292021,-24.928117],[-49.291938,-24.92805]]}},{"type":"Feature","properties":{"alt":466.0,"mestra":false},"geometry":{"type":"LineString","coordinates":[[-49.292788,-24.927759],[-49.29278,-24.927761],[-49.292788,-24.927773],[-49.292788,-24.927759]]}},{"type":"Feature","properties":{"alt":466.0,"mestra":false},"geometry":{"type":"LineString","coordinates":[[-49.292834,-24.928658],[-49.292852,-24.92868],[-49.292834,-24.928701],[-49.292809,-24.928679],[-49.292816,-24.928662],[-49.292834,-24.928658]]}},{"type":"Feature","properties":{"alt":466.0,"mestra":false},"geometry":{"type":"LineString","coordinates":[[-49.293827,-24.930365],[-49.293807,-24.930372],[-49.293807,-24.930386],[-49.293829,-24.930384],[-49.293837,-24.930376],[-49.293827,-24.930365]]}},{"type":"Feature","properties":{"alt":466.0,"mestra":false},"geometry":{"type":"LineString","coordinates":[[-49.294157,-24.930531],[-49.294125,-24.93053],[-49.294059,-24.930589],[-49.293971,-24.93056],[-49.293942,-24.93057],[-49.293923,-24.93059],[-49.293923,-24.930617],[-49.293939,-24.930635],[-49.294013,-24.930663],[-49.294009,-24.930743],[-49.294027,-24.930767],[-49.294056,-24.93077],[-49.294164,-24.930737],[-49.294189,-24.930692],[-49.294214,-24.930674],[-49.294214,-24.930651],[-49.294172,-24.930602],[-49.29418,-24.930576],[-49.294202,-24.930558],[-49.294157,-24.930531]]}},{"type":"Feature","properties":{"alt":466.0,"mestra":false},"geometry":{"type":"LineString","coordinates":[[-49.293845,-24.931221],[-49.293834,-24.931222],[-49.293835,-24.931243],[-49.293846,-24.93124],[-49.293845,-24.931221]]}},{"type":"Feature","properties":{"alt":466.0,"mestra":false},"geometry":{"type":"LineString","coordinates":[[-49.293002,-24.931388],[-49.293009,-24.931391],[-49.293002,-24.9314],[-49.293002,-24.931388]]}},{"type":"Feature","properties":{"alt":467.0,"mestra":false},"geometry":{"type":"LineString","coordinates":[[-49.291739,-24.929064],[-49.29179,-24.929104],[-49.291775,-24.929149],[-49.291811,-24.929238],[-49.291845,-24.929399],[-49.291884,-24.929489],[-49.291913,-24.92952],[-49.291979,-24.929481],[-49.292012,-24.929485],[-49.292027,-24.929499],[-49.292025,-24.929544],[-49.291991,-24.929565],[-49.291941,-24.92957],[-49.291938,-24.929605],[-49.29196,-24.929647],[-49.292087,-24.929803],[-49.292116,-24.929875],[-49.29211,-24.929946],[-49.292078,-24.929999],[-49.292024,-24.930034],[-49.291925,-24.930059],[-49.291917,-24.93007]]}},{"type":"Feature","properties":{"alt":467.0,"mestra":false},"geometry":{"type":"LineString","coordinates":[[-49.291189,-24.932048],[-49.291261,-24.932161],[-49.2913,-24.932174],[-49.291428,-24.93214],[-49.291536,-24.932076],[-49.291644,-24.932047],[-49.291702,-24.932054],[-49.291732,-24.932047],[-49.291775,-24.932001],[-49.291804,-24.931885],[-49.291832,-24.931848],[-49.291891,-24.931828],[-49.292038,-24.931833],[-49.292087,-24.931804],[-49.292117,-24.931758],[-49.292147,-24.931742],[-49.292234,-24.931756],[-49.292282,-24.931748],[-49.292339,-24.931704],[-49.292355,-24.931669],[-49.292391,-24.931633],[-49.292461,-24.931592],[-49.292459,-24.931545],[-49.292472,-24.931531],[-49.292648,-24.93155],[-49.292664,-24.931539],[-49.292681,-24.931485],[-49.292717,-24.931454],[-49.292757,-24.931447],[-49.292805,-24.93147],[-49.292826,-24.931469],[-49.293012,-24.931367],[-49.293029,-24.931373],[-49.293006,-24.931427],[-49.29304,-24.931436],[-49.293061,-24.931409],[-49.293055,-24.931365],[-49.293076,-24.931347],[-49.293129,-24.931341],[-49.293178,-24.931364],[-49.293297,-24.931274],[-49.293395,-24.931256],[-49.293463,-24.931256],[-49.293662,-24.931051],[-49.293696,-24.930935],[-49.293731,-24.9309],[-49.293709,-24.930873],[-49.293716,-24.930838],[-49.293671,-24.930721],[-49.29363,-24.930685],[-49.29361,-24.93064],[-49.293553,-24.930586],[-49.293536,-24.930533],[-49.293468,-24.930469],[-49.293435,-24.930407],[-49.293361,-24.930326],[-49.293338,-24.930245],[-49.293278,-24.930155],[-49.293247,-24.930057],[-49.29322,-24.930021],[-49.293224,-24.929941],[-49.293188,-24.929915],[-49.293086,-24.929912],[-49.293055,-24.929885],[-49.293047,-24.929859],[-49.293067,-24.929779],[-49.293062,-24.929698],[-49.293027,-24.929555],[-49.292952,-24.929376],[-49.292985,-24.929234],[-49.292941,-24.929162],[-49.292951,-24.929109],[-49.29293,-24.929002],[-49.292948,-24.928913],[-49.292995,-24.928824],[-49.293002,-24.928744],[-49.293091,-24.928656],[-49.293189,-24.928612],[-49.293247,-24.928497],[-49.293399,-24.928285],[-49.293436,-24.928214],[-49.293484,-24.92817],[-49.293495,-24.928037],[-49.293515,-24.927966],[-49.293504,-24.927921],[-49.293461,-24.927863],[-49.293406,-24.92784],[-49.293401,-24.927804],[-49.293384,-24.927791],[-49.293325,-24.927781],[-49.293198,-24.927805],[-49.29311,-24.927805],[-49.293099,-24.9278],[-49.293081,-24.927741],[-49.293043,-24.92772],[-49.293026,-24.927728],[-49.293022,-24.927746],[-49.293047,-24.927818],[-49.292887,-24.927869],[-49.292844,-24.927967],[-49.292798,-24.927993],[-49.292749,-24.928046],[-49.292755,-24.928108],[-49.292727,-24.928126],[-49.292665,-24.928143],[-49.292489,-24.92816],[-49.292215,-24.92816],[-49.292027,-24.928136],[-49.291925,-24.928071]]}},{"type":"Feature","properties":{"alt":467.0,"mestra":false},"geometry":{"type":"LineString","coordinates":[[-49.293452,-24.927803],[-49.293438,-24.927804],[-49.293442,-24.927813],[-49.293456,-24.927813],[-49.293452,-24.927803]]}},{"type":"Feature","properties":{"alt":467.0,"mestra":false},"geometry":{"type":"LineString","coordinates":[[-49.292699,-24.927848],[-49.29266,-24.927844],[-49.292618,-24.927884],[-49.292603,-24.927973],[-49.292618,-24.927998],[-49.292687,-24.928014],[-49.29273,-24.928001],[-49.292724,-24.927939],[-49.292735,-24.927885],[-49.292699,-24.927848]]}},{"type":"Feature","properties":{"alt":467.0,"mestra":false},"geometry":{"type":"LineString","coordinates":[[-49.292844,-24.928662],[-49.292852,-24.928689],[-49.292824,-24.928702],[-49.292808,-24.92867],[-49.292824,-24.928656],[-49.292844,-24.928662]]}},{"type":"Feature","properties":{"alt":467.0,"mestra":false},"geometry":{"type":"LineString","coordinates":[[-49.293981,-24.930572],[-49.293941,-24.93058],[-49.293927,-24.930608],[-49.293946,-24.930635],[-49.29398,-24.930647],[-49.294009,-24.930636],[-49.294017,-24.930618],[-49.294008,-24.930591],[-49.293981,-24.930572]]}},{"type":"Feature","properties":{"alt":467.0,"mestra":false},"geometry":{"type":"LineString","coordinates":[[-49.294117,-24.930627],[-49.294078,-24.930627],[-49.294052,-24.930645],[-49.294031,-24.930725],[-49.294037,-24.930746],[-49.294056,-24.930749],[-49.294086,-24.930726],[-49.294145,-24.930709],[-49.294189,-24.930665],[-49.294185,-24.930647],[-49.294117,-24.930627]]}},{"type":"Feature","properties":{"alt":468.0,"mestra":false},"geometry":{"type":"LineString","coordinates":[[-49.291746,-24.929057],[-49.291799,-24.929105],[-49.291785,-24.929158],[-49.291816,-24.929238],[-49.291847,-24.929383],[-49.291886,-24.92948],[-49.291913,-24.929507],[-49.291982,-24.929478],[-49.292012,-24.929483],[-49.29203,-24.929499],[-49.292027,-24.929544],[-49.292001,-24.929563],[-49.291952,-24.929574],[-49.291945,-24.929605],[-49.291963,-24.929641],[-49.292097,-24.929803],[-49.292125,-24.929875],[-49.29212,-24.929946],[-49.292083,-24.930007],[-49.292024,-24.930043],[-49.291921,-24.930073]]}},{"type":"Feature","properties":{"alt":468.0,"mestra":false},"geometry":{"type":"LineString","coordinates":[[-49.291206,-24.932028],[-49.291249,-24.932075],[-49.291275,-24.932147],[-49.29131,-24.932157],[-49.291438,-24.932119],[-49.291536,-24.932063],[-49.291644,-24.932042],[-49.291722,-24.932047],[-49.291768,-24.932001],[-49.291793,-24.931885],[-49.291827,-24.931841],[-49.291901,-24.931819],[-49.292038,-24.931827],[-49.292087,-24.931799],[-49.292113,-24.931755],[-49.292147,-24.931737],[-49.292225,-24.931752],[-49.292275,-24.931748],[-49.292334,-24.931704],[-49.292366,-24.931651],[-49.292445,-24.93159],[-49.292452,-24.931544],[-49.292467,-24.931527],[-49.292511,-24.931525],[-49.29255,-24.931541],[-49.292648,-24.931549],[-49.292666,-24.93153],[-49.292678,-24.931479],[-49.292718,-24.931446],[-49.292766,-24.931444],[-49.292805,-24.931467],[-49.292825,-24.931467],[-49.292923,-24.931416],[-49.293012,-24.931354],[-49.29312,-24.931332],[-49.293178,-24.93136],[-49.293287,-24.931273],[-49.293395,-24.931251],[-49.293463,-24.931254],[-49.293656,-24.931051],[-49.293692,-24.930931],[-49.293728,-24.9309],[-49.2937,-24.930873],[-49.293707,-24.930838],[-49.293668,-24.930721],[-49.293625,-24.930685],[-49.293608,-24.930643],[-49.293548,-24.930586],[-49.29353,-24.930533],[-49.293464,-24.930471],[-49.293431,-24.930407],[-49.293353,-24.930325],[-49.293334,-24.930245],[-49.293267,-24.930155],[-49.293247,-24.930066],[-49.293212,-24.930021],[-49.293221,-24.929941],[-49.293188,-24.929918],[-49.293081,-24.929913],[-49.293052,-24.929885],[-49.293043,-24.929859],[-49.293062,-24.929779],[-49.293058,-24.929707],[-49.293017,-24.929555],[-49.292942,-24.929385],[-49.292981,-24.929234],[-49.292973,-24.929209],[-49.292931,-24.929162],[-49.292943,-24.929109],[-49.29292,-24.929002],[-49.292935,-24.928904],[-49.292983,-24.928815],[-49.292978,-24.928735],[-49.293087,-24.928647],[-49.293182,-24.928612],[-49.293247,-24.928489],[-49.293402,-24.928267],[-49.293464,-24.928108],[-49.293475,-24.927965],[-49.293447,-24.927902],[-49.293367,-24.927821],[-49.293325,-24.927809],[-49.2931,-24.927828],[-49.292949,-24.927861],[-49.29291,-24.927878],[-49.292865,-24.927931],[-49.292855,-24.927994],[-49.292819,-24.928056],[-49.292843,-24.928101],[-49.292744,-24.928138],[-49.292499,-24.92818],[-49.292196,-24.928179],[-49.29203,-24.92815],[-49.291908,-24.928095]]}},{"type":"Feature","properties":{"alt":468.0,"mestra":false},"geometry":{"type":"LineString","coordinates":[[-49.293052,-24.927736],[-49.293037,-24.927746],[-49.293035,-24.927764],[-49.293051,-24.927786],[-49.293071,-24.927788],[-49.293083,-24.927774],[-49.293081,-24.927756],[-49.293052,-24.927736]]}},{"type":"Feature","properties":{"alt":468.0,"mestra":false},"geometry":{"type":"LineString","coordinates":[[-49.292689,-24.927858],[-49.29265,-24.92786],[-49.292617,-24.927902],[-49.292615,-24.927964],[-49.292648,-24.927991],[-49.292706,-24.927995],[-49.292722,-24.927983],[-49.292717,-24.927894],[-49.292689,-24.927858]]}},{"type":"Feature","properties":{"alt":468.0,"mestra":false},"geometry":{"type":"LineString","coordinates":[[-49.292844,-24.92866],[-49.292854,-24.928689],[-49.292843,-24.928703],[-49.292824,-24.928704],[-49.292808,-24.928688],[-49.292809,-24.928662],[-49.292824,-24.928654],[-49.292844,-24.92866]]}},{"type":"Feature","properties":{"alt":468.0,"mestra":false},"geometry":{"type":"LineString","coordinates":[[-49.293971,-24.930581],[-49.293941,-24.930591],[-49.293934,-24.930608],[-49.29395,-24.930633],[-49.29398,-24.93064],[-49.293998,-24.930627],[-49.294,-24.930609],[-49.293971,-24.930581]]}},{"type":"Feature","properties":{"alt":468.0,"mestra":false},"geometry":{"type":"LineString","coordinates":[[-49.294097,-24.930645],[-49.294077,-24.930646],[-49.294067,-24.930663],[-49.294087,-24.930687],[-49.29411,-24.930673],[-49.294097,-24.930645]]}},{"type":"Feature","properties":{"alt":468.0,"mestra":false},"geometry":{"type":"LineString","coordinates":[[-49.293051,-24.931381],[-49.293018,-24.931418],[-49.29303,-24.931434],[-49.293058,-24.931409],[-49.293051,-24.931381]]}},{"type":"Feature","properties":{"alt":469.0,"mestra":false},"geometry":{"type":"LineString","coordinates":[[-49.291752,-24.929052],[-49.291804,-24.929105],[-49.291792,-24.929158],[-49.291887,-24.929471],[-49.291914,-24.929497],[-49.291982,-24.929476],[-49.292012,-24.929481],[-49.292032,-24.929499],[-49.292029,-24.929544],[-49.291957,-24.929579],[-49.291951,-24.929605],[-49.292105,-24.929801],[-49.292135,-24.929875],[-49.29213,-24.929946],[-49.292092,-24.93001],[-49.292033,-24.930048],[-49.291924,-24.930076]]}},{"type":"Feature","properties":{"alt":469.0,"mestra":false},"geometry":{"type":"LineString","coordinates":[[-49.291197,-24.931957],[-49.291306,-24.932076],[-49.29131,-24.932085],[-49.291286,-24.932111],[-49.291301,-24.932135],[-49.29132,-24.932136],[-49.29136,-24.932114],[-49.291433,-24.932104],[-49.291536,-24.932051],[-49.291634,-24.932037],[-49.291722,-24.932042],[-49.29176,-24.932001],[-49.291784,-24.931885],[-49.291823,-24.931834],[-49.291901,-24.93181],[-49.292048,-24.931817],[-49.292087,-24.931794],[-49.292117,-24.931744],[-49.292147,-24.931731],[-49.292186,-24.931732],[-49.292225,-24.931749],[-49.292274,-24.931744],[-49.292328,-24.931704],[-49.292353,-24.931659],[-49.292439,-24.931581],[-49.292448,-24.931536],[-49.292462,-24.931524],[-49.292511,-24.931522],[-49.29256,-24.931539],[-49.292648,-24.931548],[-49.292664,-24.93153],[-49.292672,-24.931476],[-49.292718,-24.931437],[-49.292766,-24.931439],[-49.292805,-24.931463],[-49.292825,-24.931464],[-49.292926,-24.931408],[-49.293012,-24.931343],[-49.29312,-24.931323],[-49.293178,-24.931357],[-49.293287,-24.931267],[-49.293395,-24.931246],[-49.293463,-24.931251],[-49.293514,-24.931183],[-49.293652,-24.93105],[-49.293689,-24.930926],[-49.293724,-24.9309],[-49.293692,-24.930873],[-49.293695,-24.930811],[-49.293675,-24.930775],[-49.293666,-24.930722],[-49.293628,-24.930694],[-49.293608,-24.930648],[-49.293549,-24.930595],[-49.293525,-24.930532],[-49.293464,-24.930478],[-49.293426,-24.930407],[-49.293344,-24.930325],[-49.293335,-24.930254],[-49.293302,-24.930202],[-49.29326,-24.930164],[-49.293242,-24.930066],[-49.293205,-24.930021],[-49.293218,-24.929941],[-49.293188,-24.929921],[-49.293081,-24.929915],[-49.293049,-24.929885],[-49.29304,-24.92985],[-49.293057,-24.92977],[-49.293052,-24.929707],[-49.293009,-24.929564],[-49.292932,-24.929385],[-49.292977,-24.929234],[-49.292966,-24.929207],[-49.292922,-24.929171],[-49.292934,-24.929109],[-49.292911,-24.929028],[-49.292922,-24.928895],[-49.292969,-24.928806],[-49.292955,-24.928735],[-49.292977,-24.928708],[-49.293069,-24.928646],[-49.293177,-24.928607],[-49.293303,-24.928391],[-49.293394,-24.928267],[-49.293444,-24.928072],[-49.293439,-24.927974],[-49.293409,-24.927902],[-49.293354,-24.927849],[-49.293295,-24.927832],[-49.293139,-24.927841],[-49.292972,-24.927871],[-49.292878,-24.92794],[-49.292904,-24.928003],[-49.292919,-24.928092],[-49.292743,-24.928152],[-49.292508,-24.9282],[-49.292313,-24.928207],[-49.292137,-24.92819],[-49.291923,-24.928139],[-49.291886,-24.928114]]}},{"type":"Feature","properties":{"alt":469.0,"mestra":false},"geometry":{"type":"LineString","coordinates":[[-49.293062,-24.927753],[-49.293048,-24.927764],[-49.293061,-24.927775],[-49.293071,-24.927764],[-49.293062,-24.927753]]}},{"type":"Feature","properties":{"alt":469.0,"mestra":false},"geometry":{"type":"LineString","coordinates":[[-49.292669,-24.927866],[-49.29263,-24.927888],[-49.29262,-24.927946],[-49.292638,-24.927973],[-49.292697,-24.927979],[-49.292705,-24.927974],[-49.2927,-24.927894],[-49.292669,-24.927866]]}},{"type":"Feature","properties":{"alt":469.0,"mestra":false},"geometry":{"type":"LineString","coordinates":[[-49.292824,-24.928651],[-49.292844,-24.928657],[-49.292857,-24.92868],[-49.292852,-24.928698],[-49.292833,-24.928708],[-49.292814,-24.928702],[-49.292803,-24.928679],[-49.292806,-24.928662],[-49.292824,-24.928651]]}},{"type":"Feature","properties":{"alt":469.0,"mestra":false},"geometry":{"type":"LineString","coordinates":[[-49.29398,-24.930596],[-49.293961,-24.930591],[-49.293945,-24.9306],[-49.29395,-24.930626],[-49.29397,-24.930634],[-49.293986,-24.930627],[-49.29398,-24.930596]]}},{"type":"Feature","properties":{"alt":469.0,"mestra":false},"geometry":{"type":"LineString","coordinates":[[-49.293051,-24.931392],[-49.293031,-24.931406],[-49.293031,-24.931429],[-49.293051,-24.931418],[-49.293051,-24.931392]]}},{"type":"Feature","properties":{"alt":470.0,"mestra":true},"geometry":{"type":"LineString","coordinates":[[-49.291779,-24.929051],[-49.291809,-24.929105],[-49.291801,-24.929167],[-49.291885,-24.929453],[-49.291914,-24.929488],[-49.291992,-24.929474],[-49.292031,-24.929494],[-49.29203,-24.929544],[-49.291968,-24.929579],[-49.291957,-24.929605],[-49.29211,-24.929794],[-49.292144,-24.929875],[-49.292137,-24.929955],[-49.292098,-24.930017],[-49.292043,-24.930053],[-49.291935,-24.930082],[-49.291926,-24.930096]]}},{"type":"Feature","properties":{"alt":470.0,"mestra":true},"geometry":{"type":"LineString","coordinates":[[-49.291212,-24.931935],[-49.291368,-24.932076],[-49.291399,-24.932091],[-49.291433,-24.932086],[-49.291489,-24.932051],[-49.291527,-24.93204],[-49.291634,-24.932032],[-49.291693,-24.932042],[-49.291722,-24.932037],[-49.291752,-24.932],[-49.291778,-24.931876],[-49.291813,-24.931831],[-49.291901,-24.931801],[-49.292048,-24.931811],[-49.292086,-24.93179],[-49.292116,-24.931737],[-49.292147,-24.931725],[-49.292186,-24.931726],[-49.292234,-24.931747],[-49.292272,-24.931739],[-49.292323,-24.931702],[-49.292353,-24.931652],[-49.292429,-24.93158],[-49.292453,-24.931523],[-49.292511,-24.931518],[-49.29256,-24.931535],[-49.292648,-24.931546],[-49.292662,-24.93153],[-49.292668,-24.93147],[-49.292718,-24.931428],[-49.292767,-24.931433],[-49.292805,-24.931459],[-49.292825,-24.931461],[-49.292918,-24.931408],[-49.292973,-24.931354],[-49.293012,-24.931332],[-49.29312,-24.931313],[-49.29314,-24.931317],[-49.293178,-24.931353],[-49.293287,-24.931261],[-49.293395,-24.931242],[-49.293463,-24.931249],[-49.293513,-24.931176],[-49.293652,-24.931042],[-49.293688,-24.930918],[-49.293719,-24.9309],[-49.293693,-24.93089],[-49.293685,-24.930873],[-49.293688,-24.930811],[-49.29367,-24.930775],[-49.293666,-24.930726],[-49.293623,-24.930694],[-49.293604,-24.930649],[-49.293543,-24.930595],[-49.293527,-24.930541],[-49.293458,-24.930478],[-49.293422,-24.930407],[-49.293341,-24.930334],[-49.293328,-24.930307],[-49.293327,-24.930245],[-49.293292,-24.930196],[-49.293248,-24.930164],[-49.293236,-24.930119],[-49.29324,-24.930075],[-49.293197,-24.930021],[-49.293214,-24.929941],[-49.293184,-24.929923],[-49.293081,-24.929917],[-49.293046,-24.929885],[-49.293036,-24.92985],[-49.293052,-24.929769],[-49.293048,-24.929716],[-49.292921,-24.929385],[-49.292929,-24.92934],[-49.292974,-24.929234],[-49.292963,-24.929211],[-49.292919,-24.929189],[-49.292908,-24.929162],[-49.292923,-24.929109],[-49.292903,-24.929046],[-49.292905,-24.928894],[-49.292952,-24.928806],[-49.292931,-24.928732],[-49.293062,-24.928638],[-49.293167,-24.928603],[-49.293217,-24.928537],[-49.293293,-24.928391],[-49.293386,-24.928267],[-49.293397,-24.928232],[-49.293392,-24.928169],[-49.293423,-24.928072],[-49.293413,-24.927982],[-49.293386,-24.92792],[-49.293334,-24.927872],[-49.293265,-24.927853],[-49.293158,-24.927856],[-49.293001,-24.92788],[-49.292969,-24.927906],[-49.293,-24.927951],[-49.293045,-24.928058],[-49.293024,-24.928111],[-49.29293,-24.928112],[-49.292743,-24.928169],[-49.292537,-24.928217],[-49.292312,-24.928226],[-49.292185,-24.928216],[-49.29202,-24.928175],[-49.291912,-24.928164],[-49.291868,-24.928139]]}},{"type":"Feature","properties":{"alt":470.0,"mestra":true},"geometry":{"type":"LineString","coordinates":[[-49.292669,-24.92788],[-49.292639,-24.927888],[-49.292627,-24.927911],[-49.292629,-24.927946],[-49.292648,-24.927963],[-49.292678,-24.927959],[-49.292685,-24.927947],[-49.292687,-24.927903],[-49.292669,-24.92788]]}},{"type":"Feature","properties":{"alt":470.0,"mestra":true},"geometry":{"type":"LineString","coordinates":[[-49.292834,-24.92865],[-49.292859,-24.92868],[-49.292853,-24.928701],[-49.292833,-24.928711],[-49.292807,-24.928697],[-49.2928,-24.92867],[-49.292807,-24.928653],[-49.292834,-24.92865]]}},{"type":"Feature","properties":{"alt":470.0,"mestra":true},"geometry":{"type":"LineString","coordinates":[[-49.292176,-24.929581],[-49.292176,-24.929581]]}},{"type":"Feature","properties":{"alt":470.0,"mestra":true},"geometry":{"type":"LineString","coordinates":[[-49.29397,-24.930603],[-49.293951,-24.930609],[-49.29396,-24.930625],[-49.293978,-24.930618],[-49.29397,-24.930603]]}},{"type":"Feature","properties":{"alt":470.0,"mestra":true},"geometry":{"type":"LineString","coordinates":[[-49.293107,-24.93082],[-49.293117,-24.930822],[-49.293107,-24.93082]]}},{"type":"Feature","properties":{"alt":470.0,"mestra":true},"geometry":{"type":"LineString","coordinates":[[-49.293041,-24.931404],[-49.29304,-24.931421],[-49.293049,-24.931409],[-49.293041,-24.931404]]}},{"type":"Feature","properties":{"alt":471.0,"mestra":false},"geometry":{"type":"LineString","coordinates":[[-49.29179,-24.929051],[-49.291813,-24.929105],[-49.291809,-24.929176],[-49.291892,-24.929453],[-49.291914,-24.92948],[-49.291992,-24.929472],[-49.292031,-24.92949],[-49.292039,-24.929517],[-49.292033,-24.929544],[-49.291966,-24.929588],[-49.291966,-24.929614],[-49.29212,-24.929794],[-49.292154,-24.929875],[-49.292147,-24.929955],[-49.292102,-24.930025],[-49.292043,-24.930062],[-49.291929,-24.930099]]}},{"type":"Feature","properties":{"alt":471.0,"mestra":false},"geometry":{"type":"LineString","coordinates":[[-49.291223,-24.931916],[-49.291342,-24.932],[-49.291399,-24.932071],[-49.291429,-24.932069],[-49.291488,-24.932028],[-49.291625,-24.932025],[-49.291715,-24.932036],[-49.291743,-24.932],[-49.291769,-24.931876],[-49.291812,-24.931823],[-49.291902,-24.931793],[-49.292021,-24.931808],[-49.292058,-24.931802],[-49.29208,-24.93179],[-49.292108,-24.931737],[-49.292147,-24.931718],[-49.292186,-24.931718],[-49.292225,-24.931742],[-49.292258,-24.931739],[-49.292313,-24.931702],[-49.292349,-24.931651],[-49.292415,-24.931589],[-49.292434,-24.931536],[-49.292453,-24.931517],[-49.292521,-24.931515],[-49.29257,-24.931533],[-49.292648,-24.931544],[-49.29266,-24.93153],[-49.292662,-24.931467],[-49.292708,-24.931426],[-49.292754,-24.931424],[-49.292815,-24.931458],[-49.292835,-24.931455],[-49.292914,-24.931404],[-49.292983,-24.931335],[-49.293113,-24.931294],[-49.29314,-24.931255],[-49.29316,-24.931254],[-49.293175,-24.931268],[-49.293175,-24.931286],[-49.293157,-24.931313],[-49.293178,-24.931348],[-49.293198,-24.931339],[-49.293225,-24.931295],[-49.293277,-24.931256],[-49.293395,-24.931237],[-49.293443,-24.93125],[-49.293463,-24.931246],[-49.293507,-24.931174],[-49.293652,-24.931034],[-49.293686,-24.9309],[-49.293666,-24.93073],[-49.293617,-24.930694],[-49.293599,-24.930649],[-49.29354,-24.9306],[-49.293523,-24.930541],[-49.293453,-24.930478],[-49.29341,-24.930397],[-49.293332,-24.930334],[-49.29332,-24.930307],[-49.293331,-24.930272],[-49.293324,-24.930245],[-49.293292,-24.930201],[-49.293238,-24.930164],[-49.293227,-24.930119],[-49.293236,-24.930075],[-49.29319,-24.93003],[-49.293211,-24.929941],[-49.293188,-24.929926],[-49.293071,-24.929916],[-49.293038,-24.929876],[-49.293043,-24.929716],[-49.292949,-24.929465],[-49.29291,-24.929394],[-49.29292,-24.929322],[-49.292968,-24.929234],[-49.292954,-24.929211],[-49.292915,-24.929206],[-49.292896,-24.929171],[-49.292905,-24.929108],[-49.292891,-24.929046],[-49.292887,-24.928894],[-49.292898,-24.928832],[-49.292887,-24.928796],[-49.292911,-24.928768],[-49.292925,-24.928716],[-49.292961,-24.928686],[-49.293158,-24.928583],[-49.293197,-24.928553],[-49.293281,-24.928391],[-49.293382,-24.928258],[-49.293388,-24.928223],[-49.29337,-24.928178],[-49.2934,-24.928107],[-49.293403,-24.928062],[-49.29339,-24.927991],[-49.293365,-24.927937],[-49.293314,-24.927892],[-49.293246,-24.927873],[-49.293158,-24.927874],[-49.29302,-24.9279],[-49.293061,-24.928023],[-49.293085,-24.928059],[-49.293145,-24.928111],[-49.293139,-24.928157],[-49.293114,-24.928173],[-49.293036,-24.92818],[-49.293008,-24.928134],[-49.292949,-24.928125],[-49.292694,-24.928205],[-49.292547,-24.928235],[-49.292361,-24.928243],[-49.292185,-24.928236],[-49.292097,-24.928219],[-49.292029,-24.928192],[-49.291853,-24.928187]]}},{"type":"Feature","properties":{"alt":471.0,"mestra":false},"geometry":{"type":"LineString","coordinates":[[-49.292659,-24.927893],[-49.292639,-24.927902],[-49.292633,-24.92792],[-49.292648,-24.927947],[-49.292673,-24.927929],[-49.292671,-24.927902],[-49.292659,-24.927893]]}},{"type":"Feature","properties":{"alt":471.0,"mestra":false},"geometry":{"type":"LineString","coordinates":[[-49.293299,-24.928224],[-49.293294,-24.928248],[-49.293274,-24.928248],[-49.293275,-24.92823],[-49.293299,-24.928224]]}},{"type":"Feature","properties":{"alt":471.0,"mestra":false},"geometry":{"type":"LineString","coordinates":[[-49.292844,-24.928653],[-49.292859,-24.928671],[-49.292859,-24.928698],[-49.292843,-24.928713],[-49.292824,-24.928714],[-49.292803,-24.928697],[-49.292797,-24.928653],[-49.292815,-24.928644],[-49.292844,-24.928653]]}},{"type":"Feature","properties":{"alt":471.0,"mestra":false},"geometry":{"type":"LineString","coordinates":[[-49.292176,-24.929572],[-49.292176,-24.929591],[-49.292157,-24.929595],[-49.292176,-24.929572]]}},{"type":"Feature","properties":{"alt":471.0,"mestra":false},"geometry":{"type":"LineString","coordinates":[[-49.293117,-24.930819],[-49.293107,-24.930829],[-49.2931,-24.930822],[-49.293117,-24.930819]]}},{"type":"Feature","properties":{"alt":472.0,"mestra":false},"geometry":{"type":"LineString","coordinates":[[-49.29184,-24.928219],[-49.291784,-24.928266]]}},{"type":"Feature","properties":{"alt":472.0,"mestra":false},"geometry":{"type":"LineString","coordinates":[[-49.291799,-24.929051],[-49.291817,-24.929105],[-49.291817,-24.929185],[-49.291895,-24.929444],[-49.291924,-24.929476],[-49.291992,-24.92947],[-49.292034,-24.92949],[-49.292035,-24.929544],[-49.291973,-24.929588],[-49.291971,-24.929611],[-49.29213,-24.929795],[-49.292165,-24.929884],[-49.292153,-24.929964],[-49.292112,-24.930027],[-49.292043,-24.930071],[-49.291932,-24.930102]]}},{"type":"Feature","properties":{"alt":472.0,"mestra":false},"geometry":{"type":"LineString","coordinates":[[-49.291235,-24.931888],[-49.29137,-24.931987],[-49.291389,-24.932041],[-49.291409,-24.932053],[-49.291459,-24.93202],[-49.291488,-24.932012],[-49.291605,-24.932014],[-49.291673,-24.932032],[-49.291713,-24.93203],[-49.291733,-24.932],[-49.29176,-24.931876],[-49.291803,-24.93182],[-49.291902,-24.931785],[-49.292028,-24.931801],[-49.292068,-24.931793],[-49.292099,-24.931737],[-49.292147,-24.931711],[-49.292196,-24.931709],[-49.292225,-24.931736],[-49.292254,-24.931732],[-49.292311,-24.931695],[-49.2924,-24.931598],[-49.292432,-24.931527],[-49.292453,-24.931512],[-49.292521,-24.93151],[-49.29257,-24.93153],[-49.292648,-24.931542],[-49.292658,-24.93153],[-49.292655,-24.931467],[-49.292698,-24.931425],[-49.292747,-24.931416],[-49.292815,-24.931453],[-49.292835,-24.931451],[-49.29291,-24.931399],[-49.292973,-24.931329],[-49.293072,-24.931289],[-49.293092,-24.931249],[-49.293121,-24.931236],[-49.293229,-24.931229],[-49.293297,-24.931246],[-49.293395,-24.931232],[-49.29346,-24.931245],[-49.2935,-24.931174],[-49.293648,-24.931033],[-49.293679,-24.930909],[-49.293664,-24.930837],[-49.293663,-24.93073],[-49.293611,-24.930694],[-49.293578,-24.930631],[-49.29354,-24.930608],[-49.293519,-24.930541],[-49.293447,-24.930478],[-49.293406,-24.930397],[-49.293324,-24.930334],[-49.293313,-24.930307],[-49.293328,-24.930272],[-49.293321,-24.930245],[-49.293292,-24.930205],[-49.293229,-24.930164],[-49.29322,-24.930119],[-49.293231,-24.930075],[-49.293181,-24.930029],[-49.293211,-24.929958],[-49.293208,-24.929941],[-49.293188,-24.929929],[-49.293071,-24.929919],[-49.293034,-24.929876],[-49.293036,-24.929716],[-49.292946,-24.929545],[-49.29294,-24.929474],[-49.292896,-24.929402],[-49.292897,-24.929313],[-49.292963,-24.929234],[-49.292944,-24.929218],[-49.292894,-24.929244],[-49.292879,-24.929224],[-49.292871,-24.928832],[-49.292852,-24.928778],[-49.292901,-24.928745],[-49.292921,-24.928706],[-49.292971,-24.928661],[-49.293197,-24.928538],[-49.293217,-24.928513],[-49.29323,-24.928453],[-49.293258,-24.928419],[-49.29327,-24.928382],[-49.293373,-24.928258],[-49.293378,-24.92822],[-49.293338,-24.928186],[-49.293376,-24.928124],[-49.293385,-24.928071],[-49.293344,-24.927955],[-49.293294,-24.927911],[-49.293226,-24.927891],[-49.293131,-24.927899],[-49.293079,-24.927923],[-49.29307,-24.927969],[-49.293081,-24.928023],[-49.293097,-24.92805],[-49.293153,-24.928095],[-49.293163,-24.92814],[-49.293142,-24.928211],[-49.293054,-24.928293],[-49.293025,-24.928287],[-49.293004,-24.928263],[-49.292989,-24.928227],[-49.293001,-24.928174],[-49.292978,-24.928152],[-49.2929,-24.928163],[-49.292684,-24.92823],[-49.292507,-24.928261],[-49.292331,-24.928267],[-49.292204,-24.928257],[-49.292087,-24.928235],[-49.292049,-24.92821],[-49.292019,-24.928204],[-49.291846,-24.92822]]}},{"type":"Feature","properties":{"alt":472.0,"mestra":false},"geometry":{"type":"LineString","coordinates":[[-49.293309,-24.928219],[-49.293299,-24.928263],[-49.29326,-24.928255],[-49.293259,-24.92823],[-49.29329,-24.928216],[-49.293309,-24.928219]]}},{"type":"Feature","properties":{"alt":472.0,"mestra":false},"geometry":{"type":"LineString","coordinates":[[-49.292825,-24.92864],[-49.292854,-24.928658],[-49.292864,-24.92868],[-49.292859,-24.928707],[-49.292833,-24.928722],[-49.292804,-24.928707],[-49.292786,-24.928652],[-49.292795,-24.92864],[-49.292825,-24.92864]]}},{"type":"Feature","properties":{"alt":472.0,"mestra":false},"geometry":{"type":"LineString","coordinates":[[-49.292186,-24.92957],[-49.292176,-24.929596],[-49.292147,-24.929603],[-49.292155,-24.929581],[-49.292186,-24.92957]]}},{"type":"Feature","properties":{"alt":472.0,"mestra":false},"geometry":{"type":"LineString","coordinates":[[-49.293117,-24.930817],[-49.293113,-24.930831],[-49.293098,-24.930823],[-49.293117,-24.930817]]}},{"type":"Feature","properties":{"alt":472.0,"mestra":false},"geometry":{"type":"LineString","coordinates":[[-49.293198,-24.931304],[-49.293177,-24.931313],[-49.293178,-24.93134],[-49.293199,-24.931331],[-49.293198,-24.931304]]}},{"type":"Feature","properties":{"alt":473.0,"mestra":false},"geometry":{"type":"LineString","coordinates":[[-49.291809,-24.929051],[-49.291833,-24.929149],[-49.291823,-24.929185],[-49.291902,-24.929444],[-49.291924,-24.929469],[-49.292002,-24.92947],[-49.292036,-24.92949],[-49.292037,-24.929544],[-49.291979,-24.929588],[-49.291975,-24.929606],[-49.29214,-24.929795],[-49.292175,-24.929884],[-49.292164,-24.929964],[-49.292115,-24.930035],[-49.292033,-24.930085],[-49.291935,-24.930107]]}},{"type":"Feature","properties":{"alt":473.0,"mestra":false},"geometry":{"type":"LineString","coordinates":[[-49.291231,-24.931874],[-49.291262,-24.931879],[-49.291294,-24.931899],[-49.291429,-24.932005],[-49.291596,-24.931996],[-49.291666,-24.932026],[-49.291703,-24.932026],[-49.291721,-24.932],[-49.291728,-24.931938],[-49.291751,-24.931876],[-49.2918,-24.931814],[-49.291902,-24.931777],[-49.292058,-24.93179],[-49.292074,-24.931781],[-49.292108,-24.93172],[-49.292192,-24.931694],[-49.292226,-24.931668],[-49.292259,-24.931703],[-49.292284,-24.931701],[-49.292394,-24.931598],[-49.292425,-24.931527],[-49.292443,-24.93151],[-49.292521,-24.931505],[-49.292577,-24.931529],[-49.292648,-24.93154],[-49.292656,-24.93153],[-49.292647,-24.931467],[-49.292688,-24.931425],[-49.292747,-24.931411],[-49.292777,-24.931419],[-49.292815,-24.931449],[-49.292835,-24.931447],[-49.292904,-24.931394],[-49.292964,-24.931324],[-49.293052,-24.931283],[-49.293082,-24.93124],[-49.293121,-24.931219],[-49.293239,-24.931206],[-49.293297,-24.931237],[-49.293405,-24.931228],[-49.293455,-24.931245],[-49.293501,-24.931165],[-49.293643,-24.931033],[-49.293675,-24.930908],[-49.293655,-24.930828],[-49.29366,-24.93073],[-49.293607,-24.930698],[-49.293572,-24.930631],[-49.293538,-24.930613],[-49.293515,-24.930541],[-49.293447,-24.930487],[-49.293406,-24.930402],[-49.293316,-24.930334],[-49.293306,-24.930307],[-49.293325,-24.930263],[-49.293299,-24.930218],[-49.293233,-24.930182],[-49.293219,-24.930164],[-49.293214,-24.930119],[-49.293226,-24.930074],[-49.293183,-24.930047],[-49.293173,-24.930029],[-49.293207,-24.929946],[-49.293188,-24.929932],[-49.293071,-24.929921],[-49.293026,-24.929867],[-49.293032,-24.929725],[-49.292925,-24.929554],[-49.292924,-24.929483],[-49.292876,-24.929411],[-49.292884,-24.929367],[-49.292861,-24.929233],[-49.292862,-24.92901],[-49.292847,-24.928956],[-49.292834,-24.928804],[-49.292849,-24.928742],[-49.292804,-24.928722],[-49.292777,-24.928652],[-49.292795,-24.928629],[-49.292834,-24.928638],[-49.292869,-24.92868],[-49.292862,-24.92873],[-49.292892,-24.928734],[-49.292961,-24.928649],[-49.293141,-24.928558],[-49.293164,-24.928532],[-49.293208,-24.92851],[-49.293218,-24.928436],[-49.293248,-24.92841],[-49.293256,-24.928373],[-49.293298,-24.928342],[-49.293313,-24.928302],[-49.293309,-24.928284],[-49.29325,-24.928262],[-49.293243,-24.92823],[-49.29329,-24.92821],[-49.293319,-24.928211],[-49.293315,-24.928257],[-49.293328,-24.928276],[-49.293358,-24.928264],[-49.293372,-24.92824],[-49.293358,-24.928213],[-49.293325,-24.928204],[-49.293316,-24.928168],[-49.293351,-24.928142],[-49.293369,-24.928089],[-49.29336,-24.928044],[-49.293321,-24.927972],[-49.293274,-24.92793],[-49.293216,-24.927911],[-49.293147,-24.927918],[-49.293104,-24.927943],[-49.293095,-24.928014],[-49.293108,-24.928041],[-49.293153,-24.928077],[-49.293169,-24.928104],[-49.293171,-24.928176],[-49.293155,-24.92822],[-49.29307,-24.928299],[-49.293044,-24.92831],[-49.292976,-24.928321],[-49.292902,-24.928297],[-49.292901,-24.928271],[-49.292943,-24.928218],[-49.292909,-24.928202],[-49.292654,-24.928259],[-49.292478,-24.928284],[-49.29236,-24.928288],[-49.292272,-24.928286],[-49.292087,-24.928257],[-49.292039,-24.928222],[-49.292,-24.92822],[-49.291863,-24.928238],[-49.291796,-24.928296]]}},{"type":"Feature","properties":{"alt":473.0,"mestra":false},"geometry":{"type":"LineString","coordinates":[[-49.292186,-24.929566],[-49.29219,-24.929581],[-49.292176,-24.929601],[-49.292156,-24.929612],[-49.292135,-24.929607],[-49.292149,-24.929581],[-49.292186,-24.929566]]}},{"type":"Feature","properties":{"alt":473.0,"mestra":false},"geometry":{"type":"LineString","coordinates":[[-49.292176,-24.93032],[-49.292182,-24.930339],[-49.292166,-24.930352],[-49.292156,-24.930323],[-49.292176,-24.93032]]}},{"type":"Feature","properties":{"alt":473.0,"mestra":false},"geometry":{"type":"LineString","coordinates":[[-49.293107,-24.930812],[-49.293122,-24.930822],[-49.293117,-24.930832],[-49.293097,-24.93083],[-49.293107,-24.930812]]}},{"type":"Feature","properties":{"alt":473.0,"mestra":false},"geometry":{"type":"LineString","coordinates":[[-49.291606,-24.931925],[-49.291611,-24.931954],[-49.291596,-24.931964],[-49.291582,-24.931927],[-49.291587,-24.93192],[-49.291606,-24.931925]]}},{"type":"Feature","properties":{"alt":474.0,"mestra":false},"geometry":{"type":"LineString","coordinates":[[-49.291832,-24.929052],[-49.29182,-24.929078],[-49.291843,-24.929147]]}},{"type":"Feature","properties":{"alt":474.0,"mestra":false},"geometry":{"type":"LineString","coordinates":[[-49.291842,-24.929151],[-49.291829,-24.929185],[-49.29191,-24.929444],[-49.291934,-24.929465],[-49.292017,-24.929472],[-49.292041,-24.929496],[-49.292039,-24.929544],[-49.291985,-24.929588],[-49.291985,-24.929615],[-49.292051,-24.929669],[-49.292144,-24.929786],[-49.292171,-24.929831],[-49.292185,-24.929884],[-49.292174,-24.929964],[-49.292126,-24.930035],[-49.292062,-24.930081],[-49.291944,-24.930118],[-49.291935,-24.930132]]}},{"type":"Feature","properties":{"alt":474.0,"mestra":false},"geometry":{"type":"LineString","coordinates":[[-49.291227,-24.931825],[-49.291236,-24.931845],[-49.291319,-24.931889],[-49.291439,-24.931986],[-49.291557,-24.931985],[-49.291573,-24.931972],[-49.291576,-24.931918],[-49.291597,-24.93191],[-49.291621,-24.931928],[-49.291635,-24.931989],[-49.291664,-24.932018],[-49.291692,-24.932018],[-49.291737,-24.931884],[-49.291794,-24.93181],[-49.291902,-24.931769],[-49.292058,-24.931782],[-49.292098,-24.931719],[-49.292178,-24.931685],[-49.292216,-24.931656],[-49.292236,-24.931656],[-49.292265,-24.931687],[-49.292284,-24.931688],[-49.292388,-24.931598],[-49.292417,-24.931527],[-49.292443,-24.931504],[-49.292531,-24.931501],[-49.29258,-24.931526],[-49.292648,-24.931538],[-49.292639,-24.931471],[-49.292669,-24.931432],[-49.292708,-24.931409],[-49.292747,-24.931406],[-49.292777,-24.931412],[-49.292815,-24.931444],[-49.292835,-24.931443],[-49.292896,-24.93139],[-49.292954,-24.931318],[-49.293042,-24.931274],[-49.293082,-24.931227],[-49.293122,-24.931208],[-49.293239,-24.931192],[-49.293297,-24.931226],[-49.293405,-24.931224],[-49.293453,-24.931241],[-49.293493,-24.931165],[-49.293638,-24.931033],[-49.293669,-24.930917],[-49.293645,-24.930819],[-49.293657,-24.93073],[-49.293605,-24.930703],[-49.293569,-24.930636],[-49.29353,-24.930613],[-49.293511,-24.930541],[-49.29344,-24.930487],[-49.293423,-24.930433],[-49.293398,-24.930397],[-49.293344,-24.93037],[-49.293303,-24.930325],[-49.293299,-24.930307],[-49.29332,-24.930277],[-49.293319,-24.930254],[-49.293287,-24.930209],[-49.293235,-24.93019],[-49.293215,-24.930172],[-49.293207,-24.930128],[-49.293223,-24.930083],[-49.293166,-24.930038],[-49.293169,-24.930011],[-49.293203,-24.929958],[-49.293199,-24.929941],[-49.293071,-24.929924],[-49.293025,-24.929876],[-49.293016,-24.929831],[-49.29303,-24.92976],[-49.293025,-24.929725],[-49.292976,-24.929671],[-49.292919,-24.929576],[-49.292855,-24.929411],[-49.292843,-24.929268],[-49.292854,-24.929188],[-49.292847,-24.929099],[-49.292827,-24.928885],[-49.292806,-24.92884],[-49.292823,-24.928751],[-49.292791,-24.928724],[-49.292771,-24.928634],[-49.292796,-24.928615],[-49.292835,-24.928627],[-49.292892,-24.928704],[-49.292952,-24.928636],[-49.293081,-24.928567],[-49.293098,-24.92854],[-49.29309,-24.928495],[-49.2931,-24.928487],[-49.293139,-24.928516],[-49.293198,-24.9285],[-49.293209,-24.928479],[-49.293209,-24.928431],[-49.293234,-24.928408],[-49.293247,-24.928364],[-49.293283,-24.928346],[-49.293297,-24.92832],[-49.293289,-24.928296],[-49.293231,-24.928256],[-49.293223,-24.92823],[-49.293309,-24.928195],[-49.2933,-24.928163],[-49.29334,-24.928139],[-49.293354,-24.928106],[-49.293338,-24.928044],[-49.293273,-24.927963],[-49.293245,-24.927943],[-49.293186,-24.927933],[-49.293134,-24.927952],[-49.293116,-24.927979],[-49.293115,-24.928014],[-49.293183,-24.928113],[-49.293187,-24.928194],[-49.293174,-24.92822],[-49.293074,-24.928308],[-49.293034,-24.928324],[-49.292985,-24.928331],[-49.292917,-24.928324],[-49.292829,-24.928351],[-49.292795,-24.928323],[-49.2928,-24.928298],[-49.292825,-24.92827],[-49.29281,-24.928264],[-49.292703,-24.92827],[-49.292477,-24.928306],[-49.292292,-24.928309],[-49.292087,-24.928279],[-49.29204,-24.928243],[-49.292019,-24.928239],[-49.291882,-24.928272],[-49.291807,-24.928324]]}},{"type":"Feature","properties":{"alt":474.0,"mestra":false},"geometry":{"type":"LineString","coordinates":[[-49.293348,-24.928218],[-49.293329,-24.92822],[-49.293323,-24.928231],[-49.293322,-24.928249],[-49.293338,-24.928261],[-49.293363,-24.92824],[-49.293348,-24.928218]]}},{"type":"Feature","properties":{"alt":474.0,"mestra":false},"geometry":{"type":"LineString","coordinates":[[-49.292186,-24.929563],[-49.292192,-24.929581],[-49.292176,-24.929606],[-49.292133,-24.929616],[-49.292125,-24.929607],[-49.292133,-24.92959],[-49.292186,-24.929563]]}},{"type":"Feature","properties":{"alt":474.0,"mestra":false},"geometry":{"type":"LineString","coordinates":[[-49.292176,-24.930309],[-49.292188,-24.930339],[-49.292166,-24.930361],[-49.292148,-24.930347],[-49.292146,-24.930321],[-49.292157,-24.930305],[-49.292176,-24.930309]]}},{"type":"Feature","properties":{"alt":474.0,"mestra":false},"geometry":{"type":"LineString","coordinates":[[-49.293117,-24.930812],[-49.29312,-24.930831],[-49.293095,-24.930831],[-49.293098,-24.930815],[-49.293117,-24.930812]]}},{"type":"Feature","properties":{"alt":474.0,"mestra":false},"geometry":{"type":"LineString","coordinates":[[-49.292389,-24.931141],[-49.292389,-24.931141]]}},{"type":"Feature","properties":{"alt":475.0,"mestra":true},"geometry":{"type":"LineString","coordinates":[[-49.291841,-24.92906],[-49.291828,-24.929087],[-49.291848,-24.929143]]}},{"type":"Feature","properties":{"alt":475.0,"mestra":true},"geometry":{"type":"LineString","coordinates":[[-49.291846,-24.929155],[-49.291836,-24.929194],[-49.291918,-24.929445],[-49.291943,-24.929461],[-49.292012,-24.929468],[-49.292041,-24.929491],[-49.292041,-24.929544],[-49.291991,-24.929588],[-49.29199,-24.929611],[-49.292058,-24.929663],[-49.292155,-24.929786],[-49.292195,-24.929884],[-49.292184,-24.929965],[-49.292138,-24.930035],[-49.292062,-24.930092],[-49.291938,-24.930134]]}},{"type":"Feature","properties":{"alt":475.0,"mestra":true},"geometry":{"type":"LineString","coordinates":[[-49.291237,-24.931807],[-49.291353,-24.931888],[-49.291449,-24.931976],[-49.291547,-24.931977],[-49.291562,-24.931963],[-49.291569,-24.931918],[-49.291597,-24.931903],[-49.291627,-24.931919],[-49.291655,-24.931967],[-49.291674,-24.931969],[-49.291752,-24.93184],[-49.291803,-24.931796],[-49.291902,-24.931762],[-49.292053,-24.931772],[-49.292098,-24.931709],[-49.292216,-24.931645],[-49.292246,-24.93165],[-49.292275,-24.931675],[-49.292294,-24.931672],[-49.292382,-24.931598],[-49.292414,-24.93152],[-49.292443,-24.931497],[-49.292531,-24.931494],[-49.29258,-24.931523],[-49.292648,-24.931532],[-49.292632,-24.931467],[-49.292659,-24.931432],[-49.292708,-24.931405],[-49.292747,-24.9314],[-49.292777,-24.931405],[-49.292815,-24.931439],[-49.292835,-24.931438],[-49.292944,-24.931314],[-49.293033,-24.931266],[-49.293102,-24.931203],[-49.293259,-24.931177],[-49.293308,-24.931216],[-49.293415,-24.931221],[-49.293453,-24.931237],[-49.293486,-24.931165],[-49.293633,-24.931033],[-49.293666,-24.930917],[-49.293635,-24.93081],[-49.293656,-24.930736],[-49.293595,-24.930703],[-49.29356,-24.93064],[-49.29353,-24.930624],[-49.293506,-24.930541],[-49.293434,-24.930489],[-49.293419,-24.930433],[-49.293397,-24.930402],[-49.293345,-24.930379],[-49.293301,-24.930334],[-49.293292,-24.930307],[-49.293318,-24.930272],[-49.293315,-24.930254],[-49.293282,-24.930208],[-49.293211,-24.930181],[-49.293199,-24.930137],[-49.293218,-24.930083],[-49.293156,-24.930038],[-49.2932,-24.929949],[-49.293188,-24.929939],[-49.293071,-24.929926],[-49.293038,-24.929903],[-49.293016,-24.929867],[-49.293004,-24.929805],[-49.293022,-24.92976],[-49.293019,-24.929733],[-49.293005,-24.929712],[-49.292954,-24.929679],[-49.29284,-24.929437],[-49.292825,-24.929268],[-49.29284,-24.929179],[-49.292822,-24.929054],[-49.292802,-24.929018],[-49.292799,-24.928893],[-49.292781,-24.928831],[-49.292789,-24.928768],[-49.292759,-24.928652],[-49.292763,-24.928625],[-49.292786,-24.92859],[-49.292806,-24.928584],[-49.292844,-24.928615],[-49.292883,-24.928673],[-49.292912,-24.92867],[-49.292942,-24.928622],[-49.293062,-24.928558],[-49.293091,-24.928473],[-49.29311,-24.92847],[-49.293149,-24.9285],[-49.293196,-24.928488],[-49.293201,-24.928425],[-49.293225,-24.928399],[-49.293239,-24.928359],[-49.293278,-24.928337],[-49.293279,-24.928306],[-49.293182,-24.928238],[-49.293141,-24.928255],[-49.293054,-24.928331],[-49.292907,-24.928334],[-49.292818,-24.928382],[-49.292716,-24.928349],[-49.292714,-24.928304],[-49.292693,-24.928296],[-49.292369,-24.928335],[-49.292077,-24.928301],[-49.291989,-24.928276],[-49.291881,-24.928306],[-49.291817,-24.928352]]}},{"type":"Feature","properties":{"alt":475.0,"mestra":true},"geometry":{"type":"LineString","coordinates":[[-49.293215,-24.92796],[-49.293156,-24.92797],[-49.293137,-24.928015],[-49.293193,-24.928113],[-49.293219,-24.928194],[-49.293261,-24.928205],[-49.293292,-24.928195],[-49.293291,-24.928159],[-49.293334,-24.928133],[-49.293343,-24.928088],[-49.293321,-24.928051],[-49.293264,-24.928016],[-49.293249,-24.92798],[-49.293215,-24.92796]]}},{"type":"Feature","properties":{"alt":475.0,"mestra":true},"geometry":{"type":"LineString","coordinates":[[-49.293348,-24.928227],[-49.29333,-24.928231],[-49.293338,-24.928251],[-49.293354,-24.92824],[-49.293348,-24.928227]]}},{"type":"Feature","properties":{"alt":475.0,"mestra":true},"geometry":{"type":"LineString","coordinates":[[-49.292186,-24.929562],[-49.292196,-24.929577],[-49.292176,-24.92961],[-49.292146,-24.929625],[-49.292119,-24.929616],[-49.292126,-24.92959],[-49.292186,-24.929562]]}},{"type":"Feature","properties":{"alt":475.0,"mestra":true},"geometry":{"type":"LineString","coordinates":[[-49.292167,-24.930292],[-49.292186,-24.930311],[-49.292193,-24.930339],[-49.292185,-24.930358],[-49.292166,-24.930368],[-49.292145,-24.930356],[-49.292138,-24.930329],[-49.292147,-24.930298],[-49.292167,-24.930292]]}},{"type":"Feature","properties":{"alt":475.0,"mestra":true},"geometry":{"type":"LineString","coordinates":[[-49.293117,-24.930811],[-49.293122,-24.930831],[-49.293093,-24.930831],[-49.293097,-24.930813],[-49.293117,-24.930811]]}},{"type":"Feature","properties":{"alt":475.0,"mestra":true},"geometry":{"type":"LineString","coordinates":[[-49.29239,-24.931134],[-49.292399,-24.931146],[-49.292387,-24.931143],[-49.29239,-24.931134]]}},{"type":"Feature","properties":{"alt":475.0,"mestra":true},"geometry":{"type":"LineString","coordinates":[[-49.292001,-24.931655],[-49.292012,-24.931674],[-49.291983,-24.931673],[-49.291982,-24.931656],[-49.292001,-24.931655]]}},{"type":"Feature","properties":{"alt":476.0,"mestra":false},"geometry":{"type":"LineString","coordinates":[[-49.291847,-24.929066],[-49.291836,-24.929105],[-49.291852,-24.92913]]}},{"type":"Feature","properties":{"alt":476.0,"mestra":false},"geometry":{"type":"LineString","coordinates":[[-49.291853,-24.929159],[-49.291842,-24.929176],[-49.291844,-24.929203],[-49.291873,-24.92931],[-49.29191,-24.929373],[-49.291924,-24.929441],[-49.291944,-24.929456],[-49.292021,-24.92947],[-49.292043,-24.929491],[-49.292043,-24.929544],[-49.292002,-24.929579],[-49.291995,-24.929606],[-49.29207,-24.92966],[-49.292177,-24.929804],[-49.292205,-24.929885],[-49.292191,-24.929974],[-49.29214,-24.930044],[-49.292062,-24.930103],[-49.291941,-24.930137]]}},{"type":"Feature","properties":{"alt":476.0,"mestra":false},"geometry":{"type":"LineString","coordinates":[[-49.291237,-24.931802],[-49.291266,-24.931805],[-49.291334,-24.931849],[-49.291459,-24.93197],[-49.291537,-24.931971],[-49.291568,-24.93191],[-49.291587,-24.931897],[-49.291617,-24.9319],[-49.291655,-24.931932],[-49.291675,-24.931931],[-49.291756,-24.931822],[-49.291833,-24.931775],[-49.291902,-24.931754],[-49.292043,-24.931763],[-49.292093,-24.931701],[-49.292207,-24.931637],[-49.292246,-24.931639],[-49.292284,-24.931662],[-49.292314,-24.931655],[-49.292375,-24.931598],[-49.292402,-24.931527],[-49.292433,-24.931495],[-49.292531,-24.931486],[-49.29258,-24.931519],[-49.292638,-24.931532],[-49.292626,-24.931458],[-49.292689,-24.931408],[-49.292767,-24.931395],[-49.292815,-24.931434],[-49.292835,-24.931433],[-49.292934,-24.93131],[-49.293028,-24.931258],[-49.293092,-24.931196],[-49.293171,-24.931188],[-49.293269,-24.931157],[-49.293327,-24.93121],[-49.293454,-24.931227],[-49.293484,-24.931159],[-49.293628,-24.931033],[-49.293662,-24.930917],[-49.293661,-24.93089],[-49.293625,-24.93081],[-49.29365,-24.930748],[-49.293647,-24.93073],[-49.293585,-24.930702],[-49.293522,-24.930622],[-49.2935,-24.930541],[-49.293425,-24.930487],[-49.293416,-24.930438],[-49.293396,-24.930408],[-49.293338,-24.930382],[-49.293294,-24.930334],[-49.293285,-24.930307],[-49.293314,-24.930272],[-49.293312,-24.930254],[-49.293282,-24.930212],[-49.293226,-24.930199],[-49.2932,-24.930181],[-49.293191,-24.930136],[-49.293213,-24.930083],[-49.293158,-24.930056],[-49.293147,-24.930038],[-49.293192,-24.929949],[-49.293061,-24.929927],[-49.293018,-24.929885],[-49.292994,-24.929825],[-49.292952,-24.929786],[-49.292956,-24.929768],[-49.293004,-24.929772],[-49.293009,-24.929733],[-49.292976,-24.929716],[-49.292937,-24.929728],[-49.292934,-24.929688],[-49.292906,-24.929643],[-49.292876,-24.929545],[-49.292822,-24.929437],[-49.292806,-24.929285],[-49.292826,-24.929179],[-49.292756,-24.928937],[-49.292767,-24.928884],[-49.292755,-24.928812],[-49.292773,-24.928715],[-49.292749,-24.928643],[-49.292777,-24.928528],[-49.292827,-24.92849],[-49.292868,-24.928502],[-49.292874,-24.92852],[-49.292845,-24.928546],[-49.292841,-24.928564],[-49.292875,-24.928609],[-49.292883,-24.928651],[-49.292903,-24.928658],[-49.292915,-24.928609],[-49.293001,-24.928579],[-49.293051,-24.928543],[-49.293076,-24.928477],[-49.293101,-24.928452],[-49.29312,-24.928446],[-49.293151,-24.928487],[-49.293188,-24.928483],[-49.293193,-24.928416],[-49.29323,-24.928354],[-49.293269,-24.92833],[-49.293266,-24.92831],[-49.293201,-24.928266],[-49.293162,-24.928258],[-49.293063,-24.928339],[-49.292907,-24.928339],[-49.292798,-24.928417],[-49.29275,-24.928384],[-49.292662,-24.92837],[-49.292633,-24.928338],[-49.292369,-24.928358],[-49.291998,-24.928311],[-49.2919,-24.928328],[-49.291826,-24.928378]]}},{"type":"Feature","properties":{"alt":476.0,"mestra":false},"geometry":{"type":"LineString","coordinates":[[-49.293225,-24.927985],[-49.293181,-24.927989],[-49.293164,-24.928024],[-49.29323,-24.928185],[-49.293261,-24.928197],[-49.29328,-24.928186],[-49.293289,-24.92815],[-49.29333,-24.928126],[-49.293335,-24.928097],[-49.293312,-24.92806],[-49.293253,-24.928033],[-49.293225,-24.927985]]}},{"type":"Feature","properties":{"alt":476.0,"mestra":false},"geometry":{"type":"LineString","coordinates":[[-49.292186,-24.92956],[-49.292197,-24.929581],[-49.292176,-24.929615],[-49.292146,-24.92963],[-49.292115,-24.929625],[-49.292108,-24.929607],[-49.29212,-24.929589],[-49.292186,-24.92956]]}},{"type":"Feature","properties":{"alt":476.0,"mestra":false},"geometry":{"type":"LineString","coordinates":[[-49.292167,-24.93028],[-49.292186,-24.9303],[-49.292197,-24.930339],[-49.292185,-24.930364],[-49.292165,-24.930374],[-49.292144,-24.930365],[-49.292132,-24.930329],[-49.292144,-24.930285],[-49.292167,-24.93028]]}},{"type":"Feature","properties":{"alt":476.0,"mestra":false},"geometry":{"type":"LineString","coordinates":[[-49.293117,-24.930809],[-49.293124,-24.930831],[-49.293107,-24.930838],[-49.29309,-24.93083],[-49.293094,-24.930813],[-49.293117,-24.930809]]}},{"type":"Feature","properties":{"alt":476.0,"mestra":false},"geometry":{"type":"LineString","coordinates":[[-49.291892,-24.931093],[-49.291899,-24.931102],[-49.291892,-24.931093]]}},{"type":"Feature","properties":{"alt":476.0,"mestra":false},"geometry":{"type":"LineString","coordinates":[[-49.29239,-24.931132],[-49.292399,-24.931149],[-49.292385,-24.931143],[-49.29239,-24.931132]]}},{"type":"Feature","properties":{"alt":476.0,"mestra":false},"geometry":{"type":"LineString","coordinates":[[-49.292001,-24.931644],[-49.292022,-24.931674],[-49.292011,-24.931684],[-49.291983,-24.931682],[-49.291967,-24.931655],[-49.291982,-24.931639],[-49.292001,-24.931644]]}},{"type":"Feature","properties":{"alt":477.0,"mestra":false},"geometry":{"type":"LineString","coordinates":[[-49.291853,-24.92908],[-49.291842,-24.929105],[-49.291855,-24.929127]]}},{"type":"Feature","properties":{"alt":477.0,"mestra":false},"geometry":{"type":"LineString","coordinates":[[-49.291863,-24.929161],[-49.291852,-24.929168],[-49.291849,-24.929203],[-49.291879,-24.92931],[-49.291918,-24.929373],[-49.291929,-24.929436],[-49.291953,-24.929453],[-49.292031,-24.929472],[-49.292045,-24.929491],[-49.292046,-24.929544],[-49.292005,-24.929579],[-49.292002,-24.929606],[-49.292078,-24.929646],[-49.29211,-24.929705],[-49.292188,-24.929804],[-49.292215,-24.929885],[-49.292201,-24.929974],[-49.29215,-24.930046],[-49.292061,-24.930114],[-49.291944,-24.930142]]}},{"type":"Feature","properties":{"alt":477.0,"mestra":false},"geometry":{"type":"LineString","coordinates":[[-49.291237,-24.931757],[-49.291245,-24.931781],[-49.291296,-24.931799],[-49.291382,-24.931867],[-49.29145,-24.931956],[-49.291479,-24.931968],[-49.291528,-24.931967],[-49.291578,-24.931895],[-49.291607,-24.931889],[-49.291656,-24.931911],[-49.291675,-24.931908],[-49.291752,-24.931813],[-49.291853,-24.931759],[-49.291912,-24.931746],[-49.292031,-24.931754],[-49.292074,-24.931701],[-49.292207,-24.931627],[-49.292246,-24.931628],[-49.292293,-24.93165],[-49.292314,-24.931647],[-49.292368,-24.931598],[-49.292399,-24.931518],[-49.292434,-24.931488],[-49.292531,-24.931478],[-49.29258,-24.931515],[-49.292629,-24.931521],[-49.29262,-24.931449],[-49.292689,-24.931402],[-49.292777,-24.93139],[-49.292825,-24.93143],[-49.292935,-24.931296],[-49.293023,-24.93125],[-49.293093,-24.931185],[-49.293171,-24.931178],[-49.293269,-24.931131],[-49.293337,-24.931204],[-49.293444,-24.931213],[-49.293484,-24.931151],[-49.293623,-24.931033],[-49.293658,-24.930917],[-49.293656,-24.93089],[-49.293616,-24.93081],[-49.293646,-24.930738],[-49.293578,-24.930707],[-49.293518,-24.93063],[-49.293492,-24.930541],[-49.29342,-24.930496],[-49.293396,-24.930416],[-49.293338,-24.930392],[-49.293287,-24.930334],[-49.293279,-24.930298],[-49.293311,-24.930261],[-49.293282,-24.930216],[-49.293214,-24.930202],[-49.293187,-24.930181],[-49.29318,-24.930145],[-49.293206,-24.930083],[-49.293157,-24.930065],[-49.293138,-24.930047],[-49.293178,-24.929956],[-49.29304,-24.929921],[-49.292998,-24.929876],[-49.292983,-24.92984],[-49.292936,-24.929796],[-49.292916,-24.929688],[-49.292884,-24.929634],[-49.292861,-24.92955],[-49.292813,-24.929474],[-49.292784,-24.929448],[-49.292761,-24.929294],[-49.292787,-24.929266],[-49.29281,-24.929179],[-49.292746,-24.929],[-49.292734,-24.928937],[-49.292737,-24.928857],[-49.292708,-24.928821],[-49.292766,-24.928715],[-49.292756,-24.92869],[-49.292732,-24.928679],[-49.29274,-24.928607],[-49.292728,-24.928572],[-49.29277,-24.928492],[-49.292764,-24.928429],[-49.29274,-24.928409],[-49.292672,-24.928395],[-49.292603,-24.9284],[-49.292582,-24.928365],[-49.292565,-24.928359],[-49.292359,-24.928379],[-49.292096,-24.928351],[-49.291988,-24.928328],[-49.291927,-24.92834],[-49.291834,-24.928404]]}},{"type":"Feature","properties":{"alt":477.0,"mestra":false},"geometry":{"type":"LineString","coordinates":[[-49.293215,-24.927998],[-49.293191,-24.928015],[-49.293197,-24.928078],[-49.29324,-24.928176],[-49.293261,-24.928184],[-49.293276,-24.92815],[-49.293325,-24.928124],[-49.293326,-24.928097],[-49.293302,-24.928067],[-49.29324,-24.928043],[-49.293215,-24.927998]]}},{"type":"Feature","properties":{"alt":477.0,"mestra":false},"geometry":{"type":"LineString","coordinates":[[-49.293201,-24.928283],[-49.293142,-24.928285],[-49.293063,-24.928354],[-49.292926,-24.928341],[-49.292881,-24.928359],[-49.292847,-24.928412],[-49.292842,-24.928448],[-49.292885,-24.928493],[-49.292918,-24.928565],[-49.292962,-24.928573],[-49.293019,-24.928548],[-49.293051,-24.928516],[-49.293121,-24.928397],[-49.293141,-24.928385],[-49.29319,-24.928388],[-49.293213,-24.928354],[-49.293253,-24.928328],[-49.29324,-24.928303],[-49.293201,-24.928283]]}},{"type":"Feature","properties":{"alt":477.0,"mestra":false},"geometry":{"type":"LineString","coordinates":[[-49.29317,-24.928418],[-49.29315,-24.928452],[-49.293154,-24.928469],[-49.293169,-24.928479],[-49.293189,-24.928461],[-49.29317,-24.928418]]}},{"type":"Feature","properties":{"alt":477.0,"mestra":false},"geometry":{"type":"LineString","coordinates":[[-49.292196,-24.929563],[-49.292196,-24.92959],[-49.292166,-24.929627],[-49.292127,-24.929638],[-49.292098,-24.929625],[-49.292104,-24.929598],[-49.292126,-24.929581],[-49.292177,-24.92956],[-49.292196,-24.929563]]}},{"type":"Feature","properties":{"alt":477.0,"mestra":false},"geometry":{"type":"LineString","coordinates":[[-49.292985,-24.929732],[-49.292972,-24.929751],[-49.292995,-24.92976],[-49.292999,-24.929742],[-49.292985,-24.929732]]}},{"type":"Feature","properties":{"alt":477.0,"mestra":false},"geometry":{"type":"LineString","coordinates":[[-49.292157,-24.930264],[-49.292186,-24.930288],[-49.2922,-24.93033],[-49.29219,-24.930366],[-49.292165,-24.930379],[-49.292136,-24.930365],[-49.292126,-24.930329],[-49.292132,-24.930285],[-49.292157,-24.930264]]}},{"type":"Feature","properties":{"alt":477.0,"mestra":false},"geometry":{"type":"LineString","coordinates":[[-49.293117,-24.930808],[-49.293126,-24.930831],[-49.293097,-24.930838],[-49.293088,-24.93083],[-49.293092,-24.930813],[-49.293117,-24.930808]]}},{"type":"Feature","properties":{"alt":477.0,"mestra":false},"geometry":{"type":"LineString","coordinates":[[-49.291901,-24.931089],[-49.291905,-24.931102],[-49.291891,-24.931106],[-49.291885,-24.931093],[-49.291901,-24.931089]]}},{"type":"Feature","properties":{"alt":477.0,"mestra":false},"geometry":{"type":"LineString","coordinates":[[-49.292399,-24.931133],[-49.292405,-24.931143],[-49.292389,-24.93115],[-49.292383,-24.931134],[-49.292399,-24.931133]]}},{"type":"Feature","properties":{"alt":477.0,"mestra":false},"geometry":{"type":"LineString","coordinates":[[-49.291992,-24.931624],[-49.292029,-24.931665],[-49.29202,-24.931687],[-49.291981,-24.931688],[-49.291957,-24.931673],[-49.291972,-24.931627],[-49.291992,-24.931624]]}},{"type":"Feature","properties":{"alt":478.0,"mestra":false},"geometry":{"type":"LineString","coordinates":[[-49.291859,-24.929086],[-49.291859,-24.929124]]}},{"type":"Feature","properties":{"alt":478.0,"mestra":false},"geometry":{"type":"LineString","coordinates":[[-49.291866,-24.929165],[-49.291854,-24.929194],[-49.291873,-24.929275],[-49.291922,-24.929364],[-49.291937,-24.929436],[-49.292031,-24.929469],[-49.292047,-24.929491],[-49.292048,-24.929544],[-49.292009,-24.929579],[-49.29201,-24.929606],[-49.292068,-24.929622],[-49.29212,-24.929581],[-49.292177,-24.929559],[-49.292198,-24.929564],[-49.292183,-24.929617],[-49.292156,-24.929638],[-49.292109,-24.929652],[-49.292104,-24.92967],[-49.292203,-24.929813],[-49.292226,-24.929885],[-49.292223,-24.929938],[-49.292204,-24.929991],[-49.292121,-24.930086],[-49.292061,-24.930127],[-49.291944,-24.930157]]}},{"type":"Feature","properties":{"alt":478.0,"mestra":false},"geometry":{"type":"LineString","coordinates":[[-49.291251,-24.931742],[-49.291383,-24.931846],[-49.291456,-24.931953],[-49.291518,-24.931965],[-49.291578,-24.93189],[-49.291607,-24.931881],[-49.291656,-24.931894],[-49.291675,-24.931888],[-49.291737,-24.931813],[-49.291784,-24.931781],[-49.291902,-24.931737],[-49.29201,-24.931748],[-49.292038,-24.931736],[-49.292045,-24.93171],[-49.29203,-24.931694],[-49.291971,-24.931693],[-49.291949,-24.931682],[-49.291946,-24.931655],[-49.291972,-24.931609],[-49.291992,-24.931611],[-49.29205,-24.931679],[-49.292069,-24.931684],[-49.292138,-24.931663],[-49.292207,-24.931616],[-49.292295,-24.931607],[-49.292299,-24.931632],[-49.292314,-24.931635],[-49.292359,-24.931597],[-49.292386,-24.931526],[-49.292424,-24.931485],[-49.292473,-24.931471],[-49.292541,-24.931469],[-49.29258,-24.931511],[-49.292609,-24.931514],[-49.292617,-24.931502],[-49.292607,-24.931449],[-49.292689,-24.931396],[-49.292777,-24.931383],[-49.292825,-24.931421],[-49.292935,-24.931284],[-49.293023,-24.93124],[-49.293083,-24.931181],[-49.293178,-24.931161],[-49.293248,-24.9311],[-49.293299,-24.931106],[-49.293315,-24.931163],[-49.293343,-24.931199],[-49.293434,-24.931204],[-49.293484,-24.931143],[-49.293617,-24.931033],[-49.293654,-24.930917],[-49.293651,-24.93089],[-49.293607,-24.93081],[-49.293624,-24.930747],[-49.293576,-24.93072],[-49.293515,-24.930639],[-49.293488,-24.93055],[-49.293415,-24.93051],[-49.293392,-24.930424],[-49.293338,-24.930403],[-49.293274,-24.930325],[-49.293273,-24.930289],[-49.293304,-24.930263],[-49.293282,-24.930222],[-49.293209,-24.930208],[-49.293172,-24.930181],[-49.293167,-24.930145],[-49.293196,-24.930086],[-49.293147,-24.930072],[-49.293126,-24.930047],[-49.293166,-24.929958],[-49.293041,-24.929929],[-49.292974,-24.929878],[-49.292918,-24.929795],[-49.292903,-24.929696],[-49.292866,-24.929634],[-49.292841,-24.929557],[-49.292822,-24.929537],[-49.292785,-24.929526],[-49.292775,-24.929508],[-49.292735,-24.929294],[-49.292734,-24.929222],[-49.292739,-24.929196],[-49.292778,-24.929183],[-49.29278,-24.929143],[-49.29276,-24.929099],[-49.292711,-24.929088],[-49.292711,-24.929074],[-49.292731,-24.929071],[-49.29274,-24.929044],[-49.292722,-24.929017],[-49.292713,-24.928967],[-49.292664,-24.928927],[-49.292665,-24.928884],[-49.292676,-24.92891],[-49.292694,-24.928916],[-49.292707,-24.928874],[-49.292675,-24.928847],[-49.292668,-24.928794],[-49.292647,-24.928783],[-49.292637,-24.928762],[-49.292618,-24.928517],[-49.292597,-24.928454],[-49.292527,-24.928418],[-49.292506,-24.928389],[-49.29232,-24.928397],[-49.292105,-24.928373],[-49.291978,-24.928342],[-49.291945,-24.928349],[-49.291841,-24.928429]]}},{"type":"Feature","properties":{"alt":478.0,"mestra":false},"geometry":{"type":"LineString","coordinates":[[-49.293272,-24.928068],[-49.293224,-24.928061],[-49.293212,-24.928069],[-49.293213,-24.928087],[-49.293252,-24.928145],[-49.293303,-24.928133],[-49.293322,-24.928115],[-49.293311,-24.928088],[-49.293272,-24.928068]]}},{"type":"Feature","properties":{"alt":478.0,"mestra":false},"geometry":{"type":"LineString","coordinates":[[-49.29321,-24.928307],[-49.293132,-24.928306],[-49.293112,-24.928326],[-49.293111,-24.928344],[-49.293132,-24.928355],[-49.293161,-24.928352],[-49.293224,-24.928319],[-49.29321,-24.928307]]}},{"type":"Feature","properties":{"alt":478.0,"mestra":false},"geometry":{"type":"LineString","coordinates":[[-49.292965,-24.928351],[-49.292917,-24.928347],[-49.292888,-24.928359],[-49.292867,-24.928422],[-49.292924,-24.928529],[-49.292963,-24.928552],[-49.293002,-24.928539],[-49.293041,-24.928505],[-49.293086,-24.928397],[-49.293063,-24.928372],[-49.292965,-24.928351]]}},{"type":"Feature","properties":{"alt":478.0,"mestra":false},"geometry":{"type":"LineString","coordinates":[[-49.29272,-24.928454],[-49.29269,-24.928457],[-49.292682,-24.928473],[-49.292683,-24.928509],[-49.292699,-24.928523],[-49.292724,-24.9285],[-49.29272,-24.928454]]}},{"type":"Feature","properties":{"alt":478.0,"mestra":false},"geometry":{"type":"LineString","coordinates":[[-49.292688,-24.928588],[-49.292673,-24.928607],[-49.292698,-24.928633],[-49.292715,-24.928616],[-49.292688,-24.928588]]}},{"type":"Feature","properties":{"alt":478.0,"mestra":false},"geometry":{"type":"LineString","coordinates":[[-49.292746,-24.928696],[-49.292696,-24.928722],[-49.292677,-24.928704],[-49.292663,-24.928713],[-49.292663,-24.928731],[-49.292706,-24.928752],[-49.292735,-24.92875],[-49.29276,-24.928715],[-49.292746,-24.928696]]}},{"type":"Feature","properties":{"alt":478.0,"mestra":false},"geometry":{"type":"LineString","coordinates":[[-49.292167,-24.930253],[-49.292192,-24.930285],[-49.292203,-24.930339],[-49.292195,-24.930366],[-49.292165,-24.930385],[-49.29213,-24.930365],[-49.29212,-24.93032],[-49.292136,-24.930258],[-49.292167,-24.930253]]}},{"type":"Feature","properties":{"alt":478.0,"mestra":false},"geometry":{"type":"LineString","coordinates":[[-49.293127,-24.930812],[-49.293128,-24.930831],[-49.293117,-24.930839],[-49.293085,-24.93083],[-49.293098,-24.930807],[-49.293127,-24.930812]]}},{"type":"Feature","properties":{"alt":478.0,"mestra":false},"geometry":{"type":"LineString","coordinates":[[-49.291902,-24.931084],[-49.291908,-24.931102],[-49.291891,-24.93111],[-49.291881,-24.931093],[-49.291902,-24.931084]]}},{"type":"Feature","properties":{"alt":478.0,"mestra":false},"geometry":{"type":"LineString","coordinates":[[-49.292399,-24.931132],[-49.292407,-24.931144],[-49.292389,-24.931153],[-49.29238,-24.931134],[-49.292399,-24.931132]]}},{"type":"Feature","properties":{"alt":479.0,"mestra":false},"geometry":{"type":"LineString","coordinates":[[-49.291877,-24.929168],[-49.291862,-24.929185],[-49.291863,-24.929212],[-49.291887,-24.929302],[-49.291928,-24.929364],[-49.29194,-24.929427],[-49.291959,-24.929445],[-49.292031,-24.929466],[-49.292047,-24.929482],[-49.29205,-24.929544],[-49.292014,-24.929579],[-49.292012,-24.929597],[-49.292029,-24.92961],[-49.292059,-24.929611],[-49.292134,-24.929572],[-49.292186,-24.929556],[-49.2922,-24.929564],[-49.292186,-24.929619],[-49.292123,-24.929661],[-49.292119,-24.929679],[-49.292214,-24.929813],[-49.292237,-24.929894],[-49.292231,-24.929947],[-49.29221,-24.93],[-49.29212,-24.930102],[-49.292071,-24.930137],[-49.291973,-24.930161],[-49.291945,-24.930177]]}},{"type":"Feature","properties":{"alt":479.0,"mestra":false},"geometry":{"type":"LineString","coordinates":[[-49.291261,-24.931724],[-49.291393,-24.931835],[-49.291455,-24.931944],[-49.291479,-24.931958],[-49.291518,-24.931961],[-49.291578,-24.931884],[-49.291607,-24.931873],[-49.291666,-24.931875],[-49.291728,-24.931804],[-49.291774,-24.931778],[-49.291922,-24.931723],[-49.292,-24.931739],[-49.292029,-24.931731],[-49.292036,-24.931719],[-49.292025,-24.931701],[-49.291961,-24.931704],[-49.291938,-24.931691],[-49.291937,-24.931655],[-49.291969,-24.931602],[-49.292002,-24.931611],[-49.29205,-24.931661],[-49.292089,-24.931667],[-49.292138,-24.931653],[-49.292197,-24.931606],[-49.292295,-24.931585],[-49.292344,-24.9316],[-49.292391,-24.931509],[-49.292444,-24.931469],[-49.292561,-24.93146],[-49.292573,-24.931466],[-49.292576,-24.931502],[-49.292599,-24.93151],[-49.29261,-24.931502],[-49.292608,-24.931484],[-49.292581,-24.931457],[-49.292614,-24.931431],[-49.292728,-24.931378],[-49.292777,-24.931376],[-49.292826,-24.931394],[-49.292873,-24.931354],[-49.292925,-24.93128],[-49.293014,-24.931238],[-49.293083,-24.931174],[-49.293165,-24.931152],[-49.293231,-24.931083],[-49.29327,-24.931076],[-49.293307,-24.931091],[-49.293324,-24.931163],[-49.293347,-24.931193],[-49.293386,-24.931202],[-49.293434,-24.931194],[-49.293482,-24.931138],[-49.293612,-24.931033],[-49.29365,-24.930908],[-49.293597,-24.93081],[-49.293595,-24.930756],[-49.293558,-24.930722],[-49.293505,-24.930639],[-49.293482,-24.930563],[-49.293434,-24.930539],[-49.293385,-24.930551],[-49.293367,-24.93054],[-49.293392,-24.930495],[-49.293391,-24.930469],[-49.293376,-24.930442],[-49.293328,-24.930409],[-49.293264,-24.930324],[-49.293262,-24.930289],[-49.293293,-24.930262],[-49.29328,-24.930227],[-49.293267,-24.930218],[-49.293194,-24.930213],[-49.293154,-24.930181],[-49.293149,-24.930154],[-49.293167,-24.930101],[-49.293127,-24.930075],[-49.293112,-24.930046],[-49.293152,-24.929985],[-49.293154,-24.929958],[-49.293071,-24.929937],[-49.293041,-24.929939],[-49.293022,-24.929953],[-49.292992,-24.929933],[-49.292905,-24.929803],[-49.292888,-24.929707],[-49.29285,-24.92965],[-49.292828,-24.92958],[-49.292763,-24.929534],[-49.292709,-24.929186],[-49.292639,-24.928936],[-49.292596,-24.928579],[-49.292572,-24.928463],[-49.292554,-24.928448],[-49.292469,-24.928444],[-49.292437,-24.928414],[-49.29231,-24.928418],[-49.292115,-24.928394],[-49.291988,-24.928358],[-49.291959,-24.928363],[-49.29185,-24.928436]]}},{"type":"Feature","properties":{"alt":479.0,"mestra":false},"geometry":{"type":"LineString","coordinates":[[-49.293292,-24.928087],[-49.29324,-24.928087],[-49.293262,-24.92813],[-49.293311,-24.928121],[-49.293311,-24.9281],[-49.293292,-24.928087]]}},{"type":"Feature","properties":{"alt":479.0,"mestra":false},"geometry":{"type":"LineString","coordinates":[[-49.292936,-24.92835],[-49.292907,-24.928353],[-49.292888,-24.928368],[-49.292885,-24.928413],[-49.292938,-24.928512],[-49.292973,-24.92853],[-49.293002,-24.928517],[-49.293042,-24.92848],[-49.293064,-24.928406],[-49.293039,-24.928379],[-49.292936,-24.92835]]}},{"type":"Feature","properties":{"alt":479.0,"mestra":false},"geometry":{"type":"LineString","coordinates":[[-49.292746,-24.928704],[-49.292716,-24.928723],[-49.292725,-24.928741],[-49.29275,-24.928723],[-49.292746,-24.928704]]}},{"type":"Feature","properties":{"alt":479.0,"mestra":false},"geometry":{"type":"LineString","coordinates":[[-49.293031,-24.929965],[-49.293031,-24.929975],[-49.293031,-24.929965]]}},{"type":"Feature","properties":{"alt":479.0,"mestra":false},"geometry":{"type":"LineString","coordinates":[[-49.292167,-24.930238],[-49.292196,-24.930279],[-49.292206,-24.930339],[-49.292193,-24.930375],[-49.292155,-24.93039],[-49.292124,-24.930365],[-49.292116,-24.930293],[-49.292135,-24.93024],[-49.292167,-24.930238]]}},{"type":"Feature","properties":{"alt":479.0,"mestra":false},"geometry":{"type":"LineString","coordinates":[[-49.293127,-24.93081],[-49.29313,-24.930831],[-49.293117,-24.930841],[-49.293097,-24.930842],[-49.293082,-24.93083],[-49.293098,-24.930806],[-49.293127,-24.93081]]}},{"type":"Feature","properties":{"alt":479.0,"mestra":false},"geometry":{"type":"LineString","coordinates":[[-49.293192,-24.931045],[-49.293204,-24.931055],[-49.293192,-24.93107],[-49.29318,-24.931054],[-49.293192,-24.931045]]}},{"type":"Feature","properties":{"alt":479.0,"mestra":false},"geometry":{"type":"LineString","coordinates":[[-49.291902,-24.931081],[-49.291912,-24.931102],[-49.291891,-24.931112],[-49.291877,-24.931093],[-49.291902,-24.931081]]}},{"type":"Feature","properties":{"alt":479.0,"mestra":false},"geometry":{"type":"LineString","coordinates":[[-49.292399,-24.931131],[-49.292409,-24.931144],[-49.292389,-24.931154],[-49.292379,-24.931134],[-49.292399,-24.931131]]}},{"type":"Feature","properties":{"alt":480.0,"mestra":true},"geometry":{"type":"LineString","coordinates":[[-49.291882,-24.929171],[-49.291867,-24.929194],[-49.291881,-24.929266],[-49.291934,-24.929365],[-49.291947,-24.929427],[-49.292041,-24.929469],[-49.29205,-24.929482],[-49.292053,-24.929544],[-49.292019,-24.929579],[-49.29202,-24.929596],[-49.292049,-24.929603],[-49.292177,-24.929556],[-49.292201,-24.929564],[-49.29219,-24.929617],[-49.292132,-24.929679],[-49.292225,-24.929813],[-49.292247,-24.929885],[-49.292242,-24.929947],[-49.292221,-24.930001],[-49.29211,-24.930131],[-49.292071,-24.930153],[-49.291949,-24.930181]]}},{"type":"Feature","properties":{"alt":480.0,"mestra":true},"geometry":{"type":"LineString","coordinates":[[-49.291275,-24.931712],[-49.291403,-24.931826],[-49.29146,-24.931941],[-49.291489,-24.931957],[-49.291518,-24.931957],[-49.291568,-24.931886],[-49.291607,-24.931866],[-49.291665,-24.931857],[-49.291722,-24.931786],[-49.291804,-24.931761],[-49.29191,-24.931708],[-49.291934,-24.931646],[-49.291973,-24.931595],[-49.291999,-24.931602],[-49.29206,-24.931654],[-49.292118,-24.931651],[-49.292188,-24.931596],[-49.292344,-24.93157],[-49.292394,-24.931495],[-49.292434,-24.931464],[-49.292571,-24.931444],[-49.292719,-24.931374],[-49.292816,-24.931375],[-49.292846,-24.931366],[-49.292925,-24.931268],[-49.293014,-24.93123],[-49.293078,-24.931169],[-49.293161,-24.931134],[-49.29319,-24.93109],[-49.293173,-24.931063],[-49.293182,-24.931042],[-49.293202,-24.931041],[-49.293221,-24.931065],[-49.29327,-24.93106],[-49.293299,-24.931069],[-49.293321,-24.931092],[-49.293329,-24.931154],[-49.293347,-24.931185],[-49.293376,-24.931197],[-49.293425,-24.931192],[-49.293474,-24.931136],[-49.293606,-24.931032],[-49.293644,-24.930915],[-49.293644,-24.930899],[-49.293541,-24.930729],[-49.293467,-24.930576],[-49.293434,-24.930552],[-49.293385,-24.93056],[-49.293359,-24.930548],[-49.293353,-24.930522],[-49.293376,-24.930477],[-49.293328,-24.930428],[-49.29329,-24.930361],[-49.293247,-24.930315],[-49.293254,-24.93028],[-49.293275,-24.930253],[-49.293272,-24.930227],[-49.293184,-24.930222],[-49.293152,-24.930207],[-49.29313,-24.93018],[-49.293125,-24.930109],[-49.293092,-24.930046],[-49.29314,-24.929993],[-49.293148,-24.929965],[-49.29311,-24.929945],[-49.293051,-24.929943],[-49.293037,-24.930019],[-49.293021,-24.930023],[-49.292954,-24.929893],[-49.292896,-24.929821],[-49.292884,-24.92975],[-49.292829,-24.929651],[-49.292814,-24.929589],[-49.29275,-24.929543],[-49.292701,-24.92932],[-49.292695,-24.929186],[-49.292621,-24.928954],[-49.292562,-24.928587],[-49.292535,-24.928498],[-49.292485,-24.92847],[-49.292399,-24.92847],[-49.292378,-24.928439],[-49.292095,-24.928408],[-49.292007,-24.928379],[-49.291968,-24.928387],[-49.291856,-24.928461]]}},{"type":"Feature","properties":{"alt":480.0,"mestra":true},"geometry":{"type":"LineString","coordinates":[[-49.293301,-24.928104],[-49.293282,-24.928099],[-49.293271,-24.928114],[-49.293301,-24.928118],[-49.293301,-24.928104]]}},{"type":"Feature","properties":{"alt":480.0,"mestra":true},"geometry":{"type":"LineString","coordinates":[[-49.292956,-24.928359],[-49.292907,-24.928358],[-49.29289,-24.928386],[-49.292944,-24.92848],[-49.292963,-24.928499],[-49.292983,-24.928502],[-49.293032,-24.928463],[-49.293045,-24.928415],[-49.293025,-24.928388],[-49.292956,-24.928359]]}},{"type":"Feature","properties":{"alt":480.0,"mestra":true},"geometry":{"type":"LineString","coordinates":[[-49.292736,-24.928714],[-49.292735,-24.928727],[-49.292736,-24.928714]]}},{"type":"Feature","properties":{"alt":480.0,"mestra":true},"geometry":{"type":"LineString","coordinates":[[-49.292168,-24.930222],[-49.292196,-24.930262],[-49.29221,-24.930339],[-49.292195,-24.93038],[-49.292155,-24.930395],[-49.292119,-24.930365],[-49.29211,-24.930285],[-49.292128,-24.930222],[-49.292148,-24.930214],[-49.292168,-24.930222]]}},{"type":"Feature","properties":{"alt":480.0,"mestra":true},"geometry":{"type":"LineString","coordinates":[[-49.293117,-24.930803],[-49.293132,-24.930813],[-49.293133,-24.930831],[-49.293117,-24.930843],[-49.293088,-24.93084],[-49.293082,-24.930813],[-49.293117,-24.930803]]}},{"type":"Feature","properties":{"alt":480.0,"mestra":true},"geometry":{"type":"LineString","coordinates":[[-49.291911,-24.931082],[-49.291906,-24.931111],[-49.291882,-24.931111],[-49.291874,-24.931093],[-49.291882,-24.931081],[-49.291911,-24.931082]]}},{"type":"Feature","properties":{"alt":480.0,"mestra":true},"geometry":{"type":"LineString","coordinates":[[-49.292399,-24.93113],[-49.292411,-24.931144],[-49.292399,-24.931157],[-49.292378,-24.931134],[-49.292399,-24.93113]]}},{"type":"Feature","properties":{"alt":480.0,"mestra":true},"geometry":{"type":"LineString","coordinates":[[-49.2926,-24.931483],[-49.29258,-24.931482],[-49.292587,-24.931502],[-49.2926,-24.931502],[-49.2926,-24.931483]]}},{"type":"Feature","properties":{"alt":480.0,"mestra":true},"geometry":{"type":"LineString","coordinates":[[-49.29202,-24.931706],[-49.291991,-24.931706],[-49.291979,-24.931718],[-49.29201,-24.931731],[-49.292026,-24.931718],[-49.29202,-24.931706]]}},{"type":"Feature","properties":{"alt":481.0,"mestra":false},"geometry":{"type":"LineString","coordinates":[[-49.291886,-24.929175],[-49.291873,-24.929203],[-49.291889,-24.929275],[-49.291936,-24.929356],[-49.291954,-24.929427],[-49.292051,-24.929475],[-49.292056,-24.929544],[-49.292025,-24.929588],[-49.292049,-24.929593],[-49.292177,-24.929555],[-49.292203,-24.929564],[-49.292195,-24.929614],[-49.292147,-24.92967],[-49.292145,-24.929688],[-49.292231,-24.929805],[-49.292258,-24.929885],[-49.292237,-24.929992],[-49.29212,-24.930157],[-49.2921,-24.930168],[-49.291952,-24.930184]]}},{"type":"Feature","properties":{"alt":481.0,"mestra":false},"geometry":{"type":"LineString","coordinates":[[-49.291286,-24.931702],[-49.291412,-24.931818],[-49.29146,-24.931935],[-49.291489,-24.931953],[-49.291517,-24.931953],[-49.291568,-24.93188],[-49.291656,-24.931846],[-49.291716,-24.931776],[-49.291804,-24.931755],[-49.291888,-24.931708],[-49.291964,-24.931593],[-49.291992,-24.931594],[-49.29206,-24.931644],[-49.292109,-24.931642],[-49.292177,-24.931586],[-49.292335,-24.931554],[-49.292434,-24.931455],[-49.292571,-24.931433],[-49.292719,-24.931366],[-49.292816,-24.931366],[-49.292846,-24.931357],[-49.292913,-24.931265],[-49.293004,-24.931228],[-49.293073,-24.931165],[-49.293142,-24.931136],[-49.293164,-24.93109],[-49.293167,-24.931054],[-49.293183,-24.931036],[-49.2933,-24.931053],[-49.293328,-24.931083],[-49.293332,-24.931145],[-49.293347,-24.931177],[-49.293376,-24.931192],[-49.293425,-24.931184],[-49.293473,-24.931129],[-49.293601,-24.931032],[-49.293619,-24.930997],[-49.293635,-24.930917],[-49.293616,-24.930863],[-49.293528,-24.930746],[-49.293447,-24.930576],[-49.293424,-24.93056],[-49.293365,-24.930566],[-49.293339,-24.930539],[-49.293329,-24.930468],[-49.293289,-24.930369],[-49.293222,-24.930315],[-49.293255,-24.930244],[-49.293135,-24.930233],[-49.293067,-24.93018],[-49.293074,-24.930144],[-49.293056,-24.930108],[-49.293066,-24.930064],[-49.29305,-24.93005],[-49.29302,-24.930056],[-49.293001,-24.930041],[-49.292931,-24.929893],[-49.292886,-24.929847],[-49.29287,-24.929758],[-49.29281,-24.929651],[-49.292801,-24.929606],[-49.292741,-24.929561],[-49.292677,-24.929328],[-49.292686,-24.929239],[-49.292678,-24.929186],[-49.292633,-24.929034],[-49.292595,-24.928954],[-49.292498,-24.928515],[-49.292472,-24.928488],[-49.292346,-24.928496],[-49.292319,-24.92846],[-49.292095,-24.928424],[-49.292007,-24.928399],[-49.291854,-24.928468]]}},{"type":"Feature","properties":{"alt":481.0,"mestra":false},"geometry":{"type":"LineString","coordinates":[[-49.292936,-24.928359],[-49.292901,-24.928369],[-49.292903,-24.928395],[-49.292954,-24.928452],[-49.292993,-24.928461],[-49.293017,-24.928441],[-49.293018,-24.928406],[-49.292985,-24.928378],[-49.292936,-24.928359]]}},{"type":"Feature","properties":{"alt":481.0,"mestra":false},"geometry":{"type":"LineString","coordinates":[[-49.29311,-24.929948],[-49.293071,-24.929942],[-49.293048,-24.929957],[-49.293051,-24.930001],[-49.293069,-24.930023],[-49.293099,-24.930021],[-49.293139,-24.929984],[-49.293139,-24.929963],[-49.29311,-24.929948]]}},{"type":"Feature","properties":{"alt":481.0,"mestra":false},"geometry":{"type":"LineString","coordinates":[[-49.292148,-24.930192],[-49.292197,-24.930244],[-49.292212,-24.930321],[-49.292203,-24.930375],[-49.292165,-24.9304],[-49.292124,-24.930383],[-49.292104,-24.93032],[-49.292114,-24.930204],[-49.292129,-24.930187],[-49.292148,-24.930192]]}},{"type":"Feature","properties":{"alt":481.0,"mestra":false},"geometry":{"type":"LineString","coordinates":[[-49.293117,-24.930801],[-49.293134,-24.930813],[-49.293135,-24.930831],[-49.293117,-24.930844],[-49.293087,-24.930843],[-49.293078,-24.930813],[-49.293117,-24.930801]]}},{"type":"Feature","properties":{"alt":481.0,"mestra":false},"geometry":{"type":"LineString","coordinates":[[-49.29299,-24.930829],[-49.29299,-24.930829]]}},{"type":"Feature","properties":{"alt":481.0,"mestra":false},"geometry":{"type":"LineString","coordinates":[[-49.291902,-24.931074],[-49.29192,-24.931093],[-49.29191,-24.931111],[-49.291891,-24.931116],[-49.291871,-24.931093],[-49.291882,-24.931077],[-49.291902,-24.931074]]}},{"type":"Feature","properties":{"alt":481.0,"mestra":false},"geometry":{"type":"LineString","coordinates":[[-49.29239,-24.931125],[-49.292412,-24.931144],[-49.292399,-24.931159],[-49.292377,-24.931143],[-49.29239,-24.931125]]}},{"type":"Feature","properties":{"alt":481.0,"mestra":false},"geometry":{"type":"LineString","coordinates":[[-49.29201,-24.931712],[-49.291998,-24.931718],[-49.29201,-24.931721],[-49.29201,-24.931712]]}},{"type":"Feature","properties":{"alt":482.0,"mestra":false},"geometry":{"type":"LineString","coordinates":[[-49.291899,-24.929177],[-49.291879,-24.929203],[-49.2919,-24.929293],[-49.291941,-24.929356],[-49.291961,-24.929427],[-49.292054,-24.929473],[-49.292051,-24.929571],[-49.292088,-24.929576],[-49.292187,-24.929553],[-49.292204,-24.929564],[-49.2922,-24.929608],[-49.292157,-24.929688],[-49.292247,-24.929814],[-49.292269,-24.929894],[-49.292248,-24.929992],[-49.292169,-24.930098],[-49.292151,-24.930142],[-49.29221,-24.930268],[-49.292215,-24.930348],[-49.292194,-24.930392],[-49.292155,-24.930404],[-49.292116,-24.93038],[-49.292101,-24.930338],[-49.292092,-24.930222],[-49.29208,-24.930199],[-49.292041,-24.930188],[-49.291953,-24.930193]]}},{"type":"Feature","properties":{"alt":482.0,"mestra":false},"geometry":{"type":"LineString","coordinates":[[-49.291297,-24.931683],[-49.29142,-24.93181],[-49.291466,-24.931935],[-49.291508,-24.931952],[-49.291531,-24.931936],[-49.291568,-24.931873],[-49.291647,-24.931839],[-49.291716,-24.93177],[-49.291795,-24.931753],[-49.29187,-24.931708],[-49.291963,-24.931589],[-49.292,-24.931593],[-49.29206,-24.931636],[-49.292099,-24.931635],[-49.292159,-24.931577],[-49.292247,-24.931568],[-49.292345,-24.931534],[-49.292434,-24.931444],[-49.292571,-24.931424],[-49.292719,-24.931359],[-49.292836,-24.931355],[-49.292861,-24.931336],[-49.292906,-24.931258],[-49.293004,-24.931222],[-49.293063,-24.931166],[-49.293134,-24.931134],[-49.293159,-24.931054],[-49.293192,-24.931025],[-49.293251,-24.931011],[-49.2933,-24.931034],[-49.293334,-24.931065],[-49.293338,-24.931145],[-49.29335,-24.931172],[-49.293376,-24.931188],[-49.293415,-24.931183],[-49.293465,-24.931127],[-49.293587,-24.931041],[-49.293607,-24.931015],[-49.29362,-24.93097],[-49.293626,-24.930908],[-49.293614,-24.930872],[-49.293505,-24.930746],[-49.293482,-24.930683],[-49.293446,-24.93063],[-49.293432,-24.930576],[-49.293414,-24.930568],[-49.293365,-24.930579],[-49.293307,-24.93053],[-49.29328,-24.930367],[-49.293241,-24.930346],[-49.293182,-24.930354],[-49.293163,-24.930346],[-49.293122,-24.930305],[-49.293091,-24.930233],[-49.293051,-24.930197],[-49.29302,-24.93009],[-49.292876,-24.929863],[-49.292852,-24.929776],[-49.292819,-24.929749],[-49.29282,-24.929713],[-49.292782,-24.92962],[-49.292727,-24.92957],[-49.292657,-24.929337],[-49.292659,-24.929195],[-49.292616,-24.929052],[-49.292573,-24.928962],[-49.292512,-24.928703],[-49.292462,-24.928542],[-49.292445,-24.928525],[-49.292399,-24.928514],[-49.292291,-24.928513],[-49.29226,-24.928468],[-49.292143,-24.928454],[-49.292007,-24.928417],[-49.291898,-24.928469],[-49.291846,-24.928514]]}},{"type":"Feature","properties":{"alt":482.0,"mestra":false},"geometry":{"type":"LineString","coordinates":[[-49.292946,-24.928368],[-49.292916,-24.928366],[-49.292907,-24.928386],[-49.292955,-24.928419],[-49.292984,-24.928423],[-49.292983,-24.928396],[-49.292946,-24.928368]]}},{"type":"Feature","properties":{"alt":482.0,"mestra":false},"geometry":{"type":"LineString","coordinates":[[-49.2931,-24.929948],[-49.293071,-24.929945],[-49.293053,-24.929957],[-49.293055,-24.929992],[-49.29307,-24.930012],[-49.293099,-24.930012],[-49.293132,-24.929984],[-49.293134,-24.929967],[-49.2931,-24.929948]]}},{"type":"Feature","properties":{"alt":482.0,"mestra":false},"geometry":{"type":"LineString","coordinates":[[-49.293127,-24.930803],[-49.293139,-24.930822],[-49.29313,-24.93084],[-49.293097,-24.930848],[-49.293079,-24.930839],[-49.293078,-24.930807],[-49.293127,-24.930803]]}},{"type":"Feature","properties":{"alt":482.0,"mestra":false},"geometry":{"type":"LineString","coordinates":[[-49.293,-24.930822],[-49.293006,-24.93083],[-49.29299,-24.930841],[-49.292986,-24.930829],[-49.293,-24.930822]]}},{"type":"Feature","properties":{"alt":482.0,"mestra":false},"geometry":{"type":"LineString","coordinates":[[-49.291911,-24.931075],[-49.291923,-24.931093],[-49.291913,-24.931111],[-49.291891,-24.931118],[-49.291875,-24.931111],[-49.291869,-24.931093],[-49.29188,-24.931075],[-49.291911,-24.931075]]}},{"type":"Feature","properties":{"alt":482.0,"mestra":false},"geometry":{"type":"LineString","coordinates":[[-49.29239,-24.931124],[-49.292414,-24.931144],[-49.292399,-24.931161],[-49.292376,-24.931143],[-49.29239,-24.931124]]}},{"type":"Feature","properties":{"alt":482.0,"mestra":false},"geometry":{"type":"LineString","coordinates":[[-49.292297,-24.931451],[-49.292305,-24.931463],[-49.292297,-24.931467],[-49.292287,-24.931454],[-49.292297,-24.931451]]}},{"type":"Feature","properties":{"alt":483.0,"mestra":false},"geometry":{"type":"LineString","coordinates":[[-49.291902,-24.92918],[-49.291886,-24.929212],[-49.291906,-24.929293],[-49.291946,-24.929356],[-49.291968,-24.929427],[-49.292053,-24.929464],[-49.292063,-24.929562],[-49.292098,-24.92957],[-49.292187,-24.929552],[-49.292206,-24.929564],[-49.292203,-24.929608],[-49.292168,-24.929688],[-49.292258,-24.929814],[-49.29228,-24.929894],[-49.292259,-24.929992],[-49.292188,-24.930089],[-49.29217,-24.930134],[-49.292216,-24.930277],[-49.292217,-24.930357],[-49.292194,-24.930398],[-49.292145,-24.930407],[-49.292113,-24.930383],[-49.292081,-24.93024],[-49.292061,-24.930213],[-49.292021,-24.930202],[-49.291953,-24.930208]]}},{"type":"Feature","properties":{"alt":483.0,"mestra":false},"geometry":{"type":"LineString","coordinates":[[-49.291307,-24.931675],[-49.291422,-24.931792],[-49.291464,-24.931926],[-49.291508,-24.931949],[-49.291534,-24.931927],[-49.291568,-24.931866],[-49.291637,-24.931834],[-49.291667,-24.931795],[-49.291716,-24.931765],[-49.291795,-24.931748],[-49.291856,-24.931708],[-49.291963,-24.931585],[-49.292002,-24.93159],[-49.29205,-24.931625],[-49.292089,-24.931628],[-49.292124,-24.931604],[-49.292149,-24.931554],[-49.292237,-24.931564],[-49.292345,-24.931524],[-49.292434,-24.931432],[-49.292483,-24.931436],[-49.292571,-24.931416],[-49.292719,-24.931351],[-49.292807,-24.931355],[-49.292844,-24.931345],[-49.292896,-24.931252],[-49.293004,-24.931216],[-49.293064,-24.931159],[-49.293125,-24.931134],[-49.293143,-24.931048],[-49.293201,-24.931001],[-49.293224,-24.930921],[-49.293243,-24.930901],[-49.293272,-24.930908],[-49.293274,-24.930948],[-49.293303,-24.931002],[-49.293351,-24.931056],[-49.293342,-24.931145],[-49.293356,-24.931172],[-49.293376,-24.931183],[-49.293415,-24.931176],[-49.293461,-24.93112],[-49.29358,-24.931041],[-49.293613,-24.930975],[-49.293608,-24.930872],[-49.293498,-24.930764],[-49.293461,-24.930703],[-49.293424,-24.930674],[-49.293412,-24.93062],[-49.29342,-24.930585],[-49.293384,-24.930597],[-49.293345,-24.930591],[-49.29328,-24.930539],[-49.293272,-24.930369],[-49.293241,-24.930358],[-49.293212,-24.930368],[-49.293183,-24.930395],[-49.293185,-24.930431],[-49.293165,-24.930466],[-49.293151,-24.930474],[-49.293132,-24.930465],[-49.293131,-24.930376],[-49.293077,-24.930251],[-49.293037,-24.930217],[-49.293017,-24.930179],[-49.292999,-24.93009],[-49.292858,-24.929865],[-49.292838,-24.929785],[-49.292794,-24.929749],[-49.292764,-24.929624],[-49.292711,-24.92957],[-49.292641,-24.929355],[-49.292637,-24.929194],[-49.292589,-24.929042],[-49.292546,-24.928962],[-49.292525,-24.928854],[-49.292432,-24.928577],[-49.292376,-24.928536],[-49.29225,-24.92853],[-49.292233,-24.928521],[-49.292221,-24.928485],[-49.292113,-24.928471],[-49.292016,-24.928435],[-49.291903,-24.928482],[-49.291887,-24.928517]]}},{"type":"Feature","properties":{"alt":483.0,"mestra":false},"geometry":{"type":"LineString","coordinates":[[-49.292936,-24.928376],[-49.292918,-24.928378],[-49.292936,-24.928388],[-49.292936,-24.928376]]}},{"type":"Feature","properties":{"alt":483.0,"mestra":false},"geometry":{"type":"LineString","coordinates":[[-49.29308,-24.929947],[-49.293061,-24.929953],[-49.293055,-24.929975],[-49.293067,-24.930001],[-49.293089,-24.930008],[-49.293128,-24.929975],[-49.293116,-24.929957],[-49.29308,-24.929947]]}},{"type":"Feature","properties":{"alt":483.0,"mestra":false},"geometry":{"type":"LineString","coordinates":[[-49.292454,-24.930707],[-49.292454,-24.930707]]}},{"type":"Feature","properties":{"alt":483.0,"mestra":false},"geometry":{"type":"LineString","coordinates":[[-49.293127,-24.9308],[-49.293142,-24.930822],[-49.293134,-24.93084],[-49.293097,-24.930851],[-49.293075,-24.930839],[-49.293073,-24.930804],[-49.293127,-24.9308]]}},{"type":"Feature","properties":{"alt":483.0,"mestra":false},"geometry":{"type":"LineString","coordinates":[[-49.293,-24.930817],[-49.293013,-24.93083],[-49.29299,-24.930844],[-49.292982,-24.930829],[-49.293,-24.930817]]}},{"type":"Feature","properties":{"alt":483.0,"mestra":false},"geometry":{"type":"LineString","coordinates":[[-49.291911,-24.931072],[-49.291925,-24.931085],[-49.291922,-24.931102],[-49.291901,-24.931119],[-49.291881,-24.931117],[-49.291867,-24.931102],[-49.291872,-24.931078],[-49.291911,-24.931072]]}},{"type":"Feature","properties":{"alt":483.0,"mestra":false},"geometry":{"type":"LineString","coordinates":[[-49.29239,-24.931123],[-49.292415,-24.931144],[-49.292399,-24.931163],[-49.292374,-24.931143],[-49.29239,-24.931123]]}},{"type":"Feature","properties":{"alt":483.0,"mestra":false},"geometry":{"type":"LineString","coordinates":[[-49.29279,-24.931188],[-49.292799,-24.931201],[-49.292789,-24.931225],[-49.292776,-24.93121],[-49.29279,-24.931188]]}},{"type":"Feature","properties":{"alt":483.0,"mestra":false},"geometry":{"type":"LineString","coordinates":[[-49.292307,-24.931442],[-49.292318,-24.931454],[-49.292315,-24.931472],[-49.292287,-24.931476],[-49.292275,-24.931463],[-49.292278,-24.931448],[-49.292307,-24.931442]]}},{"type":"Feature","properties":{"alt":483.0,"mestra":false},"geometry":{"type":"LineString","coordinates":[[-49.29213,-24.931503],[-49.29213,-24.93152],[-49.292114,-24.931506],[-49.29213,-24.931503]]}},{"type":"Feature","properties":{"alt":484.0,"mestra":false},"geometry":{"type":"LineString","coordinates":[[-49.291906,-24.929184],[-49.291892,-24.929213],[-49.291912,-24.929293],[-49.291951,-24.929356],[-49.291975,-24.929427],[-49.29206,-24.929464],[-49.292069,-24.929559],[-49.292098,-24.929567],[-49.292187,-24.929551],[-49.292207,-24.929564],[-49.292208,-24.929599],[-49.29218,-24.929688],[-49.292269,-24.929814],[-49.292291,-24.929894],[-49.292271,-24.929992],[-49.292186,-24.930125],[-49.29222,-24.930277],[-49.292221,-24.930348],[-49.292204,-24.930394],[-49.292165,-24.930413],[-49.292116,-24.930395],[-49.292095,-24.930356],[-49.292074,-24.930257],[-49.29205,-24.930226],[-49.291992,-24.930215],[-49.291954,-24.930231]]}},{"type":"Feature","properties":{"alt":484.0,"mestra":false},"geometry":{"type":"LineString","coordinates":[[-49.291318,-24.931656],[-49.291432,-24.931786],[-49.291469,-24.931926],[-49.291508,-24.931946],[-49.291531,-24.931927],[-49.291568,-24.931859],[-49.29164,-24.931821],[-49.291648,-24.931785],[-49.291808,-24.931734],[-49.291863,-24.93169],[-49.291963,-24.931581],[-49.292002,-24.931586],[-49.29206,-24.931622],[-49.292103,-24.931612],[-49.292128,-24.931568],[-49.292126,-24.931541],[-49.292107,-24.931514],[-49.292111,-24.931496],[-49.292137,-24.931497],[-49.292182,-24.931551],[-49.292247,-24.931556],[-49.292355,-24.931509],[-49.292383,-24.931464],[-49.292425,-24.931427],[-49.292483,-24.931429],[-49.292591,-24.931403],[-49.292719,-24.931343],[-49.292836,-24.931344],[-49.292853,-24.931327],[-49.292879,-24.931247],[-49.292994,-24.931215],[-49.293064,-24.931153],[-49.293126,-24.931125],[-49.29313,-24.931072],[-49.293103,-24.931018],[-49.293184,-24.930957],[-49.293203,-24.930885],[-49.293191,-24.930805],[-49.293199,-24.930769],[-49.293181,-24.930716],[-49.293187,-24.930702],[-49.293235,-24.930752],[-49.293231,-24.930814],[-49.293252,-24.930877],[-49.293263,-24.930877],[-49.293279,-24.93085],[-49.293302,-24.930851],[-49.293296,-24.930886],[-49.293307,-24.930931],[-49.293331,-24.930967],[-49.293336,-24.931012],[-49.29337,-24.931048],[-49.293345,-24.931128],[-49.293366,-24.931174],[-49.29341,-24.931173],[-49.293455,-24.931113],[-49.293573,-24.931041],[-49.293607,-24.930979],[-49.293608,-24.93089],[-49.293589,-24.930854],[-49.293486,-24.930773],[-49.293412,-24.930695],[-49.293378,-24.93062],[-49.293298,-24.930601],[-49.293233,-24.930538],[-49.293221,-24.930502],[-49.293263,-24.930378],[-49.29325,-24.930374],[-49.293231,-24.930386],[-49.293225,-24.930449],[-49.29319,-24.930474],[-49.293173,-24.930511],[-49.293141,-24.930513],[-49.293115,-24.930483],[-49.29308,-24.930313],[-49.293018,-24.930222],[-49.292988,-24.930152],[-49.292976,-24.930089],[-49.292891,-24.929928],[-49.292833,-24.929865],[-49.292812,-24.929802],[-49.292777,-24.929749],[-49.292753,-24.929632],[-49.292695,-24.929569],[-49.292656,-24.929471],[-49.292619,-24.929337],[-49.292626,-24.929257],[-49.292617,-24.929203],[-49.292569,-24.929051],[-49.292521,-24.92897],[-49.292447,-24.928693],[-49.292398,-24.928594],[-49.292327,-24.928551],[-49.29221,-24.928547],[-49.292191,-24.928537],[-49.292171,-24.928503],[-49.292026,-24.928459],[-49.291996,-24.928459],[-49.291928,-24.928484],[-49.291891,-24.92852]]}},{"type":"Feature","properties":{"alt":484.0,"mestra":false},"geometry":{"type":"LineString","coordinates":[[-49.2931,-24.929955],[-49.293061,-24.929959],[-49.293061,-24.929983],[-49.29308,-24.930002],[-49.293118,-24.929984],[-49.293118,-24.929966],[-49.2931,-24.929955]]}},{"type":"Feature","properties":{"alt":484.0,"mestra":false},"geometry":{"type":"LineString","coordinates":[[-49.292454,-24.930704],[-49.292445,-24.930707],[-49.292454,-24.930704]]}},{"type":"Feature","properties":{"alt":484.0,"mestra":false},"geometry":{"type":"LineString","coordinates":[[-49.293108,-24.930795],[-49.293138,-24.930804],[-49.293144,-24.930831],[-49.293117,-24.930851],[-49.293087,-24.930852],[-49.293065,-24.93083],[-49.293064,-24.930803],[-49.293078,-24.930794],[-49.293108,-24.930795]]}},{"type":"Feature","properties":{"alt":484.0,"mestra":false},"geometry":{"type":"LineString","coordinates":[[-49.29301,-24.930815],[-49.293015,-24.930839],[-49.29299,-24.930848],[-49.29298,-24.930826],[-49.29301,-24.930815]]}},{"type":"Feature","properties":{"alt":484.0,"mestra":false},"geometry":{"type":"LineString","coordinates":[[-49.292677,-24.930861],[-49.292677,-24.930861]]}},{"type":"Feature","properties":{"alt":484.0,"mestra":false},"geometry":{"type":"LineString","coordinates":[[-49.291892,-24.931066],[-49.291923,-24.931076],[-49.291929,-24.931093],[-49.291918,-24.931111],[-49.291891,-24.931121],[-49.291869,-24.931111],[-49.291863,-24.931093],[-49.291872,-24.931073],[-49.291892,-24.931066]]}},{"type":"Feature","properties":{"alt":484.0,"mestra":false},"geometry":{"type":"LineString","coordinates":[[-49.292399,-24.931125],[-49.292417,-24.931144],[-49.292399,-24.931164],[-49.292379,-24.931155],[-49.292373,-24.931134],[-49.29238,-24.931124],[-49.292399,-24.931125]]}},{"type":"Feature","properties":{"alt":484.0,"mestra":false},"geometry":{"type":"LineString","coordinates":[[-49.292799,-24.931183],[-49.292807,-24.931228],[-49.292799,-24.931242],[-49.292779,-24.931245],[-49.292766,-24.931228],[-49.292768,-24.931201],[-49.29278,-24.931183],[-49.292799,-24.931183]]}},{"type":"Feature","properties":{"alt":484.0,"mestra":false},"geometry":{"type":"LineString","coordinates":[[-49.292307,-24.931434],[-49.292324,-24.931446],[-49.292328,-24.931463],[-49.292306,-24.931493],[-49.292277,-24.931479],[-49.292265,-24.931454],[-49.292278,-24.931438],[-49.292307,-24.931434]]}},{"type":"Feature","properties":{"alt":485.0,"mestra":true},"geometry":{"type":"LineString","coordinates":[[-49.291908,-24.929186],[-49.291899,-24.929213],[-49.291909,-24.929266],[-49.291956,-24.929356],[-49.291973,-24.929418],[-49.292065,-24.929464],[-49.292072,-24.929553],[-49.292108,-24.929564],[-49.292187,-24.92955],[-49.292208,-24.929564],[-49.292191,-24.929688],[-49.292281,-24.929814],[-49.292302,-24.929895],[-49.292282,-24.929992],[-49.2922,-24.930125],[-49.292225,-24.930304],[-49.292221,-24.930366],[-49.292204,-24.9304],[-49.292165,-24.930418],[-49.292126,-24.930409],[-49.292097,-24.930373],[-49.292069,-24.930276],[-49.29205,-24.930245],[-49.292011,-24.930228],[-49.291958,-24.930235]]}},{"type":"Feature","properties":{"alt":485.0,"mestra":true},"geometry":{"type":"LineString","coordinates":[[-49.291328,-24.931647],[-49.291444,-24.931783],[-49.29147,-24.931917],[-49.291484,-24.931935],[-49.291508,-24.931942],[-49.291528,-24.931925],[-49.291564,-24.931856],[-49.291631,-24.931821],[-49.291648,-24.931774],[-49.291687,-24.931772],[-49.291798,-24.931734],[-49.291953,-24.931582],[-49.291992,-24.931579],[-49.29206,-24.931615],[-49.2921,-24.931605],[-49.292119,-24.931568],[-49.2921,-24.931514],[-49.292111,-24.93149],[-49.29214,-24.931492],[-49.292188,-24.931545],[-49.292237,-24.931552],[-49.292271,-24.931543],[-49.29229,-24.931525],[-49.292292,-24.931508],[-49.292259,-24.931463],[-49.29226,-24.931445],[-49.292278,-24.93143],[-49.292332,-24.931437],[-49.292338,-24.931464],[-49.292328,-24.931499],[-49.292345,-24.931505],[-49.292377,-24.931455],[-49.292425,-24.931419],[-49.292483,-24.931423],[-49.292601,-24.931393],[-49.292719,-24.931334],[-49.292797,-24.931346],[-49.292836,-24.931338],[-49.29285,-24.931309],[-49.292836,-24.931264],[-49.292828,-24.931256],[-49.292769,-24.931256],[-49.292756,-24.931246],[-49.29277,-24.931187],[-49.292799,-24.931177],[-49.292838,-24.931249],[-49.292877,-24.931227],[-49.292975,-24.931217],[-49.293004,-24.931204],[-49.293058,-24.931151],[-49.29312,-24.931125],[-49.293124,-24.931072],[-49.293088,-24.931027],[-49.293087,-24.931009],[-49.293168,-24.930929],[-49.293162,-24.930617],[-49.293102,-24.930501],[-49.293059,-24.930322],[-49.292998,-24.930218],[-49.292951,-24.930082],[-49.292912,-24.930026],[-49.292886,-24.929937],[-49.292866,-24.92991],[-49.292808,-24.929869],[-49.292761,-24.929739],[-49.292735,-24.929623],[-49.292677,-24.929569],[-49.292637,-24.92948],[-49.292597,-24.929336],[-49.292607,-24.929265],[-49.292599,-24.929212],[-49.29255,-24.92906],[-49.292497,-24.928979],[-49.292404,-24.928675],[-49.292362,-24.928612],[-49.292308,-24.928573],[-49.292278,-24.928563],[-49.292156,-24.928556],[-49.292138,-24.928547],[-49.292123,-24.92852],[-49.292045,-24.928484],[-49.291986,-24.92848],[-49.291927,-24.928499],[-49.291894,-24.928523]]}},{"type":"Feature","properties":{"alt":485.0,"mestra":true},"geometry":{"type":"LineString","coordinates":[[-49.29309,-24.929955],[-49.29307,-24.929955],[-49.293062,-24.929966],[-49.29308,-24.929996],[-49.2931,-24.929993],[-49.293114,-24.929975],[-49.29309,-24.929955]]}},{"type":"Feature","properties":{"alt":485.0,"mestra":true},"geometry":{"type":"LineString","coordinates":[[-49.293257,-24.9306],[-49.293217,-24.930609],[-49.293202,-24.930636],[-49.293203,-24.930662],[-49.293251,-24.930743],[-49.293248,-24.930832],[-49.293263,-24.930844],[-49.293307,-24.930842],[-49.293309,-24.930895],[-49.29335,-24.930967],[-49.293357,-24.931012],[-49.293382,-24.931048],[-49.293352,-24.93111],[-49.29335,-24.931145],[-49.293366,-24.931168],[-49.293396,-24.931172],[-49.29342,-24.931155],[-49.293445,-24.931109],[-49.293554,-24.93105],[-49.293583,-24.931023],[-49.293604,-24.93096],[-49.293603,-24.93089],[-49.293576,-24.930849],[-49.293493,-24.930799],[-49.293412,-24.930718],[-49.293372,-24.930629],[-49.293257,-24.9306]]}},{"type":"Feature","properties":{"alt":485.0,"mestra":true},"geometry":{"type":"LineString","coordinates":[[-49.292454,-24.9307],[-49.292464,-24.930707],[-49.292454,-24.930714],[-49.292442,-24.930707],[-49.292454,-24.9307]]}},{"type":"Feature","properties":{"alt":485.0,"mestra":true},"geometry":{"type":"LineString","coordinates":[[-49.293079,-24.930784],[-49.293146,-24.930804],[-49.293153,-24.930822],[-49.293136,-24.930848],[-49.293097,-24.930857],[-49.293066,-24.930839],[-49.293055,-24.930803],[-49.293079,-24.930784]]}},{"type":"Feature","properties":{"alt":485.0,"mestra":true},"geometry":{"type":"LineString","coordinates":[[-49.29301,-24.93081],[-49.293028,-24.93083],[-49.293011,-24.930847],[-49.29299,-24.930851],[-49.292977,-24.930838],[-49.29298,-24.930821],[-49.29301,-24.93081]]}},{"type":"Feature","properties":{"alt":485.0,"mestra":true},"geometry":{"type":"LineString","coordinates":[[-49.292687,-24.93086],[-49.292686,-24.93087],[-49.292674,-24.93087],[-49.292672,-24.930861],[-49.292687,-24.93086]]}},{"type":"Feature","properties":{"alt":485.0,"mestra":true},"geometry":{"type":"LineString","coordinates":[[-49.291902,-24.931065],[-49.291927,-24.931076],[-49.291932,-24.931094],[-49.291911,-24.931118],[-49.291881,-24.931121],[-49.291866,-24.931111],[-49.291862,-24.931084],[-49.291879,-24.931066],[-49.291902,-24.931065]]}},{"type":"Feature","properties":{"alt":485.0,"mestra":true},"geometry":{"type":"LineString","coordinates":[[-49.292399,-24.931124],[-49.292418,-24.931144],[-49.292399,-24.931166],[-49.292379,-24.931157],[-49.292372,-24.931134],[-49.29238,-24.931123],[-49.292399,-24.931124]]}},{"type":"Feature","properties":{"alt":486.0,"mestra":false},"geometry":{"type":"LineString","coordinates":[[-49.29191,-24.929185],[-49.291918,-24.929275],[-49.29196,-24.929356],[-49.291975,-24.92941],[-49.292003,-24.929437],[-49.292065,-24.929455],[-49.292064,-24.929509],[-49.292077,-24.929553],[-49.292118,-24.929561],[-49.292187,-24.929549],[-49.29221,-24.929564],[-49.2922,-24.92968],[-49.292292,-24.929814],[-49.292312,-24.929895],[-49.292293,-24.929993],[-49.292213,-24.930125],[-49.292228,-24.930339],[-49.292204,-24.930405],[-49.292165,-24.930422],[-49.292119,-24.930409],[-49.292091,-24.930373],[-49.29205,-24.930265],[-49.292021,-24.930245],[-49.291962,-24.93024]]}},{"type":"Feature","properties":{"alt":486.0,"mestra":false},"geometry":{"type":"LineString","coordinates":[[-49.291334,-24.931642],[-49.291366,-24.931662],[-49.291452,-24.931776],[-49.291475,-24.931917],[-49.291509,-24.931939],[-49.291529,-24.931918],[-49.291557,-24.931856],[-49.291622,-24.931821],[-49.291648,-24.931768],[-49.291687,-24.931767],[-49.291788,-24.931734],[-49.291953,-24.931578],[-49.292002,-24.931578],[-49.29206,-24.931608],[-49.29209,-24.931603],[-49.292112,-24.931568],[-49.292094,-24.931514],[-49.292111,-24.931485],[-49.292145,-24.931488],[-49.292188,-24.931537],[-49.292237,-24.931547],[-49.292278,-24.931525],[-49.29225,-24.931454],[-49.292258,-24.931434],[-49.292278,-24.931422],[-49.292327,-24.931424],[-49.292366,-24.931441],[-49.292425,-24.931414],[-49.292483,-24.931416],[-49.292611,-24.931382],[-49.292719,-24.931324],[-49.292787,-24.93134],[-49.292827,-24.931337],[-49.292842,-24.931318],[-49.292827,-24.93129],[-49.292746,-24.931254],[-49.292745,-24.931228],[-49.29277,-24.931181],[-49.292799,-24.931172],[-49.292838,-24.931218],[-49.292975,-24.931212],[-49.293009,-24.931195],[-49.293054,-24.931148],[-49.293113,-24.931127],[-49.293122,-24.931107],[-49.29312,-24.931071],[-49.293083,-24.931035],[-49.293072,-24.931009],[-49.293079,-24.930991],[-49.293115,-24.930964],[-49.293129,-24.930929],[-49.293116,-24.930875],[-49.293049,-24.930827],[-49.292999,-24.930854],[-49.292975,-24.930838],[-49.29299,-24.930808],[-49.293039,-24.930811],[-49.293069,-24.930775],[-49.293126,-24.930777],[-49.293119,-24.930768],[-49.293145,-24.930689],[-49.293131,-24.930617],[-49.293088,-24.93051],[-49.293082,-24.930456],[-49.293052,-24.930402],[-49.293019,-24.930286],[-49.292951,-24.930152],[-49.292939,-24.930098],[-49.292892,-24.930035],[-49.29288,-24.929946],[-49.292856,-24.929913],[-49.292796,-24.929874],[-49.29272,-24.929614],[-49.292657,-24.929569],[-49.292617,-24.929479],[-49.292575,-24.929336],[-49.292589,-24.929265],[-49.292582,-24.929223],[-49.292526,-24.929059],[-49.292472,-24.928987],[-49.29245,-24.928896],[-49.292364,-24.928674],[-49.292321,-24.92862],[-49.292268,-24.928585],[-49.2921,-24.928564],[-49.292079,-24.928555],[-49.292066,-24.928519],[-49.292035,-24.928505],[-49.291976,-24.928501],[-49.291898,-24.928526]]}},{"type":"Feature","properties":{"alt":486.0,"mestra":false},"geometry":{"type":"LineString","coordinates":[[-49.29308,-24.929957],[-49.293066,-24.929975],[-49.293089,-24.929991],[-49.293106,-24.929975],[-49.29308,-24.929957]]}},{"type":"Feature","properties":{"alt":486.0,"mestra":false},"geometry":{"type":"LineString","coordinates":[[-49.293286,-24.930618],[-49.293236,-24.930627],[-49.293221,-24.930672],[-49.293268,-24.930752],[-49.29325,-24.930823],[-49.293273,-24.930839],[-49.29331,-24.930833],[-49.293317,-24.930895],[-49.293359,-24.930958],[-49.293367,-24.931003],[-49.293392,-24.931048],[-49.293352,-24.931128],[-49.293359,-24.931154],[-49.293386,-24.931168],[-49.293412,-24.931155],[-49.293445,-24.931093],[-49.293534,-24.931055],[-49.293576,-24.931023],[-49.293597,-24.930961],[-49.293598,-24.93089],[-49.293566,-24.930848],[-49.293479,-24.930808],[-49.2934,-24.930727],[-49.293382,-24.930656],[-49.293364,-24.930631],[-49.293286,-24.930618]]}},{"type":"Feature","properties":{"alt":486.0,"mestra":false},"geometry":{"type":"LineString","coordinates":[[-49.292454,-24.930698],[-49.292467,-24.930707],[-49.292454,-24.930717],[-49.29244,-24.930707],[-49.292454,-24.930698]]}},{"type":"Feature","properties":{"alt":486.0,"mestra":false},"geometry":{"type":"LineString","coordinates":[[-49.292522,-24.930708],[-49.292522,-24.930723],[-49.292512,-24.930721],[-49.292511,-24.930708],[-49.292522,-24.930708]]}},{"type":"Feature","properties":{"alt":486.0,"mestra":false},"geometry":{"type":"LineString","coordinates":[[-49.292687,-24.930857],[-49.292686,-24.930873],[-49.29267,-24.93087],[-49.292669,-24.930861],[-49.292687,-24.930857]]}},{"type":"Feature","properties":{"alt":486.0,"mestra":false},"geometry":{"type":"LineString","coordinates":[[-49.291912,-24.931064],[-49.291936,-24.931085],[-49.291931,-24.931102],[-49.291901,-24.931124],[-49.291873,-24.93112],[-49.291858,-24.931102],[-49.291863,-24.931075],[-49.291882,-24.931063],[-49.291912,-24.931064]]}},{"type":"Feature","properties":{"alt":486.0,"mestra":false},"geometry":{"type":"LineString","coordinates":[[-49.292399,-24.931123],[-49.29242,-24.931144],[-49.292399,-24.931168],[-49.292379,-24.931158],[-49.29237,-24.931134],[-49.29238,-24.931122],[-49.292399,-24.931123]]}},{"type":"Feature","properties":{"alt":487.0,"mestra":false},"geometry":{"type":"LineString","coordinates":[[-49.291911,-24.929183],[-49.291924,-24.929275],[-49.291983,-24.929415],[-49.292011,-24.929437],[-49.292072,-24.929455],[-49.292066,-24.929509],[-49.292079,-24.92955],[-49.292118,-24.929559],[-49.292187,-24.929548],[-49.292211,-24.929564],[-49.29221,-24.92968],[-49.2923,-24.929809],[-49.292322,-24.929895],[-49.292305,-24.929993],[-49.292225,-24.930125],[-49.29223,-24.930348],[-49.292204,-24.93041],[-49.292165,-24.930426],[-49.292116,-24.930413],[-49.29209,-24.930382],[-49.29204,-24.930273],[-49.292011,-24.930257],[-49.291962,-24.930253]]}},{"type":"Feature","properties":{"alt":487.0,"mestra":false},"geometry":{"type":"LineString","coordinates":[[-49.291355,-24.931613],[-49.291468,-24.931783],[-49.29148,-24.931917],[-49.291509,-24.931935],[-49.291551,-24.931856],[-49.291618,-24.931817],[-49.291643,-24.931768],[-49.291778,-24.931733],[-49.291953,-24.931573],[-49.292002,-24.931574],[-49.292061,-24.931602],[-49.29209,-24.931594],[-49.292106,-24.931568],[-49.292087,-24.931514],[-49.292101,-24.931486],[-49.29214,-24.93148],[-49.292195,-24.931533],[-49.292237,-24.931541],[-49.292268,-24.931516],[-49.292243,-24.931454],[-49.292249,-24.931432],[-49.292268,-24.931417],[-49.292376,-24.931428],[-49.292425,-24.93141],[-49.292483,-24.931409],[-49.292621,-24.931371],[-49.292719,-24.93131],[-49.292739,-24.93131],[-49.292787,-24.931335],[-49.292817,-24.931333],[-49.292834,-24.931318],[-49.292827,-24.931305],[-49.292791,-24.931282],[-49.292749,-24.931275],[-49.292731,-24.931254],[-49.292741,-24.931219],[-49.29277,-24.931176],[-49.2928,-24.931168],[-49.292838,-24.931206],[-49.292975,-24.931208],[-49.293002,-24.931195],[-49.293054,-24.931142],[-49.293109,-24.931125],[-49.293119,-24.931107],[-49.293115,-24.931071],[-49.293072,-24.931035],[-49.293059,-24.931008],[-49.293066,-24.930977],[-49.293102,-24.930938],[-49.293093,-24.930875],[-49.293048,-24.930841],[-49.292999,-24.930858],[-49.292974,-24.930838],[-49.29299,-24.930805],[-49.293039,-24.930797],[-49.293109,-24.930729],[-49.293125,-24.930697],[-49.293075,-24.930518],[-49.293073,-24.930471],[-49.293035,-24.930402],[-49.292976,-24.930232],[-49.292931,-24.93016],[-49.29293,-24.930116],[-49.292878,-24.930044],[-49.292871,-24.929946],[-49.29285,-24.929919],[-49.292788,-24.929876],[-49.292737,-24.92973],[-49.292711,-24.929614],[-49.292693,-24.929596],[-49.292646,-24.929587],[-49.292604,-24.929497],[-49.292558,-24.929345],[-49.292567,-24.929238],[-49.292503,-24.929059],[-49.292449,-24.928996],[-49.292436,-24.928934],[-49.292351,-24.928719],[-49.292305,-24.928647],[-49.292258,-24.928614],[-49.292188,-24.928592],[-49.292044,-24.928569],[-49.291998,-24.928528],[-49.291946,-24.928533],[-49.291891,-24.928592]]}},{"type":"Feature","properties":{"alt":487.0,"mestra":false},"geometry":{"type":"LineString","coordinates":[[-49.29309,-24.929964],[-49.293071,-24.929966],[-49.29308,-24.929985],[-49.293098,-24.929975],[-49.29309,-24.929964]]}},{"type":"Feature","properties":{"alt":487.0,"mestra":false},"geometry":{"type":"LineString","coordinates":[[-49.293325,-24.930627],[-49.293286,-24.930624],[-49.293257,-24.930633],[-49.293237,-24.930672],[-49.293284,-24.930752],[-49.293257,-24.930823],[-49.293273,-24.930835],[-49.293313,-24.930826],[-49.29332,-24.930887],[-49.293372,-24.930958],[-49.293381,-24.931012],[-49.293403,-24.931048],[-49.293404,-24.931075],[-49.293367,-24.931103],[-49.293356,-24.931128],[-49.293365,-24.931154],[-49.293386,-24.931162],[-49.293409,-24.931146],[-49.293429,-24.931084],[-49.293524,-24.931054],[-49.293568,-24.931023],[-49.293584,-24.930988],[-49.293594,-24.930899],[-49.293576,-24.930863],[-49.293479,-24.930823],[-49.293431,-24.930767],[-49.293388,-24.930736],[-49.293372,-24.930647],[-49.293354,-24.930631],[-49.293325,-24.930627]]}},{"type":"Feature","properties":{"alt":487.0,"mestra":false},"geometry":{"type":"LineString","coordinates":[[-49.292454,-24.930696],[-49.29247,-24.930708],[-49.292466,-24.930716],[-49.292438,-24.930707],[-49.292454,-24.930696]]}},{"type":"Feature","properties":{"alt":487.0,"mestra":false},"geometry":{"type":"LineString","coordinates":[[-49.292523,-24.930703],[-49.292534,-24.930717],[-49.292522,-24.930731],[-49.292504,-24.930717],[-49.292513,-24.930702],[-49.292523,-24.930703]]}},{"type":"Feature","properties":{"alt":487.0,"mestra":false},"geometry":{"type":"LineString","coordinates":[[-49.292687,-24.930854],[-49.292692,-24.93087],[-49.292667,-24.930871],[-49.292667,-24.93086],[-49.292687,-24.930854]]}},{"type":"Feature","properties":{"alt":487.0,"mestra":false},"geometry":{"type":"LineString","coordinates":[[-49.293486,-24.930973],[-49.293486,-24.930982],[-49.293475,-24.930977],[-49.293486,-24.930973]]}},{"type":"Feature","properties":{"alt":487.0,"mestra":false},"geometry":{"type":"LineString","coordinates":[[-49.291921,-24.931066],[-49.291939,-24.931085],[-49.291926,-24.931111],[-49.291891,-24.931126],[-49.291862,-24.931114],[-49.291854,-24.931093],[-49.291865,-24.931066],[-49.291921,-24.931066]]}},{"type":"Feature","properties":{"alt":487.0,"mestra":false},"geometry":{"type":"LineString","coordinates":[[-49.292399,-24.931122],[-49.292421,-24.931144],[-49.292416,-24.931161],[-49.292399,-24.93117],[-49.292379,-24.93116],[-49.292369,-24.931134],[-49.29238,-24.931121],[-49.292399,-24.931122]]}},{"type":"Feature","properties":{"alt":488.0,"mestra":false},"geometry":{"type":"LineString","coordinates":[[-49.291912,-24.929182],[-49.29193,-24.929275],[-49.291986,-24.92941],[-49.292012,-24.929433],[-49.292076,-24.929455],[-49.292067,-24.9295],[-49.292079,-24.929545],[-49.292118,-24.929557],[-49.292187,-24.929547],[-49.292212,-24.929564],[-49.292217,-24.929671],[-49.292309,-24.929806],[-49.292332,-24.929895],[-49.292316,-24.929993],[-49.292237,-24.930126],[-49.292233,-24.930348],[-49.29221,-24.93041],[-49.292165,-24.93043],[-49.292116,-24.930418],[-49.292084,-24.930382],[-49.292039,-24.930292],[-49.29201,-24.930272],[-49.291962,-24.930267]]}},{"type":"Feature","properties":{"alt":488.0,"mestra":false},"geometry":{"type":"LineString","coordinates":[[-49.291362,-24.931608],[-49.29148,-24.931783],[-49.291475,-24.931846],[-49.291487,-24.931917],[-49.291509,-24.931929],[-49.291549,-24.93185],[-49.291616,-24.931812],[-49.291638,-24.931767],[-49.291768,-24.931733],[-49.291963,-24.931562],[-49.292061,-24.931595],[-49.29209,-24.931585],[-49.2921,-24.931559],[-49.29208,-24.931514],[-49.292101,-24.931481],[-49.29215,-24.931478],[-49.292198,-24.931528],[-49.292241,-24.931534],[-49.292259,-24.931507],[-49.292234,-24.931445],[-49.292259,-24.931411],[-49.292386,-24.93142],[-49.292611,-24.931368],[-49.292715,-24.93129],[-49.292723,-24.931236],[-49.29277,-24.931171],[-49.292803,-24.931166],[-49.292838,-24.931196],[-49.292965,-24.931206],[-49.292995,-24.931195],[-49.293046,-24.931142],[-49.293103,-24.931125],[-49.293115,-24.931107],[-49.29311,-24.931071],[-49.293061,-24.931035],[-49.293045,-24.930999],[-49.293048,-24.930955],[-49.293077,-24.930911],[-49.293077,-24.930875],[-49.293048,-24.930859],[-49.292989,-24.93086],[-49.292972,-24.930838],[-49.29298,-24.93081],[-49.293039,-24.930786],[-49.293079,-24.930719],[-49.293116,-24.930688],[-49.293056,-24.930518],[-49.293051,-24.930474],[-49.293018,-24.930411],[-49.292969,-24.930248],[-49.292904,-24.93016],[-49.292906,-24.930124],[-49.292874,-24.930079],[-49.292861,-24.930035],[-49.29287,-24.929981],[-49.292862,-24.929946],[-49.292779,-24.929873],[-49.292698,-24.929658],[-49.292701,-24.929614],[-49.292684,-24.929601],[-49.292655,-24.929622],[-49.292635,-24.929614],[-49.292591,-24.929515],[-49.29254,-24.929354],[-49.292548,-24.929238],[-49.292483,-24.929068],[-49.292425,-24.929005],[-49.292409,-24.928924],[-49.292325,-24.928736],[-49.292277,-24.928667],[-49.292228,-24.928633],[-49.292151,-24.928602],[-49.291965,-24.928572],[-49.291934,-24.928598],[-49.291926,-24.928651],[-49.291907,-24.928678],[-49.291915,-24.928714],[-49.291888,-24.928752]]}},{"type":"Feature","properties":{"alt":488.0,"mestra":false},"geometry":{"type":"LineString","coordinates":[[-49.29308,-24.929971],[-49.29308,-24.929971]]}},{"type":"Feature","properties":{"alt":488.0,"mestra":false},"geometry":{"type":"LineString","coordinates":[[-49.293296,-24.930628],[-49.293267,-24.930636],[-49.29325,-24.930663],[-49.293259,-24.930699],[-49.2933,-24.930753],[-49.293263,-24.930824],[-49.293316,-24.930824],[-49.293327,-24.930887],[-49.293388,-24.930959],[-49.29339,-24.931012],[-49.293427,-24.931058],[-49.293475,-24.931061],[-49.293534,-24.931042],[-49.293574,-24.930996],[-49.29359,-24.930916],[-49.293584,-24.930881],[-49.293547,-24.930852],[-49.293469,-24.930828],[-49.29343,-24.93078],[-49.293368,-24.930736],[-49.293377,-24.930682],[-49.293364,-24.930643],[-49.293296,-24.930628]]}},{"type":"Feature","properties":{"alt":488.0,"mestra":false},"geometry":{"type":"LineString","coordinates":[[-49.292523,-24.930699],[-49.292538,-24.930717],[-49.292522,-24.930737],[-49.292498,-24.930717],[-49.292503,-24.930703],[-49.292523,-24.930699]]}},{"type":"Feature","properties":{"alt":488.0,"mestra":false},"geometry":{"type":"LineString","coordinates":[[-49.292464,-24.930697],[-49.292471,-24.930716],[-49.292444,-24.930717],[-49.292435,-24.930707],[-49.292444,-24.930696],[-49.292464,-24.930697]]}},{"type":"Feature","properties":{"alt":488.0,"mestra":false},"geometry":{"type":"LineString","coordinates":[[-49.292687,-24.930852],[-49.292694,-24.930871],[-49.292676,-24.930879],[-49.292664,-24.930861],[-49.292687,-24.930852]]}},{"type":"Feature","properties":{"alt":488.0,"mestra":false},"geometry":{"type":"LineString","coordinates":[[-49.29252,-24.930892],[-49.29252,-24.930892]]}},{"type":"Feature","properties":{"alt":488.0,"mestra":false},"geometry":{"type":"LineString","coordinates":[[-49.293496,-24.930968],[-49.293496,-24.930987],[-49.293467,-24.930986],[-49.293466,-24.930968],[-49.293496,-24.930968]]}},{"type":"Feature","properties":{"alt":488.0,"mestra":false},"geometry":{"type":"LineString","coordinates":[[-49.291892,-24.931057],[-49.291929,-24.931067],[-49.291943,-24.931085],[-49.291929,-24.931111],[-49.291891,-24.931128],[-49.291864,-24.931119],[-49.291851,-24.931093],[-49.291859,-24.931066],[-49.291892,-24.931057]]}},{"type":"Feature","properties":{"alt":488.0,"mestra":false},"geometry":{"type":"LineString","coordinates":[[-49.293387,-24.9311],[-49.293361,-24.931128],[-49.293376,-24.931155],[-49.293396,-24.93115],[-49.293406,-24.931128],[-49.293404,-24.93111],[-49.293387,-24.9311]]}},{"type":"Feature","properties":{"alt":488.0,"mestra":false},"geometry":{"type":"LineString","coordinates":[[-49.292399,-24.931121],[-49.292423,-24.931144],[-49.292418,-24.931161],[-49.292399,-24.931172],[-49.292379,-24.931162],[-49.292368,-24.931134],[-49.29238,-24.93112],[-49.292399,-24.931121]]}},{"type":"Feature","properties":{"alt":488.0,"mestra":false},"geometry":{"type":"LineString","coordinates":[[-49.292788,-24.931299],[-49.292775,-24.931299],[-49.292773,-24.931317],[-49.292811,-24.931326],[-49.292817,-24.931316],[-49.292788,-24.931299]]}},{"type":"Feature","properties":{"alt":488.0,"mestra":false},"geometry":{"type":"LineString","coordinates":[[-49.291974,-24.931522],[-49.291984,-24.931531],[-49.291967,-24.931531],[-49.291974,-24.931522]]}},{"type":"Feature","properties":{"alt":489.0,"mestra":false},"geometry":{"type":"LineString","coordinates":[[-49.291914,-24.929181],[-49.291936,-24.929275],[-49.291992,-24.92941],[-49.292012,-24.929429],[-49.29208,-24.929455],[-49.292069,-24.9295],[-49.292079,-24.92954],[-49.292118,-24.929555],[-49.292187,-24.929546],[-49.292214,-24.929564],[-49.292224,-24.929665],[-49.29232,-24.929806],[-49.292341,-24.929895],[-49.292324,-24.930002],[-49.292245,-24.930135],[-49.292235,-24.930357],[-49.292214,-24.930412],[-49.292174,-24.930433],[-49.292124,-24.930427],[-49.292083,-24.930391],[-49.29203,-24.9303],[-49.292,-24.930285],[-49.291961,-24.930281]]}},{"type":"Feature","properties":{"alt":489.0,"mestra":false},"geometry":{"type":"LineString","coordinates":[[-49.291368,-24.931603],[-49.291491,-24.931784],[-49.291481,-24.931846],[-49.291496,-24.931917],[-49.291509,-24.931921],[-49.291543,-24.931847],[-49.29161,-24.931812],[-49.291638,-24.931763],[-49.291757,-24.931733],[-49.29183,-24.931663],[-49.291914,-24.931606],[-49.291957,-24.931557],[-49.291955,-24.931522],[-49.291964,-24.931512],[-49.291993,-24.93151],[-49.292018,-24.931522],[-49.291979,-24.931557],[-49.292076,-24.931585],[-49.292094,-24.931559],[-49.29207,-24.931514],[-49.292086,-24.931487],[-49.292111,-24.931472],[-49.29216,-24.931474],[-49.292205,-24.931524],[-49.292242,-24.931525],[-49.292248,-24.931498],[-49.292223,-24.931444],[-49.292239,-24.931406],[-49.292278,-24.931399],[-49.292386,-24.931413],[-49.292484,-24.931395],[-49.292533,-24.931369],[-49.292611,-24.93136],[-49.292685,-24.931298],[-49.292718,-24.931227],[-49.29277,-24.931167],[-49.2928,-24.931161],[-49.292838,-24.931187],[-49.292897,-24.931186],[-49.292965,-24.931202],[-49.292995,-24.931189],[-49.293044,-24.931136],[-49.293094,-24.931125],[-49.293112,-24.931107],[-49.293105,-24.931071],[-49.293059,-24.931044],[-49.293035,-24.931008],[-49.293019,-24.930946],[-49.29302,-24.930883],[-49.29298,-24.930858],[-49.29297,-24.930838],[-49.29298,-24.930806],[-49.29303,-24.930783],[-49.293065,-24.930705],[-49.293099,-24.930696],[-49.29311,-24.93067],[-49.29308,-24.930634],[-49.293073,-24.930599],[-49.293031,-24.930518],[-49.293024,-24.930466],[-49.292991,-24.930428],[-49.292991,-24.930384],[-49.292967,-24.93033],[-49.292959,-24.930266],[-49.292886,-24.93016],[-49.292863,-24.930097],[-49.292849,-24.930043],[-49.292861,-24.929981],[-49.292854,-24.929945],[-49.292778,-24.929884],[-49.292702,-24.929707],[-49.292669,-24.929658],[-49.292616,-24.929618],[-49.292574,-24.929523],[-49.292521,-24.929362],[-49.292533,-24.929273],[-49.292527,-24.929238],[-49.292462,-24.929076],[-49.292402,-24.929013],[-49.292387,-24.928933],[-49.292305,-24.928764],[-49.292257,-24.928691],[-49.292199,-24.928649],[-49.292092,-24.928606],[-49.291985,-24.928591],[-49.29196,-24.928607],[-49.29196,-24.928652],[-49.291924,-24.928741],[-49.291899,-24.928771]]}},{"type":"Feature","properties":{"alt":489.0,"mestra":false},"geometry":{"type":"LineString","coordinates":[[-49.293344,-24.930637],[-49.293286,-24.930633],[-49.29326,-24.930663],[-49.293275,-24.930711],[-49.293333,-24.930744],[-49.293372,-24.930691],[-49.293368,-24.930655],[-49.293344,-24.930637]]}},{"type":"Feature","properties":{"alt":489.0,"mestra":false},"geometry":{"type":"LineString","coordinates":[[-49.292523,-24.930696],[-49.292543,-24.930726],[-49.292522,-24.930742],[-49.292492,-24.930717],[-49.292501,-24.930699],[-49.292523,-24.930696]]}},{"type":"Feature","properties":{"alt":489.0,"mestra":false},"geometry":{"type":"LineString","coordinates":[[-49.292464,-24.930695],[-49.292478,-24.930717],[-49.29244,-24.930716],[-49.292438,-24.930698],[-49.292464,-24.930695]]}},{"type":"Feature","properties":{"alt":489.0,"mestra":false},"geometry":{"type":"LineString","coordinates":[[-49.293353,-24.930749],[-49.293323,-24.930752],[-49.293293,-24.930796],[-49.293274,-24.930806],[-49.293271,-24.930824],[-49.293313,-24.930814],[-49.293341,-24.930898],[-49.29337,-24.930929],[-49.29342,-24.930959],[-49.293425,-24.930968],[-49.293396,-24.931003],[-49.293417,-24.931033],[-49.293466,-24.931047],[-49.293525,-24.931039],[-49.293564,-24.930996],[-49.293586,-24.930916],[-49.293578,-24.930881],[-49.293547,-24.930859],[-49.293469,-24.930841],[-49.293421,-24.930783],[-49.293353,-24.930749]]}},{"type":"Feature","properties":{"alt":489.0,"mestra":false},"geometry":{"type":"LineString","coordinates":[[-49.292687,-24.93085],[-49.292697,-24.930871],[-49.292676,-24.930881],[-49.292662,-24.930861],[-49.292687,-24.93085]]}},{"type":"Feature","properties":{"alt":489.0,"mestra":false},"geometry":{"type":"LineString","coordinates":[[-49.29253,-24.930886],[-49.292529,-24.930895],[-49.292515,-24.930895],[-49.29253,-24.930886]]}},{"type":"Feature","properties":{"alt":489.0,"mestra":false},"geometry":{"type":"LineString","coordinates":[[-49.293487,-24.930959],[-49.293512,-24.930978],[-49.293496,-24.930994],[-49.293467,-24.930997],[-49.293445,-24.930968],[-49.293487,-24.930959]]}},{"type":"Feature","properties":{"alt":489.0,"mestra":false},"geometry":{"type":"LineString","coordinates":[[-49.291902,-24.931056],[-49.291933,-24.931067],[-49.291946,-24.931094],[-49.291911,-24.931125],[-49.291872,-24.931126],[-49.291848,-24.931101],[-49.291853,-24.931066],[-49.291902,-24.931056]]}},{"type":"Feature","properties":{"alt":489.0,"mestra":false},"geometry":{"type":"LineString","coordinates":[[-49.293387,-24.931111],[-49.293366,-24.931128],[-49.293376,-24.931147],[-49.293395,-24.931137],[-49.293387,-24.931111]]}},{"type":"Feature","properties":{"alt":489.0,"mestra":false},"geometry":{"type":"LineString","coordinates":[[-49.292409,-24.931125],[-49.292424,-24.931153],[-49.292399,-24.931175],[-49.292379,-24.931164],[-49.292367,-24.931134],[-49.29238,-24.931118],[-49.292409,-24.931125]]}},{"type":"Feature","properties":{"alt":490.0,"mestra":true},"geometry":{"type":"LineString","coordinates":[[-49.291915,-24.92918],[-49.291997,-24.92941],[-49.292082,-24.929455],[-49.29207,-24.9295],[-49.292079,-24.929536],[-49.292118,-24.929553],[-49.292187,-24.929545],[-49.292215,-24.929564],[-49.292228,-24.929653],[-49.29233,-24.929804],[-49.292351,-24.929904],[-49.292336,-24.930002],[-49.292253,-24.930144],[-49.292238,-24.930357],[-49.292214,-24.930417],[-49.292165,-24.930438],[-49.292116,-24.930428],[-49.292083,-24.9304],[-49.29202,-24.93031],[-49.291961,-24.930296]]}},{"type":"Feature","properties":{"alt":490.0,"mestra":true},"geometry":{"type":"LineString","coordinates":[[-49.291378,-24.931594],[-49.291503,-24.931784],[-49.291507,-24.931811],[-49.291489,-24.931846],[-49.291509,-24.931883],[-49.291542,-24.931838],[-49.291608,-24.931807],[-49.291638,-24.931759],[-49.291756,-24.931727],[-49.291799,-24.931689],[-49.291815,-24.931654],[-49.291914,-24.931601],[-49.291949,-24.931557],[-49.291949,-24.931521],[-49.291964,-24.931505],[-49.292052,-24.931511],[-49.292101,-24.931471],[-49.292141,-24.931464],[-49.29218,-24.931472],[-49.292207,-24.931516],[-49.292228,-24.931521],[-49.29224,-24.931507],[-49.292209,-24.931462],[-49.29221,-24.93139],[-49.292386,-24.931407],[-49.292474,-24.931391],[-49.292523,-24.931352],[-49.292601,-24.931356],[-49.292656,-24.931316],[-49.2927,-24.931236],[-49.292766,-24.931165],[-49.2928,-24.931158],[-49.292848,-24.931181],[-49.292897,-24.93117],[-49.292939,-24.931194],[-49.292965,-24.931197],[-49.29299,-24.931186],[-49.293044,-24.93113],[-49.293093,-24.931121],[-49.293108,-24.931107],[-49.293104,-24.931076],[-49.293055,-24.93105],[-49.293028,-24.931017],[-49.293005,-24.930954],[-49.293002,-24.930883],[-49.29297,-24.930847],[-49.292981,-24.930802],[-49.293025,-24.930767],[-49.293027,-24.930732],[-49.293045,-24.930696],[-49.29303,-24.930652],[-49.293057,-24.930625],[-49.29306,-24.930607],[-49.293025,-24.930553],[-49.292997,-24.930473],[-49.292966,-24.930433],[-49.292972,-24.930384],[-49.292937,-24.93033],[-49.292916,-24.930214],[-49.292859,-24.930133],[-49.292839,-24.930043],[-49.29285,-24.929954],[-49.292836,-24.929933],[-49.292776,-24.929891],[-49.292692,-24.929717],[-49.292593,-24.929613],[-49.292502,-24.929371],[-49.292511,-24.929282],[-49.292502,-24.929228],[-49.29245,-24.929112],[-49.292382,-24.929022],[-49.292367,-24.928951],[-49.292296,-24.928807],[-49.292218,-24.928695],[-49.29214,-24.928648],[-49.292072,-24.928625],[-49.292013,-24.928644],[-49.291984,-24.928666],[-49.291934,-24.928761],[-49.291908,-24.928788]]}},{"type":"Feature","properties":{"alt":490.0,"mestra":true},"geometry":{"type":"LineString","coordinates":[[-49.293325,-24.930636],[-49.293286,-24.930638],[-49.293267,-24.930672],[-49.293279,-24.930708],[-49.293324,-24.930725],[-49.293353,-24.930715],[-49.293369,-24.930682],[-49.293356,-24.930646],[-49.293325,-24.930636]]}},{"type":"Feature","properties":{"alt":490.0,"mestra":true},"geometry":{"type":"LineString","coordinates":[[-49.29308,-24.930652],[-49.29307,-24.930652],[-49.293064,-24.93067],[-49.29308,-24.930686],[-49.293099,-24.930685],[-49.2931,-24.930663],[-49.29308,-24.930652]]}},{"type":"Feature","properties":{"alt":490.0,"mestra":true},"geometry":{"type":"LineString","coordinates":[[-49.292532,-24.930698],[-49.292547,-24.930726],[-49.292522,-24.930747],[-49.292483,-24.930719],[-49.292454,-24.930722],[-49.292432,-24.930707],[-49.292454,-24.930691],[-49.292483,-24.930706],[-49.292513,-24.930693],[-49.292532,-24.930698]]}},{"type":"Feature","properties":{"alt":490.0,"mestra":true},"geometry":{"type":"LineString","coordinates":[[-49.293343,-24.930762],[-49.293319,-24.930771],[-49.293306,-24.930797],[-49.293326,-24.930824],[-49.293341,-24.930889],[-49.29338,-24.930926],[-49.293523,-24.930969],[-49.29352,-24.930987],[-49.293486,-24.931007],[-49.293457,-24.931012],[-49.293418,-24.930994],[-49.293412,-24.931012],[-49.293486,-24.931034],[-49.293525,-24.931031],[-49.293544,-24.931014],[-49.293579,-24.930925],[-49.293576,-24.930885],[-49.293537,-24.930863],[-49.293469,-24.930854],[-49.293411,-24.930787],[-49.293343,-24.930762]]}},{"type":"Feature","properties":{"alt":490.0,"mestra":true},"geometry":{"type":"LineString","coordinates":[[-49.293283,-24.930813],[-49.293283,-24.930813]]}},{"type":"Feature","properties":{"alt":490.0,"mestra":true},"geometry":{"type":"LineString","coordinates":[[-49.292687,-24.930849],[-49.292699,-24.930871],[-49.292686,-24.930881],[-49.292667,-24.930879],[-49.29266,-24.930861],[-49.292687,-24.930849]]}},{"type":"Feature","properties":{"alt":490.0,"mestra":true},"geometry":{"type":"LineString","coordinates":[[-49.29253,-24.930884],[-49.29253,-24.930897],[-49.29251,-24.930895],[-49.29253,-24.930884]]}},{"type":"Feature","properties":{"alt":490.0,"mestra":true},"geometry":{"type":"LineString","coordinates":[[-49.291912,-24.931056],[-49.291947,-24.931076],[-49.291945,-24.931103],[-49.291901,-24.93113],[-49.291862,-24.931125],[-49.291845,-24.931101],[-49.291846,-24.931066],[-49.291873,-24.931054],[-49.291912,-24.931056]]}},{"type":"Feature","properties":{"alt":490.0,"mestra":true},"geometry":{"type":"LineString","coordinates":[[-49.293377,-24.931126],[-49.293377,-24.931133],[-49.293377,-24.931126]]}},{"type":"Feature","properties":{"alt":490.0,"mestra":true},"geometry":{"type":"LineString","coordinates":[[-49.292409,-24.931124],[-49.292426,-24.931153],[-49.292399,-24.931177],[-49.292375,-24.931161],[-49.292366,-24.931134],[-49.29238,-24.931117],[-49.292409,-24.931124]]}},{"type":"Feature","properties":{"alt":490.0,"mestra":true},"geometry":{"type":"LineString","coordinates":[[-49.292524,-24.931306],[-49.292524,-24.931339],[-49.292514,-24.931343],[-49.292511,-24.931314],[-49.292524,-24.931306]]}},{"type":"Feature","properties":{"alt":490.0,"mestra":true},"geometry":{"type":"LineString","coordinates":[[-49.292061,-24.93154],[-49.292035,-24.931558],[-49.292071,-24.931578],[-49.292087,-24.931559],[-49.292061,-24.93154]]}},{"type":"Feature","properties":{"alt":491.0,"mestra":false},"geometry":{"type":"LineString","coordinates":[[-49.291916,-24.929179],[-49.292003,-24.92941],[-49.292085,-24.929455],[-49.292072,-24.9295],[-49.292083,-24.929536],[-49.292128,-24.929552],[-49.292187,-24.929544],[-49.292217,-24.929564],[-49.292234,-24.929651],[-49.292341,-24.929806],[-49.292361,-24.929913],[-49.292345,-24.930011],[-49.292262,-24.930144],[-49.292239,-24.930366],[-49.292214,-24.930422],[-49.292164,-24.930442],[-49.292116,-24.930433],[-49.292083,-24.930409],[-49.292019,-24.930328],[-49.291961,-24.930312]]}},{"type":"Feature","properties":{"alt":491.0,"mestra":false},"geometry":{"type":"LineString","coordinates":[[-49.291835,-24.931046],[-49.29183,-24.931051]]}},{"type":"Feature","properties":{"alt":491.0,"mestra":false},"geometry":{"type":"LineString","coordinates":[[-49.291388,-24.931585],[-49.291504,-24.931766],[-49.291523,-24.931829],[-49.291569,-24.931825],[-49.291608,-24.931801],[-49.291638,-24.931755],[-49.29173,-24.931733],[-49.291766,-24.931713],[-49.291797,-24.93168],[-49.291796,-24.931642],[-49.291835,-24.931639],[-49.291914,-24.931597],[-49.29194,-24.931566],[-49.291954,-24.931504],[-49.291994,-24.931493],[-49.292052,-24.931495],[-49.292111,-24.931462],[-49.292183,-24.931453],[-49.292197,-24.931426],[-49.292194,-24.931391],[-49.29221,-24.931374],[-49.292386,-24.931401],[-49.292464,-24.931387],[-49.292497,-24.931367],[-49.292504,-24.931314],[-49.292524,-24.931299],[-49.292535,-24.931305],[-49.292533,-24.931341],[-49.292543,-24.93135],[-49.292602,-24.931349],[-49.292637,-24.931324],[-49.292685,-24.931236],[-49.292761,-24.931164],[-49.2928,-24.931155],[-49.292858,-24.931171],[-49.292907,-24.931143],[-49.292936,-24.931185],[-49.292965,-24.931192],[-49.293035,-24.931129],[-49.293093,-24.931116],[-49.293106,-24.931098],[-49.293094,-24.931073],[-49.293046,-24.931053],[-49.293017,-24.931017],[-49.292992,-24.930945],[-49.292992,-24.930883],[-49.292969,-24.930847],[-49.292971,-24.930817],[-49.293006,-24.930758],[-49.292992,-24.93066],[-49.293027,-24.930598],[-49.292949,-24.930428],[-49.29292,-24.930321],[-49.292909,-24.930213],[-49.292864,-24.930168],[-49.292843,-24.930126],[-49.29283,-24.930043],[-49.292844,-24.929954],[-49.29277,-24.929891],[-49.29268,-24.929721],[-49.292576,-24.929621],[-49.292487,-24.929389],[-49.292484,-24.929264],[-49.292437,-24.929135],[-49.292363,-24.929031],[-49.292344,-24.928959],[-49.292258,-24.928798],[-49.292208,-24.928734],[-49.29215,-24.928686],[-49.292082,-24.928657],[-49.292003,-24.928678],[-49.291969,-24.928714],[-49.291915,-24.928814]]}},{"type":"Feature","properties":{"alt":491.0,"mestra":false},"geometry":{"type":"LineString","coordinates":[[-49.292537,-24.930334],[-49.292537,-24.930334]]}},{"type":"Feature","properties":{"alt":491.0,"mestra":false},"geometry":{"type":"LineString","coordinates":[[-49.293344,-24.930643],[-49.293305,-24.930637],[-49.293284,-24.930646],[-49.293272,-24.930681],[-49.293285,-24.930707],[-49.293324,-24.930718],[-49.293353,-24.930706],[-49.293365,-24.930673],[-49.293344,-24.930643]]}},{"type":"Feature","properties":{"alt":491.0,"mestra":false},"geometry":{"type":"LineString","coordinates":[[-49.29309,-24.930666],[-49.293082,-24.93067],[-49.29309,-24.930677],[-49.29309,-24.930666]]}},{"type":"Feature","properties":{"alt":491.0,"mestra":false},"geometry":{"type":"LineString","coordinates":[[-49.292513,-24.93069],[-49.29254,-24.930699],[-49.292551,-24.930717],[-49.292549,-24.930735],[-49.292532,-24.930751],[-49.29243,-24.930707],[-49.292444,-24.930691],[-49.292483,-24.930699],[-49.292513,-24.93069]]}},{"type":"Feature","properties":{"alt":491.0,"mestra":false},"geometry":{"type":"LineString","coordinates":[[-49.293352,-24.930771],[-49.293323,-24.930778],[-49.293315,-24.930797],[-49.293334,-24.930869],[-49.29337,-24.93091],[-49.293448,-24.930926],[-49.293487,-24.930949],[-49.293536,-24.930953],[-49.293565,-24.930935],[-49.293577,-24.930907],[-49.293566,-24.930883],[-49.293459,-24.930863],[-49.293411,-24.930798],[-49.293352,-24.930771]]}},{"type":"Feature","properties":{"alt":491.0,"mestra":false},"geometry":{"type":"LineString","coordinates":[[-49.292696,-24.930851],[-49.292696,-24.930877],[-49.292664,-24.930879],[-49.292665,-24.930852],[-49.292696,-24.930851]]}},{"type":"Feature","properties":{"alt":491.0,"mestra":false},"geometry":{"type":"LineString","coordinates":[[-49.29253,-24.930882],[-49.29253,-24.9309],[-49.29251,-24.930898],[-49.29251,-24.930886],[-49.29253,-24.930882]]}},{"type":"Feature","properties":{"alt":491.0,"mestra":false},"geometry":{"type":"LineString","coordinates":[[-49.293525,-24.931003],[-49.293499,-24.931013],[-49.293501,-24.931022],[-49.293525,-24.931017],[-49.293525,-24.931003]]}},{"type":"Feature","properties":{"alt":491.0,"mestra":false},"geometry":{"type":"LineString","coordinates":[[-49.291921,-24.931057],[-49.291954,-24.931085],[-49.29194,-24.931111],[-49.291891,-24.931133],[-49.291849,-24.931119],[-49.291843,-24.93106],[-49.291882,-24.931051],[-49.291921,-24.931057]]}},{"type":"Feature","properties":{"alt":491.0,"mestra":false},"geometry":{"type":"LineString","coordinates":[[-49.29239,-24.931116],[-49.292415,-24.931126],[-49.292428,-24.931144],[-49.292418,-24.93117],[-49.292399,-24.93118],[-49.292365,-24.931143],[-49.29237,-24.931122],[-49.29239,-24.931116]]}},{"type":"Feature","properties":{"alt":491.0,"mestra":false},"geometry":{"type":"LineString","coordinates":[[-49.292071,-24.931558],[-49.292071,-24.931558]]}},{"type":"Feature","properties":{"alt":491.0,"mestra":false},"geometry":{"type":"LineString","coordinates":[[-49.29152,-24.93183],[-49.2915,-24.931846],[-49.29151,-24.931862],[-49.29152,-24.931855],[-49.29152,-24.93183]]}},{"type":"Feature","properties":{"alt":492.0,"mestra":false},"geometry":{"type":"LineString","coordinates":[[-49.291952,-24.929119],[-49.291912,-24.929171]]}},{"type":"Feature","properties":{"alt":492.0,"mestra":false},"geometry":{"type":"LineString","coordinates":[[-49.291917,-24.929178],[-49.291943,-24.929213],[-49.291959,-24.929285],[-49.29201,-24.92941],[-49.292087,-24.929455],[-49.292074,-24.9295],[-49.292086,-24.929536],[-49.292128,-24.929551],[-49.292187,-24.929543],[-49.292218,-24.929564],[-49.292238,-24.929644],[-49.292349,-24.929802],[-49.292371,-24.929922],[-49.292353,-24.93002],[-49.292268,-24.930153],[-49.29224,-24.930375],[-49.292214,-24.930427],[-49.292164,-24.930446],[-49.292116,-24.930438],[-49.29201,-24.930339],[-49.291961,-24.930329]]}},{"type":"Feature","properties":{"alt":492.0,"mestra":false},"geometry":{"type":"LineString","coordinates":[[-49.291837,-24.931045],[-49.291843,-24.931053],[-49.291882,-24.931048],[-49.291931,-24.931059],[-49.291955,-24.931076],[-49.291953,-24.931103],[-49.291901,-24.931133],[-49.291862,-24.931132],[-49.291838,-24.93111],[-49.291826,-24.931055]]}},{"type":"Feature","properties":{"alt":492.0,"mestra":false},"geometry":{"type":"LineString","coordinates":[[-49.291397,-24.931576],[-49.291534,-24.931811],[-49.291569,-24.931821],[-49.291601,-24.931803],[-49.291638,-24.931752],[-49.291715,-24.931733],[-49.291766,-24.931705],[-49.291789,-24.93168],[-49.291786,-24.931644],[-49.291795,-24.931636],[-49.291845,-24.931629],[-49.291914,-24.931592],[-49.291936,-24.931566],[-49.29194,-24.931512],[-49.291954,-24.931497],[-49.292052,-24.931485],[-49.292111,-24.931456],[-49.292172,-24.931444],[-49.292185,-24.931426],[-49.292187,-24.931382],[-49.292201,-24.931368],[-49.292259,-24.931358],[-49.292298,-24.93138],[-49.292386,-24.931394],[-49.292455,-24.931383],[-49.292485,-24.931367],[-49.292503,-24.931305],[-49.292524,-24.931293],[-49.292541,-24.931305],[-49.292543,-24.931343],[-49.292592,-24.931345],[-49.292633,-24.931315],[-49.292672,-24.93123],[-49.292761,-24.93116],[-49.2928,-24.931151],[-49.292858,-24.93116],[-49.292908,-24.931134],[-49.292927,-24.931143],[-49.292942,-24.931176],[-49.292965,-24.931186],[-49.293035,-24.93112],[-49.293054,-24.93111],[-49.293094,-24.931111],[-49.293101,-24.931098],[-49.293094,-24.931079],[-49.293055,-24.931069],[-49.293024,-24.931044],[-49.292986,-24.930954],[-49.292984,-24.930883],[-49.292966,-24.930838],[-49.292993,-24.930767],[-49.292995,-24.930731],[-49.29298,-24.930678],[-49.292983,-24.930615],[-49.292968,-24.93049],[-49.292927,-24.930392],[-49.292904,-24.930213],[-49.292853,-24.930168],[-49.29283,-24.930123],[-49.292822,-24.930043],[-49.292838,-24.929954],[-49.292768,-24.929897],[-49.292711,-24.929786],[-49.292664,-24.92972],[-49.292555,-24.929621],[-49.292466,-24.929388],[-49.292465,-24.929282],[-49.292418,-24.929147],[-49.292342,-24.929039],[-49.292325,-24.928977],[-49.292254,-24.928842],[-49.292201,-24.92877],[-49.292159,-24.928744],[-49.29213,-24.928702],[-49.292042,-24.928685],[-49.292003,-24.928698],[-49.291972,-24.928732],[-49.291923,-24.928847]]}},{"type":"Feature","properties":{"alt":492.0,"mestra":false},"geometry":{"type":"LineString","coordinates":[[-49.292537,-24.930332],[-49.292537,-24.930332]]}},{"type":"Feature","properties":{"alt":492.0,"mestra":false},"geometry":{"type":"LineString","coordinates":[[-49.293335,-24.930644],[-49.293305,-24.930641],[-49.293284,-24.930654],[-49.293279,-24.93069],[-49.293295,-24.930707],[-49.293334,-24.93071],[-49.293353,-24.930698],[-49.29336,-24.930664],[-49.293335,-24.930644]]}},{"type":"Feature","properties":{"alt":492.0,"mestra":false},"geometry":{"type":"LineString","coordinates":[[-49.292523,-24.930688],[-49.292555,-24.930717],[-49.292551,-24.930741],[-49.292532,-24.930755],[-49.292429,-24.930707],[-49.292445,-24.930689],[-49.292523,-24.930688]]}},{"type":"Feature","properties":{"alt":492.0,"mestra":false},"geometry":{"type":"LineString","coordinates":[[-49.293352,-24.930778],[-49.293333,-24.930781],[-49.293323,-24.930798],[-49.293336,-24.93086],[-49.29338,-24.930906],[-49.293458,-24.930912],[-49.293497,-24.930942],[-49.293565,-24.930925],[-49.293564,-24.930889],[-49.293527,-24.930879],[-49.293478,-24.930899],[-49.293442,-24.93087],[-49.293406,-24.930807],[-49.293352,-24.930778]]}},{"type":"Feature","properties":{"alt":492.0,"mestra":false},"geometry":{"type":"LineString","coordinates":[[-49.292696,-24.930849],[-49.292705,-24.930862],[-49.292696,-24.930879],[-49.292662,-24.930879],[-49.292663,-24.930852],[-49.292696,-24.930849]]}},{"type":"Feature","properties":{"alt":492.0,"mestra":false},"geometry":{"type":"LineString","coordinates":[[-49.29253,-24.93088],[-49.292537,-24.930895],[-49.29251,-24.930901],[-49.292508,-24.930886],[-49.29253,-24.93088]]}},{"type":"Feature","properties":{"alt":492.0,"mestra":false},"geometry":{"type":"LineString","coordinates":[[-49.29239,-24.931115],[-49.292417,-24.931126],[-49.292429,-24.931144],[-49.292421,-24.93117],[-49.292399,-24.931185],[-49.292364,-24.931143],[-49.29237,-24.93112],[-49.29239,-24.931115]]}},{"type":"Feature","properties":{"alt":493.0,"mestra":false},"geometry":{"type":"LineString","coordinates":[[-49.291958,-24.929124],[-49.291928,-24.929186],[-49.291951,-24.929213],[-49.291966,-24.929285],[-49.29201,-24.929401],[-49.292026,-24.929419],[-49.292084,-24.929446],[-49.292076,-24.929509],[-49.29209,-24.929536],[-49.292138,-24.92955],[-49.292187,-24.929542],[-49.29222,-24.929564],[-49.292244,-24.929642],[-49.292289,-24.929689],[-49.292357,-24.929797],[-49.292381,-24.92994],[-49.292361,-24.930029],[-49.292273,-24.930162],[-49.292243,-24.930375],[-49.292217,-24.930428],[-49.292174,-24.930448],[-49.292122,-24.930445],[-49.292075,-24.930418],[-49.292009,-24.930356],[-49.291961,-24.930346]]}},{"type":"Feature","properties":{"alt":493.0,"mestra":false},"geometry":{"type":"LineString","coordinates":[[-49.291838,-24.931044],[-49.291935,-24.931058],[-49.29196,-24.931076],[-49.291958,-24.931103],[-49.291901,-24.931135],[-49.291862,-24.931135],[-49.291837,-24.931119],[-49.291826,-24.931066],[-49.291813,-24.931057]]}},{"type":"Feature","properties":{"alt":493.0,"mestra":false},"geometry":{"type":"LineString","coordinates":[[-49.291407,-24.931568],[-49.29154,-24.931803],[-49.291569,-24.931816],[-49.291598,-24.931799],[-49.291638,-24.931748],[-49.291722,-24.931724],[-49.291766,-24.931696],[-49.291784,-24.931671],[-49.291787,-24.931635],[-49.291855,-24.931618],[-49.291914,-24.931587],[-49.291935,-24.931557],[-49.291935,-24.931512],[-49.291955,-24.931491],[-49.292052,-24.931476],[-49.292166,-24.931435],[-49.292178,-24.931382],[-49.292201,-24.931359],[-49.29226,-24.931347],[-49.292298,-24.931373],[-49.292367,-24.931385],[-49.292445,-24.931378],[-49.292481,-24.931358],[-49.292497,-24.931305],[-49.292524,-24.931286],[-49.292546,-24.931297],[-49.292543,-24.931333],[-49.292583,-24.931342],[-49.292622,-24.931315],[-49.292657,-24.931227],[-49.292759,-24.931156],[-49.292849,-24.931151],[-49.292908,-24.931127],[-49.292966,-24.931169],[-49.293055,-24.931092],[-49.293084,-24.931107],[-49.293095,-24.931098],[-49.293084,-24.931083],[-49.293055,-24.931087],[-49.293016,-24.931049],[-49.292978,-24.930954],[-49.292978,-24.930883],[-49.292965,-24.930838],[-49.292989,-24.930731],[-49.292954,-24.930574],[-49.292958,-24.93049],[-49.292918,-24.930387],[-49.292898,-24.930213],[-49.292841,-24.930168],[-49.292819,-24.930123],[-49.292814,-24.930052],[-49.292832,-24.929954],[-49.292764,-24.9299],[-49.29274,-24.929844],[-49.292642,-24.929711],[-49.292538,-24.92963],[-49.292446,-24.929397],[-49.292448,-24.929308],[-49.29242,-24.929201],[-49.292312,-24.92903],[-49.292292,-24.928964],[-49.292249,-24.928887],[-49.292187,-24.928797],[-49.29212,-24.928724],[-49.292032,-24.928702],[-49.291983,-24.928735],[-49.291955,-24.92883],[-49.291937,-24.928852]]}},{"type":"Feature","properties":{"alt":493.0,"mestra":false},"geometry":{"type":"LineString","coordinates":[[-49.292282,-24.929026],[-49.292272,-24.929039],[-49.292272,-24.929025],[-49.292282,-24.929026]]}},{"type":"Feature","properties":{"alt":493.0,"mestra":false},"geometry":{"type":"LineString","coordinates":[[-49.292537,-24.93033],[-49.292546,-24.930334],[-49.292537,-24.930339],[-49.292537,-24.93033]]}},{"type":"Feature","properties":{"alt":493.0,"mestra":false},"geometry":{"type":"LineString","coordinates":[[-49.293325,-24.930645],[-49.29329,-24.930655],[-49.293283,-24.930681],[-49.293295,-24.930702],[-49.293334,-24.930704],[-49.293353,-24.93069],[-49.293354,-24.93066],[-49.293325,-24.930645]]}},{"type":"Feature","properties":{"alt":493.0,"mestra":false},"geometry":{"type":"LineString","coordinates":[[-49.292532,-24.930689],[-49.292552,-24.930702],[-49.29256,-24.930726],[-49.292551,-24.930748],[-49.292532,-24.93076],[-49.292427,-24.930707],[-49.292445,-24.930688],[-49.292532,-24.930689]]}},{"type":"Feature","properties":{"alt":493.0,"mestra":false},"geometry":{"type":"LineString","coordinates":[[-49.293362,-24.930788],[-49.293342,-24.930785],[-49.29333,-24.930798],[-49.293341,-24.93086],[-49.29337,-24.930888],[-49.2934,-24.930895],[-49.293419,-24.930879],[-49.293416,-24.930843],[-49.2934,-24.930816],[-49.293362,-24.930788]]}},{"type":"Feature","properties":{"alt":493.0,"mestra":false},"geometry":{"type":"LineString","coordinates":[[-49.292696,-24.930847],[-49.292706,-24.930871],[-49.292686,-24.930886],[-49.292667,-24.930885],[-49.292655,-24.93087],[-49.292661,-24.930852],[-49.292696,-24.930847]]}},{"type":"Feature","properties":{"alt":493.0,"mestra":false},"geometry":{"type":"LineString","coordinates":[[-49.293546,-24.930889],[-49.293527,-24.930892],[-49.293517,-24.930907],[-49.293546,-24.930924],[-49.293566,-24.930907],[-49.293546,-24.930889]]}},{"type":"Feature","properties":{"alt":493.0,"mestra":false},"geometry":{"type":"LineString","coordinates":[[-49.29253,-24.930877],[-49.292539,-24.930896],[-49.29251,-24.930903],[-49.292506,-24.930886],[-49.29253,-24.930877]]}},{"type":"Feature","properties":{"alt":493.0,"mestra":false},"geometry":{"type":"LineString","coordinates":[[-49.2924,-24.931117],[-49.292428,-24.931135],[-49.292431,-24.931153],[-49.292398,-24.931193],[-49.29237,-24.93116],[-49.292362,-24.931134],[-49.292374,-24.931116],[-49.2924,-24.931117]]}},{"type":"Feature","properties":{"alt":494.0,"mestra":false},"geometry":{"type":"LineString","coordinates":[[-49.29196,-24.929122],[-49.291952,-24.929187],[-49.291964,-24.929249],[-49.292013,-24.929394],[-49.292034,-24.929419],[-49.292087,-24.929447],[-49.292078,-24.929509],[-49.292094,-24.929536],[-49.292138,-24.929549],[-49.292196,-24.929543],[-49.292222,-24.929564],[-49.292244,-24.929631],[-49.292304,-24.92969],[-49.292363,-24.929788],[-49.29239,-24.929949],[-49.29237,-24.930038],[-49.29228,-24.930162],[-49.292246,-24.930375],[-49.292222,-24.930428],[-49.292184,-24.93045],[-49.292125,-24.930451],[-49.292076,-24.930427],[-49.292009,-24.930373],[-49.29196,-24.930363]]}},{"type":"Feature","properties":{"alt":494.0,"mestra":false},"geometry":{"type":"LineString","coordinates":[[-49.29184,-24.931042],[-49.29194,-24.931058],[-49.291965,-24.931076],[-49.291962,-24.931103],[-49.291901,-24.931137],[-49.291854,-24.931137],[-49.291829,-24.931119],[-49.291809,-24.931061]]}},{"type":"Feature","properties":{"alt":494.0,"mestra":false},"geometry":{"type":"LineString","coordinates":[[-49.291416,-24.93156],[-49.29144,-24.931587],[-49.291542,-24.931793],[-49.291569,-24.93181],[-49.291599,-24.931794],[-49.291638,-24.931744],[-49.291705,-24.931724],[-49.291764,-24.931689],[-49.291786,-24.931631],[-49.291914,-24.931582],[-49.291945,-24.93149],[-49.292151,-24.931432],[-49.292173,-24.931373],[-49.292191,-24.931355],[-49.292269,-24.931341],[-49.292308,-24.931367],[-49.292421,-24.931375],[-49.292467,-24.931358],[-49.292502,-24.931287],[-49.292534,-24.931276],[-49.292556,-24.931288],[-49.29255,-24.931332],[-49.292582,-24.931335],[-49.292613,-24.931306],[-49.292618,-24.931244],[-49.292701,-24.931197],[-49.292748,-24.931156],[-49.292849,-24.93114],[-49.292898,-24.931121],[-49.292976,-24.93114],[-49.293012,-24.931115],[-49.293029,-24.931088],[-49.292987,-24.93102],[-49.292969,-24.930945],[-49.292963,-24.930838],[-49.292983,-24.930722],[-49.292945,-24.930579],[-49.29295,-24.93049],[-49.292915,-24.930401],[-49.292896,-24.930222],[-49.292881,-24.9302],[-49.29283,-24.930168],[-49.292809,-24.930123],[-49.292807,-24.930052],[-49.292827,-24.929954],[-49.292757,-24.9299],[-49.292739,-24.929852],[-49.29263,-24.929711],[-49.292512,-24.92963],[-49.292427,-24.929406],[-49.292427,-24.929308],[-49.292394,-24.9292],[-49.292311,-24.929062],[-49.29226,-24.929039],[-49.292275,-24.929003],[-49.292269,-24.928976],[-49.292167,-24.928816],[-49.2921,-24.928748],[-49.292051,-24.928723],[-49.292022,-24.928721],[-49.291986,-24.92875],[-49.291969,-24.92883],[-49.291942,-24.928866]]}},{"type":"Feature","properties":{"alt":494.0,"mestra":false},"geometry":{"type":"LineString","coordinates":[[-49.292547,-24.930333],[-49.292537,-24.930341],[-49.292531,-24.930334],[-49.292547,-24.930333]]}},{"type":"Feature","properties":{"alt":494.0,"mestra":false},"geometry":{"type":"LineString","coordinates":[[-49.293344,-24.930655],[-49.293298,-24.930655],[-49.293295,-24.930695],[-49.293344,-24.930694],[-49.293354,-24.930673],[-49.293344,-24.930655]]}},{"type":"Feature","properties":{"alt":494.0,"mestra":false},"geometry":{"type":"LineString","coordinates":[[-49.292542,-24.93069],[-49.292563,-24.930726],[-49.292551,-24.930755],[-49.292531,-24.930764],[-49.292502,-24.930757],[-49.292426,-24.930707],[-49.292435,-24.930691],[-49.292454,-24.930684],[-49.292542,-24.93069]]}},{"type":"Feature","properties":{"alt":494.0,"mestra":false},"geometry":{"type":"LineString","coordinates":[[-49.293362,-24.930797],[-49.29334,-24.930798],[-49.29335,-24.93086],[-49.29339,-24.930876],[-49.293401,-24.930843],[-49.293362,-24.930797]]}},{"type":"Feature","properties":{"alt":494.0,"mestra":false},"geometry":{"type":"LineString","coordinates":[[-49.292687,-24.930842],[-49.292707,-24.930853],[-49.292708,-24.930871],[-49.292686,-24.930888],[-49.292667,-24.930887],[-49.292653,-24.930861],[-49.292687,-24.930842]]}},{"type":"Feature","properties":{"alt":494.0,"mestra":false},"geometry":{"type":"LineString","coordinates":[[-49.29253,-24.930876],[-49.292539,-24.930898],[-49.292508,-24.930904],[-49.292504,-24.930886],[-49.29253,-24.930876]]}},{"type":"Feature","properties":{"alt":494.0,"mestra":false},"geometry":{"type":"LineString","coordinates":[[-49.293546,-24.930903],[-49.293546,-24.93091],[-49.293546,-24.930903]]}},{"type":"Feature","properties":{"alt":494.0,"mestra":false},"geometry":{"type":"LineString","coordinates":[[-49.2924,-24.931116],[-49.292429,-24.931133],[-49.292433,-24.931153],[-49.292398,-24.931207],[-49.292361,-24.931134],[-49.292371,-24.931116],[-49.2924,-24.931116]]}},{"type":"Feature","properties":{"alt":495.0,"mestra":true},"geometry":{"type":"LineString","coordinates":[[-49.291958,-24.928946],[-49.291936,-24.928996]]}},{"type":"Feature","properties":{"alt":495.0,"mestra":true},"geometry":{"type":"LineString","coordinates":[[-49.291963,-24.92912],[-49.29198,-24.929285],[-49.292023,-24.929401],[-49.29209,-24.929448],[-49.292082,-24.929518],[-49.292122,-24.929545],[-49.292187,-24.929539],[-49.292206,-24.929547],[-49.292254,-24.929634],[-49.29232,-24.92969],[-49.29238,-24.929806],[-49.292401,-24.929958],[-49.292379,-24.930047],[-49.292284,-24.930171],[-49.292257,-24.930277],[-49.292246,-24.930384],[-49.292223,-24.930432],[-49.292184,-24.930454],[-49.292125,-24.930455],[-49.292009,-24.930389],[-49.29196,-24.930381]]}},{"type":"Feature","properties":{"alt":495.0,"mestra":true},"geometry":{"type":"LineString","coordinates":[[-49.291841,-24.931041],[-49.291945,-24.931058],[-49.29197,-24.931076],[-49.291967,-24.931103],[-49.291901,-24.931139],[-49.291852,-24.931142],[-49.291823,-24.931124],[-49.291804,-24.931065]]}},{"type":"Feature","properties":{"alt":495.0,"mestra":true},"geometry":{"type":"LineString","coordinates":[[-49.291426,-24.931551],[-49.291532,-24.93174],[-49.29155,-24.931792],[-49.291579,-24.9318],[-49.291628,-24.931746],[-49.291756,-24.931685],[-49.291787,-24.931627],[-49.291914,-24.931576],[-49.291927,-24.931503],[-49.291945,-24.931482],[-49.292063,-24.931453],[-49.292112,-24.931411],[-49.292141,-24.931417],[-49.292162,-24.931372],[-49.292191,-24.931346],[-49.292269,-24.931335],[-49.292308,-24.931357],[-49.292418,-24.931366],[-49.292475,-24.931335],[-49.292505,-24.931273],[-49.292583,-24.931251],[-49.2927,-24.931191],[-49.292751,-24.93115],[-49.292898,-24.931114],[-49.292966,-24.931127],[-49.292996,-24.93111],[-49.293009,-24.931088],[-49.292978,-24.931021],[-49.292962,-24.930945],[-49.292963,-24.930829],[-49.292979,-24.930722],[-49.292938,-24.930579],[-49.292943,-24.93049],[-49.292908,-24.930394],[-49.292904,-24.930276],[-49.292889,-24.930213],[-49.292827,-24.930177],[-49.292799,-24.930123],[-49.2928,-24.930052],[-49.292826,-24.929972],[-49.292822,-24.929954],[-49.292758,-24.929909],[-49.292736,-24.929855],[-49.292619,-24.929711],[-49.292493,-24.929638],[-49.292405,-24.929406],[-49.292406,-24.929308],[-49.292373,-24.929209],[-49.292301,-24.92908],[-49.292249,-24.929038],[-49.29225,-24.929003],[-49.292234,-24.928961],[-49.292154,-24.928841],[-49.29208,-24.928771],[-49.292012,-24.92874],[-49.29199,-24.928768],[-49.291977,-24.928848],[-49.291951,-24.928875]]}},{"type":"Feature","properties":{"alt":495.0,"mestra":true},"geometry":{"type":"LineString","coordinates":[[-49.292547,-24.93033],[-49.292537,-24.930343],[-49.292528,-24.930334],[-49.292547,-24.93033]]}},{"type":"Feature","properties":{"alt":495.0,"mestra":true},"geometry":{"type":"LineString","coordinates":[[-49.293325,-24.930654],[-49.293301,-24.930664],[-49.293295,-24.930681],[-49.293305,-24.930693],[-49.293334,-24.930692],[-49.293346,-24.930682],[-49.293346,-24.930664],[-49.293325,-24.930654]]}},{"type":"Feature","properties":{"alt":495.0,"mestra":true},"geometry":{"type":"LineString","coordinates":[[-49.292523,-24.930681],[-49.292552,-24.930692],[-49.292567,-24.930718],[-49.292561,-24.930745],[-49.292541,-24.930766],[-49.292502,-24.930761],[-49.292424,-24.930707],[-49.292445,-24.930684],[-49.292523,-24.930681]]}},{"type":"Feature","properties":{"alt":495.0,"mestra":true},"geometry":{"type":"LineString","coordinates":[[-49.293371,-24.930841],[-49.293371,-24.930855],[-49.293371,-24.930841]]}},{"type":"Feature","properties":{"alt":495.0,"mestra":true},"geometry":{"type":"LineString","coordinates":[[-49.292697,-24.930843],[-49.29271,-24.930853],[-49.292711,-24.930871],[-49.292686,-24.93089],[-49.292667,-24.930889],[-49.292651,-24.93087],[-49.292656,-24.930852],[-49.292697,-24.930843]]}},{"type":"Feature","properties":{"alt":495.0,"mestra":true},"geometry":{"type":"LineString","coordinates":[[-49.29253,-24.930875],[-49.292544,-24.930887],[-49.292539,-24.930901],[-49.292505,-24.930904],[-49.292502,-24.930886],[-49.29253,-24.930875]]}},{"type":"Feature","properties":{"alt":495.0,"mestra":true},"geometry":{"type":"LineString","coordinates":[[-49.2924,-24.931114],[-49.292425,-24.931126],[-49.292436,-24.931153],[-49.292398,-24.931217],[-49.292383,-24.931206],[-49.29236,-24.931134],[-49.29237,-24.931115],[-49.2924,-24.931114]]}},{"type":"Feature","properties":{"alt":495.0,"mestra":true},"geometry":{"type":"LineString","coordinates":[[-49.292583,-24.931297],[-49.292557,-24.931315],[-49.292563,-24.931332],[-49.292593,-24.931315],[-49.292583,-24.931297]]}},{"type":"Feature","properties":{"alt":496.0,"mestra":false},"geometry":{"type":"LineString","coordinates":[[-49.291964,-24.928943],[-49.291971,-24.929017],[-49.291952,-24.929056]]}},{"type":"Feature","properties":{"alt":496.0,"mestra":false},"geometry":{"type":"LineString","coordinates":[[-49.291965,-24.929118],[-49.291983,-24.929267],[-49.292016,-24.929374],[-49.292038,-24.92941],[-49.292095,-24.929456],[-49.292085,-24.929518],[-49.292128,-24.929544],[-49.292187,-24.929538],[-49.292206,-24.929545],[-49.292254,-24.929625],[-49.292331,-24.929681],[-49.292387,-24.929798],[-49.292411,-24.929967],[-49.292387,-24.930056],[-49.292314,-24.930135],[-49.292287,-24.93018],[-49.29226,-24.930277],[-49.292249,-24.930384],[-49.292223,-24.930437],[-49.292184,-24.930457],[-49.292125,-24.930459],[-49.292009,-24.930405],[-49.29196,-24.930398]]}},{"type":"Feature","properties":{"alt":496.0,"mestra":false},"geometry":{"type":"LineString","coordinates":[[-49.291843,-24.931039],[-49.291902,-24.931043],[-49.291968,-24.931067],[-49.291977,-24.931085],[-49.291966,-24.931112],[-49.291891,-24.931144],[-49.291837,-24.931146],[-49.291813,-24.931128],[-49.29179,-24.931069]]}},{"type":"Feature","properties":{"alt":496.0,"mestra":false},"geometry":{"type":"LineString","coordinates":[[-49.291435,-24.931543],[-49.291544,-24.93174],[-49.291554,-24.931784],[-49.291579,-24.931793],[-49.291629,-24.93174],[-49.291748,-24.93168],[-49.291777,-24.931626],[-49.291907,-24.931574],[-49.291929,-24.931486],[-49.292067,-24.931434],[-49.292072,-24.931416],[-49.292055,-24.93138],[-49.292132,-24.931383],[-49.292181,-24.931342],[-49.292211,-24.931333],[-49.292289,-24.931329],[-49.292318,-24.931343],[-49.292357,-24.931337],[-49.292406,-24.931357],[-49.292465,-24.931324],[-49.292505,-24.931256],[-49.292682,-24.931195],[-49.292751,-24.931145],[-49.292888,-24.931107],[-49.292957,-24.931115],[-49.292987,-24.931088],[-49.292954,-24.930927],[-49.292975,-24.930722],[-49.292932,-24.930588],[-49.292939,-24.930499],[-49.292905,-24.930401],[-49.292901,-24.930276],[-49.292884,-24.930213],[-49.292815,-24.930177],[-49.29279,-24.930123],[-49.292791,-24.930061],[-49.292821,-24.929972],[-49.292817,-24.929954],[-49.292751,-24.929909],[-49.29273,-24.929855],[-49.29261,-24.929711],[-49.292576,-24.929688],[-49.292488,-24.929658],[-49.292469,-24.929638],[-49.292381,-24.929405],[-49.292382,-24.929307],[-49.292354,-24.929218],[-49.292282,-24.929092],[-49.292231,-24.929038],[-49.292218,-24.928985],[-49.292133,-24.928859],[-49.292071,-24.928796],[-49.292012,-24.928765],[-49.291989,-24.928857],[-49.291959,-24.92889]]}},{"type":"Feature","properties":{"alt":496.0,"mestra":false},"geometry":{"type":"LineString","coordinates":[[-49.292537,-24.930325],[-49.29255,-24.930334],[-49.292537,-24.930344],[-49.292527,-24.930334],[-49.292537,-24.930325]]}},{"type":"Feature","properties":{"alt":496.0,"mestra":false},"geometry":{"type":"LineString","coordinates":[[-49.293334,-24.930663],[-49.293315,-24.930663],[-49.293307,-24.930681],[-49.293334,-24.930684],[-49.293334,-24.930663]]}},{"type":"Feature","properties":{"alt":496.0,"mestra":false},"geometry":{"type":"LineString","coordinates":[[-49.292533,-24.930679],[-49.292562,-24.930696],[-49.29257,-24.930718],[-49.292561,-24.930751],[-49.292541,-24.930771],[-49.292502,-24.930765],[-49.292423,-24.930707],[-49.292445,-24.930683],[-49.292533,-24.930679]]}},{"type":"Feature","properties":{"alt":496.0,"mestra":false},"geometry":{"type":"LineString","coordinates":[[-49.292697,-24.930841],[-49.292713,-24.930853],[-49.292713,-24.930871],[-49.292693,-24.930888],[-49.292667,-24.930891],[-49.292649,-24.93087],[-49.292654,-24.930852],[-49.292697,-24.930841]]}},{"type":"Feature","properties":{"alt":496.0,"mestra":false},"geometry":{"type":"LineString","coordinates":[[-49.29254,-24.930877],[-49.292539,-24.930904],[-49.292502,-24.930904],[-49.292499,-24.930886],[-49.29251,-24.930877],[-49.29254,-24.930877]]}},{"type":"Feature","properties":{"alt":496.0,"mestra":false},"geometry":{"type":"LineString","coordinates":[[-49.2924,-24.931113],[-49.292427,-24.931126],[-49.292438,-24.931153],[-49.292418,-24.931215],[-49.292398,-24.931225],[-49.292379,-24.93121],[-49.292358,-24.931134],[-49.29237,-24.931113],[-49.2924,-24.931113]]}},{"type":"Feature","properties":{"alt":497.0,"mestra":false},"geometry":{"type":"LineString","coordinates":[[-49.291968,-24.928939],[-49.291984,-24.928964],[-49.291993,-24.929027],[-49.291986,-24.929071],[-49.291966,-24.929096]]}},{"type":"Feature","properties":{"alt":497.0,"mestra":false},"geometry":{"type":"LineString","coordinates":[[-49.291967,-24.929116],[-49.291984,-24.929151],[-49.291991,-24.929267],[-49.292022,-24.929374],[-49.292096,-24.929456],[-49.292087,-24.929518],[-49.292128,-24.929543],[-49.292206,-24.929544],[-49.292264,-24.929625],[-49.292346,-24.929672],[-49.292397,-24.929798],[-49.292422,-24.929976],[-49.292402,-24.930056],[-49.292294,-24.93018],[-49.292262,-24.930277],[-49.292252,-24.930384],[-49.292223,-24.930441],[-49.292184,-24.930461],[-49.292135,-24.930464],[-49.292008,-24.93042],[-49.29196,-24.930415]]}},{"type":"Feature","properties":{"alt":497.0,"mestra":false},"geometry":{"type":"LineString","coordinates":[[-49.291843,-24.931038],[-49.291892,-24.931039],[-49.291978,-24.931067],[-49.291984,-24.931076],[-49.291971,-24.931112],[-49.291881,-24.93115],[-49.291832,-24.931154],[-49.291805,-24.931137],[-49.291785,-24.931073]]}},{"type":"Feature","properties":{"alt":497.0,"mestra":false},"geometry":{"type":"LineString","coordinates":[[-49.291445,-24.931534],[-49.291557,-24.93174],[-49.291558,-24.931775],[-49.291579,-24.931786],[-49.291619,-24.931741],[-49.291673,-24.931714],[-49.291744,-24.931662],[-49.291767,-24.931626],[-49.291896,-24.931574],[-49.291909,-24.931557],[-49.291917,-24.931485],[-49.291945,-24.931466],[-49.292045,-24.931433],[-49.292042,-24.931389],[-49.292054,-24.931369],[-49.292122,-24.931368],[-49.292191,-24.931328],[-49.29227,-24.931323],[-49.292299,-24.931307],[-49.292327,-24.931312],[-49.292334,-24.931267],[-49.292359,-24.931249],[-49.292382,-24.931259],[-49.292368,-24.931309],[-49.292406,-24.931321],[-49.292456,-24.931288],[-49.292486,-24.931242],[-49.292682,-24.931189],[-49.292735,-24.931147],[-49.292849,-24.931105],[-49.292947,-24.931098],[-49.29296,-24.931087],[-49.292955,-24.931007],[-49.292964,-24.930981],[-49.292945,-24.930927],[-49.292971,-24.930722],[-49.292927,-24.930597],[-49.292934,-24.930499],[-49.2929,-24.930401],[-49.2929,-24.930285],[-49.292883,-24.930222],[-49.292871,-24.930208],[-49.292813,-24.930186],[-49.292782,-24.930132],[-49.292785,-24.930052],[-49.292815,-24.929963],[-49.292743,-24.929909],[-49.292729,-24.929864],[-49.292688,-24.929828],[-49.292601,-24.929711],[-49.292556,-24.929687],[-49.292468,-24.929668],[-49.292456,-24.929656],[-49.292395,-24.929486],[-49.292354,-24.929405],[-49.292362,-24.929334],[-49.292339,-24.929236],[-49.292262,-24.929101],[-49.292203,-24.929047],[-49.292196,-24.928993],[-49.292112,-24.928876],[-49.292031,-24.928807],[-49.29199,-24.928892],[-49.291967,-24.928916]]}},{"type":"Feature","properties":{"alt":497.0,"mestra":false},"geometry":{"type":"LineString","coordinates":[[-49.292538,-24.930324],[-49.292551,-24.930334],[-49.292537,-24.930345],[-49.292526,-24.930334],[-49.292538,-24.930324]]}},{"type":"Feature","properties":{"alt":497.0,"mestra":false},"geometry":{"type":"LineString","coordinates":[[-49.292542,-24.930679],[-49.292562,-24.930691],[-49.292574,-24.930718],[-49.292561,-24.930758],[-49.292541,-24.930776],[-49.292502,-24.930769],[-49.292421,-24.930707],[-49.292445,-24.930681],[-49.292542,-24.930679]]}},{"type":"Feature","properties":{"alt":497.0,"mestra":false},"geometry":{"type":"LineString","coordinates":[[-49.292706,-24.930844],[-49.292719,-24.930862],[-49.292709,-24.93088],[-49.292686,-24.930893],[-49.292657,-24.930888],[-49.292652,-24.930852],[-49.292677,-24.930839],[-49.292706,-24.930844]]}},{"type":"Feature","properties":{"alt":497.0,"mestra":false},"geometry":{"type":"LineString","coordinates":[[-49.29254,-24.930875],[-49.292548,-24.930896],[-49.292539,-24.930907],[-49.29252,-24.930912],[-49.292499,-24.930904],[-49.292497,-24.930886],[-49.292508,-24.930877],[-49.29254,-24.930875]]}},{"type":"Feature","properties":{"alt":497.0,"mestra":false},"geometry":{"type":"LineString","coordinates":[[-49.292363,-24.930919],[-49.292363,-24.930919]]}},{"type":"Feature","properties":{"alt":497.0,"mestra":false},"geometry":{"type":"LineString","coordinates":[[-49.292009,-24.931058],[-49.292009,-24.931058]]}},{"type":"Feature","properties":{"alt":497.0,"mestra":false},"geometry":{"type":"LineString","coordinates":[[-49.292409,-24.931116],[-49.292437,-24.931135],[-49.29244,-24.931162],[-49.292433,-24.931215],[-49.292398,-24.931237],[-49.292379,-24.931224],[-49.292357,-24.931134],[-49.29237,-24.931111],[-49.292409,-24.931116]]}},{"type":"Feature","properties":{"alt":497.0,"mestra":false},"geometry":{"type":"LineString","coordinates":[[-49.29177,-24.931394],[-49.29177,-24.931407],[-49.29177,-24.931394]]}},{"type":"Feature","properties":{"alt":497.0,"mestra":false},"geometry":{"type":"LineString","coordinates":[[-49.291651,-24.931558],[-49.291655,-24.931572],[-49.291641,-24.931575],[-49.291637,-24.931562],[-49.291651,-24.931558]]}},{"type":"Feature","properties":{"alt":498.0,"mestra":false},"geometry":{"type":"LineString","coordinates":[[-49.291842,-24.931037],[-49.291892,-24.931037],[-49.29198,-24.931063],[-49.292009,-24.931053],[-49.29202,-24.931059],[-49.291992,-24.931076],[-49.29196,-24.931127],[-49.291842,-24.931164],[-49.291813,-24.931159],[-49.291797,-24.931145],[-49.291772,-24.931077]]}},{"type":"Feature","properties":{"alt":498.0,"mestra":false},"geometry":{"type":"LineString","coordinates":[[-49.291455,-24.931526],[-49.291476,-24.931552],[-49.291541,-24.931704],[-49.291572,-24.93174],[-49.291569,-24.931774],[-49.291583,-24.931776],[-49.291607,-24.93174],[-49.291677,-24.931697],[-49.291725,-24.931635],[-49.29188,-24.931574],[-49.291901,-24.931485],[-49.291935,-24.931462],[-49.292028,-24.931433],[-49.292037,-24.93138],[-49.292054,-24.931361],[-49.292123,-24.931352],[-49.292201,-24.931317],[-49.29226,-24.931318],[-49.292307,-24.931285],[-49.292329,-24.93125],[-49.292369,-24.931227],[-49.292371,-24.931188],[-49.292355,-24.931134],[-49.29237,-24.93111],[-49.292434,-24.931126],[-49.292443,-24.931188],[-49.292457,-24.931205],[-49.292525,-24.931223],[-49.292682,-24.931183],[-49.292731,-24.931143],[-49.29284,-24.931096],[-49.292928,-24.931079],[-49.292948,-24.931052],[-49.292937,-24.931007],[-49.292957,-24.93098],[-49.292934,-24.930927],[-49.292956,-24.930847],[-49.292968,-24.930722],[-49.292922,-24.930597],[-49.29293,-24.930499],[-49.292896,-24.9304],[-49.292896,-24.930276],[-49.292872,-24.930213],[-49.292811,-24.930195],[-49.292773,-24.930132],[-49.292776,-24.93006],[-49.292808,-24.929963],[-49.292735,-24.929908],[-49.29272,-24.929865],[-49.292681,-24.929835],[-49.292595,-24.929713],[-49.292556,-24.929693],[-49.292458,-24.929686],[-49.292443,-24.929673],[-49.292334,-24.929414],[-49.29234,-24.929334],[-49.292318,-24.929244],[-49.29224,-24.92911],[-49.292179,-24.929064],[-49.292173,-24.929002],[-49.292154,-24.928966],[-49.29204,-24.928846],[-49.29202,-24.928861],[-49.291997,-24.928937],[-49.292011,-24.929027],[-49.291996,-24.929232],[-49.292023,-24.92936],[-49.292045,-24.929401],[-49.292095,-24.929447],[-49.292086,-24.9295],[-49.292097,-24.929527],[-49.292138,-24.929543],[-49.292206,-24.929542],[-49.292264,-24.929617],[-49.292348,-24.929646],[-49.292369,-24.929664],[-49.292405,-24.929789],[-49.292433,-24.929994],[-49.292411,-24.930065],[-49.292325,-24.930147],[-49.292295,-24.930191],[-49.292265,-24.930277],[-49.292253,-24.930387],[-49.292223,-24.930446],[-49.292186,-24.930464],[-49.292135,-24.930468],[-49.292008,-24.930435],[-49.291959,-24.930432]]}},{"type":"Feature","properties":{"alt":498.0,"mestra":false},"geometry":{"type":"LineString","coordinates":[[-49.292547,-24.930325],[-49.292549,-24.930343],[-49.292528,-24.930343],[-49.292528,-24.930329],[-49.292547,-24.930325]]}},{"type":"Feature","properties":{"alt":498.0,"mestra":false},"geometry":{"type":"LineString","coordinates":[[-49.292523,-24.930671],[-49.292562,-24.930686],[-49.292578,-24.930718],[-49.292561,-24.930765],[-49.292531,-24.930782],[-49.292498,-24.93077],[-49.29242,-24.930707],[-49.292445,-24.930679],[-49.292523,-24.930671]]}},{"type":"Feature","properties":{"alt":498.0,"mestra":false},"geometry":{"type":"LineString","coordinates":[[-49.292706,-24.930841],[-49.292724,-24.930862],[-49.292713,-24.93088],[-49.292686,-24.930895],[-49.292657,-24.93089],[-49.292645,-24.93087],[-49.29265,-24.930852],[-49.292677,-24.930838],[-49.292706,-24.930841]]}},{"type":"Feature","properties":{"alt":498.0,"mestra":false},"geometry":{"type":"LineString","coordinates":[[-49.29254,-24.930874],[-49.29255,-24.930896],[-49.292539,-24.930909],[-49.29252,-24.930914],[-49.292497,-24.930904],[-49.292505,-24.930877],[-49.29254,-24.930874]]}},{"type":"Feature","properties":{"alt":498.0,"mestra":false},"geometry":{"type":"LineString","coordinates":[[-49.292363,-24.930915],[-49.292371,-24.93092],[-49.292363,-24.93093],[-49.292363,-24.930915]]}},{"type":"Feature","properties":{"alt":498.0,"mestra":false},"geometry":{"type":"LineString","coordinates":[[-49.292447,-24.93124],[-49.292429,-24.931242],[-49.292427,-24.931255],[-49.292447,-24.931254],[-49.292447,-24.93124]]}},{"type":"Feature","properties":{"alt":498.0,"mestra":false},"geometry":{"type":"LineString","coordinates":[[-49.292407,-24.931278],[-49.292389,-24.931286],[-49.292387,-24.931298],[-49.292412,-24.931295],[-49.292407,-24.931278]]}},{"type":"Feature","properties":{"alt":498.0,"mestra":false},"geometry":{"type":"LineString","coordinates":[[-49.29178,-24.931393],[-49.291789,-24.931404],[-49.29177,-24.931417],[-49.291758,-24.931395],[-49.29178,-24.931393]]}},{"type":"Feature","properties":{"alt":498.0,"mestra":false},"geometry":{"type":"LineString","coordinates":[[-49.291651,-24.931552],[-49.291662,-24.931572],[-49.29164,-24.931584],[-49.291631,-24.931562],[-49.291651,-24.931552]]}},{"type":"Feature","properties":{"alt":499.0,"mestra":false},"geometry":{"type":"LineString","coordinates":[[-49.29184,-24.931036],[-49.291883,-24.931033],[-49.29198,-24.931058],[-49.29201,-24.931049],[-49.292023,-24.931059],[-49.291992,-24.931085],[-49.291969,-24.931128],[-49.291832,-24.931173],[-49.291803,-24.931166],[-49.291783,-24.931146],[-49.291767,-24.931081]]}},{"type":"Feature","properties":{"alt":499.0,"mestra":false},"geometry":{"type":"LineString","coordinates":[[-49.291464,-24.931517],[-49.291487,-24.931543],[-49.291551,-24.931704],[-49.29158,-24.931728],[-49.291599,-24.93173],[-49.291659,-24.931681],[-49.291673,-24.931616],[-49.291689,-24.931599],[-49.291777,-24.931597],[-49.291866,-24.931566],[-49.291866,-24.931512],[-49.291879,-24.931485],[-49.291919,-24.931459],[-49.292014,-24.931431],[-49.292034,-24.931374],[-49.292054,-24.931353],[-49.292084,-24.931339],[-49.292133,-24.931336],[-49.292192,-24.93131],[-49.29227,-24.931301],[-49.292314,-24.93124],[-49.29236,-24.931223],[-49.292367,-24.931188],[-49.292354,-24.931134],[-49.29237,-24.931108],[-49.292437,-24.931126],[-49.292457,-24.93119],[-49.292535,-24.931211],[-49.292672,-24.931182],[-49.292722,-24.931143],[-49.29283,-24.931089],[-49.292908,-24.931074],[-49.292936,-24.931052],[-49.292933,-24.931025],[-49.292903,-24.930989],[-49.292921,-24.930971],[-49.292923,-24.930918],[-49.292954,-24.930847],[-49.292964,-24.930722],[-49.292916,-24.930597],[-49.292926,-24.930499],[-49.292905,-24.930463],[-49.292892,-24.9304],[-49.292894,-24.930276],[-49.292871,-24.930221],[-49.292803,-24.930198],[-49.292767,-24.930141],[-49.292765,-24.930078],[-49.292799,-24.929963],[-49.292726,-24.929908],[-49.29271,-24.929873],[-49.292671,-24.92984],[-49.292585,-24.929712],[-49.292527,-24.929694],[-49.292448,-24.929702],[-49.292405,-24.929673],[-49.292443,-24.930021],[-49.292414,-24.930081],[-49.292325,-24.930158],[-49.292298,-24.930198],[-49.29227,-24.930269],[-49.292256,-24.930384],[-49.292233,-24.93044],[-49.292203,-24.930462],[-49.292145,-24.930472],[-49.291959,-24.93045]]}},{"type":"Feature","properties":{"alt":499.0,"mestra":false},"geometry":{"type":"LineString","coordinates":[[-49.292049,-24.92889],[-49.292029,-24.928898],[-49.292021,-24.928929],[-49.292032,-24.929009],[-49.292006,-24.929241],[-49.292033,-24.929368],[-49.2921,-24.929456],[-49.292089,-24.929513],[-49.292128,-24.929539],[-49.292206,-24.929541],[-49.292274,-24.929614],[-49.292362,-24.929619],[-49.292376,-24.92961],[-49.292383,-24.929584],[-49.292315,-24.929421],[-49.292318,-24.929333],[-49.292302,-24.929271],[-49.29222,-24.929127],[-49.292151,-24.929073],[-49.292151,-24.929011],[-49.292133,-24.928975],[-49.292049,-24.92889]]}},{"type":"Feature","properties":{"alt":499.0,"mestra":false},"geometry":{"type":"LineString","coordinates":[[-49.292547,-24.930323],[-49.29255,-24.930343],[-49.292527,-24.930344],[-49.292528,-24.930327],[-49.292547,-24.930323]]}},{"type":"Feature","properties":{"alt":499.0,"mestra":false},"geometry":{"type":"LineString","coordinates":[[-49.292542,-24.930671],[-49.292572,-24.93069],[-49.292581,-24.930718],[-49.292561,-24.930772],[-49.292541,-24.930786],[-49.292502,-24.930777],[-49.292463,-24.930736],[-49.292422,-24.930716],[-49.29242,-24.930698],[-49.292445,-24.930677],[-49.292542,-24.930671]]}},{"type":"Feature","properties":{"alt":499.0,"mestra":false},"geometry":{"type":"LineString","coordinates":[[-49.292716,-24.930844],[-49.292729,-24.930862],[-49.292705,-24.930888],[-49.292676,-24.930899],[-49.292651,-24.930888],[-49.292644,-24.930861],[-49.292657,-24.930844],[-49.292687,-24.930835],[-49.292716,-24.930844]]}},{"type":"Feature","properties":{"alt":499.0,"mestra":false},"geometry":{"type":"LineString","coordinates":[[-49.29254,-24.930872],[-49.292552,-24.930896],[-49.292539,-24.930911],[-49.29251,-24.930914],[-49.292494,-24.930904],[-49.292503,-24.930877],[-49.29254,-24.930872]]}},{"type":"Feature","properties":{"alt":499.0,"mestra":false},"geometry":{"type":"LineString","coordinates":[[-49.292363,-24.930911],[-49.292375,-24.93092],[-49.292363,-24.930932],[-49.292353,-24.93092],[-49.292363,-24.930911]]}},{"type":"Feature","properties":{"alt":499.0,"mestra":false},"geometry":{"type":"LineString","coordinates":[[-49.29177,-24.931384],[-49.291801,-24.931404],[-49.291779,-24.931426],[-49.291754,-24.931403],[-49.291759,-24.931386],[-49.29177,-24.931384]]}},{"type":"Feature","properties":{"alt":499.0,"mestra":false},"geometry":{"type":"LineString","coordinates":[[-49.291829,-24.931404],[-49.291843,-24.931413],[-49.291838,-24.93142],[-49.291826,-24.931413],[-49.291829,-24.931404]]}},{"type":"Feature","properties":{"alt":499.0,"mestra":false},"geometry":{"type":"LineString","coordinates":[[-49.29166,-24.931552],[-49.291666,-24.931581],[-49.29164,-24.931598],[-49.291627,-24.931562],[-49.291641,-24.931548],[-49.29166,-24.931552]]}},{"type":"Feature","properties":{"alt":499.0,"mestra":false},"geometry":{"type":"LineString","coordinates":[[-49.29164,-24.9316],[-49.29164,-24.931614],[-49.29164,-24.9316]]}},{"type":"Feature","properties":{"alt":500.0,"mestra":true},"geometry":{"type":"LineString","coordinates":[[-49.291839,-24.931035],[-49.291883,-24.931031],[-49.29198,-24.931055],[-49.292019,-24.931047],[-49.292027,-24.931059],[-49.291997,-24.931085],[-49.291969,-24.931135],[-49.291832,-24.931182],[-49.291802,-24.931177],[-49.291775,-24.931154],[-49.291752,-24.931083]]}},{"type":"Feature","properties":{"alt":500.0,"mestra":true},"geometry":{"type":"LineString","coordinates":[[-49.29153,-24.931043],[-49.291483,-24.931108]]}},{"type":"Feature","properties":{"alt":500.0,"mestra":true},"geometry":{"type":"LineString","coordinates":[[-49.291474,-24.9315],[-49.291495,-24.931522],[-49.291555,-24.93166],[-49.291561,-24.931701],[-49.2916,-24.931717],[-49.291649,-24.931643],[-49.291621,-24.931616],[-49.291631,-24.931548],[-49.291654,-24.931545],[-49.291689,-24.931577],[-49.291728,-24.931586],[-49.291768,-24.931585],[-49.291834,-24.931565],[-49.291839,-24.931493],[-49.291857,-24.931462],[-49.292004,-24.931428],[-49.292034,-24.931365],[-49.292064,-24.931337],[-49.292192,-24.9313],[-49.29226,-24.931292],[-49.292304,-24.931231],[-49.292357,-24.931214],[-49.292364,-24.931188],[-49.292352,-24.931134],[-49.292366,-24.931107],[-49.292439,-24.931124],[-49.292467,-24.931184],[-49.292555,-24.9312],[-49.292604,-24.93118],[-49.292672,-24.931175],[-49.29283,-24.931076],[-49.292899,-24.931067],[-49.292926,-24.931051],[-49.292927,-24.931034],[-49.29289,-24.930989],[-49.292912,-24.930909],[-49.292952,-24.930847],[-49.29295,-24.930758],[-49.29296,-24.930722],[-49.292933,-24.930677],[-49.292911,-24.930597],[-49.292923,-24.930508],[-49.2929,-24.930463],[-49.292888,-24.9304],[-49.292892,-24.930276],[-49.292861,-24.930224],[-49.292803,-24.930208],[-49.292761,-24.930149],[-49.292755,-24.930096],[-49.292783,-24.929962],[-49.292724,-24.929917],[-49.292667,-24.929854],[-49.292609,-24.929747],[-49.292575,-24.929712],[-49.292507,-24.929703],[-49.292454,-24.929718],[-49.292432,-24.929736],[-49.292427,-24.929834],[-49.292456,-24.929977],[-49.292452,-24.930039],[-49.29242,-24.930092],[-49.292335,-24.930159],[-49.292305,-24.930197],[-49.292273,-24.930269],[-49.292259,-24.930384],[-49.292233,-24.930445],[-49.292203,-24.930465],[-49.292154,-24.930475],[-49.291959,-24.930467]]}},{"type":"Feature","properties":{"alt":500.0,"mestra":true},"geometry":{"type":"LineString","coordinates":[[-49.292087,-24.928963],[-49.292067,-24.928965],[-49.292068,-24.928992],[-49.292043,-24.929045],[-49.292016,-24.929241],[-49.292039,-24.929366],[-49.292102,-24.929456],[-49.29209,-24.929509],[-49.292128,-24.929538],[-49.292206,-24.929539],[-49.292274,-24.929605],[-49.292332,-24.929602],[-49.292357,-24.929574],[-49.292297,-24.929431],[-49.292283,-24.929297],[-49.292208,-24.929154],[-49.292131,-24.929082],[-49.292122,-24.929019],[-49.292087,-24.928963]]}},{"type":"Feature","properties":{"alt":500.0,"mestra":true},"geometry":{"type":"LineString","coordinates":[[-49.292547,-24.930322],[-49.292552,-24.930343],[-49.292527,-24.930345],[-49.292528,-24.930325],[-49.292547,-24.930322]]}},{"type":"Feature","properties":{"alt":500.0,"mestra":true},"geometry":{"type":"LineString","coordinates":[[-49.292552,-24.930671],[-49.292578,-24.930691],[-49.292585,-24.930718],[-49.292561,-24.93078],[-49.292541,-24.930792],[-49.292492,-24.930774],[-49.29247,-24.930743],[-49.292417,-24.930707],[-49.292425,-24.930687],[-49.292445,-24.930675],[-49.292513,-24.930664],[-49.292552,-24.930671]]}},{"type":"Feature","properties":{"alt":500.0,"mestra":true},"geometry":{"type":"LineString","coordinates":[[-49.292697,-24.930834],[-49.292737,-24.930862],[-49.292696,-24.930896],[-49.292657,-24.930896],[-49.292643,-24.930879],[-49.292646,-24.930852],[-49.292697,-24.930834]]}},{"type":"Feature","properties":{"alt":500.0,"mestra":true},"geometry":{"type":"LineString","coordinates":[[-49.292784,-24.930868],[-49.292796,-24.93089],[-49.292784,-24.930907],[-49.292771,-24.93088],[-49.292784,-24.930868]]}},{"type":"Feature","properties":{"alt":500.0,"mestra":true},"geometry":{"type":"LineString","coordinates":[[-49.29253,-24.930868],[-49.29255,-24.930878],[-49.292551,-24.930905],[-49.29251,-24.930916],[-49.292492,-24.930904],[-49.29249,-24.930886],[-49.29253,-24.930868]]}},{"type":"Feature","properties":{"alt":500.0,"mestra":true},"geometry":{"type":"LineString","coordinates":[[-49.292363,-24.930909],[-49.292378,-24.93092],[-49.292363,-24.930935],[-49.292351,-24.93092],[-49.292363,-24.930909]]}},{"type":"Feature","properties":{"alt":500.0,"mestra":true},"geometry":{"type":"LineString","coordinates":[[-49.29178,-24.931384],[-49.291839,-24.931397],[-49.291855,-24.931413],[-49.291852,-24.931431],[-49.291838,-24.931436],[-49.291809,-24.931422],[-49.29177,-24.931433],[-49.29175,-24.931394],[-49.291761,-24.93138],[-49.29178,-24.931384]]}},{"type":"Feature","properties":{"alt":501.0,"mestra":false},"geometry":{"type":"LineString","coordinates":[[-49.291838,-24.931034],[-49.291863,-24.931026],[-49.29197,-24.931051],[-49.292019,-24.931044],[-49.29203,-24.931059],[-49.292002,-24.931085],[-49.291979,-24.931138],[-49.291927,-24.931147],[-49.291832,-24.931191],[-49.291802,-24.931187],[-49.291767,-24.931163],[-49.291722,-24.931085]]}},{"type":"Feature","properties":{"alt":501.0,"mestra":false},"geometry":{"type":"LineString","coordinates":[[-49.291582,-24.931056],[-49.291569,-24.931063],[-49.291519,-24.931163],[-49.291499,-24.931177]]}},{"type":"Feature","properties":{"alt":501.0,"mestra":false},"geometry":{"type":"LineString","coordinates":[[-49.291498,-24.931281],[-49.291517,-24.931303],[-49.291529,-24.931365],[-49.291509,-24.931481],[-49.291516,-24.931543],[-49.291575,-24.93166],[-49.291572,-24.931695],[-49.29159,-24.931706],[-49.291621,-24.931669],[-49.291602,-24.931624],[-49.29163,-24.931545],[-49.291651,-24.93154],[-49.291738,-24.931572],[-49.291787,-24.93157],[-49.291819,-24.931556],[-49.291805,-24.931466],[-49.29177,-24.931443],[-49.29175,-24.931412],[-49.291748,-24.931385],[-49.29176,-24.931377],[-49.291829,-24.931385],[-49.291897,-24.931436],[-49.291985,-24.931428],[-49.292008,-24.931415],[-49.292035,-24.931357],[-49.292074,-24.931321],[-49.292251,-24.931278],[-49.2923,-24.931221],[-49.292349,-24.93121],[-49.29236,-24.931188],[-49.292351,-24.931125],[-49.29237,-24.931103],[-49.292439,-24.931119],[-49.292477,-24.931177],[-49.292565,-24.931191],[-49.292614,-24.931167],[-49.292673,-24.931165],[-49.292766,-24.931112],[-49.29282,-24.931066],[-49.292915,-24.931051],[-49.292917,-24.931033],[-49.292885,-24.931006],[-49.292877,-24.93098],[-49.292898,-24.930908],[-49.29295,-24.930847],[-49.292954,-24.93082],[-49.292942,-24.930767],[-49.292913,-24.930761],[-49.292903,-24.930748],[-49.292942,-24.930754],[-49.292956,-24.930722],[-49.292926,-24.930677],[-49.292906,-24.930597],[-49.292904,-24.930552],[-49.292919,-24.930508],[-49.292894,-24.930463],[-49.292884,-24.9304],[-49.292889,-24.930276],[-49.292861,-24.930238],[-49.292803,-24.930218],[-49.292764,-24.930176],[-49.292746,-24.930105],[-49.292771,-24.929971],[-49.292657,-24.929863],[-49.292603,-24.929747],[-49.292575,-24.929718],[-49.292507,-24.929711],[-49.292468,-24.929727],[-49.292444,-24.929754],[-49.292437,-24.929852],[-49.292469,-24.929977],[-49.292467,-24.930039],[-49.292437,-24.930092],[-49.292344,-24.93016],[-49.292305,-24.930207],[-49.292274,-24.930273],[-49.292261,-24.930384],[-49.292233,-24.93045],[-49.292203,-24.930469],[-49.292164,-24.930477],[-49.292027,-24.930475],[-49.291959,-24.930484]]}},{"type":"Feature","properties":{"alt":501.0,"mestra":false},"geometry":{"type":"LineString","coordinates":[[-49.292086,-24.92903],[-49.292067,-24.929032],[-49.292054,-24.929054],[-49.292025,-24.92925],[-49.292047,-24.929366],[-49.292104,-24.929456],[-49.292093,-24.929509],[-49.292138,-24.929538],[-49.292197,-24.929533],[-49.292274,-24.929594],[-49.292312,-24.929592],[-49.292332,-24.929565],[-49.292279,-24.929449],[-49.292249,-24.929287],[-49.292192,-24.929174],[-49.292109,-24.92909],[-49.292086,-24.92903]]}},{"type":"Feature","properties":{"alt":501.0,"mestra":false},"geometry":{"type":"LineString","coordinates":[[-49.292547,-24.930321],[-49.292553,-24.930343],[-49.292527,-24.930346],[-49.292526,-24.930325],[-49.292547,-24.930321]]}},{"type":"Feature","properties":{"alt":501.0,"mestra":false},"geometry":{"type":"LineString","coordinates":[[-49.292543,-24.930663],[-49.292576,-24.930682],[-49.292589,-24.930718],[-49.29256,-24.930788],[-49.292531,-24.930798],[-49.292492,-24.930778],[-49.292468,-24.930743],[-49.292415,-24.930707],[-49.292425,-24.930684],[-49.292445,-24.930673],[-49.292504,-24.93066],[-49.292543,-24.930663]]}},{"type":"Feature","properties":{"alt":501.0,"mestra":false},"geometry":{"type":"LineString","coordinates":[[-49.292706,-24.930833],[-49.292755,-24.930861],[-49.292795,-24.930863],[-49.292803,-24.93089],[-49.292784,-24.930943],[-49.29283,-24.93097],[-49.292829,-24.930988],[-49.292802,-24.930991],[-49.292783,-24.930978],[-49.292755,-24.930869],[-49.292686,-24.930902],[-49.292647,-24.930891],[-49.292639,-24.93087],[-49.292648,-24.930848],[-49.292677,-24.930833],[-49.292706,-24.930833]]}},{"type":"Feature","properties":{"alt":501.0,"mestra":false},"geometry":{"type":"LineString","coordinates":[[-49.29254,-24.930868],[-49.292556,-24.930887],[-49.292554,-24.930905],[-49.292529,-24.930918],[-49.2925,-24.930914],[-49.292488,-24.930886],[-49.29251,-24.930871],[-49.29254,-24.930868]]}},{"type":"Feature","properties":{"alt":501.0,"mestra":false},"geometry":{"type":"LineString","coordinates":[[-49.292373,-24.93091],[-49.29238,-24.930929],[-49.292353,-24.930933],[-49.292352,-24.930911],[-49.292373,-24.93091]]}},{"type":"Feature","properties":{"alt":502.0,"mestra":false},"geometry":{"type":"LineString","coordinates":[[-49.291837,-24.931033],[-49.291863,-24.931023],[-49.29197,-24.931048],[-49.292019,-24.931042],[-49.292033,-24.931059],[-49.292007,-24.931085],[-49.291989,-24.931141],[-49.29193,-24.931152],[-49.291831,-24.9312],[-49.291792,-24.931193],[-49.291749,-24.931163],[-49.291722,-24.931127],[-49.291714,-24.931091]]}},{"type":"Feature","properties":{"alt":502.0,"mestra":false},"geometry":{"type":"LineString","coordinates":[[-49.291616,-24.93107],[-49.291568,-24.931153],[-49.29155,-24.931214],[-49.291563,-24.931312],[-49.291553,-24.93141],[-49.291527,-24.931517],[-49.291537,-24.93157],[-49.291572,-24.931608],[-49.291601,-24.931593],[-49.291616,-24.931553],[-49.291641,-24.931537],[-49.291719,-24.931554],[-49.29179,-24.931555],[-49.291793,-24.931546],[-49.291771,-24.931528],[-49.291779,-24.931475],[-49.291745,-24.931403],[-49.291751,-24.931376],[-49.291829,-24.93138],[-49.291908,-24.931423],[-49.291995,-24.931416],[-49.292035,-24.931348],[-49.292074,-24.931309],[-49.292228,-24.931275],[-49.292297,-24.931214],[-49.29235,-24.9312],[-49.292348,-24.931125],[-49.292361,-24.931101],[-49.292439,-24.931115],[-49.292477,-24.931164],[-49.292565,-24.931182],[-49.292604,-24.931159],[-49.292673,-24.931153],[-49.292752,-24.931112],[-49.292812,-24.93105],[-49.292889,-24.931055],[-49.292909,-24.931042],[-49.292861,-24.930999],[-49.292792,-24.931],[-49.292765,-24.930987],[-49.292749,-24.930951],[-49.292759,-24.930907],[-49.292747,-24.93088],[-49.292676,-24.930906],[-49.292657,-24.930903],[-49.292638,-24.930879],[-49.292648,-24.930846],[-49.292687,-24.93083],[-49.292794,-24.930853],[-49.292808,-24.930881],[-49.292807,-24.930943],[-49.292832,-24.930955],[-49.292861,-24.930954],[-49.292895,-24.930891],[-49.292951,-24.930838],[-49.292942,-24.930778],[-49.292903,-24.930763],[-49.292899,-24.930739],[-49.292942,-24.930744],[-49.292953,-24.930722],[-49.292922,-24.930686],[-49.292901,-24.930597],[-49.292899,-24.930552],[-49.292914,-24.930508],[-49.292889,-24.930463],[-49.29288,-24.9304],[-49.292875,-24.930338],[-49.292886,-24.930276],[-49.292861,-24.930248],[-49.292793,-24.930222],[-49.292755,-24.930176],[-49.292738,-24.930113],[-49.292758,-24.930016],[-49.292756,-24.929971],[-49.292645,-24.929872],[-49.292603,-24.929755],[-49.292575,-24.929723],[-49.29251,-24.929719],[-49.292455,-24.929763],[-49.292445,-24.929852],[-49.292484,-24.929986],[-49.29248,-24.930048],[-49.292447,-24.930101],[-49.292344,-24.930169],[-49.292304,-24.930217],[-49.292276,-24.930278],[-49.292263,-24.930384],[-49.292233,-24.930454],[-49.292174,-24.930479],[-49.292037,-24.930484],[-49.291958,-24.930501]]}},{"type":"Feature","properties":{"alt":502.0,"mestra":false},"geometry":{"type":"LineString","coordinates":[[-49.292075,-24.929097],[-49.292075,-24.929097]]}},{"type":"Feature","properties":{"alt":502.0,"mestra":false},"geometry":{"type":"LineString","coordinates":[[-49.292085,-24.929114],[-49.292045,-24.9292],[-49.292035,-24.929259],[-49.292052,-24.92936],[-49.292106,-24.929456],[-49.292095,-24.929509],[-49.292138,-24.929537],[-49.292197,-24.929531],[-49.292264,-24.929578],[-49.292294,-24.929582],[-49.292308,-24.929556],[-49.292261,-24.929457],[-49.292244,-24.929359],[-49.292202,-24.929243],[-49.292131,-24.929144],[-49.292085,-24.929114]]}},{"type":"Feature","properties":{"alt":502.0,"mestra":false},"geometry":{"type":"LineString","coordinates":[[-49.292547,-24.93032],[-49.292555,-24.930343],[-49.292527,-24.930347],[-49.292525,-24.930325],[-49.292547,-24.93032]]}},{"type":"Feature","properties":{"alt":502.0,"mestra":false},"geometry":{"type":"LineString","coordinates":[[-49.292683,-24.930389],[-49.292683,-24.930389]]}},{"type":"Feature","properties":{"alt":502.0,"mestra":false},"geometry":{"type":"LineString","coordinates":[[-49.292552,-24.930662],[-49.292582,-24.930682],[-49.292593,-24.930718],[-49.292566,-24.930789],[-49.292531,-24.930804],[-49.292482,-24.930774],[-49.292463,-24.930741],[-49.292424,-24.930723],[-49.292415,-24.930698],[-49.292435,-24.930674],[-49.292474,-24.93066],[-49.292552,-24.930662]]}},{"type":"Feature","properties":{"alt":502.0,"mestra":false},"geometry":{"type":"LineString","coordinates":[[-49.29254,-24.930866],[-49.292555,-24.930878],[-49.292557,-24.930905],[-49.292539,-24.930918],[-49.2925,-24.930916],[-49.292485,-24.930886],[-49.29254,-24.930866]]}},{"type":"Feature","properties":{"alt":502.0,"mestra":false},"geometry":{"type":"LineString","coordinates":[[-49.292373,-24.930907],[-49.292384,-24.930929],[-49.292353,-24.930935],[-49.29235,-24.930911],[-49.292373,-24.930907]]}},{"type":"Feature","properties":{"alt":503.0,"mestra":false},"geometry":{"type":"LineString","coordinates":[[-49.291836,-24.931032],[-49.291863,-24.93102],[-49.29197,-24.931045],[-49.292019,-24.931039],[-49.292036,-24.931059],[-49.292008,-24.931094],[-49.291997,-24.931148],[-49.29193,-24.931161],[-49.291841,-24.931208],[-49.291802,-24.931206],[-49.291766,-24.93119],[-49.291667,-24.931113],[-49.291627,-24.931135],[-49.291585,-24.931205],[-49.291585,-24.93125],[-49.291606,-24.931304],[-49.291581,-24.931348],[-49.291577,-24.931419],[-49.291543,-24.931499],[-49.291546,-24.931561],[-49.291572,-24.931588],[-49.291592,-24.931583],[-49.291631,-24.931535],[-49.29171,-24.931541],[-49.291736,-24.931528],[-49.291758,-24.931475],[-49.29174,-24.931394],[-49.291751,-24.931372],[-49.291829,-24.931376],[-49.291936,-24.931416],[-49.291985,-24.931413],[-49.292075,-24.931295],[-49.292143,-24.931275],[-49.292221,-24.93127],[-49.292291,-24.931208],[-49.292349,-24.931187],[-49.292344,-24.931125],[-49.292361,-24.931094],[-49.292462,-24.931117],[-49.292487,-24.931153],[-49.292555,-24.931171],[-49.292604,-24.93115],[-49.292673,-24.931141],[-49.29275,-24.931103],[-49.292774,-24.931059],[-49.292737,-24.930969],[-49.292749,-24.930898],[-49.292735,-24.930887],[-49.292686,-24.930908],[-49.292655,-24.930906],[-49.292634,-24.93087],[-49.292657,-24.930837],[-49.292706,-24.930828],[-49.292794,-24.930846],[-49.292814,-24.930881],[-49.292813,-24.930933],[-49.292832,-24.930944],[-49.292852,-24.93094],[-49.29289,-24.930882],[-49.292949,-24.930838],[-49.292942,-24.930787],[-49.2929,-24.930766],[-49.292892,-24.930748],[-49.292903,-24.930724],[-49.292933,-24.930739],[-49.292947,-24.930722],[-49.292914,-24.93069],[-49.292896,-24.930597],[-49.292894,-24.930552],[-49.292909,-24.930508],[-49.292883,-24.930463],[-49.292875,-24.9304],[-49.292871,-24.930338],[-49.292883,-24.930276],[-49.292861,-24.930255],[-49.292793,-24.930233],[-49.292746,-24.930176],[-49.29273,-24.930113],[-49.29275,-24.930024],[-49.292748,-24.92998],[-49.292719,-24.929944],[-49.292626,-24.92988],[-49.292618,-24.929809],[-49.292575,-24.929728],[-49.292546,-24.929721],[-49.29251,-24.929728],[-49.292463,-24.929772],[-49.292454,-24.929861],[-49.292499,-24.929986],[-49.292496,-24.930048],[-49.292462,-24.930106],[-49.292354,-24.930171],[-49.292304,-24.930225],[-49.292279,-24.930278],[-49.292266,-24.930384],[-49.292235,-24.930455],[-49.292183,-24.930481],[-49.292046,-24.930492],[-49.291958,-24.930518]]}},{"type":"Feature","properties":{"alt":503.0,"mestra":false},"geometry":{"type":"LineString","coordinates":[[-49.292104,-24.929152],[-49.292064,-24.929195],[-49.292043,-24.929259],[-49.292061,-24.929357],[-49.292108,-24.929456],[-49.292098,-24.929509],[-49.292138,-24.929534],[-49.292197,-24.929529],[-49.292274,-24.929567],[-49.292283,-24.929547],[-49.29224,-24.929457],[-49.292219,-24.929359],[-49.292192,-24.929314],[-49.292181,-24.929259],[-49.292123,-24.929166],[-49.292104,-24.929152]]}},{"type":"Feature","properties":{"alt":503.0,"mestra":false},"geometry":{"type":"LineString","coordinates":[[-49.292547,-24.930318],[-49.292556,-24.930343],[-49.292527,-24.930348],[-49.292524,-24.930325],[-49.292547,-24.930318]]}},{"type":"Feature","properties":{"alt":503.0,"mestra":false},"geometry":{"type":"LineString","coordinates":[[-49.292693,-24.930387],[-49.29269,-24.930398],[-49.292678,-24.930398],[-49.292674,-24.930389],[-49.292693,-24.930387]]}},{"type":"Feature","properties":{"alt":503.0,"mestra":false},"geometry":{"type":"LineString","coordinates":[[-49.292533,-24.930653],[-49.292581,-24.930673],[-49.292597,-24.930709],[-49.292572,-24.930789],[-49.292541,-24.930813],[-49.292482,-24.930779],[-49.292464,-24.930743],[-49.292424,-24.930724],[-49.292412,-24.930707],[-49.292423,-24.93068],[-49.292445,-24.930666],[-49.292484,-24.930653],[-49.292533,-24.930653]]}},{"type":"Feature","properties":{"alt":503.0,"mestra":false},"geometry":{"type":"LineString","coordinates":[[-49.29255,-24.930869],[-49.292563,-24.930896],[-49.292549,-24.930918],[-49.29251,-24.930922],[-49.292484,-24.930904],[-49.292491,-24.930877],[-49.29253,-24.930863],[-49.29255,-24.930869]]}},{"type":"Feature","properties":{"alt":503.0,"mestra":false},"geometry":{"type":"LineString","coordinates":[[-49.292383,-24.930911],[-49.292382,-24.930935],[-49.292353,-24.930938],[-49.292345,-24.93092],[-49.292354,-24.930905],[-49.292383,-24.930911]]}},{"type":"Feature","properties":{"alt":503.0,"mestra":false},"geometry":{"type":"LineString","coordinates":[[-49.292811,-24.931013],[-49.292793,-24.931023],[-49.292817,-24.931023],[-49.292811,-24.931013]]}},{"type":"Feature","properties":{"alt":503.0,"mestra":false},"geometry":{"type":"LineString","coordinates":[[-49.29288,-24.931023],[-49.29286,-24.93102],[-49.292849,-24.931033],[-49.292889,-24.931045],[-49.292895,-24.931033],[-49.29288,-24.931023]]}},{"type":"Feature","properties":{"alt":504.0,"mestra":false},"geometry":{"type":"LineString","coordinates":[[-49.291835,-24.931031],[-49.291863,-24.931017],[-49.291961,-24.931042],[-49.292029,-24.93104],[-49.29204,-24.931059],[-49.292014,-24.931094],[-49.292014,-24.931148],[-49.291831,-24.931218],[-49.291782,-24.931209],[-49.291676,-24.931163],[-49.291636,-24.931178],[-49.291613,-24.931224],[-49.291625,-24.931304],[-49.291596,-24.931357],[-49.2916,-24.931428],[-49.29156,-24.931499],[-49.291557,-24.931553],[-49.291572,-24.931572],[-49.291631,-24.93153],[-49.2917,-24.931532],[-49.291723,-24.931519],[-49.291746,-24.931448],[-49.291736,-24.931385],[-49.29175,-24.931368],[-49.291829,-24.931373],[-49.291936,-24.931407],[-49.291975,-24.931408],[-49.291996,-24.931397],[-49.292065,-24.931287],[-49.292142,-24.93123],[-49.292154,-24.931231],[-49.292173,-24.931269],[-49.292222,-24.931263],[-49.292281,-24.931204],[-49.29234,-24.931184],[-49.292341,-24.931116],[-49.292361,-24.931081],[-49.292409,-24.931105],[-49.292478,-24.931106],[-49.292499,-24.931136],[-49.292536,-24.931146],[-49.292673,-24.931129],[-49.292732,-24.931099],[-49.292745,-24.931076],[-49.292722,-24.931005],[-49.292735,-24.930898],[-49.292676,-24.930913],[-49.292647,-24.930906],[-49.292632,-24.93087],[-49.292648,-24.930841],[-49.292707,-24.930824],[-49.292794,-24.930839],[-49.292814,-24.93086],[-49.292821,-24.930925],[-49.292832,-24.930932],[-49.292886,-24.930873],[-49.292946,-24.930838],[-49.29294,-24.930793],[-49.292889,-24.930757],[-49.292906,-24.930659],[-49.292888,-24.930552],[-49.292903,-24.930508],[-49.292877,-24.930463],[-49.292866,-24.930356],[-49.29288,-24.930279],[-49.292871,-24.930266],[-49.292832,-24.930263],[-49.292793,-24.930245],[-49.292737,-24.930176],[-49.292721,-24.930113],[-49.292742,-24.930033],[-49.292741,-24.929989],[-49.292689,-24.929933],[-49.292612,-24.929897],[-49.292614,-24.929818],[-49.292575,-24.929734],[-49.292546,-24.929728],[-49.292506,-24.929739],[-49.292481,-24.929763],[-49.292464,-24.929798],[-49.292466,-24.929874],[-49.292516,-24.929995],[-49.292507,-24.930066],[-49.292472,-24.930119],[-49.292354,-24.930179],[-49.292304,-24.930233],[-49.292281,-24.930278],[-49.292268,-24.930384],[-49.292239,-24.930455],[-49.292193,-24.930482],[-49.292056,-24.930499],[-49.291958,-24.930535]]}},{"type":"Feature","properties":{"alt":504.0,"mestra":false},"geometry":{"type":"LineString","coordinates":[[-49.292113,-24.929195],[-49.292094,-24.929194],[-49.292074,-24.929211],[-49.292053,-24.929259],[-49.292086,-24.929411],[-49.292111,-24.929456],[-49.292101,-24.929509],[-49.292138,-24.929532],[-49.292187,-24.929523],[-49.292245,-24.929544],[-49.292255,-24.929538],[-49.29225,-24.92952],[-49.292211,-24.929448],[-49.292135,-24.929224],[-49.292113,-24.929195]]}},{"type":"Feature","properties":{"alt":504.0,"mestra":false},"geometry":{"type":"LineString","coordinates":[[-49.292547,-24.930317],[-49.292558,-24.930343],[-49.292527,-24.930349],[-49.292522,-24.930325],[-49.292547,-24.930317]]}},{"type":"Feature","properties":{"alt":504.0,"mestra":false},"geometry":{"type":"LineString","coordinates":[[-49.292645,-24.930349],[-49.29265,-24.930362],[-49.292635,-24.930365],[-49.292631,-24.930353],[-49.292645,-24.930349]]}},{"type":"Feature","properties":{"alt":504.0,"mestra":false},"geometry":{"type":"LineString","coordinates":[[-49.292693,-24.93038],[-49.292697,-24.930398],[-49.292673,-24.930401],[-49.292674,-24.930382],[-49.292693,-24.93038]]}},{"type":"Feature","properties":{"alt":504.0,"mestra":false},"geometry":{"type":"LineString","coordinates":[[-49.292553,-24.930653],[-49.292591,-24.930677],[-49.292601,-24.930718],[-49.292574,-24.930798],[-49.29254,-24.930819],[-49.292478,-24.930779],[-49.292462,-24.930743],[-49.292423,-24.930725],[-49.292411,-24.930698],[-49.292425,-24.930675],[-49.292465,-24.930654],[-49.292553,-24.930653]]}},{"type":"Feature","properties":{"alt":504.0,"mestra":false},"geometry":{"type":"LineString","coordinates":[[-49.292318,-24.930659],[-49.292319,-24.93067],[-49.292309,-24.93067],[-49.292318,-24.930659]]}},{"type":"Feature","properties":{"alt":504.0,"mestra":false},"geometry":{"type":"LineString","coordinates":[[-49.292933,-24.930714],[-49.29292,-24.930722],[-49.292933,-24.930732],[-49.292933,-24.930714]]}},{"type":"Feature","properties":{"alt":504.0,"mestra":false},"geometry":{"type":"LineString","coordinates":[[-49.29255,-24.930865],[-49.292567,-24.930896],[-49.292549,-24.930921],[-49.29251,-24.930925],[-49.292481,-24.930904],[-49.292485,-24.930877],[-49.29252,-24.930863],[-49.29255,-24.930865]]}},{"type":"Feature","properties":{"alt":504.0,"mestra":false},"geometry":{"type":"LineString","coordinates":[[-49.292373,-24.930902],[-49.292392,-24.930929],[-49.292373,-24.930942],[-49.292353,-24.93094],[-49.292346,-24.930911],[-49.292373,-24.930902]]}},{"type":"Feature","properties":{"alt":505.0,"mestra":true},"geometry":{"type":"LineString","coordinates":[[-49.291833,-24.931029],[-49.291844,-24.931015],[-49.291863,-24.931014],[-49.291961,-24.931039],[-49.292029,-24.931036],[-49.292044,-24.931059],[-49.292022,-24.931095],[-49.292033,-24.931148],[-49.292014,-24.931166],[-49.29191,-24.931193],[-49.291841,-24.931227],[-49.291792,-24.931224],[-49.291695,-24.931195],[-49.291655,-24.931206],[-49.291641,-24.931233],[-49.291637,-24.931304],[-49.291607,-24.931366],[-49.291625,-24.931438],[-49.291582,-24.931482],[-49.291582,-24.931537],[-49.29171,-24.931515],[-49.291742,-24.931439],[-49.291732,-24.931385],[-49.291741,-24.931366],[-49.291888,-24.931377],[-49.291946,-24.9314],[-49.291975,-24.931401],[-49.292001,-24.931379],[-49.292055,-24.931281],[-49.292119,-24.931229],[-49.292154,-24.931222],[-49.292182,-24.931265],[-49.292219,-24.931257],[-49.292271,-24.931199],[-49.292332,-24.931178],[-49.292336,-24.931116],[-49.292351,-24.931075],[-49.292409,-24.931103],[-49.292478,-24.931094],[-49.292526,-24.931126],[-49.292575,-24.931115],[-49.292614,-24.931129],[-49.292639,-24.931119],[-49.292648,-24.931102],[-49.292624,-24.931075],[-49.292688,-24.931031],[-49.292719,-24.930915],[-49.292666,-24.930918],[-49.29264,-24.930906],[-49.292629,-24.93087],[-49.292648,-24.930839],[-49.292716,-24.930819],[-49.292794,-24.930832],[-49.292842,-24.930898],[-49.292884,-24.930864],[-49.292943,-24.930838],[-49.292935,-24.930793],[-49.292884,-24.930757],[-49.292899,-24.93065],[-49.292881,-24.930552],[-49.292895,-24.930507],[-49.292873,-24.930472],[-49.29286,-24.930356],[-49.292875,-24.930284],[-49.292871,-24.930274],[-49.292831,-24.930275],[-49.292793,-24.930258],[-49.292728,-24.930176],[-49.292712,-24.930113],[-49.292735,-24.930033],[-49.292732,-24.929989],[-49.29268,-24.929939],[-49.292602,-24.929905],[-49.292608,-24.929818],[-49.292575,-24.92974],[-49.292546,-24.929735],[-49.292506,-24.92975],[-49.292481,-24.929781],[-49.29247,-24.929825],[-49.292477,-24.929879],[-49.292532,-24.929995],[-49.292529,-24.930049],[-49.292506,-24.93012],[-49.292521,-24.930128],[-49.29255,-24.930123],[-49.292552,-24.930147],[-49.29253,-24.930152],[-49.292491,-24.930136],[-49.292472,-24.930138],[-49.292383,-24.93017],[-49.292334,-24.930204],[-49.292284,-24.930278],[-49.292268,-24.930393],[-49.292243,-24.930455],[-49.292225,-24.930473],[-49.29206,-24.930507],[-49.291958,-24.930551]]}},{"type":"Feature","properties":{"alt":505.0,"mestra":true},"geometry":{"type":"LineString","coordinates":[[-49.292103,-24.929221],[-49.292074,-24.929235],[-49.292064,-24.929259],[-49.292091,-24.929411],[-49.292115,-24.929456],[-49.292105,-24.929509],[-49.292138,-24.929529],[-49.292187,-24.929518],[-49.292226,-24.92953],[-49.292103,-24.929221]]}},{"type":"Feature","properties":{"alt":505.0,"mestra":true},"geometry":{"type":"LineString","coordinates":[[-49.292547,-24.930316],[-49.292559,-24.930343],[-49.292527,-24.93035],[-49.292521,-24.930325],[-49.292547,-24.930316]]}},{"type":"Feature","properties":{"alt":505.0,"mestra":true},"geometry":{"type":"LineString","coordinates":[[-49.292654,-24.93035],[-49.292644,-24.930371],[-49.292624,-24.930362],[-49.292635,-24.930345],[-49.292654,-24.93035]]}},{"type":"Feature","properties":{"alt":505.0,"mestra":true},"geometry":{"type":"LineString","coordinates":[[-49.292693,-24.930377],[-49.292702,-24.930398],[-49.292673,-24.930406],[-49.292669,-24.93038],[-49.292693,-24.930377]]}},{"type":"Feature","properties":{"alt":505.0,"mestra":true},"geometry":{"type":"LineString","coordinates":[[-49.292533,-24.930646],[-49.292587,-24.930664],[-49.292606,-24.9307],[-49.292585,-24.930789],[-49.29255,-24.930826],[-49.292521,-24.930818],[-49.292482,-24.930787],[-49.29246,-24.930743],[-49.292421,-24.930725],[-49.292409,-24.930707],[-49.292417,-24.93068],[-49.292455,-24.930652],[-49.292533,-24.930646]]}},{"type":"Feature","properties":{"alt":505.0,"mestra":true},"geometry":{"type":"LineString","coordinates":[[-49.292318,-24.930656],[-49.292323,-24.93067],[-49.292308,-24.930673],[-49.292305,-24.930661],[-49.292318,-24.930656]]}},{"type":"Feature","properties":{"alt":505.0,"mestra":true},"geometry":{"type":"LineString","coordinates":[[-49.29254,-24.930859],[-49.292566,-24.930878],[-49.292567,-24.930914],[-49.292549,-24.930927],[-49.2925,-24.930925],[-49.292477,-24.930904],[-49.292474,-24.930886],[-49.292491,-24.930871],[-49.29254,-24.930859]]}},{"type":"Feature","properties":{"alt":505.0,"mestra":true},"geometry":{"type":"LineString","coordinates":[[-49.292373,-24.9309],[-49.292392,-24.930912],[-49.292397,-24.930929],[-49.292373,-24.930944],[-49.292353,-24.930942],[-49.292344,-24.930911],[-49.292373,-24.9309]]}},{"type":"Feature","properties":{"alt":505.0,"mestra":true},"geometry":{"type":"LineString","coordinates":[[-49.292469,-24.931017],[-49.292479,-24.931035],[-49.292461,-24.931019],[-49.292469,-24.931017]]}},{"type":"Feature","properties":{"alt":505.0,"mestra":true},"geometry":{"type":"LineString","coordinates":[[-49.292683,-24.931084],[-49.29267,-24.931093],[-49.292673,-24.931103],[-49.292699,-24.931093],[-49.292683,-24.931084]]}},{"type":"Feature","properties":{"alt":506.0,"mestra":false},"geometry":{"type":"LineString","coordinates":[[-49.291807,-24.930966],[-49.291834,-24.930999],[-49.291932,-24.931031],[-49.29202,-24.93103],[-49.292039,-24.931039],[-49.292048,-24.931059],[-49.292042,-24.931095],[-49.292057,-24.931117],[-49.292052,-24.931157],[-49.292029,-24.931175],[-49.29195,-24.931192],[-49.291853,-24.931235],[-49.291714,-24.931222],[-49.29168,-24.931233],[-49.291616,-24.931375],[-49.291633,-24.931413],[-49.29167,-24.931438],[-49.291595,-24.931491],[-49.291598,-24.931509],[-49.291612,-24.931517],[-49.29168,-24.931519],[-49.291701,-24.93151],[-49.291708,-24.931465],[-49.291736,-24.931439],[-49.291727,-24.931376],[-49.29174,-24.931359],[-49.29179,-24.931369],[-49.291898,-24.931367],[-49.291946,-24.931391],[-49.291975,-24.931393],[-49.291995,-24.931378],[-49.292035,-24.931292],[-49.292095,-24.931219],[-49.292154,-24.931213],[-49.292179,-24.931257],[-49.292207,-24.931257],[-49.292262,-24.931195],[-49.292316,-24.931169],[-49.292351,-24.931068],[-49.292419,-24.931101],[-49.292478,-24.931081],[-49.292517,-24.93109],[-49.292566,-24.931064],[-49.292606,-24.931061],[-49.292645,-24.931044],[-49.292677,-24.931004],[-49.292698,-24.930933],[-49.292647,-24.930919],[-49.292632,-24.930905],[-49.292628,-24.930861],[-49.292648,-24.930836],[-49.292717,-24.93081],[-49.292746,-24.930809],[-49.292804,-24.930827],[-49.292843,-24.930873],[-49.292941,-24.930835],[-49.292932,-24.930797],[-49.292891,-24.930775],[-49.292879,-24.930757],[-49.292892,-24.93065],[-49.292872,-24.930543],[-49.29288,-24.930507],[-49.292865,-24.930463],[-49.292853,-24.930302],[-49.292783,-24.930265],[-49.292713,-24.930167],[-49.292702,-24.930113],[-49.292728,-24.930033],[-49.292726,-24.929997],[-49.292689,-24.929958],[-49.292587,-24.929907],[-49.292603,-24.929827],[-49.292575,-24.929746],[-49.292546,-24.929741],[-49.292506,-24.929762],[-49.292478,-24.929825],[-49.292489,-24.929879],[-49.292546,-24.929969],[-49.292548,-24.930031],[-49.29253,-24.930102],[-49.292564,-24.93012],[-49.292559,-24.930153],[-49.29253,-24.930163],[-49.292452,-24.930157],[-49.292354,-24.930195],[-49.292291,-24.930269],[-49.29227,-24.930393],[-49.292232,-24.930471],[-49.292193,-24.930489],[-49.292066,-24.930513],[-49.291987,-24.93056],[-49.291958,-24.930567]]}},{"type":"Feature","properties":{"alt":506.0,"mestra":false},"geometry":{"type":"LineString","coordinates":[[-49.292121,-24.929357],[-49.292111,-24.929359],[-49.292097,-24.929393],[-49.292119,-24.929456],[-49.292109,-24.929507],[-49.292148,-24.929528],[-49.292172,-24.92951],[-49.292183,-24.929483],[-49.292151,-24.929438],[-49.292141,-24.929376],[-49.292121,-24.929357]]}},{"type":"Feature","properties":{"alt":506.0,"mestra":false},"geometry":{"type":"LineString","coordinates":[[-49.292547,-24.930314],[-49.292561,-24.930343],[-49.292547,-24.930354],[-49.292527,-24.930352],[-49.292517,-24.930343],[-49.29252,-24.930325],[-49.292547,-24.930314]]}},{"type":"Feature","properties":{"alt":506.0,"mestra":false},"geometry":{"type":"LineString","coordinates":[[-49.292645,-24.930341],[-49.292661,-24.930353],[-49.292658,-24.930371],[-49.292625,-24.930371],[-49.29262,-24.930353],[-49.292645,-24.930341]]}},{"type":"Feature","properties":{"alt":506.0,"mestra":false},"geometry":{"type":"LineString","coordinates":[[-49.292703,-24.930378],[-49.292709,-24.930389],[-49.292698,-24.930407],[-49.292669,-24.930407],[-49.292664,-24.930378],[-49.292703,-24.930378]]}},{"type":"Feature","properties":{"alt":506.0,"mestra":false},"geometry":{"type":"LineString","coordinates":[[-49.292553,-24.930645],[-49.292596,-24.930664],[-49.292611,-24.930709],[-49.292609,-24.930736],[-49.292589,-24.930762],[-49.292592,-24.930789],[-49.29255,-24.930835],[-49.292521,-24.930824],[-49.292473,-24.930784],[-49.292458,-24.930743],[-49.292419,-24.930725],[-49.292407,-24.930698],[-49.292425,-24.930667],[-49.292465,-24.930643],[-49.292553,-24.930645]]}},{"type":"Feature","properties":{"alt":506.0,"mestra":false},"geometry":{"type":"LineString","coordinates":[[-49.292328,-24.930658],[-49.292318,-24.930676],[-49.292303,-24.93067],[-49.292308,-24.930655],[-49.292328,-24.930658]]}},{"type":"Feature","properties":{"alt":506.0,"mestra":false},"geometry":{"type":"LineString","coordinates":[[-49.29255,-24.930856],[-49.292577,-24.930896],[-49.292558,-24.93093],[-49.29251,-24.930931],[-49.29248,-24.930913],[-49.292474,-24.930877],[-49.29255,-24.930856]]}},{"type":"Feature","properties":{"alt":506.0,"mestra":false},"geometry":{"type":"LineString","coordinates":[[-49.292383,-24.930901],[-49.292404,-24.93093],[-49.292382,-24.930944],[-49.292353,-24.930945],[-49.292344,-24.930908],[-49.292363,-24.930896],[-49.292383,-24.930901]]}},{"type":"Feature","properties":{"alt":506.0,"mestra":false},"geometry":{"type":"LineString","coordinates":[[-49.292225,-24.930989],[-49.292258,-24.930999],[-49.292186,-24.931027],[-49.292181,-24.931007],[-49.292191,-24.93099],[-49.292225,-24.930989]]}},{"type":"Feature","properties":{"alt":506.0,"mestra":false},"geometry":{"type":"LineString","coordinates":[[-49.29246,-24.930997],[-49.29249,-24.931029],[-49.292479,-24.931045],[-49.292448,-24.931019],[-49.292449,-24.931001],[-49.29246,-24.930997]]}},{"type":"Feature","properties":{"alt":506.0,"mestra":false},"geometry":{"type":"LineString","coordinates":[[-49.292625,-24.931101],[-49.292613,-24.931101],[-49.292615,-24.931115],[-49.292627,-24.93111],[-49.292625,-24.931101]]}},{"type":"Feature","properties":{"alt":507.0,"mestra":false},"geometry":{"type":"LineString","coordinates":[[-49.291813,-24.93096],[-49.291853,-24.930995],[-49.291932,-24.931028],[-49.292039,-24.931033],[-49.292081,-24.931095],[-49.292087,-24.931175],[-49.292164,-24.931206],[-49.292192,-24.931254],[-49.292207,-24.931248],[-49.292245,-24.931195],[-49.292294,-24.93116],[-49.292342,-24.931069],[-49.292365,-24.931063],[-49.29241,-24.931097],[-49.292477,-24.931064],[-49.292439,-24.931019],[-49.29245,-24.930993],[-49.29247,-24.930994],[-49.292496,-24.931029],[-49.292481,-24.931055],[-49.292498,-24.931072],[-49.292528,-24.931065],[-49.292547,-24.931025],[-49.292596,-24.931047],[-49.292641,-24.93103],[-49.292677,-24.930942],[-49.292622,-24.930905],[-49.292624,-24.930861],[-49.292638,-24.930839],[-49.292691,-24.930817],[-49.292717,-24.930789],[-49.292757,-24.930782],[-49.292786,-24.930764],[-49.292796,-24.9308],[-49.292843,-24.930855],[-49.292938,-24.930829],[-49.292922,-24.930793],[-49.292883,-24.930775],[-49.292874,-24.930757],[-49.29287,-24.930694],[-49.292884,-24.930641],[-49.292857,-24.930534],[-49.292858,-24.930436],[-49.292837,-24.93032],[-49.292773,-24.930273],[-49.292697,-24.930158],[-49.292691,-24.930113],[-49.292721,-24.930033],[-49.292716,-24.929997],[-49.292689,-24.92997],[-49.292631,-24.929944],[-49.29257,-24.929933],[-49.292559,-24.930076],[-49.292574,-24.930138],[-49.292559,-24.930165],[-49.29253,-24.930173],[-49.292432,-24.930171],[-49.292353,-24.930203],[-49.29229,-24.930278],[-49.292275,-24.930384],[-49.292235,-24.930473],[-49.292193,-24.930493],[-49.292075,-24.930518],[-49.291957,-24.930585]]}},{"type":"Feature","properties":{"alt":507.0,"mestra":false},"geometry":{"type":"LineString","coordinates":[[-49.29211,-24.929402],[-49.29212,-24.929438],[-49.292122,-24.929411],[-49.29211,-24.929402]]}},{"type":"Feature","properties":{"alt":507.0,"mestra":false},"geometry":{"type":"LineString","coordinates":[[-49.292139,-24.929463],[-49.292129,-24.929462],[-49.292116,-24.9295],[-49.292128,-24.929517],[-49.292148,-24.929521],[-49.292161,-24.929492],[-49.292139,-24.929463]]}},{"type":"Feature","properties":{"alt":507.0,"mestra":false},"geometry":{"type":"LineString","coordinates":[[-49.292555,-24.929745],[-49.292506,-24.929775],[-49.292487,-24.929834],[-49.292514,-24.929893],[-49.292563,-24.929926],[-49.292597,-24.929827],[-49.292575,-24.929755],[-49.292555,-24.929745]]}},{"type":"Feature","properties":{"alt":507.0,"mestra":false},"geometry":{"type":"LineString","coordinates":[[-49.292547,-24.930312],[-49.292562,-24.930343],[-49.292547,-24.930355],[-49.292527,-24.930353],[-49.292515,-24.930343],[-49.292518,-24.930326],[-49.292547,-24.930312]]}},{"type":"Feature","properties":{"alt":507.0,"mestra":false},"geometry":{"type":"LineString","coordinates":[[-49.292655,-24.930341],[-49.292674,-24.930368],[-49.292712,-24.930381],[-49.292711,-24.930398],[-49.292693,-24.930414],[-49.292664,-24.930407],[-49.292654,-24.930379],[-49.292616,-24.930371],[-49.292623,-24.930344],[-49.292655,-24.930341]]}},{"type":"Feature","properties":{"alt":507.0,"mestra":false},"geometry":{"type":"LineString","coordinates":[[-49.292523,-24.930637],[-49.292578,-24.930646],[-49.292606,-24.930665],[-49.292619,-24.930736],[-49.29264,-24.930763],[-49.292558,-24.930842],[-49.292585,-24.930905],[-49.292568,-24.930936],[-49.292548,-24.930946],[-49.2925,-24.930932],[-49.292467,-24.930904],[-49.292471,-24.930872],[-49.292539,-24.930851],[-49.292541,-24.930842],[-49.29247,-24.930788],[-49.292456,-24.930743],[-49.292417,-24.930725],[-49.292405,-24.930707],[-49.29241,-24.93068],[-49.292445,-24.930646],[-49.292475,-24.930635],[-49.292523,-24.930637]]}},{"type":"Feature","properties":{"alt":507.0,"mestra":false},"geometry":{"type":"LineString","coordinates":[[-49.292318,-24.93065],[-49.292334,-24.930661],[-49.292331,-24.93067],[-49.292308,-24.930679],[-49.2923,-24.930661],[-49.292318,-24.93065]]}},{"type":"Feature","properties":{"alt":507.0,"mestra":false},"geometry":{"type":"LineString","coordinates":[[-49.292393,-24.930902],[-49.292431,-24.930927],[-49.292431,-24.930939],[-49.292353,-24.930947],[-49.29234,-24.930929],[-49.292346,-24.930902],[-49.292363,-24.930894],[-49.292393,-24.930902]]}},{"type":"Feature","properties":{"alt":507.0,"mestra":false},"geometry":{"type":"LineString","coordinates":[[-49.292225,-24.930981],[-49.292278,-24.930999],[-49.292215,-24.931044],[-49.292176,-24.931046],[-49.292165,-24.931025],[-49.292178,-24.930989],[-49.292196,-24.930978],[-49.292225,-24.930981]]}},{"type":"Feature","properties":{"alt":507.0,"mestra":false},"geometry":{"type":"LineString","coordinates":[[-49.292037,-24.931192],[-49.291968,-24.931196],[-49.291862,-24.931244],[-49.291713,-24.931256],[-49.291634,-24.931347],[-49.291629,-24.931393],[-49.291711,-24.931447],[-49.291734,-24.93143],[-49.29172,-24.931376],[-49.291732,-24.931348],[-49.29179,-24.931366],[-49.291898,-24.931355],[-49.291946,-24.931382],[-49.291976,-24.931384],[-49.291998,-24.931362],[-49.292059,-24.931229],[-49.292059,-24.931202],[-49.292037,-24.931192]]}},{"type":"Feature","properties":{"alt":507.0,"mestra":false},"geometry":{"type":"LineString","coordinates":[[-49.291691,-24.931469],[-49.291652,-24.931473],[-49.291635,-24.9315],[-49.291661,-24.93151],[-49.29169,-24.931505],[-49.2917,-24.931483],[-49.291691,-24.931469]]}},{"type":"Feature","properties":{"alt":508.0,"mestra":false},"geometry":{"type":"LineString","coordinates":[[-49.291822,-24.930952],[-49.291869,-24.930995],[-49.291932,-24.931025],[-49.292029,-24.931021],[-49.292049,-24.93103],[-49.292101,-24.931087],[-49.292106,-24.931158],[-49.292174,-24.931194],[-49.292193,-24.931217],[-49.292282,-24.931156],[-49.292343,-24.931063],[-49.292371,-24.93106],[-49.29241,-24.931092],[-49.292455,-24.931073],[-49.292464,-24.931055],[-49.292431,-24.931019],[-49.29245,-24.930986],[-49.29247,-24.930985],[-49.292508,-24.931037],[-49.292557,-24.93101],[-49.292596,-24.931032],[-49.292628,-24.931021],[-49.292645,-24.930959],[-49.292608,-24.930916],[-49.292548,-24.93097],[-49.292461,-24.930912],[-49.292471,-24.930859],[-49.292507,-24.930859],[-49.292528,-24.930842],[-49.292464,-24.930788],[-49.292454,-24.930743],[-49.292415,-24.930725],[-49.292403,-24.930698],[-49.292419,-24.930662],[-49.292465,-24.930632],[-49.292563,-24.930637],[-49.292608,-24.930656],[-49.292623,-24.930683],[-49.292624,-24.930727],[-49.292656,-24.930772],[-49.292642,-24.93079],[-49.292599,-24.930807],[-49.292569,-24.930842],[-49.292571,-24.93086],[-49.292598,-24.930893],[-49.292608,-24.930891],[-49.292629,-24.930843],[-49.292693,-24.930808],[-49.292697,-24.93078],[-49.292746,-24.930767],[-49.292806,-24.930731],[-49.29285,-24.930694],[-49.292872,-24.930659],[-49.292868,-24.930578],[-49.292844,-24.930542],[-49.292852,-24.930445],[-49.29283,-24.930341],[-49.292771,-24.930292],[-49.292746,-24.930238],[-49.292681,-24.930148],[-49.292684,-24.930095],[-49.292713,-24.930033],[-49.292698,-24.929991],[-49.29264,-24.929963],[-49.292601,-24.929966],[-49.292577,-24.93004],[-49.292576,-24.930165],[-49.292539,-24.930181],[-49.292412,-24.930184],[-49.292353,-24.930211],[-49.292293,-24.930278],[-49.292277,-24.930384],[-49.292239,-24.930473],[-49.292203,-24.930493],[-49.292078,-24.930525],[-49.291959,-24.930606]]}},{"type":"Feature","properties":{"alt":508.0,"mestra":false},"geometry":{"type":"LineString","coordinates":[[-49.292565,-24.929754],[-49.292545,-24.929755],[-49.29252,-24.929772],[-49.292496,-24.929817],[-49.292505,-24.929858],[-49.292544,-24.929887],[-49.292563,-24.929876],[-49.292591,-24.929836],[-49.292565,-24.929754]]}},{"type":"Feature","properties":{"alt":508.0,"mestra":false},"geometry":{"type":"LineString","coordinates":[[-49.292547,-24.930311],[-49.292564,-24.930343],[-49.292547,-24.930356],[-49.292527,-24.930354],[-49.292513,-24.930334],[-49.292547,-24.930311]]}},{"type":"Feature","properties":{"alt":508.0,"mestra":false},"geometry":{"type":"LineString","coordinates":[[-49.292645,-24.930335],[-49.292664,-24.930343],[-49.292674,-24.930363],[-49.292714,-24.930372],[-49.292719,-24.93039],[-49.292702,-24.930413],[-49.292673,-24.930419],[-49.292654,-24.930388],[-49.292609,-24.93037],[-49.292617,-24.930344],[-49.292645,-24.930335]]}},{"type":"Feature","properties":{"alt":508.0,"mestra":false},"geometry":{"type":"LineString","coordinates":[[-49.292328,-24.93065],[-49.292334,-24.93067],[-49.292304,-24.930679],[-49.292304,-24.930652],[-49.292328,-24.93065]]}},{"type":"Feature","properties":{"alt":508.0,"mestra":false},"geometry":{"type":"LineString","coordinates":[[-49.292854,-24.930741],[-49.292825,-24.930752],[-49.292815,-24.930774],[-49.292843,-24.930837],[-49.292872,-24.930842],[-49.292929,-24.930829],[-49.292922,-24.930801],[-49.292872,-24.930775],[-49.292854,-24.930741]]}},{"type":"Feature","properties":{"alt":508.0,"mestra":false},"geometry":{"type":"LineString","coordinates":[[-49.292383,-24.930893],[-49.292451,-24.93092],[-49.292441,-24.930952],[-49.292363,-24.930951],[-49.292343,-24.930941],[-49.292344,-24.930901],[-49.292383,-24.930893]]}},{"type":"Feature","properties":{"alt":508.0,"mestra":false},"geometry":{"type":"LineString","coordinates":[[-49.292206,-24.93097],[-49.292293,-24.931],[-49.292251,-24.931026],[-49.292224,-24.931058],[-49.292185,-24.931063],[-49.292162,-24.931052],[-49.292155,-24.931016],[-49.292172,-24.93098],[-49.292206,-24.93097]]}},{"type":"Feature","properties":{"alt":508.0,"mestra":false},"geometry":{"type":"LineString","coordinates":[[-49.29242,-24.931026],[-49.292399,-24.931036],[-49.292401,-24.931024],[-49.29242,-24.931026]]}},{"type":"Feature","properties":{"alt":508.0,"mestra":false},"geometry":{"type":"LineString","coordinates":[[-49.291998,-24.931201],[-49.291961,-24.93121],[-49.291899,-24.931248],[-49.291776,-24.93127],[-49.29174,-24.931296],[-49.291742,-24.931332],[-49.29179,-24.931362],[-49.291849,-24.931361],[-49.291908,-24.931344],[-49.291946,-24.931372],[-49.291976,-24.931375],[-49.291996,-24.931353],[-49.292041,-24.931237],[-49.292032,-24.931211],[-49.291998,-24.931201]]}},{"type":"Feature","properties":{"alt":508.0,"mestra":false},"geometry":{"type":"LineString","coordinates":[[-49.291693,-24.931324],[-49.291654,-24.931339],[-49.291634,-24.931384],[-49.291648,-24.931402],[-49.291721,-24.931439],[-49.29173,-24.931421],[-49.291693,-24.931324]]}},{"type":"Feature","properties":{"alt":508.0,"mestra":false},"geometry":{"type":"LineString","coordinates":[[-49.291681,-24.93148],[-49.291665,-24.931491],[-49.291681,-24.931495],[-49.291681,-24.93148]]}},{"type":"Feature","properties":{"alt":509.0,"mestra":false},"geometry":{"type":"LineString","coordinates":[[-49.291832,-24.930943],[-49.291881,-24.930995],[-49.291933,-24.931022],[-49.29205,-24.931015],[-49.292126,-24.931078],[-49.292121,-24.931131],[-49.292134,-24.931158],[-49.292203,-24.93118],[-49.292272,-24.931149],[-49.292352,-24.931053],[-49.292371,-24.931054],[-49.29241,-24.931084],[-49.292449,-24.931067],[-49.292449,-24.931044],[-49.292401,-24.931045],[-49.292391,-24.931027],[-49.29242,-24.931016],[-49.29245,-24.930976],[-49.29248,-24.930983],[-49.292508,-24.931024],[-49.292535,-24.931002],[-49.29253,-24.930984],[-49.29248,-24.930936],[-49.29247,-24.930934],[-49.292441,-24.930965],[-49.292402,-24.930951],[-49.292353,-24.930952],[-49.292339,-24.930938],[-49.292337,-24.930911],[-49.292354,-24.930891],[-49.292442,-24.930897],[-49.292462,-24.930848],[-49.292518,-24.930851],[-49.292492,-24.930807],[-49.292458,-24.930788],[-49.292452,-24.930743],[-49.292405,-24.930716],[-49.292403,-24.93068],[-49.29243,-24.930645],[-49.292484,-24.930625],[-49.292602,-24.930642],[-49.292627,-24.930665],[-49.292632,-24.930727],[-49.292678,-24.930764],[-49.292747,-24.930754],[-49.292845,-24.930681],[-49.29287,-24.930632],[-49.292861,-24.930578],[-49.292834,-24.930542],[-49.292845,-24.930453],[-49.29283,-24.930375],[-49.292811,-24.93034],[-49.292753,-24.930302],[-49.292744,-24.930247],[-49.292666,-24.930148],[-49.292676,-24.930086],[-49.292704,-24.930033],[-49.292689,-24.929997],[-49.29264,-24.929981],[-49.292606,-24.929996],[-49.292591,-24.930058],[-49.292597,-24.930156],[-49.292579,-24.930181],[-49.292539,-24.930191],[-49.292402,-24.930194],[-49.292353,-24.930218],[-49.292314,-24.930253],[-49.29229,-24.930295],[-49.292277,-24.930393],[-49.292234,-24.930482],[-49.292085,-24.93053],[-49.291963,-24.930609]]}},{"type":"Feature","properties":{"alt":509.0,"mestra":false},"geometry":{"type":"LineString","coordinates":[[-49.292555,-24.929762],[-49.292523,-24.929781],[-49.292504,-24.929817],[-49.292508,-24.929843],[-49.292534,-24.929867],[-49.292563,-24.929861],[-49.292586,-24.929827],[-49.292555,-24.929762]]}},{"type":"Feature","properties":{"alt":509.0,"mestra":false},"geometry":{"type":"LineString","coordinates":[[-49.292557,-24.930314],[-49.29256,-24.930352],[-49.292537,-24.930358],[-49.292518,-24.930349],[-49.292518,-24.930322],[-49.292538,-24.93031],[-49.292557,-24.930314]]}},{"type":"Feature","properties":{"alt":509.0,"mestra":false},"geometry":{"type":"LineString","coordinates":[[-49.292655,-24.930333],[-49.292684,-24.93036],[-49.292726,-24.930363],[-49.292722,-24.930398],[-49.292693,-24.930422],[-49.292663,-24.930419],[-49.292648,-24.930389],[-49.292602,-24.93037],[-49.292615,-24.93034],[-49.292655,-24.930333]]}},{"type":"Feature","properties":{"alt":509.0,"mestra":false},"geometry":{"type":"LineString","coordinates":[[-49.292328,-24.930646],[-49.292341,-24.930661],[-49.292337,-24.93067],[-49.292318,-24.930683],[-49.2923,-24.930679],[-49.2923,-24.930652],[-49.292328,-24.930646]]}},{"type":"Feature","properties":{"alt":509.0,"mestra":false},"geometry":{"type":"LineString","coordinates":[[-49.292893,-24.930792],[-49.292854,-24.930794],[-49.292857,-24.930828],[-49.292882,-24.930832],[-49.292917,-24.93082],[-49.292912,-24.930802],[-49.292893,-24.930792]]}},{"type":"Feature","properties":{"alt":509.0,"mestra":false},"geometry":{"type":"LineString","coordinates":[[-49.292678,-24.930792],[-49.292589,-24.930826],[-49.292575,-24.930851],[-49.292589,-24.930875],[-49.292608,-24.930877],[-49.292628,-24.930835],[-49.292684,-24.930808],[-49.292678,-24.930792]]}},{"type":"Feature","properties":{"alt":509.0,"mestra":false},"geometry":{"type":"LineString","coordinates":[[-49.292196,-24.930962],[-49.292309,-24.931],[-49.292254,-24.931032],[-49.292214,-24.931103],[-49.292204,-24.931104],[-49.292153,-24.931069],[-49.292143,-24.931016],[-49.292156,-24.930971],[-49.292196,-24.930962]]}},{"type":"Feature","properties":{"alt":509.0,"mestra":false},"geometry":{"type":"LineString","coordinates":[[-49.292597,-24.930976],[-49.292576,-24.930994],[-49.292596,-24.93101],[-49.292613,-24.930994],[-49.292597,-24.930976]]}},{"type":"Feature","properties":{"alt":509.0,"mestra":false},"geometry":{"type":"LineString","coordinates":[[-49.292017,-24.931217],[-49.291968,-24.931218],[-49.291919,-24.931257],[-49.291801,-24.931275],[-49.291764,-24.931305],[-49.29176,-24.931332],[-49.2918,-24.931359],[-49.291849,-24.931357],[-49.291908,-24.931331],[-49.291947,-24.931362],[-49.291976,-24.931365],[-49.292028,-24.931246],[-49.292017,-24.931217]]}},{"type":"Feature","properties":{"alt":509.0,"mestra":false},"geometry":{"type":"LineString","coordinates":[[-49.291683,-24.931346],[-49.291653,-24.931355],[-49.291643,-24.931384],[-49.291721,-24.931431],[-49.291722,-24.931412],[-49.291683,-24.931346]]}},{"type":"Feature","properties":{"alt":510.0,"mestra":true},"geometry":{"type":"LineString","coordinates":[[-49.291845,-24.930932],[-49.291882,-24.930986],[-49.291932,-24.931016],[-49.291961,-24.93102],[-49.29201,-24.931002],[-49.292049,-24.931002],[-49.292127,-24.931049],[-49.292134,-24.931033],[-49.292115,-24.930944],[-49.292128,-24.930925],[-49.292158,-24.930925],[-49.292187,-24.930947],[-49.292322,-24.931],[-49.292254,-24.931044],[-49.292251,-24.931097],[-49.292272,-24.931115],[-49.292342,-24.931053],[-49.292385,-24.931045],[-49.292386,-24.931027],[-49.292421,-24.931008],[-49.292436,-24.930983],[-49.292411,-24.930958],[-49.292343,-24.930948],[-49.292335,-24.93092],[-49.292344,-24.930895],[-49.292373,-24.930878],[-49.292432,-24.930881],[-49.292452,-24.930841],[-49.292493,-24.930824],[-49.292482,-24.930806],[-49.292455,-24.930796],[-49.292449,-24.930743],[-49.29241,-24.930725],[-49.292399,-24.930707],[-49.292401,-24.930671],[-49.292423,-24.930645],[-49.292475,-24.930621],[-49.292602,-24.930634],[-49.292639,-24.930665],[-49.292641,-24.930727],[-49.292659,-24.930738],[-49.292727,-24.930744],[-49.292837,-24.930676],[-49.292864,-24.930632],[-49.292856,-24.930585],[-49.292826,-24.930542],[-49.292837,-24.93048],[-49.292833,-24.930418],[-49.292801,-24.930356],[-49.292762,-24.930352],[-49.292723,-24.930407],[-49.292683,-24.930429],[-49.292662,-24.930425],[-49.292644,-24.930391],[-49.292598,-24.930379],[-49.292599,-24.930353],[-49.292625,-24.93033],[-49.292664,-24.930329],[-49.292694,-24.930351],[-49.292741,-24.930274],[-49.292734,-24.930243],[-49.292638,-24.930159],[-49.292578,-24.930195],[-49.292412,-24.9302],[-49.292353,-24.930225],[-49.292296,-24.930287],[-49.292282,-24.930385],[-49.292242,-24.930479],[-49.292213,-24.930498],[-49.292095,-24.930532],[-49.292012,-24.930595],[-49.291966,-24.930612]]}},{"type":"Feature","properties":{"alt":510.0,"mestra":true},"geometry":{"type":"LineString","coordinates":[[-49.292545,-24.929781],[-49.292519,-24.929799],[-49.292511,-24.929826],[-49.292525,-24.929849],[-49.292544,-24.929856],[-49.292564,-24.92985],[-49.29258,-24.929826],[-49.292572,-24.9298],[-49.292545,-24.929781]]}},{"type":"Feature","properties":{"alt":510.0,"mestra":true},"geometry":{"type":"LineString","coordinates":[[-49.292669,-24.930002],[-49.29263,-24.930005],[-49.292611,-24.930041],[-49.292614,-24.930112],[-49.292638,-24.930143],[-49.292658,-24.930125],[-49.292667,-24.930077],[-49.292693,-24.930033],[-49.292688,-24.930015],[-49.292669,-24.930002]]}},{"type":"Feature","properties":{"alt":510.0,"mestra":true},"geometry":{"type":"LineString","coordinates":[[-49.292548,-24.930307],[-49.292562,-24.930316],[-49.292567,-24.930343],[-49.292557,-24.930357],[-49.292527,-24.930357],[-49.29251,-24.930334],[-49.292548,-24.930307]]}},{"type":"Feature","properties":{"alt":510.0,"mestra":true},"geometry":{"type":"LineString","coordinates":[[-49.292328,-24.930643],[-49.292346,-24.930662],[-49.292308,-24.930685],[-49.292293,-24.93067],[-49.292297,-24.930652],[-49.292328,-24.930643]]}},{"type":"Feature","properties":{"alt":510.0,"mestra":true},"geometry":{"type":"LineString","coordinates":[[-49.292893,-24.930806],[-49.292876,-24.93081],[-49.292892,-24.930815],[-49.292893,-24.930806]]}},{"type":"Feature","properties":{"alt":510.0,"mestra":true},"geometry":{"type":"LineString","coordinates":[[-49.292668,-24.930805],[-49.292658,-24.930814],[-49.292668,-24.930805]]}},{"type":"Feature","properties":{"alt":510.0,"mestra":true},"geometry":{"type":"LineString","coordinates":[[-49.292609,-24.930826],[-49.292582,-24.930851],[-49.292598,-24.930871],[-49.292614,-24.930852],[-49.292609,-24.930826]]}},{"type":"Feature","properties":{"alt":510.0,"mestra":true},"geometry":{"type":"LineString","coordinates":[[-49.29248,-24.930957],[-49.292473,-24.930966],[-49.292483,-24.930966],[-49.29248,-24.930957]]}},{"type":"Feature","properties":{"alt":510.0,"mestra":true},"geometry":{"type":"LineString","coordinates":[[-49.292509,-24.930987],[-49.292496,-24.930993],[-49.292508,-24.931013],[-49.292519,-24.931002],[-49.292509,-24.930987]]}},{"type":"Feature","properties":{"alt":510.0,"mestra":true},"geometry":{"type":"LineString","coordinates":[[-49.29241,-24.931053],[-49.292386,-24.931054],[-49.29241,-24.931072],[-49.292427,-24.931064],[-49.29241,-24.931053]]}},{"type":"Feature","properties":{"alt":510.0,"mestra":true},"geometry":{"type":"LineString","coordinates":[[-49.292184,-24.931118],[-49.292158,-24.931123],[-49.292157,-24.931141],[-49.292184,-24.931154],[-49.292206,-24.93115],[-49.292215,-24.931141],[-49.292184,-24.931118]]}},{"type":"Feature","properties":{"alt":510.0,"mestra":true},"geometry":{"type":"LineString","coordinates":[[-49.292007,-24.931227],[-49.291976,-24.931228],[-49.291938,-24.931278],[-49.291801,-24.931291],[-49.291778,-24.931315],[-49.291778,-24.931341],[-49.2918,-24.931353],[-49.291839,-24.931353],[-49.291888,-24.931321],[-49.291918,-24.931315],[-49.291948,-24.931352],[-49.291976,-24.931353],[-49.291987,-24.931326],[-49.291985,-24.931281],[-49.292016,-24.931246],[-49.292007,-24.931227]]}},{"type":"Feature","properties":{"alt":510.0,"mestra":true},"geometry":{"type":"LineString","coordinates":[[-49.291683,-24.931363],[-49.291653,-24.931373],[-49.291662,-24.931393],[-49.291692,-24.931389],[-49.291683,-24.931363]]}},{"type":"Feature","properties":{"alt":511.0,"mestra":false},"geometry":{"type":"LineString","coordinates":[[-49.291864,-24.930906],[-49.291884,-24.930933],[-49.291897,-24.930986],[-49.291951,-24.931014],[-49.291971,-24.930995],[-49.292001,-24.930988],[-49.292049,-24.930989],[-49.292098,-24.931014],[-49.29211,-24.930989],[-49.292085,-24.930944],[-49.292129,-24.930912],[-49.292168,-24.930917],[-49.292245,-24.930963],[-49.292326,-24.930991],[-49.292329,-24.931009],[-49.292261,-24.931044],[-49.292262,-24.931079],[-49.292283,-24.931092],[-49.292342,-24.931047],[-49.292371,-24.93104],[-49.292428,-24.930983],[-49.292411,-24.930965],[-49.292343,-24.930952],[-49.292333,-24.93092],[-49.292342,-24.930893],[-49.292374,-24.930867],[-49.292422,-24.930869],[-49.292448,-24.930823],[-49.292453,-24.930752],[-49.292408,-24.930725],[-49.292397,-24.930707],[-49.292393,-24.930671],[-49.292415,-24.930645],[-49.292475,-24.930616],[-49.292611,-24.930629],[-49.29265,-24.930656],[-49.292657,-24.930692],[-49.292648,-24.930718],[-49.292659,-24.930728],[-49.292688,-24.930717],[-49.292737,-24.930722],[-49.292786,-24.9307],[-49.292846,-24.930658],[-49.292857,-24.930623],[-49.29285,-24.930587],[-49.29282,-24.930542],[-49.292829,-24.930442],[-49.292801,-24.93038],[-49.292771,-24.930374],[-49.292712,-24.930423],[-49.292673,-24.930435],[-49.292653,-24.930427],[-49.292644,-24.930398],[-49.292594,-24.930388],[-49.292588,-24.930361],[-49.292606,-24.930337],[-49.292668,-24.930318],[-49.292734,-24.930265],[-49.292705,-24.930229],[-49.292637,-24.930202],[-49.292412,-24.930208],[-49.292353,-24.930232],[-49.292299,-24.930287],[-49.292285,-24.930385],[-49.292242,-24.930484],[-49.292105,-24.930535],[-49.292025,-24.930598],[-49.291966,-24.93063]]}},{"type":"Feature","properties":{"alt":511.0,"mestra":false},"geometry":{"type":"LineString","coordinates":[[-49.292555,-24.929795],[-49.292523,-24.929808],[-49.29252,-24.929826],[-49.292534,-24.929843],[-49.292554,-24.929845],[-49.292574,-24.929827],[-49.292555,-24.929795]]}},{"type":"Feature","properties":{"alt":511.0,"mestra":false},"geometry":{"type":"LineString","coordinates":[[-49.292669,-24.930022],[-49.292641,-24.930032],[-49.292647,-24.930059],[-49.292673,-24.930041],[-49.292669,-24.930022]]}},{"type":"Feature","properties":{"alt":511.0,"mestra":false},"geometry":{"type":"LineString","coordinates":[[-49.292557,-24.930307],[-49.292567,-24.930352],[-49.292547,-24.93036],[-49.292518,-24.930353],[-49.292513,-24.930325],[-49.292548,-24.930302],[-49.292557,-24.930307]]}},{"type":"Feature","properties":{"alt":511.0,"mestra":false},"geometry":{"type":"LineString","coordinates":[[-49.292338,-24.930643],[-49.292353,-24.930662],[-49.292346,-24.93067],[-49.292317,-24.930687],[-49.292298,-24.930683],[-49.292298,-24.930647],[-49.292338,-24.930643]]}},{"type":"Feature","properties":{"alt":511.0,"mestra":false},"geometry":{"type":"LineString","coordinates":[[-49.292482,-24.930813],[-49.292464,-24.930814],[-49.29248,-24.930824],[-49.292482,-24.930813]]}},{"type":"Feature","properties":{"alt":511.0,"mestra":false},"geometry":{"type":"LineString","coordinates":[[-49.292599,-24.930842],[-49.292599,-24.930861],[-49.292606,-24.930852],[-49.292599,-24.930842]]}},{"type":"Feature","properties":{"alt":511.0,"mestra":false},"geometry":{"type":"LineString","coordinates":[[-49.291997,-24.931243],[-49.291985,-24.931246],[-49.291986,-24.931255],[-49.291997,-24.931254],[-49.291997,-24.931243]]}},{"type":"Feature","properties":{"alt":511.0,"mestra":false},"geometry":{"type":"LineString","coordinates":[[-49.291859,-24.931297],[-49.291806,-24.931306],[-49.291794,-24.931341],[-49.291849,-24.931343],[-49.291872,-24.931307],[-49.291859,-24.931297]]}},{"type":"Feature","properties":{"alt":511.0,"mestra":false},"geometry":{"type":"LineString","coordinates":[[-49.291957,-24.931306],[-49.291945,-24.931325],[-49.291966,-24.931344],[-49.291975,-24.931326],[-49.291957,-24.931306]]}},{"type":"Feature","properties":{"alt":512.0,"mestra":false},"geometry":{"type":"LineString","coordinates":[[-49.291906,-24.930798],[-49.291923,-24.930844],[-49.291923,-24.930971],[-49.292009,-24.93097],[-49.292031,-24.930942],[-49.292119,-24.930904],[-49.292158,-24.930904],[-49.292255,-24.930964],[-49.292339,-24.930991],[-49.292332,-24.931017],[-49.292269,-24.931044],[-49.292267,-24.931062],[-49.292283,-24.931078],[-49.292371,-24.93103],[-49.292415,-24.930983],[-49.292389,-24.930965],[-49.292343,-24.930957],[-49.292332,-24.930929],[-49.292334,-24.930901],[-49.292362,-24.930867],[-49.292403,-24.930863],[-49.292421,-24.93085],[-49.292451,-24.930761],[-49.292445,-24.930743],[-49.292398,-24.930716],[-49.292381,-24.930662],[-49.292465,-24.930611],[-49.292602,-24.930619],[-49.29266,-24.930644],[-49.292689,-24.930698],[-49.292728,-24.930706],[-49.292826,-24.930667],[-49.292851,-24.930623],[-49.292841,-24.930587],[-49.292814,-24.930551],[-49.292821,-24.930453],[-49.2928,-24.930402],[-49.292771,-24.930393],[-49.292663,-24.930446],[-49.292639,-24.930433],[-49.292634,-24.930399],[-49.292595,-24.930406],[-49.292583,-24.930388],[-49.292581,-24.930352],[-49.29272,-24.930265],[-49.292714,-24.930249],[-49.292685,-24.930237],[-49.292617,-24.930237],[-49.292539,-24.93022],[-49.292422,-24.930215],[-49.292363,-24.930233],[-49.292308,-24.930278],[-49.292288,-24.930385],[-49.292242,-24.930488],[-49.292104,-24.930542],[-49.292035,-24.930604],[-49.291969,-24.930642]]}},{"type":"Feature","properties":{"alt":512.0,"mestra":false},"geometry":{"type":"LineString","coordinates":[[-49.292554,-24.929805],[-49.29253,-24.929817],[-49.292544,-24.929836],[-49.292565,-24.929826],[-49.292554,-24.929805]]}},{"type":"Feature","properties":{"alt":512.0,"mestra":false},"geometry":{"type":"LineString","coordinates":[[-49.292548,-24.93028],[-49.292558,-24.930281],[-49.292575,-24.930352],[-49.292547,-24.930362],[-49.292518,-24.930355],[-49.292508,-24.930334],[-49.292545,-24.930298],[-49.292548,-24.93028]]}},{"type":"Feature","properties":{"alt":512.0,"mestra":false},"geometry":{"type":"LineString","coordinates":[[-49.2927,-24.930576],[-49.292707,-24.930594],[-49.29269,-24.930608],[-49.292678,-24.930585],[-49.2927,-24.930576]]}},{"type":"Feature","properties":{"alt":512.0,"mestra":false},"geometry":{"type":"LineString","coordinates":[[-49.292338,-24.930639],[-49.292366,-24.930662],[-49.292317,-24.930689],[-49.292298,-24.930686],[-49.292289,-24.930661],[-49.292299,-24.930644],[-49.292338,-24.930639]]}},{"type":"Feature","properties":{"alt":513.0,"mestra":false},"geometry":{"type":"LineString","coordinates":[[-49.291927,-24.930754],[-49.291945,-24.930791],[-49.29195,-24.930889],[-49.291972,-24.930943],[-49.29205,-24.930912],[-49.292148,-24.930894],[-49.292207,-24.930918],[-49.292265,-24.930964],[-49.292343,-24.93098],[-49.292372,-24.931002],[-49.292383,-24.930974],[-49.292343,-24.930963],[-49.292331,-24.930902],[-49.292354,-24.930867],[-49.292413,-24.930843],[-49.292449,-24.930752],[-49.292403,-24.930725],[-49.292376,-24.93068],[-49.292298,-24.930689],[-49.292287,-24.930661],[-49.292299,-24.93064],[-49.292328,-24.930633],[-49.292386,-24.930648],[-49.292465,-24.930605],[-49.292612,-24.93061],[-49.292651,-24.93062],[-49.292662,-24.930612],[-49.29266,-24.930576],[-49.292691,-24.930556],[-49.292739,-24.930585],[-49.29277,-24.930568],[-49.292749,-24.930605],[-49.292689,-24.930639],[-49.292691,-24.930665],[-49.292708,-24.930685],[-49.292748,-24.930689],[-49.292806,-24.93067],[-49.292836,-24.930649],[-49.292844,-24.930623],[-49.292806,-24.930551],[-49.292813,-24.930471],[-49.292794,-24.930417],[-49.292761,-24.930411],[-49.292665,-24.930469],[-49.292643,-24.930464],[-49.292595,-24.930425],[-49.292566,-24.930367],[-49.292518,-24.930356],[-49.292506,-24.930343],[-49.29251,-24.930325],[-49.292538,-24.930298],[-49.292538,-24.930272],[-49.292555,-24.930254],[-49.292548,-24.930237],[-49.292422,-24.930224],[-49.292363,-24.93024],[-49.292312,-24.930278],[-49.292297,-24.930313],[-49.29229,-24.930385],[-49.292242,-24.930493],[-49.292115,-24.930543],[-49.29204,-24.930613],[-49.291973,-24.930645]]}},{"type":"Feature","properties":{"alt":513.0,"mestra":false},"geometry":{"type":"LineString","coordinates":[[-49.292626,-24.930262],[-49.292597,-24.930258],[-49.292578,-24.930272],[-49.292568,-24.930308],[-49.292576,-24.930342],[-49.292638,-24.930299],[-49.292643,-24.930282],[-49.292626,-24.930262]]}},{"type":"Feature","properties":{"alt":513.0,"mestra":false},"geometry":{"type":"LineString","coordinates":[[-49.292322,-24.931033],[-49.292283,-24.931042],[-49.292281,-24.931062],[-49.292312,-24.931054],[-49.292322,-24.931033]]}},{"type":"Feature","properties":{"alt":514.0,"mestra":false},"geometry":{"type":"LineString","coordinates":[[-49.291944,-24.930729],[-49.291964,-24.930755],[-49.291971,-24.930853],[-49.291992,-24.930889],[-49.292158,-24.930887],[-49.292226,-24.930918],[-49.292274,-24.930964],[-49.292323,-24.930972],[-49.292334,-24.930964],[-49.29233,-24.930893],[-49.292354,-24.93086],[-49.292405,-24.93084],[-49.292446,-24.930752],[-49.2924,-24.930725],[-49.292366,-24.930683],[-49.292298,-24.930693],[-49.292285,-24.93067],[-49.292291,-24.930643],[-49.292318,-24.930629],[-49.292387,-24.930641],[-49.292465,-24.930599],[-49.292543,-24.930609],[-49.292595,-24.930602],[-49.292622,-24.930593],[-49.292681,-24.93054],[-49.29273,-24.930563],[-49.292759,-24.930553],[-49.292788,-24.930557],[-49.292805,-24.930506],[-49.2928,-24.930458],[-49.292789,-24.930435],[-49.292761,-24.930426],[-49.292702,-24.930452],[-49.292672,-24.930489],[-49.292643,-24.930484],[-49.292585,-24.930431],[-49.292559,-24.93037],[-49.292517,-24.930358],[-49.292504,-24.930343],[-49.292534,-24.930298],[-49.292525,-24.930245],[-49.292392,-24.930236],[-49.292343,-24.930257],[-49.292311,-24.930287],[-49.292293,-24.930385],[-49.292242,-24.930498],[-49.292127,-24.930543],[-49.292045,-24.930626],[-49.291975,-24.93065]]}},{"type":"Feature","properties":{"alt":514.0,"mestra":false},"geometry":{"type":"LineString","coordinates":[[-49.292616,-24.930276],[-49.292587,-24.930284],[-49.292573,-24.930308],[-49.292576,-24.930332],[-49.292618,-24.930308],[-49.292625,-24.93029],[-49.292616,-24.930276]]}},{"type":"Feature","properties":{"alt":514.0,"mestra":false},"geometry":{"type":"LineString","coordinates":[[-49.292798,-24.930576],[-49.292758,-24.930624],[-49.292719,-24.930648],[-49.292723,-24.930666],[-49.292787,-24.930668],[-49.292826,-24.930649],[-49.292832,-24.930614],[-49.292798,-24.930576]]}},{"type":"Feature","properties":{"alt":515.0,"mestra":true},"geometry":{"type":"LineString","coordinates":[[-49.29246,-24.930244],[-49.292392,-24.930243],[-49.292323,-24.930278],[-49.292303,-24.930313],[-49.292297,-24.930385],[-49.292252,-24.930493],[-49.292222,-24.930514],[-49.292124,-24.930552],[-49.292054,-24.930637],[-49.291985,-24.930684],[-49.291997,-24.930845],[-49.292041,-24.930869],[-49.292139,-24.930873],[-49.292198,-24.930892],[-49.292236,-24.930911],[-49.292269,-24.930955],[-49.292294,-24.930966],[-49.292323,-24.930964],[-49.292329,-24.930884],[-49.292349,-24.930858],[-49.292397,-24.93084],[-49.292444,-24.930752],[-49.292397,-24.930725],[-49.292366,-24.930689],[-49.292298,-24.930696],[-49.292283,-24.93067],[-49.292289,-24.930641],[-49.292318,-24.930624],[-49.292396,-24.930634],[-49.292465,-24.930593],[-49.292524,-24.930604],[-49.292573,-24.9306],[-49.292605,-24.930584],[-49.292655,-24.930522],[-49.292578,-24.930441],[-49.292556,-24.930377],[-49.292506,-24.930351],[-49.292506,-24.930325],[-49.29253,-24.930298],[-49.292518,-24.930262],[-49.29246,-24.930244]]}},{"type":"Feature","properties":{"alt":515.0,"mestra":true},"geometry":{"type":"LineString","coordinates":[[-49.292606,-24.930293],[-49.292581,-24.930308],[-49.292585,-24.930326],[-49.292606,-24.930293]]}},{"type":"Feature","properties":{"alt":515.0,"mestra":true},"geometry":{"type":"LineString","coordinates":[[-49.292761,-24.930441],[-49.292719,-24.930452],[-49.2927,-24.930478],[-49.292711,-24.930523],[-49.29274,-24.930545],[-49.292779,-24.930541],[-49.292796,-24.930506],[-49.292786,-24.930462],[-49.292761,-24.930441]]}},{"type":"Feature","properties":{"alt":515.0,"mestra":true},"geometry":{"type":"LineString","coordinates":[[-49.292807,-24.930606],[-49.292779,-24.930622],[-49.292777,-24.930649],[-49.292797,-24.930653],[-49.292819,-24.93064],[-49.292821,-24.930622],[-49.292807,-24.930606]]}},{"type":"Feature","properties":{"alt":516.0,"mestra":false},"geometry":{"type":"LineString","coordinates":[[-49.29247,-24.930252],[-49.292392,-24.930251],[-49.292323,-24.930284],[-49.292304,-24.930322],[-49.2923,-24.930385],[-49.292257,-24.930491],[-49.292232,-24.930514],[-49.292152,-24.930543],[-49.292113,-24.93057],[-49.292024,-24.930701],[-49.292013,-24.930738],[-49.292026,-24.930783],[-49.292014,-24.930818],[-49.292026,-24.930836],[-49.292051,-24.930849],[-49.292149,-24.930859],[-49.292227,-24.930891],[-49.292294,-24.930961],[-49.292321,-24.930955],[-49.292319,-24.930893],[-49.292331,-24.930866],[-49.292394,-24.930835],[-49.29244,-24.930752],[-49.292357,-24.93069],[-49.292293,-24.930697],[-49.292281,-24.93067],[-49.292289,-24.930635],[-49.292318,-24.93062],[-49.292396,-24.93063],[-49.292465,-24.930586],[-49.292524,-24.930599],[-49.292563,-24.930596],[-49.292596,-24.930575],[-49.292612,-24.93054],[-49.29261,-24.930513],[-49.29256,-24.930432],[-49.292551,-24.930379],[-49.292503,-24.930351],[-49.292503,-24.930325],[-49.292526,-24.930298],[-49.292519,-24.930277],[-49.292499,-24.930258],[-49.29247,-24.930252]]}},{"type":"Feature","properties":{"alt":516.0,"mestra":false},"geometry":{"type":"LineString","coordinates":[[-49.29276,-24.93046],[-49.292731,-24.930459],[-49.292717,-24.930479],[-49.292739,-24.930523],[-49.292759,-24.93053],[-49.292779,-24.930518],[-49.292784,-24.930497],[-49.29276,-24.93046]]}},{"type":"Feature","properties":{"alt":516.0,"mestra":false},"geometry":{"type":"LineString","coordinates":[[-49.292209,-24.930745],[-49.292218,-24.930749],[-49.292209,-24.930759],[-49.292209,-24.930745]]}},{"type":"Feature","properties":{"alt":517.0,"mestra":false},"geometry":{"type":"LineString","coordinates":[[-49.29248,-24.93026],[-49.292402,-24.930256],[-49.292323,-24.930291],[-49.292307,-24.930322],[-49.292304,-24.930385],[-49.292274,-24.930438],[-49.292261,-24.930491],[-49.292242,-24.930513],[-49.292164,-24.930544],[-49.292115,-24.930579],[-49.292042,-24.930738],[-49.292042,-24.930825],[-49.292149,-24.93084],[-49.292237,-24.93088],[-49.292294,-24.930955],[-49.292317,-24.930946],[-49.292309,-24.930893],[-49.29232,-24.930866],[-49.29239,-24.930831],[-49.292436,-24.930752],[-49.292356,-24.930694],[-49.292307,-24.930705],[-49.292288,-24.930697],[-49.292279,-24.93067],[-49.292289,-24.930629],[-49.292318,-24.930615],[-49.292397,-24.930626],[-49.292456,-24.930579],[-49.292553,-24.930591],[-49.292591,-24.930557],[-49.292587,-24.930504],[-49.292548,-24.930441],[-49.292549,-24.930388],[-49.292499,-24.930351],[-49.29252,-24.930289],[-49.292507,-24.930271],[-49.29248,-24.93026]]}},{"type":"Feature","properties":{"alt":517.0,"mestra":false},"geometry":{"type":"LineString","coordinates":[[-49.292219,-24.93074],[-49.292225,-24.930758],[-49.292199,-24.930764],[-49.292199,-24.93074],[-49.292219,-24.93074]]}},{"type":"Feature","properties":{"alt":518.0,"mestra":false},"geometry":{"type":"LineString","coordinates":[[-49.292441,-24.930261],[-49.292382,-24.930269],[-49.292325,-24.930296],[-49.292309,-24.930331],[-49.292308,-24.930385],[-49.29228,-24.930429],[-49.292259,-24.9305],[-49.292242,-24.930519],[-49.292143,-24.930562],[-49.292103,-24.930623],[-49.292063,-24.930801],[-49.292169,-24.930821],[-49.292276,-24.930884],[-49.292324,-24.930848],[-49.292384,-24.930831],[-49.292432,-24.930752],[-49.292356,-24.930699],[-49.292307,-24.930709],[-49.292288,-24.930703],[-49.292276,-24.93067],[-49.292289,-24.930622],[-49.292328,-24.93061],[-49.292387,-24.930625],[-49.292446,-24.930573],[-49.292475,-24.93057],[-49.292534,-24.930588],[-49.292563,-24.930578],[-49.292577,-24.930557],[-49.292571,-24.930504],[-49.292528,-24.930441],[-49.292543,-24.930388],[-49.292495,-24.930351],[-49.292515,-24.930289],[-49.292497,-24.930271],[-49.292441,-24.930261]]}},{"type":"Feature","properties":{"alt":518.0,"mestra":false},"geometry":{"type":"LineString","coordinates":[[-49.292219,-24.930735],[-49.292232,-24.930749],[-49.292229,-24.930767],[-49.292199,-24.930775],[-49.292184,-24.930749],[-49.2922,-24.930733],[-49.292219,-24.930735]]}},{"type":"Feature","properties":{"alt":518.0,"mestra":false},"geometry":{"type":"LineString","coordinates":[[-49.292304,-24.930921],[-49.292294,-24.930928],[-49.292304,-24.930944],[-49.292304,-24.930921]]}},{"type":"Feature","properties":{"alt":519.0,"mestra":false},"geometry":{"type":"LineString","coordinates":[[-49.29246,-24.93027],[-49.292406,-24.93027],[-49.292332,-24.930296],[-49.292313,-24.93033],[-49.292313,-24.930385],[-49.292282,-24.930431],[-49.292261,-24.930505],[-49.292242,-24.930525],[-49.292155,-24.930561],[-49.292116,-24.930614],[-49.292102,-24.930721],[-49.292111,-24.930766],[-49.29214,-24.930784],[-49.292169,-24.930784],[-49.292178,-24.93074],[-49.2922,-24.930727],[-49.292219,-24.93073],[-49.292239,-24.930758],[-49.292212,-24.930803],[-49.292276,-24.930848],[-49.292374,-24.930832],[-49.292425,-24.930752],[-49.292356,-24.930704],[-49.292288,-24.93071],[-49.292274,-24.93067],[-49.292289,-24.930616],[-49.292328,-24.930605],[-49.292387,-24.93062],[-49.292446,-24.930561],[-49.292476,-24.930561],[-49.292524,-24.930583],[-49.292551,-24.930575],[-49.292564,-24.930557],[-49.292549,-24.930495],[-49.292479,-24.930449],[-49.292526,-24.93042],[-49.292539,-24.930396],[-49.292489,-24.930351],[-49.29251,-24.930289],[-49.29246,-24.93027]]}},{"type":"Feature","properties":{"alt":520.0,"mestra":true},"geometry":{"type":"LineString","coordinates":[[-49.29247,-24.930278],[-49.292421,-24.930275],[-49.292333,-24.930303],[-49.292317,-24.930331],[-49.292319,-24.930385],[-49.292282,-24.930437],[-49.292261,-24.930514],[-49.292241,-24.930531],[-49.292178,-24.930553],[-49.292128,-24.930606],[-49.292121,-24.930686],[-49.292131,-24.930734],[-49.292151,-24.930746],[-49.29219,-24.930723],[-49.292229,-24.930731],[-49.292245,-24.93075],[-49.292248,-24.930803],[-49.292276,-24.930824],[-49.292364,-24.930825],[-49.292414,-24.93076],[-49.292347,-24.930708],[-49.292288,-24.93072],[-49.292272,-24.93067],[-49.292282,-24.930616],[-49.292328,-24.930599],[-49.292387,-24.930615],[-49.292446,-24.930548],[-49.292485,-24.930552],[-49.292524,-24.930575],[-49.29255,-24.930557],[-49.292535,-24.930503],[-49.292467,-24.930474],[-49.292453,-24.930458],[-49.292458,-24.930429],[-49.292517,-24.930415],[-49.292531,-24.930396],[-49.29252,-24.930378],[-49.292483,-24.93036],[-49.292484,-24.930333],[-49.292509,-24.930298],[-49.29247,-24.930278]]}},{"type":"Feature","properties":{"alt":521.0,"mestra":false},"geometry":{"type":"LineString","coordinates":[[-49.29247,-24.930288],[-49.292431,-24.930282],[-49.292332,-24.930312],[-49.292322,-24.930332],[-49.292326,-24.930385],[-49.292285,-24.930438],[-49.292265,-24.930518],[-49.292251,-24.930532],[-49.292182,-24.930556],[-49.292139,-24.930606],[-49.292134,-24.930659],[-49.292144,-24.930704],[-49.292161,-24.930718],[-49.29221,-24.930718],[-49.292248,-24.930741],[-49.292261,-24.930759],[-49.292261,-24.930794],[-49.292277,-24.930808],[-49.292306,-24.930809],[-49.292355,-24.930773],[-49.292385,-24.930779],[-49.292394,-24.93076],[-49.292346,-24.930719],[-49.292297,-24.930738],[-49.292282,-24.930732],[-49.292269,-24.93067],[-49.292279,-24.930611],[-49.292329,-24.930593],[-49.292388,-24.930609],[-49.292413,-24.930555],[-49.292447,-24.930528],[-49.292496,-24.930535],[-49.292527,-24.930557],[-49.292506,-24.930512],[-49.292457,-24.930494],[-49.292424,-24.930449],[-49.292423,-24.930422],[-49.292439,-24.930399],[-49.292497,-24.930408],[-49.292522,-24.930396],[-49.292507,-24.93038],[-49.292459,-24.930375],[-49.292441,-24.93036],[-49.292447,-24.930342],[-49.292493,-24.930307],[-49.292496,-24.930298],[-49.29247,-24.930288]]}},{"type":"Feature","properties":{"alt":522.0,"mestra":false},"geometry":{"type":"LineString","coordinates":[[-49.29244,-24.930297],[-49.292429,-24.930306],[-49.29244,-24.930297]]}},{"type":"Feature","properties":{"alt":522.0,"mestra":false},"geometry":{"type":"LineString","coordinates":[[-49.292362,-24.930323],[-49.292342,-24.930317],[-49.292332,-24.930326],[-49.292336,-24.930394],[-49.292289,-24.930438],[-49.292267,-24.930527],[-49.292182,-24.930562],[-49.292147,-24.930615],[-49.292147,-24.930659],[-49.292161,-24.930695],[-49.292248,-24.930732],[-49.292267,-24.930723],[-49.292268,-24.930625],[-49.29228,-24.930602],[-49.292329,-24.930585],[-49.292377,-24.930593],[-49.292429,-24.930502],[-49.292368,-24.930386],[-49.292362,-24.930323]]}},{"type":"Feature","properties":{"alt":522.0,"mestra":false},"geometry":{"type":"LineString","coordinates":[[-49.292297,-24.930766],[-49.292277,-24.930777],[-49.292287,-24.930796],[-49.292309,-24.930777],[-49.292297,-24.930766]]}},{"type":"Feature","properties":{"alt":523.0,"mestra":false},"geometry":{"type":"LineString","coordinates":[[-49.292341,-24.930425],[-49.292311,-24.930426],[-49.292294,-24.930438],[-49.292271,-24.930539],[-49.292202,-24.930554],[-49.29216,-24.930606],[-49.292168,-24.930677],[-49.292239,-24.930723],[-49.292263,-24.930714],[-49.292273,-24.930598],[-49.29229,-24.930583],[-49.292358,-24.930563],[-49.292403,-24.930502],[-49.292341,-24.930425]]}},{"type":"Feature","properties":{"alt":524.0,"mestra":false},"geometry":{"type":"LineString","coordinates":[[-49.292311,-24.930442],[-49.2923,-24.930447],[-49.292289,-24.930509],[-49.292289,-24.930554],[-49.2923,-24.930558],[-49.292339,-24.930544],[-49.292356,-24.93051],[-49.292342,-24.930474],[-49.292311,-24.930442]]}},{"type":"Feature","properties":{"alt":524.0,"mestra":false},"geometry":{"type":"LineString","coordinates":[[-49.292231,-24.930553],[-49.292189,-24.930571],[-49.292169,-24.930633],[-49.292186,-24.930678],[-49.292249,-24.930719],[-49.292261,-24.930696],[-49.29226,-24.930609],[-49.292282,-24.930563],[-49.292231,-24.930553]]}},{"type":"Feature","properties":{"alt":525.0,"mestra":true},"geometry":{"type":"LineString","coordinates":[[-49.29231,-24.930499],[-49.29231,-24.93051],[-49.29231,-24.930499]]}},{"type":"Feature","properties":{"alt":525.0,"mestra":true},"geometry":{"type":"LineString","coordinates":[[-49.292231,-24.93056],[-49.292197,-24.930571],[-49.292181,-24.930624],[-49.292195,-24.930669],[-49.292239,-24.930713],[-49.292257,-24.930696],[-49.292258,-24.930652],[-49.292254,-24.93058],[-49.292231,-24.93056]]}},{"type":"Feature","properties":{"alt":526.0,"mestra":false},"geometry":{"type":"LineString","coordinates":[[-49.292231,-24.930569],[-49.292212,-24.930568],[-49.292202,-24.930578],[-49.292195,-24.930624],[-49.292219,-24.930687],[-49.292239,-24.930707],[-49.292252,-24.930696],[-49.292253,-24.930652],[-49.292231,-24.930569]]}},{"type":"Feature","properties":{"alt":527.0,"mestra":false},"geometry":{"type":"LineString","coordinates":[[-49.29223,-24.930624],[-49.292221,-24.930621],[-49.292216,-24.930642],[-49.292239,-24.930697],[-49.292249,-24.930659],[-49.29223,-24.930624]]}}]}